Date,Open,High,Low,Close,Adj Close,Volume
2020-01-02,74.059998,75.150002,73.797501,75.087502,72.271545,135480400
2020-01-03,74.287498,75.144997,74.125000,74.357498,71.568909,146322800
2020-01-06,73.447502,74.989998,73.187500,74.949997,72.139198,118387200
2020-01-07,74.959999,75.224998,74.370003,74.597504,71.799911,108872000
2020-01-08,74.290001,76.110001,74.290001,75.797501,72.954918,132079200
2020-01-09,76.809998,77.607498,76.550003,77.407501,74.504547,170108400
2020-01-10,77.650002,78.167503,77.062500,77.582497,74.672989,140644800
2020-01-13,77.910004,79.267502,77.787498,79.239998,76.268311,121532000
2020-01-14,79.175003,79.392502,78.042503,78.169998,75.238441,161954400
2020-01-15,77.962502,78.875000,77.387497,77.834999,74.916000,121923600
2020-01-16,78.397499,78.925003,78.022499,78.809998,75.854454,108829200
2020-01-17,79.067497,79.684998,78.750000,79.682503,76.694214,137816400
2020-01-21,79.297501,79.754997,79.000000,79.142502,76.174461,110843200
2020-01-22,79.644997,79.997498,79.327499,79.425003,76.446381,101832400
2020-01-23,79.480003,79.889999,78.912498,79.807503,76.814552,104472000
2020-01-24,80.062500,80.832497,79.379997,79.577499,76.593163,146537600
2020-01-27,77.514999,77.942497,76.220001,77.237503,74.340919,161940000
2020-01-28,78.150002,79.599998,78.047501,79.422501,76.443947,162234000
2020-01-29,81.112503,81.962502,80.345001,81.084999,78.044128,216229200
2020-01-30,80.135002,81.022499,79.687500,80.967499,77.931030,126743200
2020-01-31,80.232498,80.669998,77.072502,77.377502,74.475639,199588400
2020-02-03,76.074997,78.372498,75.555000,77.165001,74.271133,173788400
2020-02-04,78.827499,79.910004,78.407501,79.712502,76.723099,136616400
2020-02-05,80.879997,81.190002,79.737503,80.362503,77.348717,118826800
2020-02-06,80.642502,81.305000,80.065002,81.302498,78.253464,105425600
2020-02-07,80.592499,80.849998,79.500000,80.007500,77.189796,117684000
2020-02-10,78.544998,80.387497,78.462502,80.387497,77.556381,109348800
2020-02-11,80.900002,80.974998,79.677498,79.902496,77.088501,94323200
2020-02-12,80.367500,81.805000,80.367500,81.800003,78.919167,113730400
2020-02-13,81.047501,81.555000,80.837502,81.217499,78.357178,94747600
2020-02-14,81.184998,81.495003,80.712502,81.237503,78.376450,80113600
2020-02-18,78.839996,79.937500,78.652496,79.750000,76.941368,152531200
2020-02-19,80.000000,81.142502,80.000000,80.904999,78.055672,93984000
2020-02-20,80.657501,81.162498,79.552498,80.074997,77.254906,100566000
2020-02-21,79.654999,80.112503,77.625000,78.262497,75.506256,129554000
2020-02-24,74.315002,76.044998,72.307503,74.544998,71.919655,222195200
2020-02-25,75.237503,75.632500,71.532501,72.019997,69.483597,230673600
2020-02-26,71.632500,74.470001,71.625000,73.162498,70.585846,198054800
2020-02-27,70.275002,71.500000,68.239998,68.379997,65.971786,320605600
2020-02-28,64.315002,69.602501,64.092499,68.339996,65.933182,426510000
2020-03-02,70.570000,75.360001,69.430000,74.702499,72.071602,341397200
2020-03-03,75.917503,76.000000,71.449997,72.330002,69.782669,319475600
2020-03-04,74.110001,75.849998,73.282501,75.684998,73.019524,219178400
2020-03-05,73.879997,74.887497,72.852501,73.230003,70.650978,187572800
2020-03-06,70.500000,72.705002,70.307503,72.257500,69.712730,226176800
2020-03-09,65.937500,69.522499,65.750000,66.542503,64.198997,286744800
2020-03-10,69.285004,71.610001,67.342499,71.334999,68.822716,285290000
2020-03-11,69.347504,70.305000,67.964996,68.857498,66.432472,255598800
2020-03-12,63.985001,67.500000,62.000000,62.057499,59.871948,418474000
2020-03-13,66.222504,69.980003,63.237499,69.492500,67.045120,370732000
2020-03-16,60.487499,64.769997,60.000000,60.552502,58.419960,322423600
2020-03-17,61.877499,64.402496,59.599998,63.215000,60.988686,324056000
2020-03-18,59.942501,62.500000,59.279999,61.667500,59.495686,300233600
2020-03-19,61.847500,63.209999,60.652500,61.195000,59.039829,271857200
2020-03-20,61.794998,62.957500,57.000000,57.310001,55.291656,401693200
2020-03-23,57.020000,57.125000,53.152500,56.092499,54.117027,336752800
2020-03-24,59.090000,61.922501,58.575001,61.720001,59.546341,287531200
2020-03-25,62.687500,64.562500,61.075001,61.380001,59.218327,303602000
2020-03-26,61.630001,64.669998,61.590000,64.610001,62.334557,252087200
2020-03-27,63.187500,63.967499,61.762501,61.935001,59.753780,204216800
2020-03-30,62.685001,63.880001,62.349998,63.702499,61.459023,167976400
2020-03-31,63.900002,65.622498,63.000000,63.572498,61.333595,197002000
2020-04-01,61.625000,62.180000,59.782501,60.227501,58.106400,176218400
2020-04-02,60.084999,61.287498,59.224998,61.232498,59.076012,165934000
2020-04-03,60.700001,61.424999,59.742500,60.352501,58.227005,129880000
2020-04-06,62.724998,65.777496,62.345001,65.617500,63.306587,201820400
2020-04-07,67.699997,67.925003,64.750000,64.857498,62.573345,202887200
2020-04-08,65.684998,66.842499,65.307503,66.517502,64.174904,168895200
2020-04-09,67.175003,67.517502,66.175003,66.997498,64.637993,161834800
2020-04-13,67.077499,68.425003,66.457497,68.312500,65.906654,131022800
2020-04-14,70.000000,72.062500,69.512497,71.762497,69.235168,194994800
2020-04-15,70.599998,71.582497,70.157501,71.107498,68.603218,131154400
2020-04-16,71.845001,72.050003,70.587502,71.672501,69.148331,157125200
2020-04-17,71.172501,71.737503,69.214996,70.699997,68.210083,215250000
2020-04-20,69.487503,70.419998,69.212502,69.232498,66.794266,130015200
2020-04-21,69.070000,69.312500,66.357498,67.092499,64.729622,180991600
2020-04-22,68.402496,69.474998,68.050003,69.025002,66.594078,116862400
2020-04-23,68.967499,70.437500,68.717499,68.757500,66.336014,124814400
2020-04-24,69.300003,70.752502,69.250000,70.742500,68.251083,126161200
2020-04-27,70.449997,71.135002,69.987503,70.792503,68.299332,117087600
2020-04-28,71.269997,71.457497,69.550003,69.644997,67.192230,112004800
2020-04-29,71.182503,72.417503,70.972504,71.932503,69.399170,137280800
2020-04-30,72.489998,73.632500,72.087502,73.449997,70.863205,183064000
2020-05-01,71.562500,74.750000,71.462502,72.267502,69.722366,240616800
2020-05-04,72.292503,73.422501,71.580002,73.290001,70.708847,133568000
2020-05-05,73.764999,75.250000,73.614998,74.389999,71.770119,147751200
2020-05-06,75.114998,75.809998,74.717499,75.157501,72.510597,142333600
2020-05-07,75.805000,76.292503,75.492500,75.934998,73.260704,115215200
2020-05-08,76.410004,77.587502,76.072502,77.532501,75.004456,133838400
2020-05-11,77.025002,79.262497,76.809998,78.752502,76.184654,145946400
2020-05-12,79.457497,79.922501,77.727501,77.852501,75.314018,162301200
2020-05-13,78.037498,78.987503,75.802498,76.912498,74.404671,200622400
2020-05-14,76.127502,77.447502,75.382500,77.385002,74.861748,158929200
2020-05-15,75.087502,76.974998,75.052498,76.927498,74.419182,166348400
2020-05-18,78.292503,79.125000,77.580002,78.739998,76.172577,135178400
2020-05-19,78.757500,79.629997,78.252502,78.285004,75.732414,101729600
2020-05-20,79.169998,79.879997,79.129997,79.807503,77.205261,111504800
2020-05-21,79.665001,80.222504,78.967499,79.212502,76.629662,102688800
2020-05-22,78.942497,79.807503,78.837502,79.722504,77.123047,81803200
2020-05-26,80.875000,81.059998,79.125000,79.182503,76.600655,125522000
2020-05-27,79.035004,79.677498,78.272499,79.527496,76.934387,112945200
2020-05-28,79.192497,80.860001,78.907501,79.562500,76.968246,133560800
2020-05-29,79.812500,80.287498,79.117500,79.485001,76.893288,153532400
2020-06-01,79.437500,80.587502,79.302498,80.462502,77.838898,80791200
2020-06-02,80.187500,80.860001,79.732498,80.834999,78.199280,87642800
2020-06-03,81.165001,81.550003,80.574997,81.279999,78.629761,104491200
2020-06-04,81.097504,81.404999,80.195000,80.580002,77.952576,87560400
2020-06-05,80.837502,82.937500,80.807503,82.875000,80.172737,137250400
2020-06-08,82.562500,83.400002,81.830002,83.364998,80.646767,95654400
2020-06-09,83.035004,86.402496,83.002502,85.997498,83.193436,147712400
2020-06-10,86.974998,88.692497,86.522499,88.209999,85.333778,166651600
2020-06-11,87.327499,87.764999,83.870003,83.974998,81.236885,201662400
2020-06-12,86.180000,86.949997,83.555000,84.699997,81.938240,200146000
2020-06-15,83.312500,86.419998,83.144997,85.747498,82.951591,138808800
2020-06-16,87.864998,88.300003,86.180000,88.019997,85.149986,165428800
2020-06-17,88.787498,88.849998,87.772499,87.897499,85.031471,114406400
2020-06-18,87.852501,88.362503,87.305000,87.932503,85.065338,96820400
2020-06-19,88.660004,89.139999,86.287498,87.430000,84.579239,264476000
2020-06-22,87.834999,89.864998,87.787498,89.717499,86.792137,135445200
2020-06-23,91.000000,93.095001,90.567497,91.632500,88.644691,212155600
2020-06-24,91.250000,92.197502,89.629997,90.014999,87.079941,192623200
2020-06-25,90.175003,91.250000,89.392502,91.209999,88.235977,137522400
2020-06-26,91.102501,91.330002,88.254997,88.407501,85.524849,205256800
2020-06-29,88.312500,90.542503,87.820000,90.445000,87.495903,130646000
2020-06-30,90.019997,91.495003,90.000000,91.199997,88.226303,140223200
2020-07-01,91.279999,91.839996,90.977501,91.027496,88.059410,110737200
2020-07-02,91.962502,92.617500,90.910004,91.027496,88.059410,114041600
2020-07-06,92.500000,93.945000,92.467499,93.462502,90.415024,118655600
2020-07-07,93.852501,94.654999,93.057503,93.172501,90.134476,112424400
2020-07-08,94.180000,95.375000,94.089996,95.342499,92.233719,117092000
2020-07-09,96.262497,96.317497,94.672501,95.752502,92.630348,125642800
2020-07-10,95.334999,95.980003,94.705002,95.919998,92.792389,90257200
2020-07-13,97.264999,99.955002,95.257500,95.477501,92.364334,191649200
2020-07-14,94.839996,97.254997,93.877502,97.057503,93.892815,170989200
2020-07-15,98.989998,99.247498,96.489998,97.724998,94.538528,153198000
2020-07-16,96.562500,97.404999,95.904999,96.522499,93.375244,110577600
2020-07-17,96.987503,97.147499,95.839996,96.327499,93.186600,92186800
2020-07-20,96.417503,98.500000,96.062500,98.357498,95.150406,90318000
2020-07-21,99.172501,99.250000,96.742500,97.000000,93.837189,103433200
2020-07-22,96.692497,97.974998,96.602501,97.272499,94.100784,89001600
2020-07-23,96.997498,97.077499,92.010002,92.845001,89.817650,197004400
2020-07-24,90.987503,92.970001,89.144997,92.614998,89.595154,185438800
2020-07-27,93.709999,94.904999,93.480003,94.809998,91.718582,121214000
2020-07-28,94.367500,94.550003,93.247498,93.252502,90.211884,103625600
2020-07-29,93.750000,95.230003,93.712502,95.040001,91.941093,90329200
2020-07-30,94.187500,96.297501,93.767502,96.190002,93.053589,158130000
2020-07-31,102.885002,106.415001,100.824997,106.260002,102.795219,374336800
2020-08-03,108.199997,111.637497,107.892502,108.937500,105.385437,308151200
2020-08-04,109.132500,110.790001,108.387497,109.665001,106.089195,173071600
2020-08-05,109.377502,110.392502,108.897499,110.062500,106.473755,121776800
2020-08-06,110.404999,114.412498,109.797501,113.902496,110.188545,202428800
2020-08-07,113.205002,113.675003,110.292503,111.112503,107.683334,198045600
2020-08-10,112.599998,113.775002,110.000000,112.727501,109.248497,212403600
2020-08-11,111.970001,112.482498,109.107498,109.375000,105.999451,187902400
2020-08-12,110.497498,113.275002,110.297501,113.010002,109.522278,165598000
2020-08-13,114.430000,116.042503,113.927498,115.010002,111.460556,210082000
2020-08-14,114.830002,115.000000,113.044998,114.907501,111.361206,165565200
2020-08-17,116.062500,116.087502,113.962502,114.607498,111.070457,119561600
2020-08-18,114.352501,116.000000,114.007500,115.562500,111.995979,105633600
2020-08-19,115.982498,117.162498,115.610001,115.707497,112.136513,145538000
2020-08-20,115.750000,118.392502,115.732498,118.275002,114.624771,126907200
2020-08-21,119.262497,124.867500,119.250000,124.370003,120.531654,338054800
2020-08-24,128.697495,128.785004,123.937500,125.857498,121.973259,345937600
2020-08-25,124.697502,125.180000,123.052498,124.824997,120.972618,211495600
2020-08-26,126.180000,126.992500,125.082497,126.522499,122.617744,163022400
2020-08-27,127.142502,127.485001,123.832497,125.010002,121.151932,155552400
2020-08-28,126.012497,126.442497,124.577499,124.807503,120.955681,187630000
2020-08-31,127.580002,131.000000,126.000000,129.039993,125.057526,225702700
2020-09-01,132.759995,134.800003,130.529999,134.179993,130.038940,151948100
2020-09-02,137.589996,137.979996,127.000000,131.399994,127.344711,200119000
2020-09-03,126.910004,128.839996,120.500000,120.879997,117.149376,257599600
2020-09-04,120.070000,123.699997,110.889999,120.959999,117.226913,332607200
2020-09-08,113.949997,118.989998,112.680000,112.820000,109.338135,231366600
2020-09-09,117.260002,119.139999,115.260002,117.320000,113.699265,176940500
2020-09-10,120.360001,120.500000,112.500000,113.489998,109.987457,182274400
2020-09-11,114.570000,115.230003,110.000000,112.000000,108.543442,180860300
2020-09-14,114.720001,115.930000,112.800003,115.360001,111.799736,140150100
2020-09-15,118.330002,118.830002,113.610001,115.540001,111.974190,184642000
2020-09-16,115.230003,116.000000,112.040001,112.129997,108.669418,154679000
2020-09-17,109.720001,112.199997,108.709999,110.339996,106.934662,178011000
2020-09-18,110.400002,110.879997,106.089996,106.839996,103.542679,287104900
2020-09-21,104.540001,110.190002,103.099998,110.080002,106.682709,195713800
2020-09-22,112.680000,112.860001,109.160004,111.809998,108.359299,183055400
2020-09-23,111.620003,112.110001,106.769997,107.120003,103.814026,150718700
2020-09-24,105.169998,110.250000,105.000000,108.220001,104.880081,167743300
2020-09-25,108.430000,112.440002,107.669998,112.279999,108.814781,149981400
2020-09-28,115.010002,115.320000,112.779999,114.959999,111.412071,137672400
2020-09-29,114.550003,115.309998,113.570000,114.089996,110.568924,99382200
2020-09-30,113.790001,117.260002,113.620003,115.809998,112.235870,142675200
2020-10-01,117.639999,117.720001,115.830002,116.790001,113.185616,116120400
2020-10-02,112.889999,115.370003,112.220001,113.019997,109.531960,144712000
2020-10-05,113.910004,116.650002,113.550003,116.500000,112.904564,106243800
2020-10-06,115.699997,116.120003,112.250000,113.160004,109.667641,161498200
2020-10-07,114.620003,115.550003,114.129997,115.080002,111.528389,96849000
2020-10-08,116.250000,116.400002,114.589996,114.970001,111.421783,83477200
2020-10-09,115.279999,117.000000,114.919998,116.970001,113.360046,100506900
2020-10-12,120.059998,125.180000,119.279999,124.400002,120.560753,240226800
2020-10-13,125.269997,125.389999,119.650002,121.099998,117.362579,262330500
2020-10-14,121.000000,123.029999,119.620003,121.190002,117.449806,150712000
2020-10-15,118.720001,121.199997,118.150002,120.709999,116.984642,112559200
2020-10-16,121.279999,121.550003,118.809998,119.019997,115.346779,115393800
2020-10-19,119.959999,120.419998,115.660004,115.980003,112.400589,120639300
2020-10-20,116.199997,118.980003,115.629997,117.510002,113.883385,124423700
2020-10-21,116.669998,118.709999,116.449997,116.870003,113.263161,89946000
2020-10-22,117.449997,118.040001,114.589996,115.750000,112.177704,101988000
2020-10-23,116.389999,116.550003,114.279999,115.040001,111.489616,82572600
2020-10-26,114.010002,116.550003,112.879997,115.050003,111.499298,111850700
2020-10-27,115.489998,117.279999,114.540001,116.599998,113.001480,92276800
2020-10-28,115.050003,115.430000,111.099998,111.199997,107.768135,143937800
2020-10-29,112.370003,116.930000,112.199997,115.320000,111.760963,146129200
2020-10-30,111.059998,111.989998,107.720001,108.860001,105.500343,190272600
2020-11-02,109.110001,110.680000,107.320000,108.769997,105.413116,122866900
2020-11-03,109.660004,111.489998,108.730003,110.440002,107.031578,107624400
2020-11-04,114.139999,115.589996,112.349998,114.949997,111.402382,138235500
2020-11-05,117.949997,119.620003,116.870003,119.029999,115.356453,126387100
2020-11-06,118.320000,119.199997,116.129997,118.690002,115.225433,114457900
2020-11-09,120.500000,121.989998,116.050003,116.320000,112.924599,154515300
2020-11-10,115.550003,117.589996,114.129997,115.970001,112.584816,138023400
2020-11-11,117.190002,119.629997,116.440002,119.489998,116.002068,112295000
2020-11-12,119.620003,120.529999,118.570000,119.209999,115.730225,103162300
2020-11-13,119.440002,119.669998,117.870003,119.260002,115.778793,81581900
2020-11-16,118.919998,120.989998,118.150002,120.300003,116.788414,91183000
2020-11-17,119.550003,120.669998,118.959999,119.389999,115.904991,74271000
2020-11-18,118.610001,119.820000,118.000000,118.029999,114.584686,76322100
2020-11-19,117.589996,119.059998,116.809998,118.639999,115.176880,74113000
2020-11-20,118.639999,118.769997,117.290001,117.339996,113.914825,73604300
2020-11-23,117.180000,117.620003,113.750000,113.849998,110.526695,127959300
2020-11-24,113.910004,115.849998,112.589996,115.169998,111.808167,113874200
2020-11-25,115.550003,116.750000,115.169998,116.029999,112.643051,76499200
2020-11-27,116.570000,117.489998,116.220001,116.589996,113.186714,46691300
2020-11-30,116.970001,120.970001,116.809998,119.050003,115.574898,169410200
2020-12-01,121.010002,123.470001,120.010002,122.720001,119.137779,127728200
2020-12-02,122.019997,123.370003,120.889999,123.080002,119.487282,89004200
2020-12-03,123.519997,123.779999,122.209999,122.940002,119.351349,78967600
2020-12-04,122.599998,122.860001,121.519997,122.250000,118.681511,78260400
2020-12-07,122.309998,124.570000,122.250000,123.750000,120.137711,86712000
2020-12-08,124.370003,124.980003,123.089996,124.379997,120.749336,82225500
2020-12-09,124.529999,125.949997,121.000000,121.779999,118.225235,115089200
2020-12-10,120.500000,123.870003,120.150002,123.239998,119.642586,81312200
2020-12-11,122.430000,122.760002,120.550003,122.410004,118.836823,86939800
2020-12-14,122.599998,123.349998,121.540001,121.779999,118.225235,79184500
2020-12-15,124.339996,127.900002,124.129997,127.879997,124.147141,157243700
2020-12-16,127.410004,128.369995,126.559998,127.809998,124.079224,98208600
2020-12-17,128.899994,129.580002,128.039993,128.699997,124.943230,94359800
2020-12-18,128.960007,129.100006,126.120003,126.660004,122.962784,192541500
2020-12-21,125.019997,128.309998,123.449997,128.229996,124.486954,121251600
2020-12-22,131.610001,134.410004,129.649994,131.880005,128.030411,168904800
2020-12-23,132.160004,132.429993,130.779999,130.960007,127.137283,88223700
2020-12-24,131.320007,133.460007,131.100006,131.970001,128.117767,54930100
2020-12-28,133.990005,137.339996,133.509995,136.690002,132.699982,124486200
2020-12-29,138.050003,138.789993,134.339996,134.869995,130.933105,121047300
2020-12-30,135.580002,135.990005,133.399994,133.720001,129.816681,96452100
2020-12-31,134.080002,134.740005,131.720001,132.690002,128.816772,99116600
2021-01-04,133.520004,133.610001,126.760002,129.410004,125.632500,143301900
2021-01-05,128.889999,131.740005,128.429993,131.009995,127.185783,97664900
2021-01-06,127.720001,131.050003,126.379997,126.599998,122.904526,155088000
2021-01-07,128.360001,131.630005,127.860001,130.919998,127.098396,109578200
2021-01-08,132.429993,132.630005,130.229996,132.050003,128.195435,105158200
2021-01-11,129.190002,130.169998,128.500000,128.979996,125.215042,100384500
2021-01-12,128.500000,129.690002,126.860001,128.800003,125.040298,91951100
2021-01-13,128.759995,131.449997,128.490005,130.889999,127.069275,88636800
2021-01-14,130.800003,131.000000,128.759995,128.910004,125.147118,90221800
2021-01-15,128.779999,130.220001,127.000000,127.139999,123.428764,111598500
2021-01-19,127.779999,128.710007,126.940002,127.830002,124.098633,90757300
2021-01-20,128.660004,132.490005,128.550003,132.029999,128.176010,104319500
2021-01-21,133.800003,139.669998,133.589996,136.869995,132.874756,120150900
2021-01-22,136.279999,139.850006,135.020004,139.070007,135.010529,114459400
2021-01-25,143.070007,145.089996,136.539993,142.919998,138.748123,157611700
2021-01-26,143.600006,144.300003,141.369995,143.160004,138.981171,98390600
2021-01-27,143.429993,144.300003,140.410004,142.059998,137.913239,140843800
2021-01-28,139.520004,141.990005,136.699997,137.089996,133.088333,142621100
2021-01-29,135.830002,136.740005,130.210007,131.960007,128.108047,177523800
2021-02-01,133.750000,135.380005,130.929993,134.139999,130.224442,106239800
2021-02-02,135.729996,136.309998,134.610001,134.990005,131.049622,83305400
2021-02-03,135.759995,135.770004,133.610001,133.940002,130.030334,89880900
2021-02-04,136.300003,137.399994,134.589996,137.389999,133.379608,84183100
2021-02-05,137.350006,137.419998,135.860001,136.759995,132.966339,75693800
2021-02-08,136.029999,136.960007,134.919998,136.910004,133.112183,71297200
2021-02-09,136.619995,137.880005,135.850006,136.009995,132.237152,76774200
2021-02-10,136.479996,136.990005,134.399994,135.389999,131.634354,73046600
2021-02-11,135.899994,136.389999,133.770004,135.130005,131.381577,64280000
2021-02-12,134.350006,135.529999,133.690002,135.369995,131.614899,60145100
2021-02-16,135.490005,136.009995,132.789993,133.190002,129.495377,80576300
2021-02-17,131.250000,132.220001,129.470001,130.839996,127.210571,97918500
2021-02-18,129.199997,130.000000,127.410004,129.710007,126.111938,96856700
2021-02-19,130.240005,130.710007,128.800003,129.869995,126.267464,87668800
2021-02-22,128.009995,129.720001,125.599998,126.000000,122.504807,103916400
2021-02-23,123.760002,126.709999,118.389999,125.860001,122.368683,158273000
2021-02-24,124.940002,125.559998,122.230003,125.349998,121.872841,111039900
2021-02-25,124.680000,126.459999,120.540001,120.989998,117.633797,148199500
2021-02-26,122.589996,124.849998,121.199997,121.260002,117.896324,164560400
2021-03-01,123.750000,127.930000,122.790001,127.790001,124.245163,116307900
2021-03-02,128.410004,128.720001,125.010002,125.120003,121.649239,102260900
2021-03-03,124.809998,125.709999,121.839996,122.059998,118.674110,112966300
2021-03-04,121.750000,123.599998,118.620003,120.129997,116.797668,178155000
2021-03-05,120.980003,121.940002,117.570000,121.419998,118.051872,153766600
2021-03-08,120.930000,121.000000,116.209999,116.360001,113.132233,154376600
2021-03-09,119.029999,122.059998,118.790001,121.089996,117.731010,129525800
2021-03-10,121.690002,122.169998,119.449997,119.980003,116.651833,111943300
2021-03-11,122.540001,123.209999,121.260002,121.959999,118.576904,103026500
2021-03-12,120.400002,121.169998,119.160004,121.029999,117.672676,88105100
2021-03-15,121.410004,124.000000,120.419998,123.989998,120.550583,92403800
2021-03-16,125.699997,127.220001,124.720001,125.570000,122.086754,115227900
2021-03-17,124.050003,125.860001,122.339996,124.760002,121.299217,111932600
2021-03-18,122.879997,123.180000,120.320000,120.529999,117.186569,121229700
2021-03-19,119.900002,121.430000,119.680000,119.989998,116.661545,185549500
2021-03-22,120.330002,123.870003,120.260002,123.389999,119.967216,111912300
2021-03-23,123.330002,124.239998,122.139999,122.540001,119.140800,95467100
2021-03-24,122.820000,122.900002,120.070000,120.089996,116.758774,88530500
2021-03-25,119.540001,121.660004,119.000000,120.589996,117.244904,98844700
2021-03-26,120.349998,121.480003,118.919998,121.209999,117.847702,94071200
2021-03-29,121.650002,122.580002,120.730003,121.389999,118.022697,80819200
2021-03-30,120.110001,120.400002,118.860001,119.900002,116.574043,85671900
2021-03-31,121.650002,123.519997,121.150002,122.150002,118.761620,118323800
2021-04-01,123.660004,124.180000,122.489998,123.000000,119.588066,75089100
2021-04-05,123.870003,126.160004,123.070000,125.900002,122.407593,88651200
2021-04-06,126.500000,127.129997,125.650002,126.209999,122.709007,80171300
2021-04-07,125.830002,127.919998,125.139999,127.900002,124.352135,83466700
2021-04-08,128.949997,130.389999,128.520004,130.360001,126.743881,88844600
2021-04-09,129.800003,133.039993,129.470001,133.000000,129.310654,106686700
2021-04-12,132.520004,132.850006,130.630005,131.240005,127.599449,91420000
2021-04-13,132.440002,134.660004,131.929993,134.429993,130.700958,91266500
2021-04-14,134.940002,135.000000,131.660004,132.029999,128.367523,87222800
2021-04-15,133.820007,135.000000,133.639999,134.500000,130.769028,89347100
2021-04-16,134.300003,134.669998,133.279999,134.160004,130.438492,84922400
2021-04-19,133.509995,135.470001,133.339996,134.839996,131.099609,94264200
2021-04-20,135.020004,135.529999,131.809998,133.110001,129.417618,94812300
2021-04-21,132.360001,133.750000,131.300003,133.500000,129.796783,68847100
2021-04-22,133.039993,134.149994,131.410004,131.940002,128.280045,84566500
2021-04-23,132.160004,135.119995,132.160004,134.320007,130.594086,78657500
2021-04-26,134.830002,135.059998,133.559998,134.720001,130.982971,66905100
2021-04-27,135.009995,135.410004,134.110001,134.389999,130.662094,66015800
2021-04-28,134.309998,135.020004,133.080002,133.580002,129.874512,107760100
2021-04-29,136.470001,137.070007,132.449997,133.479996,129.777298,151101000
2021-04-30,131.779999,133.559998,131.070007,131.460007,127.813370,109839500
2021-05-03,132.039993,134.070007,131.830002,132.539993,128.863388,75135100
2021-05-04,131.190002,131.490005,126.699997,127.849998,124.303490,137564700
2021-05-05,129.199997,130.449997,127.970001,128.100006,124.546570,84000900
2021-05-06,127.889999,129.750000,127.129997,129.740005,126.141098,78128300
2021-05-07,130.850006,131.259995,129.479996,130.210007,126.813072,78973300
2021-05-10,129.410004,129.539993,126.809998,126.849998,123.540733,88071200
2021-05-11,123.500000,126.269997,122.769997,125.910004,122.625259,126142800
2021-05-12,123.400002,124.639999,122.250000,122.769997,119.567146,112172300
2021-05-13,124.580002,126.150002,124.260002,124.970001,121.709785,105861300
2021-05-14,126.250000,127.889999,125.849998,127.449997,124.125069,81918000
2021-05-17,126.820000,126.930000,125.169998,126.269997,122.975876,74244600
2021-05-18,126.559998,126.989998,124.779999,124.849998,121.592903,63342900
2021-05-19,123.160004,124.919998,122.860001,124.690002,121.437080,92612000
2021-05-20,125.230003,127.720001,125.099998,127.309998,123.988731,76857100
2021-05-21,127.820000,128.000000,125.209999,125.430000,122.157768,79295400
2021-05-24,126.010002,127.940002,125.940002,127.099998,123.784210,63092900
2021-05-25,127.820000,128.320007,126.320000,126.900002,123.589432,72009500
2021-05-26,126.959999,127.389999,126.419998,126.849998,123.540733,56575900
2021-05-27,126.440002,127.639999,125.080002,125.279999,122.011681,94625600
2021-05-28,125.570000,125.800003,124.550003,124.610001,121.359169,71311100
2021-06-01,125.080002,125.349998,123.940002,124.279999,121.037788,67637100
2021-06-02,124.279999,125.239998,124.050003,125.059998,121.797440,59278900
2021-06-03,124.680000,124.849998,123.129997,123.540001,120.317085,76229200
2021-06-04,124.070000,126.160004,123.849998,125.889999,122.605774,75169300
2021-06-07,126.169998,126.320000,124.830002,125.900002,122.615509,71057600
2021-06-08,126.599998,128.460007,126.209999,126.739998,123.433601,74403800
2021-06-09,127.209999,127.750000,126.519997,127.129997,123.813438,56877900
2021-06-10,127.019997,128.190002,125.940002,126.110001,122.820030,71186400
2021-06-11,126.529999,127.440002,126.099998,127.349998,124.027679,53522400
2021-06-14,127.820000,130.539993,127.070000,130.479996,127.076012,96906500
2021-06-15,129.940002,130.600006,129.389999,129.639999,126.257942,62746300
2021-06-16,130.369995,130.889999,128.460007,130.149994,126.754646,91815000
2021-06-17,129.800003,132.550003,129.649994,131.789993,128.351868,96721700
2021-06-18,130.710007,131.509995,130.240005,130.460007,127.056557,108953300
2021-06-21,130.300003,132.410004,129.210007,132.300003,128.848557,79663300
2021-06-22,132.130005,134.080002,131.619995,133.979996,130.484741,74783600
2021-06-23,133.770004,134.320007,133.229996,133.699997,130.212036,60214200
2021-06-24,134.449997,134.639999,132.929993,133.410004,129.929581,68711000
2021-06-25,133.460007,133.889999,132.809998,133.110001,129.637421,70783700
2021-06-28,133.410004,135.250000,133.350006,134.779999,131.263855,62111300
2021-06-29,134.800003,136.490005,134.350006,136.330002,132.773422,64556100
2021-06-30,136.169998,137.410004,135.869995,136.960007,133.386978,63261400
2021-07-01,136.600006,137.330002,135.759995,137.270004,133.688919,52485800
2021-07-02,137.899994,140.000000,137.750000,139.960007,136.308731,78852600
2021-07-06,140.070007,143.149994,140.070007,142.020004,138.314987,108181800
2021-07-07,143.539993,144.889999,142.660004,144.570007,140.798447,104911600
2021-07-08,141.580002,144.059998,140.669998,143.240005,139.503143,105575500
2021-07-09,142.750000,145.649994,142.649994,145.110001,141.324402,99890800
2021-07-12,146.210007,146.320007,144.000000,144.500000,140.730270,76299700
2021-07-13,144.029999,147.460007,143.630005,145.639999,141.840515,100827100
2021-07-14,148.100006,149.570007,147.679993,149.149994,145.258957,127050800
2021-07-15,149.240005,150.000000,147.089996,148.479996,144.606445,106820300
2021-07-16,148.460007,149.759995,145.880005,146.389999,142.570999,93251400
2021-07-19,143.750000,144.070007,141.669998,142.449997,138.733765,121434600
2021-07-20,143.460007,147.100006,142.960007,146.149994,142.337219,96350000
2021-07-21,145.529999,146.130005,144.630005,145.399994,141.606796,74993500
2021-07-22,145.940002,148.199997,145.809998,146.800003,142.970261,77338200
2021-07-23,147.550003,148.720001,146.919998,148.559998,144.684326,71447400
2021-07-26,148.270004,149.830002,147.699997,148.990005,145.103119,72434100
2021-07-27,149.119995,149.210007,145.550003,146.770004,142.941086,104818600
2021-07-28,144.809998,146.970001,142.539993,144.979996,141.197769,118931200
2021-07-29,144.690002,146.550003,144.580002,145.639999,141.840515,56699500
2021-07-30,144.380005,146.330002,144.110001,145.860001,142.054794,70440600
2021-08-02,146.360001,146.949997,145.250000,145.520004,141.723679,62880000
2021-08-03,145.809998,148.039993,145.179993,147.360001,143.515656,64786600
2021-08-04,147.270004,147.789993,146.279999,146.949997,143.116379,56368300
2021-08-05,146.979996,147.839996,146.169998,147.059998,143.223511,46397700
2021-08-06,146.350006,147.110001,145.630005,146.139999,142.540741,54126800
2021-08-09,146.199997,146.699997,145.520004,146.089996,142.491943,48908700
2021-08-10,146.440002,147.710007,145.300003,145.600006,142.014023,69023100
2021-08-11,146.050003,146.720001,145.529999,145.860001,142.267609,48493500
2021-08-12,146.190002,149.050003,145.839996,148.889999,145.222992,72282600
2021-08-13,148.970001,149.440002,148.270004,149.100006,145.427841,59375000
2021-08-16,148.539993,151.190002,146.470001,151.119995,147.398056,103296000
2021-08-17,150.229996,151.679993,149.089996,150.190002,146.491013,92229700
2021-08-18,149.800003,150.720001,146.149994,146.360001,142.755310,86326000
2021-08-19,145.029999,148.000000,144.500000,146.699997,143.086945,86960300
2021-08-20,147.440002,148.500000,146.779999,148.190002,144.540268,60549600
2021-08-23,148.309998,150.190002,147.889999,149.710007,146.022827,60131800
2021-08-24,149.449997,150.860001,149.149994,149.619995,145.935028,48606400
2021-08-25,149.809998,150.320007,147.800003,148.360001,144.706070,58991300
2021-08-26,148.350006,149.119995,147.509995,147.539993,143.906250,48597200
2021-08-27,147.479996,148.750000,146.830002,148.600006,144.940155,55802400
2021-08-30,149.000000,153.490005,148.610001,153.119995,149.348785,90956700
2021-08-31,152.660004,152.800003,151.289993,151.830002,148.090607,86453100
2021-09-01,152.830002,154.979996,152.339996,152.509995,148.753830,80313700
2021-09-02,153.869995,154.720001,152.399994,153.649994,149.865753,71115500
2021-09-03,153.759995,154.630005,153.089996,154.300003,150.499817,57808700
2021-09-07,154.970001,157.259995,154.389999,156.690002,152.830902,82278300
2021-09-08,156.979996,157.039993,153.979996,155.110001,151.289795,74420200
2021-09-09,155.490005,156.110001,153.949997,154.070007,150.275406,57305700
2021-09-10,155.000000,155.479996,148.699997,148.970001,145.301025,140893200
2021-09-13,150.630005,151.419998,148.750000,149.550003,145.866760,102404300
2021-09-14,150.350006,151.070007,146.910004,148.119995,144.471954,109296300
2021-09-15,148.559998,149.440002,146.369995,149.029999,145.359543,83281300
2021-09-16,148.440002,148.970001,147.220001,148.789993,145.125473,68034100
2021-09-17,148.820007,148.820007,145.759995,146.059998,142.462708,129868800
2021-09-20,143.800003,144.839996,141.270004,142.940002,139.419571,123478900
2021-09-21,143.929993,144.600006,142.779999,143.429993,139.897476,75834000
2021-09-22,144.449997,146.429993,143.699997,145.850006,142.257889,76404300
2021-09-23,146.649994,147.080002,145.639999,146.830002,143.213760,64838200
2021-09-24,145.660004,147.470001,145.559998,146.919998,143.301529,53477900
2021-09-27,145.470001,145.960007,143.820007,145.369995,141.789688,74150700
2021-09-28,143.250000,144.750000,141.690002,141.910004,138.414948,108972300
2021-09-29,142.470001,144.449997,142.029999,142.830002,139.312286,74602000
2021-09-30,143.660004,144.380005,141.279999,141.500000,138.014984,89056700
2021-10-01,141.899994,142.919998,139.110001,142.649994,139.136673,94639600
2021-10-04,141.759995,142.210007,138.270004,139.139999,135.713120,98322000
2021-10-05,139.490005,142.240005,139.360001,141.110001,137.634644,80861100
2021-10-06,139.470001,142.149994,138.369995,142.000000,138.502686,83221100
2021-10-07,143.059998,144.220001,142.720001,143.289993,139.760925,61732700
2021-10-08,144.029999,144.179993,142.559998,142.899994,139.380493,58773200
2021-10-11,142.270004,144.809998,141.809998,142.809998,139.292786,64452200
2021-10-12,143.229996,143.250000,141.039993,141.509995,138.024780,73035900
2021-10-13,141.240005,141.399994,139.199997,140.910004,137.439560,78762700
2021-10-14,142.110001,143.880005,141.509995,143.759995,140.219345,69907100
2021-10-15,143.770004,144.899994,143.509995,144.839996,141.272720,67940300
2021-10-18,143.449997,146.839996,143.160004,146.550003,142.940659,85589200
2021-10-19,147.009995,149.169998,146.550003,148.759995,145.096222,76378900
2021-10-20,148.699997,149.750000,148.119995,149.259995,145.583908,58418800
2021-10-21,148.809998,149.639999,147.869995,149.479996,145.798462,61421000
2021-10-22,149.690002,150.179993,148.639999,148.690002,145.027924,58883400
2021-10-25,148.679993,149.369995,147.619995,148.639999,144.979156,50720600
2021-10-26,149.330002,150.839996,149.009995,149.320007,145.642426,60893400
2021-10-27,149.360001,149.729996,148.490005,148.850006,145.183990,56094900
2021-10-28,149.820007,153.169998,149.720001,152.570007,148.812378,100077900
2021-10-29,147.220001,149.940002,146.410004,149.800003,146.110611,124953200
2021-11-01,148.990005,149.699997,147.800003,148.960007,145.291290,74588300
2021-11-02,148.660004,151.570007,148.649994,150.020004,146.325195,69122000
2021-11-03,150.389999,151.970001,149.820007,151.490005,147.758987,54511500
2021-11-04,151.580002,152.429993,150.639999,150.960007,147.242020,60394600
2021-11-05,151.889999,152.199997,150.059998,151.279999,147.769470,65463900
2021-11-08,151.410004,151.570007,150.160004,150.440002,146.949020,55020900
2021-11-09,150.199997,151.429993,150.059998,150.809998,147.310471,56787900
2021-11-10,150.020004,150.130005,147.850006,147.919998,144.487473,65187100
2021-11-11,148.960007,149.429993,147.679993,147.869995,144.438599,41000000
2021-11-12,148.429993,150.399994,147.479996,149.990005,146.509415,63804000
2021-11-15,150.369995,151.880005,149.429993,150.000000,146.519211,59222800
2021-11-16,149.940002,151.490005,149.339996,151.000000,147.496002,59256200
2021-11-17,151.000000,155.000000,150.990005,153.490005,149.928192,88807000
2021-11-18,153.710007,158.669998,153.050003,157.869995,154.206619,137827700
2021-11-19,157.649994,161.020004,156.529999,160.550003,156.824387,117305600
2021-11-22,161.679993,165.699997,161.000000,161.020004,157.283478,117467900
2021-11-23,161.119995,161.800003,159.059998,161.410004,157.664429,96041900
2021-11-24,160.750000,162.139999,159.639999,161.940002,158.182114,69463600
2021-11-26,159.570007,160.449997,156.360001,156.809998,153.171173,76959800
2021-11-29,159.369995,161.190002,158.789993,160.240005,156.521561,88748200
2021-11-30,159.990005,165.520004,159.919998,165.300003,161.464157,174048100
2021-12-01,167.479996,170.300003,164.529999,164.770004,160.946457,152052500
2021-12-02,158.740005,164.199997,157.800003,163.759995,159.959885,136739200
2021-12-03,164.020004,164.960007,159.720001,161.839996,158.084442,118023100
2021-12-06,164.289993,167.880005,164.279999,165.320007,161.483704,107497000
2021-12-07,169.080002,171.580002,168.339996,171.179993,167.207703,120405400
2021-12-08,172.130005,175.960007,170.699997,175.080002,171.017212,116998900
2021-12-09,174.910004,176.750000,173.919998,174.559998,170.509277,108923700
2021-12-10,175.210007,179.630005,174.690002,179.449997,175.285797,115402700
2021-12-13,181.119995,182.130005,175.529999,175.740005,171.661896,153237000
2021-12-14,175.250000,177.740005,172.210007,174.330002,170.284607,139380400
2021-12-15,175.110001,179.500000,172.309998,179.300003,175.139282,131063300
2021-12-16,179.279999,181.139999,170.750000,172.259995,168.262680,150185800
2021-12-17,169.929993,173.470001,169.690002,171.139999,167.168640,195432700
2021-12-20,168.279999,170.580002,167.460007,169.750000,165.810898,107499100
2021-12-21,171.559998,173.199997,169.119995,172.990005,168.975739,91185900
2021-12-22,173.039993,175.860001,172.149994,175.639999,171.564194,92135300
2021-12-23,175.850006,176.850006,175.270004,176.279999,172.189362,68356600
2021-12-27,177.089996,180.419998,177.070007,180.330002,176.145386,74919600
2021-12-28,180.160004,181.330002,178.529999,179.289993,175.129532,79144300
2021-12-29,179.330002,180.630005,178.139999,179.380005,175.217438,62348900
2021-12-30,179.470001,180.570007,178.089996,178.199997,174.064789,59773000
2021-12-31,178.089996,179.229996,177.259995,177.570007,173.449402,64062300
2022-01-03,177.830002,182.880005,177.710007,182.009995,177.786423,104487900
2022-01-04,182.630005,182.940002,179.119995,179.699997,175.529984,99310400
2022-01-05,179.610001,180.169998,174.639999,174.919998,170.860931,94537600
2022-01-06,172.699997,175.300003,171.639999,172.000000,168.008652,96904000
2022-01-07,172.889999,174.139999,171.029999,172.169998,168.174713,86709100
2022-01-10,169.080002,172.500000,168.169998,172.190002,168.194275,106765600
2022-01-11,172.320007,175.179993,170.820007,175.080002,171.017212,76138300
2022-01-12,176.119995,177.179993,174.820007,175.529999,171.456772,74805200
2022-01-13,175.779999,176.619995,171.789993,172.190002,168.194275,84505800
2022-01-14,171.339996,173.779999,171.089996,173.070007,169.053818,80440800
2022-01-18,171.509995,172.539993,169.410004,169.800003,165.859741,90956700
2022-01-19,170.000000,171.080002,165.940002,166.229996,162.372559,94815000
2022-01-20,166.979996,169.679993,164.179993,164.509995,160.692505,91420500
2022-01-21,164.419998,166.330002,162.300003,162.410004,158.641220,122848900
2022-01-24,160.020004,162.300003,154.699997,161.619995,157.869537,162294600
2022-01-25,158.979996,162.759995,157.020004,159.779999,156.072250,115798400
2022-01-26,163.500000,164.389999,157.820007,159.690002,155.984360,108275300
2022-01-27,162.449997,163.839996,158.279999,159.220001,155.525253,121954600
2022-01-28,165.710007,170.350006,162.800003,170.330002,166.377441,179935700
2022-01-31,170.160004,175.000000,169.509995,174.779999,170.724167,115541600
2022-02-01,174.009995,174.839996,172.309998,174.610001,170.558105,86213900
2022-02-02,174.750000,175.880005,173.330002,175.839996,171.759567,84914300
2022-02-03,174.479996,176.240005,172.119995,172.899994,168.887772,89418100
2022-02-04,171.679993,174.100006,170.679993,172.389999,168.604156,82465400
2022-02-07,172.860001,173.949997,170.949997,171.660004,167.890213,77251200
2022-02-08,171.729996,175.350006,171.429993,174.830002,170.990585,74829200
2022-02-09,176.050003,176.649994,174.899994,176.279999,172.408752,71285000
2022-02-10,174.139999,175.479996,171.550003,172.119995,168.340073,90865900
2022-02-11,172.330002,173.080002,168.039993,168.639999,164.936523,98670700
2022-02-14,167.369995,169.580002,166.559998,168.880005,165.171280,86185500
2022-02-15,170.970001,172.949997,170.250000,172.789993,168.995377,62527400
2022-02-16,171.850006,173.339996,170.050003,172.550003,168.760651,61177400
2022-02-17,171.029999,171.910004,168.470001,168.880005,165.171280,69589300
2022-02-18,169.820007,170.539993,166.190002,167.300003,163.625946,82772700
2022-02-22,164.979996,166.690002,162.149994,164.320007,160.711411,91162800
2022-02-23,165.539993,166.149994,159.750000,160.070007,156.554764,90009200
2022-02-24,152.580002,162.850006,152.000000,162.740005,159.166077,141147500
2022-02-25,163.839996,165.119995,160.869995,164.850006,161.229767,91974200
2022-02-28,163.059998,165.419998,162.429993,165.119995,161.493790,95056600
2022-03-01,164.699997,166.600006,161.970001,163.199997,159.615967,83474400
2022-03-02,164.389999,167.360001,162.949997,166.559998,162.902191,79724800
2022-03-03,168.470001,168.910004,165.550003,166.229996,162.579407,76678400
2022-03-04,164.490005,165.550003,162.100006,163.169998,159.586639,83737200
2022-03-07,163.360001,165.020004,159.039993,159.300003,155.801620,96418800
2022-03-08,158.820007,162.880005,155.800003,157.440002,153.982498,131148300
2022-03-09,161.479996,163.410004,159.410004,162.949997,159.371460,91454900
2022-03-10,160.199997,160.389999,155.979996,158.520004,155.038757,105342000
2022-03-11,158.929993,159.279999,154.500000,154.729996,151.331985,96970100
2022-03-14,151.449997,154.119995,150.100006,150.619995,147.312225,108732100
2022-03-15,150.899994,155.570007,150.380005,155.089996,151.684097,92964300
2022-03-16,157.050003,160.000000,154.460007,159.589996,156.085297,102300200
2022-03-17,158.610001,161.000000,157.630005,160.619995,157.092651,75615400
2022-03-18,160.509995,164.479996,159.759995,163.979996,160.378860,123511700
2022-03-21,163.509995,166.350006,163.009995,165.380005,161.748138,95811400
2022-03-22,165.509995,169.419998,164.910004,168.820007,165.112579,81532000
2022-03-23,167.990005,172.639999,167.649994,170.210007,166.472031,98062700
2022-03-24,171.059998,174.139999,170.210007,174.070007,170.247269,90131400
2022-03-25,173.880005,175.279999,172.750000,174.720001,170.882996,80546200
2022-03-28,172.169998,175.729996,172.000000,175.600006,171.743652,90371900
2022-03-29,176.690002,179.009995,176.339996,178.960007,175.029892,100589400
2022-03-30,178.550003,179.610001,176.699997,177.770004,173.865997,92633200
2022-03-31,177.839996,178.029999,174.399994,174.610001,170.775406,103049300
2022-04-01,174.029999,174.880005,171.940002,174.309998,170.482010,78751300
2022-04-04,174.570007,178.490005,174.440002,178.440002,174.521317,76468400
2022-04-05,177.500000,178.300003,174.419998,175.059998,171.215530,73401800
2022-04-06,172.360001,173.630005,170.130005,171.830002,168.056458,89058800
2022-04-07,171.160004,173.360001,169.850006,172.139999,168.359680,77594700
2022-04-08,171.779999,171.779999,169.199997,170.089996,166.354706,76575500
2022-04-11,168.710007,169.029999,165.500000,165.750000,162.110001,72246700
2022-04-12,168.020004,169.869995,166.639999,167.660004,163.978027,79265200
2022-04-13,167.389999,171.039993,166.770004,170.399994,166.657883,70618900
2022-04-14,170.619995,171.270004,165.039993,165.289993,161.660095,75329400
2022-04-18,163.919998,166.600006,163.570007,165.070007,161.444916,69023900
2022-04-19,165.020004,167.820007,163.910004,167.399994,163.723770,67723800
2022-04-20,168.759995,168.880005,166.100006,167.229996,163.557495,67929800
2022-04-21,168.910004,171.529999,165.910004,166.419998,162.765289,87227800
2022-04-22,166.460007,167.869995,161.500000,161.789993,158.236969,84882400
2022-04-25,161.119995,163.169998,158.460007,162.880005,159.303009,96046400
2022-04-26,162.250000,162.339996,156.720001,156.800003,153.356522,95623200
2022-04-27,155.910004,159.789993,155.380005,156.570007,153.131607,88063200
2022-04-28,159.250000,164.520004,158.929993,163.639999,160.046326,130216800
2022-04-29,161.839996,166.199997,157.250000,157.649994,154.187866,131747600
2022-05-02,156.710007,158.229996,153.270004,157.960007,154.491074,123055300
2022-05-03,158.149994,160.710007,156.320007,159.479996,155.977692,88966500
2022-05-04,159.669998,166.479996,159.259995,166.020004,162.374039,108256500
2022-05-05,163.850006,164.080002,154.949997,156.770004,153.327194,130525300
2022-05-06,156.009995,159.440002,154.179993,157.279999,154.052017,116124600
2022-05-09,154.929993,155.830002,151.490005,152.059998,148.939133,131577900
2022-05-10,155.520004,156.740005,152.929993,154.509995,151.338852,115366700
2022-05-11,153.500000,155.449997,145.809998,146.500000,143.493240,142689800
2022-05-12,142.770004,146.199997,138.800003,142.559998,139.634109,182602000
2022-05-13,144.589996,148.100006,143.110001,147.110001,144.090744,113990900
2022-05-16,145.550003,147.520004,144.179993,145.539993,142.552948,86643800
2022-05-17,148.860001,149.770004,146.679993,149.240005,146.177017,78336300
2022-05-18,146.850006,147.360001,139.899994,140.820007,137.929825,109742900
2022-05-19,139.880005,141.660004,136.600006,137.350006,134.531067,136095600
2022-05-20,139.089996,140.699997,132.610001,137.589996,134.766144,137426100
2022-05-23,137.789993,143.259995,137.649994,143.110001,140.172852,117726300
2022-05-24,140.809998,141.970001,137.330002,140.360001,137.479294,104132700
2022-05-25,138.429993,141.789993,138.339996,140.520004,137.636017,92482700
2022-05-26,137.389999,144.339996,137.139999,143.779999,140.829086,90601500
2022-05-27,145.389999,149.679993,145.259995,149.639999,146.568802,90978500
2022-05-31,149.070007,150.660004,146.839996,148.839996,145.785202,103718400
2022-06-01,149.899994,151.740005,147.679993,148.710007,145.657913,74286600
2022-06-02,147.830002,151.270004,146.860001,151.210007,148.106567,72348100
2022-06-03,146.899994,147.970001,144.460007,145.380005,142.396240,88570300
2022-06-06,147.029999,148.570007,144.899994,146.139999,143.140640,71598400
2022-06-07,144.350006,149.000000,144.100006,148.710007,145.657913,67808200
2022-06-08,148.580002,149.869995,147.460007,147.960007,144.923279,53950200
2022-06-09,147.080002,147.949997,142.529999,142.639999,139.712448,69473000
2022-06-10,140.279999,140.759995,137.059998,137.130005,134.315552,91437900
2022-06-13,132.869995,135.199997,131.440002,131.880005,129.173325,122207100
2022-06-14,133.130005,133.889999,131.479996,132.759995,130.035248,84784300
2022-06-15,134.289993,137.339996,132.160004,135.429993,132.650452,91533000
2022-06-16,132.080002,132.389999,129.039993,130.059998,127.390648,108123900
2022-06-17,130.070007,133.080002,129.809998,131.559998,128.859894,134520300
2022-06-21,133.419998,137.059998,133.320007,135.869995,133.081406,81000500
2022-06-22,134.789993,137.759995,133.910004,135.350006,132.572113,73409200
2022-06-23,136.820007,138.589996,135.630005,138.270004,135.432144,72433800
2022-06-24,139.899994,141.910004,139.770004,141.660004,138.752579,89116800
2022-06-27,142.699997,143.490005,140.970001,141.660004,138.752579,70207900
2022-06-28,142.130005,143.419998,137.320007,137.440002,134.619217,67083400
2022-06-29,137.460007,140.669998,136.669998,139.229996,136.372452,66242400
2022-06-30,137.250000,138.369995,133.770004,136.720001,133.913971,98964500
2022-07-01,136.039993,139.039993,135.660004,138.929993,136.078583,71051600
2022-07-05,137.770004,141.610001,136.929993,141.559998,138.654633,73353800
2022-07-06,141.350006,144.119995,141.080002,142.919998,139.986725,74064300
2022-07-07,143.289993,146.550003,143.279999,146.350006,143.346329,66253700
2022-07-08,145.259995,147.550003,145.000000,147.039993,144.022186,64547800
2022-07-11,145.669998,146.639999,143.779999,144.869995,141.896713,63141600
2022-07-12,145.759995,148.449997,145.050003,145.860001,142.866394,77588800
2022-07-13,142.990005,146.449997,142.119995,145.490005,142.503998,71185600
2022-07-14,144.080002,148.949997,143.250000,148.470001,145.422806,78140700
2022-07-15,149.779999,150.860001,148.199997,150.169998,147.087891,76259900
2022-07-18,150.740005,151.570007,146.699997,147.070007,144.051529,81420900
2022-07-19,147.919998,151.229996,146.910004,151.000000,147.900909,82982400
2022-07-20,151.119995,153.720001,150.369995,153.039993,149.899017,64823400
2022-07-21,154.500000,155.570007,151.940002,155.350006,152.161591,65086600
2022-07-22,155.389999,156.279999,153.410004,154.089996,150.927475,66675400
2022-07-25,154.009995,155.039993,152.279999,152.949997,149.810852,53623900
2022-07-26,152.259995,153.089996,150.800003,151.600006,148.488586,55138700
2022-07-27,152.580002,157.330002,152.160004,156.789993,153.572052,78620700
2022-07-28,156.979996,157.639999,154.410004,157.350006,154.120575,81378700
2022-07-29,161.240005,163.630005,159.500000,162.509995,159.174683,101786900
2022-08-01,161.009995,163.589996,160.889999,161.509995,158.195206,67829400
2022-08-02,160.100006,162.410004,159.630005,160.009995,156.725952,59907000
2022-08-03,160.839996,166.589996,160.750000,166.130005,162.720367,82507500
2022-08-04,166.009995,167.190002,164.429993,165.809998,162.406937,55474100
2022-08-05,163.210007,165.850006,163.000000,165.350006,162.181381,56697000
2022-08-08,166.369995,167.809998,164.199997,164.869995,161.710556,60276900
2022-08-09,164.020004,165.820007,163.250000,164.919998,161.759628,63135500
2022-08-10,167.679993,169.339996,166.899994,169.240005,165.996811,70170500
2022-08-11,170.059998,170.990005,168.190002,168.490005,165.261185,57149200
2022-08-12,169.820007,172.169998,169.399994,172.100006,168.801971,68039400
2022-08-15,171.520004,173.389999,171.350006,173.190002,169.871109,54091700
2022-08-16,172.779999,173.710007,171.660004,173.029999,169.714172,56377100
2022-08-17,172.770004,176.149994,172.570007,174.550003,171.205032,79542000
2022-08-18,173.750000,174.899994,173.119995,174.149994,170.812698,62290100
2022-08-19,173.029999,173.740005,171.309998,171.520004,168.233124,70346300
2022-08-22,169.690002,169.860001,167.139999,167.570007,164.358795,69026800
2022-08-23,167.080002,168.710007,166.649994,167.229996,164.025330,54147100
2022-08-24,167.320007,168.110001,166.250000,167.529999,164.319565,53841500
2022-08-25,168.779999,170.139999,168.350006,170.029999,166.771652,51218200
2022-08-26,170.570007,171.050003,163.559998,163.619995,160.484482,78961000
2022-08-29,161.149994,162.899994,159.820007,161.380005,158.287445,73314000
2022-08-30,162.130005,162.559998,157.720001,158.910004,155.864746,77906200
2022-08-31,160.309998,160.580002,157.139999,157.220001,154.207153,87991100
2022-09-01,156.639999,158.419998,154.669998,157.960007,154.932968,74229900
2022-09-02,159.750000,160.360001,154.970001,155.809998,152.824158,76957800
2022-09-06,156.470001,157.089996,153.690002,154.529999,151.568695,73714800
2022-09-07,154.820007,156.669998,153.610001,155.960007,152.971268,87449600
2022-09-08,154.639999,156.360001,152.679993,154.460007,151.500076,84923800
2022-09-09,155.470001,157.820007,154.750000,157.369995,154.354279,68028800
2022-09-12,159.589996,164.259995,159.300003,163.429993,160.298126,104956000
2022-09-13,159.899994,160.539993,153.369995,153.839996,150.891937,122656600
2022-09-14,154.789993,157.100006,153.610001,155.309998,152.333771,87965400
2022-09-15,154.649994,155.240005,151.380005,152.369995,149.450043,90481100
2022-09-16,151.210007,151.350006,148.369995,150.699997,147.812073,162278800
2022-09-19,149.309998,154.559998,149.100006,154.479996,151.519592,81474200
2022-09-20,153.399994,158.080002,153.080002,156.899994,153.893204,107689800
2022-09-21,157.339996,158.740005,153.600006,153.720001,150.774231,101696800
2022-09-22,152.380005,154.470001,150.910004,152.740005,149.813019,86652500
2022-09-23,151.190002,151.470001,148.559998,150.429993,147.547241,96029900
2022-09-26,149.660004,153.770004,149.639999,150.770004,147.880768,93339400
2022-09-27,152.740005,154.720001,149.949997,151.759995,148.851776,84442700
2022-09-28,147.639999,150.639999,144.839996,149.839996,146.968536,146691400
2022-09-29,146.100006,146.720001,140.679993,142.479996,139.749619,128138200
2022-09-30,141.279999,143.100006,138.000000,138.199997,135.551666,124925300
2022-10-03,138.210007,143.070007,137.690002,142.449997,139.720184,114311700
2022-10-04,145.029999,146.220001,144.259995,146.100006,143.300232,87830100
2022-10-05,144.070007,147.380005,143.009995,146.399994,143.594452,79471000
2022-10-06,145.809998,147.539993,145.220001,145.429993,142.643066,68402200
2022-10-07,142.539993,143.100006,139.449997,140.089996,137.405380,85925600
2022-10-10,140.419998,141.889999,138.570007,140.419998,137.729080,74899000
2022-10-11,139.899994,141.350006,138.220001,138.979996,136.316681,77033700
2022-10-12,139.130005,140.360001,138.160004,138.339996,135.688965,70433700
2022-10-13,134.990005,143.589996,134.369995,142.990005,140.249847,113224000
2022-10-14,144.309998,144.520004,138.190002,138.380005,135.728180,88598000
2022-10-17,141.070007,142.899994,140.270004,142.410004,139.680954,85250900
2022-10-18,145.490005,146.699997,140.610001,143.750000,140.995285,99136600
2022-10-19,141.690002,144.949997,141.500000,143.860001,141.103165,61758300
2022-10-20,143.020004,145.889999,142.649994,143.389999,140.642151,64522000
2022-10-21,142.869995,147.850006,142.649994,147.270004,144.447830,86548600
2022-10-24,147.190002,150.229996,146.000000,149.449997,146.586060,75981900
2022-10-25,150.089996,152.490005,149.360001,152.339996,149.420639,74732300
2022-10-26,150.960007,151.990005,148.039993,149.350006,146.487991,88194300
2022-10-27,148.070007,149.050003,144.130005,144.800003,142.025162,109180200
2022-10-28,148.199997,157.500000,147.820007,155.740005,152.755524,164762400
2022-10-31,153.160004,154.240005,151.919998,153.339996,150.401474,97943200
2022-11-01,155.080002,155.449997,149.130005,150.649994,147.763031,80379300
2022-11-02,148.949997,152.169998,145.000000,145.029999,142.250702,93604600
2022-11-03,142.059998,142.800003,138.750000,138.880005,136.218613,97918500
2022-11-04,142.089996,142.669998,134.380005,138.380005,135.953339,140814800
2022-11-07,137.110001,139.149994,135.669998,138.919998,136.483856,83374600
2022-11-08,140.410004,141.429993,137.490005,139.500000,137.053696,89908500
2022-11-09,138.500000,138.550003,134.589996,134.869995,132.504868,74917800
2022-11-10,141.240005,146.869995,139.500000,146.869995,144.294464,118854000
2022-11-11,145.820007,150.009995,144.369995,149.699997,147.074829,93979700
2022-11-14,148.970001,150.279999,147.429993,148.279999,145.679749,73374100
2022-11-15,152.220001,153.589996,148.559998,150.039993,147.408875,89868300
2022-11-16,149.130005,149.869995,147.289993,148.789993,146.180771,64218300
2022-11-17,146.429993,151.479996,146.149994,150.720001,148.076935,80389400
2022-11-18,152.309998,152.699997,149.970001,151.289993,148.636948,74829600
2022-11-21,150.160004,150.369995,147.720001,148.009995,145.414444,58724100
2022-11-22,148.130005,150.419998,146.929993,150.179993,147.546402,51804100
2022-11-23,149.449997,151.830002,149.339996,151.070007,148.420807,58301400
2022-11-25,148.309998,148.880005,147.119995,148.110001,145.512695,35195900
2022-11-28,145.139999,146.639999,143.380005,144.220001,141.690933,69246000
2022-11-29,144.289993,144.809998,140.350006,141.169998,138.694427,83763800
2022-11-30,141.399994,148.720001,140.550003,148.029999,145.434082,111380900
2022-12-01,148.210007,149.130005,146.610001,148.309998,145.709213,71250400
2022-12-02,145.960007,148.000000,145.649994,147.809998,145.217941,65447400
2022-12-05,147.770004,150.919998,145.770004,146.630005,144.058685,68826400
2022-12-06,147.070007,147.300003,141.919998,142.910004,140.403931,64727200
2022-12-07,142.190002,143.369995,140.000000,140.940002,138.468445,69721100
2022-12-08,142.360001,143.520004,141.100006,142.649994,140.148438,62128300
2022-12-09,142.339996,145.570007,140.899994,142.160004,139.667023,76097000
2022-12-12,142.699997,144.500000,141.059998,144.490005,141.956161,70462700
2022-12-13,149.500000,149.970001,144.240005,145.470001,142.919022,93886200
2022-12-14,145.350006,146.660004,141.160004,143.210007,140.698624,82291200
2022-12-15,141.110001,141.800003,136.029999,136.500000,134.106293,98931900
2022-12-16,136.690002,137.649994,133.729996,134.509995,132.151199,160156900
2022-12-19,135.110001,135.199997,131.320007,132.369995,130.048721,79592600
2022-12-20,131.389999,133.250000,129.889999,132.300003,129.979950,77432800
2022-12-21,132.979996,136.809998,132.750000,135.449997,133.074707,85928000
2022-12-22,134.350006,134.559998,130.300003,132.229996,129.911194,77852100
2022-12-23,130.919998,132.419998,129.639999,131.860001,129.547668,63814900
2022-12-27,131.380005,131.410004,128.720001,130.029999,127.749756,69007800
2022-12-28,129.669998,131.029999,125.870003,126.040001,123.829735,85438400
2022-12-29,127.989998,130.479996,127.730003,129.610001,127.337135,75703700
2022-12-30,128.410004,129.949997,127.430000,129.929993,127.651489,77034200
2023-01-03,130.279999,130.899994,124.169998,125.070000,122.876740,112117500
2023-01-04,126.889999,128.660004,125.080002,126.360001,124.144127,89113600
2023-01-05,127.129997,127.769997,124.760002,125.019997,122.827629,80962700
2023-01-06,126.010002,130.289993,124.889999,129.619995,127.346924,87754700
2023-01-09,130.470001,133.410004,129.889999,130.149994,127.867615,70790800
2023-01-10,130.259995,131.259995,128.119995,130.729996,128.437469,63896200
2023-01-11,131.250000,133.509995,130.460007,133.490005,131.149063,69458900
2023-01-12,133.880005,134.259995,131.440002,133.410004,131.070496,71379600
2023-01-13,132.029999,134.919998,131.660004,134.759995,132.396805,57809700
2023-01-17,134.830002,137.289993,134.130005,135.940002,133.556122,63646600
2023-01-18,136.820007,138.610001,135.029999,135.210007,132.838928,69672800
2023-01-19,134.080002,136.250000,133.770004,135.270004,132.897873,58280400
2023-01-20,135.279999,138.020004,134.220001,137.869995,135.452255,80223600
2023-01-23,138.119995,143.320007,137.899994,141.110001,138.635498,81760300
2023-01-24,140.309998,143.160004,140.300003,142.529999,140.030579,66435100
2023-01-25,140.889999,142.429993,138.809998,141.860001,139.372314,65799300
2023-01-26,143.169998,144.250000,141.899994,143.960007,141.435471,54105100
2023-01-27,143.160004,147.229996,143.080002,145.929993,143.370941,70555800
2023-01-30,144.960007,145.550003,142.850006,143.000000,140.492310,64015300
2023-01-31,142.699997,144.339996,142.279999,144.289993,141.759674,65874500
2023-02-01,143.970001,146.610001,141.320007,145.429993,142.879700,77663600
2023-02-02,148.899994,151.179993,148.169998,150.820007,148.175186,118339000
2023-02-03,148.029999,157.380005,147.830002,154.500000,151.790619,154357300
2023-02-06,152.570007,153.100006,150.779999,151.729996,149.069199,69858300
2023-02-07,150.639999,155.229996,150.639999,154.649994,151.937988,83322600
2023-02-08,153.880005,154.580002,151.169998,151.919998,149.255890,64120100
2023-02-09,153.779999,154.330002,150.419998,150.869995,148.224304,56007100
2023-02-10,149.460007,151.339996,149.220001,151.009995,148.588364,57450700
2023-02-13,150.949997,154.259995,150.919998,153.850006,151.382843,62199000
2023-02-14,152.119995,153.770004,150.860001,153.199997,150.743225,61707600
2023-02-15,153.110001,155.500000,152.880005,155.330002,152.839127,65573800
2023-02-16,153.509995,156.330002,153.350006,153.710007,151.245087,68167900
2023-02-17,152.350006,153.000000,150.850006,152.550003,150.103668,59144100
2023-02-21,150.199997,151.300003,148.410004,148.479996,146.098938,58867200
2023-02-22,148.869995,149.949997,147.160004,148.910004,146.522034,51011300
2023-02-23,150.089996,150.339996,147.240005,149.399994,147.004196,48394200
2023-02-24,147.110001,147.190002,145.720001,146.710007,144.357330,55469600
2023-02-27,147.710007,149.169998,147.449997,147.919998,145.547913,44998500
2023-02-28,147.050003,149.080002,146.830002,147.410004,145.046097,50547000
2023-03-01,146.830002,147.229996,145.009995,145.309998,142.979782,55479000
2023-03-02,144.380005,146.710007,143.899994,145.910004,143.570175,52238100
2023-03-03,148.039993,151.110001,147.330002,151.029999,148.608032,70732300
2023-03-06,153.789993,156.300003,153.460007,153.830002,151.363159,87558000
2023-03-07,153.699997,154.029999,151.130005,151.600006,149.168915,56182000
2023-03-08,152.809998,153.470001,151.830002,152.869995,150.418533,47204800
2023-03-09,153.559998,154.539993,150.229996,150.589996,148.175110,53833600
2023-03-10,150.210007,150.940002,147.610001,148.500000,146.118637,68572400
2023-03-13,147.809998,153.139999,147.699997,150.470001,148.057022,84457100
2023-03-14,151.279999,153.399994,150.100006,152.589996,150.143051,73695900
2023-03-15,151.190002,153.250000,149.919998,152.990005,150.536636,77167900
2023-03-16,152.160004,156.460007,151.639999,155.850006,153.350754,76161100
2023-03-17,156.080002,156.740005,154.279999,155.000000,152.514389,98944600
2023-03-20,155.070007,157.820007,154.149994,157.399994,154.875870,73641400
2023-03-21,157.320007,159.399994,156.539993,159.279999,156.725739,73938300
2023-03-22,159.300003,162.139999,157.809998,157.830002,155.298996,75701800
2023-03-23,158.830002,161.550003,157.679993,158.929993,156.381332,67622100
2023-03-24,158.860001,160.339996,157.850006,160.250000,157.680206,59196500
2023-03-27,159.940002,160.770004,157.869995,158.279999,155.741806,52390300
2023-03-28,157.970001,158.490005,155.979996,157.649994,155.121887,45992200
2023-03-29,159.369995,161.050003,159.350006,160.770004,158.191864,51305700
2023-03-30,161.529999,162.470001,161.270004,162.360001,159.756378,49501700
2023-03-31,162.440002,165.000000,161.910004,164.899994,162.255600,68749800
2023-04-03,164.270004,166.289993,164.220001,166.169998,163.505280,56976200
2023-04-04,166.600006,166.839996,165.110001,165.630005,162.973938,46278300
2023-04-05,164.740005,165.050003,161.800003,163.759995,161.133926,51511700
2023-04-06,162.429993,164.960007,162.000000,164.660004,162.019470,45390100
2023-04-10,161.419998,162.029999,160.080002,162.029999,159.431671,47716900
2023-04-11,162.350006,162.360001,160.509995,160.800003,158.221405,47644200
2023-04-12,161.220001,162.059998,159.779999,160.100006,157.532654,50133100
2023-04-13,161.630005,165.800003,161.419998,165.559998,162.905060,68445600
2023-04-14,164.589996,166.320007,163.820007,165.210007,162.560699,49386500
2023-04-17,165.089996,165.389999,164.029999,165.229996,162.580338,41516200
2023-04-18,166.100006,167.410004,165.649994,166.470001,163.800461,49923000
2023-04-19,165.800003,168.160004,165.539993,167.630005,164.941864,47720200
2023-04-20,166.089996,167.869995,165.559998,166.649994,163.977585,52456400
2023-04-21,165.050003,166.449997,164.490005,165.020004,162.373749,58337300
2023-04-24,165.000000,165.600006,163.889999,165.330002,162.678711,41949600
2023-04-25,165.190002,166.309998,163.729996,163.770004,161.143738,48714100
2023-04-26,163.059998,165.279999,162.800003,163.759995,161.133926,45498800
2023-04-27,165.190002,168.559998,165.190002,168.410004,165.709335,64902300
2023-04-28,168.490005,169.850006,167.880005,169.679993,166.958984,55275900
2023-05-01,169.279999,170.449997,168.639999,169.589996,166.870407,52472900
2023-05-02,170.089996,170.350006,167.539993,168.539993,165.837250,48425700
2023-05-03,169.500000,170.919998,167.160004,167.449997,164.764755,65136000
2023-05-04,164.889999,167.039993,164.309998,165.789993,163.131348,81235400
2023-05-05,170.979996,174.300003,170.759995,173.570007,170.786606,113453200
2023-05-08,172.479996,173.850006,172.110001,173.500000,170.717712,55962800
2023-05-09,173.050003,173.539993,171.600006,171.770004,169.015472,45326900
2023-05-10,173.020004,174.029999,171.899994,173.559998,170.776764,53724500
2023-05-11,173.850006,174.589996,172.169998,173.750000,170.963684,49514700
2023-05-12,173.619995,174.059998,171.000000,172.570007,170.037506,45533100
2023-05-15,173.160004,173.210007,171.470001,172.070007,169.544876,37266700
2023-05-16,171.990005,173.139999,171.800003,172.070007,169.544876,42110300
2023-05-17,171.710007,172.929993,170.419998,172.690002,170.155746,57951600
2023-05-18,173.000000,175.240005,172.580002,175.050003,172.481125,65496700
2023-05-19,176.389999,176.389999,174.940002,175.160004,172.589539,55809500
2023-05-22,173.979996,174.710007,173.449997,174.199997,171.643585,43570900
2023-05-23,173.130005,173.380005,171.279999,171.559998,169.042343,50747300
2023-05-24,171.089996,172.419998,170.520004,171.839996,169.318192,45143500
2023-05-25,172.410004,173.899994,171.690002,172.990005,170.451340,56058300
2023-05-26,173.320007,175.770004,173.110001,175.429993,172.855560,54835000
2023-05-30,176.960007,178.990005,176.570007,177.300003,174.698105,55964400
2023-05-31,177.330002,179.350006,176.759995,177.250000,174.648819,99625300
2023-06-01,177.699997,180.119995,176.929993,180.089996,177.447174,68901800
2023-06-02,181.029999,181.779999,179.259995,180.949997,178.294510,61996900
2023-06-05,182.630005,184.949997,178.039993,179.580002,176.944626,121946500
2023-06-06,179.970001,180.119995,177.429993,179.210007,176.580078,64848400
2023-06-07,178.440002,181.210007,177.320007,177.820007,175.210449,61944600
2023-06-08,177.899994,180.839996,177.460007,180.570007,177.920120,50214900
2023-06-09,181.500000,182.229996,180.630005,180.960007,178.304382,48900000
2023-06-12,181.270004,183.889999,180.970001,183.789993,181.092834,54274900
2023-06-13,182.800003,184.149994,182.440002,183.309998,180.619888,54929100
2023-06-14,183.369995,184.389999,182.020004,183.949997,181.250473,57462900
2023-06-15,183.960007,186.520004,183.779999,186.009995,183.280304,65433200
2023-06-16,186.729996,186.990005,184.270004,184.919998,182.206299,101256200
2023-06-20,184.410004,186.100006,184.410004,185.009995,182.294937,49799100
2023-06-21,184.899994,185.410004,182.589996,183.960007,181.260391,49515700
2023-06-22,183.740005,187.050003,183.669998,187.000000,184.255737,51245300
2023-06-23,185.550003,187.559998,185.009995,186.679993,183.940430,53117000
2023-06-26,186.830002,188.050003,185.229996,185.270004,182.551147,48088700
2023-06-27,185.889999,188.389999,185.669998,188.059998,185.300171,50730800
2023-06-28,187.929993,189.899994,187.600006,189.250000,186.472733,51216800
2023-06-29,189.080002,190.070007,188.940002,189.589996,186.807724,46347300
2023-06-30,191.630005,194.479996,191.259995,193.970001,191.123459,85213200
2023-07-03,193.779999,193.880005,191.759995,192.460007,189.635605,31458200
2023-07-05,191.570007,192.979996,190.619995,191.330002,188.522186,46920300
2023-07-06,189.839996,192.020004,189.199997,191.809998,188.995117,45094300
2023-07-07,191.410004,192.669998,190.240005,190.679993,187.881729,46815000
2023-07-10,189.259995,189.990005,187.039993,188.610001,185.842133,59922200
2023-07-11,189.160004,189.300003,186.600006,188.080002,185.319885,46638100
2023-07-12,189.679993,191.699997,188.470001,189.770004,186.985092,60750200
2023-07-13,190.500000,191.190002,189.779999,190.539993,187.743774,41342300
2023-07-14,190.229996,191.179993,189.630005,190.690002,187.891586,41616200
2023-07-17,191.899994,194.320007,191.809998,193.990005,191.143127,50520200
2023-07-18,193.350006,194.330002,192.419998,193.729996,190.886978,48288200
2023-07-19,193.100006,198.229996,192.649994,195.100006,192.236893,80507300
2023-07-20,195.089996,196.470001,192.500000,193.130005,190.295807,59581200
2023-07-21,194.100006,194.970001,191.229996,191.940002,189.123230,71951700
2023-07-24,193.410004,194.910004,192.250000,192.750000,189.921341,45377800
2023-07-25,193.330002,194.440002,192.919998,193.619995,190.778595,37283200
2023-07-26,193.669998,195.639999,193.320007,194.500000,191.645691,47471900
2023-07-27,196.020004,197.199997,192.550003,193.220001,190.384476,47460200
2023-07-28,194.669998,196.630005,194.139999,195.830002,192.956161,48291400
2023-07-31,196.059998,196.490005,195.259995,196.449997,193.567078,38824100
2023-08-01,196.240005,196.729996,195.279999,195.610001,192.739380,35175100
2023-08-02,195.039993,195.179993,191.850006,192.580002,189.753860,50389300
2023-08-03,191.570007,192.369995,190.690002,191.169998,188.364532,61235200
2023-08-04,185.520004,187.380005,181.919998,181.990005,179.319275,115956800
2023-08-07,182.130005,183.130005,177.350006,178.850006,176.225327,97576100
2023-08-08,179.690002,180.270004,177.580002,179.800003,177.161377,67823000
2023-08-09,180.869995,180.929993,177.009995,178.190002,175.575027,60378500
2023-08-10,179.479996,180.750000,177.600006,177.970001,175.358261,54686900
2023-08-11,177.320007,178.619995,176.550003,177.789993,175.417465,52036700
2023-08-14,177.970001,179.690002,177.309998,179.460007,177.065186,43675600
2023-08-15,178.880005,179.479996,177.050003,177.449997,175.081985,43622600
2023-08-16,177.130005,178.539993,176.500000,176.570007,174.213745,46964900
2023-08-17,177.139999,177.509995,173.479996,174.000000,171.678055,66062900
2023-08-18,172.300003,175.100006,171.960007,174.490005,172.161499,61172200
2023-08-21,175.070007,176.130005,173.740005,175.839996,173.493469,46311900
2023-08-22,177.059998,177.679993,176.250000,177.229996,174.864914,42038900
2023-08-23,178.520004,181.550003,178.330002,181.119995,178.703033,52722800
2023-08-24,180.669998,181.100006,176.009995,176.380005,174.026276,54945800
2023-08-25,177.380005,179.149994,175.820007,178.610001,176.226517,51449600
2023-08-28,180.089996,180.589996,178.550003,180.190002,177.785431,43820700
2023-08-29,179.699997,184.899994,179.500000,184.119995,181.662994,53003900
2023-08-30,184.940002,187.850006,184.740005,187.649994,185.145874,60813900
2023-08-31,187.839996,189.119995,187.479996,187.869995,185.362946,60794500
2023-09-01,189.490005,189.919998,188.279999,189.460007,186.931763,45766500
2023-09-05,188.279999,189.979996,187.610001,189.699997,187.168533,45280000
2023-09-06,188.399994,188.850006,181.470001,182.910004,180.469131,81755800
2023-09-07,175.179993,178.210007,173.539993,177.559998,175.190521,112488800
2023-09-08,178.350006,180.240005,177.789993,178.179993,175.802246,65551300
2023-09-11,180.070007,180.300003,177.339996,179.360001,176.966476,58953100
2023-09-12,179.490005,180.130005,174.820007,176.300003,173.947327,90370200
2023-09-13,176.509995,177.300003,173.979996,174.210007,171.885239,84267900
2023-09-14,174.000000,176.100006,173.580002,175.740005,173.394836,60895800
2023-09-15,176.479996,176.500000,173.820007,175.009995,172.674561,109259500
2023-09-18,176.479996,179.380005,176.169998,177.970001,175.595062,67257600
2023-09-19,177.520004,179.630005,177.130005,179.070007,176.680389,51826900
2023-09-20,179.259995,179.699997,175.399994,175.490005,173.148148,58436200
2023-09-21,174.550003,176.300003,173.860001,173.929993,171.608978,63149100
2023-09-22,174.669998,177.080002,174.050003,174.789993,172.457474,56725400
2023-09-25,174.199997,176.970001,174.149994,176.080002,173.730270,46172700
2023-09-26,174.820007,175.199997,171.660004,171.960007,169.665237,64588900
2023-09-27,172.619995,173.039993,169.050003,170.429993,168.155640,66921800
2023-09-28,169.339996,172.029999,167.619995,170.690002,168.412216,56294400
2023-09-29,172.020004,173.070007,170.339996,171.210007,168.925278,51861100
2023-10-02,171.220001,174.300003,170.929993,173.750000,171.431366,52164500
2023-10-03,172.259995,173.630005,170.820007,172.399994,170.099396,49594600
2023-10-04,171.089996,174.210007,170.970001,173.660004,171.342575,53020300
2023-10-05,173.789993,175.449997,172.679993,174.910004,172.575928,48527900
2023-10-06,173.800003,177.990005,173.179993,177.490005,175.121475,57266700
2023-10-09,176.809998,179.050003,175.800003,178.990005,176.601456,42390800
2023-10-10,178.100006,179.720001,177.949997,178.389999,176.009460,43698000
2023-10-11,178.199997,179.850006,177.600006,179.800003,177.400665,47551100
2023-10-12,180.070007,182.339996,179.039993,180.710007,178.298492,56743100
2023-10-13,181.419998,181.929993,178.139999,178.850006,176.463303,51427100
2023-10-16,176.750000,179.080002,176.509995,178.720001,176.335068,52517000
2023-10-17,176.649994,178.419998,174.800003,177.149994,174.785995,57549400
2023-10-18,175.580002,177.580002,175.110001,175.839996,173.493469,54764400
2023-10-19,176.039993,177.839996,175.190002,175.460007,173.118561,59302900
2023-10-20,175.309998,175.419998,172.639999,172.880005,170.572968,64244000
2023-10-23,170.910004,174.009995,169.929993,173.000000,170.691376,55980100
2023-10-24,173.050003,173.669998,171.449997,173.440002,171.125519,43816600
2023-10-25,171.880005,173.059998,170.649994,171.100006,168.816742,57157000
2023-10-26,170.369995,171.380005,165.669998,166.889999,164.662918,70625300
2023-10-27,166.910004,168.960007,166.830002,168.220001,165.975159,58499100
2023-10-30,169.020004,171.169998,168.869995,170.289993,168.017517,51131000
2023-10-31,169.350006,170.899994,167.899994,170.770004,168.491135,44846000
2023-11-01,171.000000,174.229996,170.119995,173.970001,171.648438,56934900
2023-11-02,175.520004,177.779999,175.460007,177.570007,175.200394,77334800
2023-11-03,174.240005,176.820007,173.350006,176.649994,174.292664,79829200
2023-11-06,176.380005,179.429993,176.210007,179.229996,176.838226,63841300
2023-11-07,179.179993,182.440002,178.970001,181.820007,179.393692,70530000
2023-11-08,182.350006,183.449997,181.589996,182.889999,180.449417,49340300
2023-11-09,182.960007,184.119995,181.809998,182.410004,179.975815,53763500
2023-11-10,183.970001,186.570007,183.529999,186.399994,184.154831,66133400
2023-11-13,185.820007,186.029999,184.210007,184.800003,182.574142,43627500
2023-11-14,187.699997,188.110001,186.300003,187.440002,185.182343,60108400
2023-11-15,187.850006,189.500000,187.779999,188.009995,185.745483,53790500
2023-11-16,189.570007,190.960007,188.649994,189.710007,187.425003,54412900
2023-11-17,190.250000,190.380005,188.570007,189.690002,187.405228,50922700
2023-11-20,189.889999,191.910004,189.880005,191.449997,189.144043,46505100
2023-11-21,191.410004,191.520004,189.740005,190.639999,188.343796,38134500
2023-11-22,191.490005,192.929993,190.830002,191.309998,189.005722,39617700
2023-11-24,190.869995,190.899994,189.250000,189.970001,187.681854,24048300
2023-11-27,189.919998,190.669998,188.899994,189.789993,187.503998,40552600
2023-11-28,189.779999,191.080002,189.399994,190.399994,188.106659,38415400
2023-11-29,190.899994,192.089996,188.970001,189.369995,187.089081,43014200
2023-11-30,189.839996,190.320007,188.190002,189.949997,187.662094,48794400
2023-12-01,190.330002,191.559998,189.229996,191.240005,188.936569,45704800
2023-12-04,189.979996,190.050003,187.449997,189.429993,187.148361,43389500
2023-12-05,190.210007,194.399994,190.179993,193.419998,191.090317,66628400
2023-12-06,194.449997,194.759995,192.110001,192.320007,190.003571,41089700
2023-12-07,193.630005,195.000000,193.589996,194.270004,191.930038,47477700
2023-12-08,194.199997,195.990005,193.669998,195.710007,193.352753,53406400
2023-12-11,193.110001,193.490005,191.419998,193.179993,190.853195,60943700
2023-12-12,193.080002,194.720001,191.720001,194.710007,192.364792,52696900
2023-12-13,195.089996,198.000000,194.850006,197.960007,195.575638,70404200
2023-12-14,198.020004,199.619995,196.160004,198.110001,195.723801,66831600
2023-12-15,197.529999,198.399994,197.000000,197.570007,195.190353,128538400
2023-12-18,196.089996,196.630005,194.389999,195.889999,193.530563,55751900
2023-12-19,196.160004,196.949997,195.889999,196.940002,194.567902,40714100
2023-12-20,196.899994,197.679993,194.830002,194.830002,192.483322,52242800
2023-12-21,196.100006,197.080002,193.500000,194.679993,192.335114,46482500
2023-12-22,195.179993,195.410004,192.970001,193.600006,191.268143,37149600
2023-12-26,193.610001,193.889999,192.830002,193.050003,190.724792,28919300
2023-12-27,192.490005,193.500000,191.089996,193.149994,190.823563,48087700
2023-12-28,194.139999,194.660004,193.169998,193.580002,191.248413,34049900
2023-12-29,193.899994,194.399994,191.729996,192.529999,190.211014,42672100
2024-01-02,187.149994,188.440002,183.889999,185.639999,183.404007,82488700
2024-01-03,184.220001,185.880005,183.429993,184.250000,182.030762,58414500
2024-01-04,182.149994,183.089996,180.880005,181.910004,179.718964,71983600
2024-01-05,181.990005,182.759995,180.169998,181.179993,178.997742,62379700
2024-01-08,182.089996,185.600006,181.500000,185.559998,183.324982,59144500
2024-01-09,183.919998,185.149994,182.729996,185.139999,182.910049,42841800
2024-01-10,184.350006,186.399994,183.919998,186.190002,183.947388,46792900
2024-01-11,186.539993,187.050003,183.619995,185.589996,183.354584,49128400
2024-01-12,186.059998,186.740005,185.190002,185.919998,183.680664,40477800
2024-01-16,182.160004,184.259995,180.929993,183.630005,181.418213,65603000
2024-01-17,181.270004,182.929993,180.300003,182.679993,180.479630,47317400
2024-01-18,186.089996,189.139999,185.830002,188.630005,186.358017,78005800
2024-01-19,189.330002,191.949997,188.820007,191.559998,189.252716,68903000
2024-01-22,192.300003,195.330002,192.259995,193.889999,191.554642,60133900
2024-01-23,195.020004,195.750000,193.830002,195.179993,192.829086,42355600
2024-01-24,195.419998,196.380005,194.339996,194.500000,192.157318,53631300
2024-01-25,195.220001,196.270004,193.110001,194.169998,191.831284,54822100
2024-01-26,194.270004,194.759995,191.940002,192.419998,190.102371,44594000
2024-01-29,192.009995,192.199997,189.580002,191.729996,189.420639,47145600
2024-01-30,190.940002,191.800003,187.470001,188.039993,185.775085,55859400
2024-01-31,187.039993,187.100006,184.350006,184.399994,182.178925,55467800
2024-02-01,183.990005,186.949997,183.820007,186.860001,184.609329,64885400
2024-02-02,179.860001,187.330002,179.250000,185.850006,183.611496,102551700
2024-02-05,188.149994,189.250000,185.839996,187.679993,185.419434,69668800
2024-02-06,186.860001,189.309998,186.770004,189.300003,187.019928,43490800
2024-02-07,190.639999,191.050003,188.610001,189.410004,187.128601,53439000
2024-02-08,189.389999,189.539993,187.350006,188.320007,186.051743,40962000
2024-02-09,188.649994,189.990005,188.000000,188.850006,186.813416,45155200
2024-02-12,188.419998,188.669998,186.789993,187.149994,185.131744,41781900
2024-02-13,185.770004,186.210007,183.509995,185.039993,183.044495,56529500
2024-02-14,185.320007,185.529999,182.440002,184.149994,182.164108,54630500
2024-02-15,183.550003,184.490005,181.350006,183.860001,181.877228,65434500
2024-02-16,183.419998,184.850006,181.669998,182.309998,180.343918,49752500
2024-02-20,181.789993,182.429993,180.000000,181.559998,179.602051,53665600
2024-02-21,181.940002,182.889999,180.660004,182.320007,180.353867,41371400
2024-02-22,183.479996,184.960007,182.460007,184.369995,182.381729,52292200
2024-02-23,185.009995,185.039993,182.229996,182.520004,180.551712,45119700
2024-02-26,182.240005,182.759995,180.649994,181.160004,179.206360,40867400
2024-02-27,181.100006,183.919998,179.559998,182.630005,180.660492,54318900
2024-02-28,182.509995,183.119995,180.130005,181.419998,179.463547,48953900
2024-02-29,181.270004,182.570007,179.529999,180.750000,178.800751,136682600
2024-03-01,179.550003,180.529999,177.380005,179.660004,177.722534,73563100
2024-03-04,176.149994,176.899994,173.789993,175.100006,173.211731,81510100
2024-03-05,170.759995,172.039993,169.619995,170.119995,168.285385,95132400
2024-03-06,171.059998,171.240005,168.679993,169.119995,167.296188,68587700
2024-03-07,169.149994,170.729996,168.490005,169.000000,167.177505,71765100
2024-03-08,169.000000,173.699997,168.940002,170.729996,168.888840,76267000
2024-03-11,172.940002,174.380005,172.050003,172.750000,170.887054,60139500
2024-03-12,173.149994,174.029999,171.009995,173.229996,171.361877,59825400
2024-03-13,172.770004,173.190002,170.759995,171.130005,169.284531,52488700
2024-03-14,172.910004,174.309998,172.050003,173.000000,171.134384,72913500
2024-03-15,171.169998,172.619995,170.289993,172.619995,170.758453,121752700
2024-03-18,175.570007,177.710007,173.520004,173.720001,171.846603,75604200
2024-03-19,174.339996,176.610001,173.029999,176.080002,174.181152,55215200
2024-03-20,175.720001,178.669998,175.089996,178.669998,176.743195,53423100
2024-03-21,177.050003,177.490005,170.839996,171.369995,169.521912,106181300
2024-03-22,171.759995,173.050003,170.059998,172.279999,170.422089,71160100
2024-03-25,170.570007,171.940002,169.449997,170.850006,169.007553,54288300
2024-03-26,170.000000,171.419998,169.580002,169.710007,167.879837,57388400
2024-03-27,170.410004,173.600006,170.110001,173.309998,171.440994,60273300
2024-03-28,171.750000,172.229996,170.509995,171.479996,169.630737,65672700
2024-04-01,171.190002,171.250000,169.479996,170.029999,168.196396,46240500
2024-04-02,169.080002,169.339996,168.229996,168.839996,167.019211,49329500
2024-04-03,168.789993,170.679993,168.580002,169.649994,167.820480,47691700
2024-04-04,170.289993,171.919998,168.820007,168.820007,166.999435,53704400
2024-04-05,169.589996,170.389999,168.949997,169.580002,167.751236,42104800
2024-04-08,169.029999,169.199997,168.240005,168.449997,166.633423,37425500
2024-04-09,168.699997,170.080002,168.350006,169.669998,167.840256,42373800
2024-04-10,168.800003,169.089996,167.110001,167.779999,165.970642,49709300
2024-04-11,168.339996,175.460007,168.160004,175.039993,173.152328,91070300
2024-04-12,174.259995,178.360001,174.210007,176.550003,174.646072,101670900
2024-04-15,175.360001,176.630005,172.500000,172.690002,170.827682,73531800
2024-04-16,171.750000,173.759995,168.270004,169.380005,167.553391,73711200
2024-04-17,169.610001,170.649994,168.000000,168.000000,166.188309,50901200
2024-04-18,168.029999,168.639999,166.550003,167.039993,165.238617,43122900
2024-04-19,166.210007,166.399994,164.080002,165.000000,163.220627,68149400
2024-04-22,165.520004,167.259995,164.770004,165.839996,164.051559,48116400
2024-04-23,165.350006,167.050003,164.919998,166.899994,165.100128,49537800
2024-04-24,166.539993,169.300003,166.210007,169.020004,167.197266,48251800
2024-04-25,169.529999,170.610001,168.149994,169.889999,168.057892,50558300
2024-04-26,169.880005,171.339996,169.179993,169.300003,167.474258,44838400
2024-04-29,173.369995,176.029999,173.100006,173.500000,171.628952,68169400
2024-04-30,173.330002,174.990005,170.000000,170.330002,168.493149,65934800
2024-05-01,169.580002,172.710007,169.110001,169.300003,167.474258,50383100
2024-05-02,172.509995,173.419998,170.889999,173.029999,171.164032,94214900
2024-05-03,186.649994,187.000000,182.660004,183.380005,181.402405,163224100
2024-05-06,182.350006,184.199997,180.419998,181.710007,179.750443,78569700
2024-05-07,183.449997,184.899994,181.320007,182.399994,180.432968,77305800
2024-05-08,182.850006,183.070007,181.449997,182.740005,180.769318,45057100
2024-05-09,182.559998,184.660004,182.110001,184.570007,182.579620,48983000
2024-05-10,184.899994,185.089996,182.130005,183.050003,181.321579,50759500
2024-05-13,185.440002,187.100006,184.619995,186.279999,184.521057,72044800
2024-05-14,187.509995,188.300003,186.289993,187.429993,185.660217,52393600
2024-05-15,187.910004,190.649994,187.369995,189.720001,187.928574,70400000
2024-05-16,190.470001,191.100006,189.660004,189.839996,188.047470,52845200
2024-05-17,189.509995,190.809998,189.179993,189.869995,188.077179,41282900
2024-05-20,189.330002,191.919998,189.009995,191.039993,189.236115,44361300
2024-05-21,191.089996,192.729996,190.919998,192.350006,190.533783,42309400
2024-05-22,192.270004,192.820007,190.270004,190.899994,189.097443,34648500
2024-05-23,190.979996,191.000000,186.630005,186.880005,185.115417,51005900
2024-05-24,188.820007,190.580002,188.039993,189.979996,188.186142,36327000
2024-05-28,191.509995,193.000000,189.100006,189.990005,188.196030,52280100
2024-05-29,189.610001,192.250000,189.509995,190.289993,188.493195,53068000
2024-05-30,190.759995,192.179993,190.630005,191.289993,189.483765,49889100
2024-05-31,191.440002,192.570007,189.910004,192.250000,190.434708,75158300
2024-06-03,192.899994,194.990005,192.520004,194.029999,192.197891,50080500
2024-06-04,194.639999,195.320007,193.029999,194.350006,192.514893,47471400
2024-06-05,195.399994,196.899994,194.869995,195.869995,194.020508,54156800
2024-06-06,195.690002,196.500000,194.169998,194.479996,192.643646,41181800
2024-06-07,194.649994,196.940002,194.139999,196.889999,195.030899,53103900
2024-06-10,196.899994,197.300003,192.149994,193.119995,191.296509,97010200
2024-06-11,193.649994,207.160004,193.630005,207.149994,205.193985,172373300
2024-06-12,207.369995,220.199997,206.899994,213.070007,211.058121,198134300
2024-06-13,214.740005,216.750000,211.600006,214.240005,212.217041,97862700
2024-06-14,213.850006,215.169998,211.300003,212.490005,210.483627,70122700
2024-06-17,213.369995,218.949997,212.720001,216.669998,214.624115,93728300
2024-06-18,217.589996,218.630005,213.000000,214.289993,212.266556,79943300
2024-06-20,213.929993,214.240005,208.850006,209.679993,207.700134,86172500
2024-06-21,210.389999,211.889999,207.110001,207.490005,205.530823,241805100
2024-06-24,207.720001,212.699997,206.589996,208.139999,206.174652,80727000
2024-06-25,209.149994,211.380005,208.610001,209.070007,207.095886,55549700
2024-06-26,211.500000,214.860001,210.639999,213.250000,211.236420,66213200
2024-06-27,214.690002,215.740005,212.350006,214.100006,212.078384,49772700
2024-06-28,215.770004,216.070007,210.300003,210.619995,208.631241,82542700
2024-07-01,212.089996,217.509995,211.919998,216.750000,214.703384,60402900
2024-07-02,216.149994,220.380005,215.100006,220.270004,218.190140,58046200
2024-07-03,220.000000,221.550003,219.029999,221.550003,219.458038,37369800
2024-07-05,221.649994,226.449997,221.649994,226.339996,224.202805,60412400
2024-07-08,227.089996,227.850006,223.250000,227.820007,225.668839,59085900
2024-07-09,227.929993,229.399994,226.369995,228.679993,226.520737,48076100
2024-07-10,229.300003,233.080002,229.250000,232.979996,230.780090,62627700
2024-07-11,231.389999,232.389999,225.770004,227.570007,225.421219,64710600
2024-07-12,228.919998,232.639999,228.679993,230.539993,228.363144,53046500
2024-07-15,236.479996,237.229996,233.089996,234.399994,232.186707,62631300
2024-07-16,235.000000,236.270004,232.330002,234.820007,232.602737,43234300
2024-07-17,229.449997,231.460007,226.639999,228.880005,226.718826,57345900
2024-07-18,230.279999,230.440002,222.270004,224.179993,222.063217,66034600
2024-07-19,224.820007,226.800003,223.279999,224.309998,222.191986,49151500
2024-07-22,227.009995,227.779999,223.089996,223.960007,221.845291,48201800
2024-07-23,224.369995,226.940002,222.679993,225.009995,222.885376,39960300
2024-07-24,224.000000,224.800003,217.130005,218.539993,216.476456,61777600
2024-07-25,218.929993,220.850006,214.619995,217.490005,215.436386,51391200
2024-07-26,218.699997,219.490005,216.009995,217.960007,215.901932,41601300
2024-07-29,216.960007,219.300003,215.750000,218.240005,216.179291,36311800
2024-07-30,219.190002,220.330002,216.119995,218.800003,216.734039,41643800
2024-07-31,221.440002,223.820007,220.630005,222.080002,219.983047,50036300
2024-08-01,224.369995,224.479996,217.020004,218.360001,216.298157,62501000
2024-08-02,219.149994,225.600006,217.710007,219.860001,217.783981,105568600
2024-08-05,199.089996,213.500000,196.000000,209.270004,207.294006,119548600
2024-08-06,205.300003,209.990005,201.070007,207.229996,205.273254,69660500
2024-08-07,206.899994,213.639999,206.389999,209.820007,207.838806,63516400
2024-08-08,213.110001,214.199997,208.830002,213.309998,211.295853,47161100
2024-08-09,212.100006,216.779999,211.970001,216.240005,214.198181,42201600
2024-08-12,216.070007,219.509995,215.600006,217.529999,215.725433,38028100
2024-08-13,219.009995,221.889999,219.009995,221.270004,219.434372,44155300
2024-08-14,220.570007,223.029999,219.699997,221.720001,219.880646,41960600
2024-08-15,224.600006,225.350006,222.759995,224.720001,222.855774,46414000
2024-08-16,223.919998,226.830002,223.649994,226.050003,224.174713,44340200
2024-08-19,225.720001,225.990005,223.039993,225.889999,224.016052,40687800
2024-08-20,225.770004,227.169998,225.449997,226.509995,224.630920,30299000
2024-08-21,226.520004,227.979996,225.050003,226.399994,224.521835,34765500
2024-08-22,227.789993,228.339996,223.899994,224.529999,222.667343,43695300
2024-08-23,225.660004,228.220001,224.330002,226.839996,224.958176,38677300
2024-08-26,226.759995,227.279999,223.889999,227.179993,225.295364,30602200
2024-08-27,226.000000,228.850006,224.889999,228.029999,226.138306,35934600
2024-08-28,227.919998,229.860001,225.679993,226.490005,224.611084,38052200
2024-08-29,230.100006,232.919998,228.880005,229.789993,227.883698,51906300
2024-08-30,230.190002,230.399994,227.479996,229.000000,227.100281,52990800
2024-09-03,228.550003,229.000000,221.169998,222.770004,220.921951,50190600
2024-09-04,221.660004,221.779999,217.479996,220.850006,219.017868,43840200
2024-09-05,221.630005,225.479996,221.520004,222.380005,220.535187,36615400
2024-09-06,223.949997,225.240005,219.770004,220.820007,218.988129,48423000
2024-09-09,220.820007,221.270004,216.710007,220.910004,219.077377,67180000
2024-09-10,218.919998,221.479996,216.729996,220.110001,218.284012,51591000
2024-09-11,221.460007,223.089996,217.889999,222.660004,220.812897,44587100
2024-09-12,222.500000,223.550003,219.820007,222.770004,220.921951,37455600
2024-09-13,223.580002,224.039993,221.910004,222.500000,220.654160,36766600
2024-09-16,216.539993,217.220001,213.919998,216.320007,214.525467,59357400
2024-09-17,215.750000,216.899994,214.500000,216.789993,214.991562,45519300
2024-09-18,217.550003,222.710007,217.539993,220.690002,218.859207,59894900
2024-09-19,224.990005,229.820007,224.630005,228.869995,226.971313,66781300
2024-09-20,229.970001,233.089996,227.619995,228.199997,226.306900,318679900
2024-09-23,227.339996,229.449997,225.809998,226.470001,224.591248,54146000
2024-09-24,228.649994,229.350006,225.729996,227.369995,225.483765,43556100
2024-09-25,224.929993,227.289993,224.020004,226.369995,224.492065,42308700
2024-09-26,227.300003,228.500000,225.410004,227.520004,225.632538,36636700
2024-09-27,228.460007,229.520004,227.300003,227.789993,225.900284,34026000
2024-09-30,230.039993,233.000000,229.649994,233.000000,231.067093,54541900
2024-10-01,229.520004,229.649994,223.740005,226.210007,224.333420,63285000
2024-10-02,225.889999,227.369995,223.020004,226.779999,224.898682,32880600
2024-10-03,225.139999,226.809998,223.320007,225.669998,223.797882,34044200
2024-10-04,227.899994,228.000000,224.130005,226.800003,224.918503,37245100
2024-10-07,224.500000,225.690002,221.330002,221.690002,219.850922,39505400
2024-10-08,224.300003,225.979996,223.250000,225.770004,223.897049,31855700
2024-10-09,225.229996,229.750000,224.830002,229.539993,227.635773,33591100
2024-10-10,227.779999,229.500000,227.169998,229.039993,227.139923,28183500
2024-10-11,229.300003,229.410004,227.339996,227.550003,225.662292,31759200
2024-10-14,228.699997,231.729996,228.600006,231.300003,229.381195,39882100
2024-10-15,233.610001,237.490005,232.369995,233.850006,231.910019,64751400
2024-10-16,231.600006,232.119995,229.839996,231.779999,229.857208,34082200
2024-10-17,233.429993,233.850006,230.520004,232.149994,230.224136,32993800
2024-10-18,236.179993,236.179993,234.009995,235.000000,233.050476,46431500
2024-10-21,234.449997,236.850006,234.449997,236.479996,234.518204,36254500
2024-10-22,233.889999,236.220001,232.600006,235.860001,233.903336,38846600
2024-10-23,234.080002,235.139999,227.759995,230.759995,228.845657,52287000
2024-10-24,229.979996,230.820007,228.410004,230.570007,228.657242,31109500
2024-10-25,229.740005,233.220001,229.570007,231.410004,229.490280,38802300
2024-10-28,233.320007,234.729996,232.550003,233.399994,231.463730,36087100
2024-10-29,233.100006,234.330002,232.320007,233.669998,231.731491,35417200
2024-10-30,232.610001,233.470001,229.550003,230.100006,228.191162,47070900
2024-10-31,229.339996,229.830002,225.369995,225.910004,224.035889,64370100
2024-11-01,220.970001,225.350006,220.270004,222.910004,221.060791,65276700
2024-11-04,220.990005,222.789993,219.710007,222.009995,220.168243,44944500
2024-11-05,221.800003,223.949997,221.139999,223.449997,221.596283,28111300
2024-11-06,222.610001,226.070007,221.190002,222.720001,220.872345,54561100
2024-11-07,224.630005,227.880005,224.570007,227.479996,225.592880,42137700
2024-11-08,227.169998,228.660004,226.410004,226.960007,225.324829,38328800
2024-11-11,225.000000,225.699997,221.500000,224.229996,222.614487,42005600
2024-11-12,224.550003,225.589996,223.360001,224.229996,222.614487,40398300
2024-11-13,224.009995,226.649994,222.759995,225.119995,223.498077,48566200
2024-11-14,225.020004,228.869995,225.000000,228.220001,226.575745,44923900
2024-11-15,226.399994,226.919998,224.270004,225.000000,223.378952,47923700
2024-11-18,225.250000,229.740005,225.169998,228.020004,226.377182,44633700
2024-11-19,226.979996,230.160004,226.660004,228.279999,226.635269,36211800
2024-11-20,228.059998,229.929993,225.889999,229.000000,227.350128,35169600
2024-11-21,228.880005,230.160004,225.710007,228.520004,226.873581,42108300
2024-11-22,228.059998,230.720001,228.059998,229.869995,228.213837,38168300
2024-11-25,231.460007,233.250000,229.740005,232.869995,231.192230,90152800
2024-11-26,233.330002,235.570007,233.330002,235.059998,233.366440,45986200
2024-11-27,234.470001,235.690002,233.809998,234.929993,233.237381,33498400
2024-11-29,234.809998,237.809998,233.970001,237.330002,235.620102,28481400
2024-12-02,237.270004,240.789993,237.160004,239.589996,237.863800,48137100
2024-12-03,239.809998,242.759995,238.899994,242.649994,240.901764,38861000
2024-12-04,242.869995,244.110001,241.250000,243.009995,241.259171,44383900
2024-12-05,243.990005,244.539993,242.130005,243.039993,241.288940,40033900
2024-12-06,242.910004,244.630005,242.080002,242.839996,241.090378,36870600
2024-12-09,241.830002,247.240005,241.750000,246.750000,244.972229,44649200
2024-12-10,246.889999,248.210007,245.339996,247.770004,245.984879,36914800
2024-12-11,247.960007,250.800003,246.259995,246.490005,244.714111,45205800
2024-12-12,246.889999,248.740005,245.679993,247.960007,246.173508,32777500
2024-12-13,247.820007,249.289993,246.240005,248.130005,246.342285,33155300
2024-12-16,247.990005,251.380005,247.649994,251.039993,249.231308,51694800
2024-12-17,250.080002,253.830002,249.779999,253.479996,251.653732,51356400
2024-12-18,252.160004,254.279999,247.740005,248.050003,246.262863,56774100
2024-12-19,247.500000,252.000000,247.089996,249.789993,247.990326,60882300
2024-12-20,248.039993,255.000000,245.690002,254.490005,252.656464,147495300
2024-12-23,254.770004,255.649994,253.449997,255.270004,253.430847,40858800
2024-12-24,255.490005,258.209991,255.289993,258.200012,256.339722,23234700
2024-12-26,258.190002,260.100006,257.630005,259.019989,257.153809,27237100
2024-12-27,257.829987,258.700012,253.059998,255.589996,253.748520,42355300
2024-12-30,252.229996,253.500000,250.750000,252.199997,250.382965,35557500
2024-12-31,252.440002,253.279999,249.429993,250.419998,248.615784,39480700
2025-01-02,248.929993,249.100006,241.820007,243.850006,242.093140,55740700
2025-01-03,243.360001,244.179993,241.889999,243.360001,241.606644,40244100
2025-01-06,244.309998,247.330002,243.199997,245.000000,243.234848,45045600
2025-01-07,242.979996,245.550003,241.350006,242.210007,240.464966,40856000
2025-01-08,241.919998,243.710007,240.050003,242.699997,240.951431,37628900
2025-01-10,240.009995,240.160004,233.000000,236.850006,235.143570,61710900
2025-01-13,233.529999,234.669998,229.720001,234.399994,232.711227,49630700
2025-01-14,234.750000,236.119995,232.470001,233.279999,231.599289,39435300
2025-01-15,234.639999,238.960007,234.429993,237.869995,236.156204,39832000
2025-01-16,237.350006,238.009995,228.029999,228.259995,226.615463,71759100
2025-01-17,232.119995,232.289993,228.479996,229.979996,228.323044,68488300
2025-01-21,224.000000,224.419998,219.380005,222.639999,221.035950,98070400
2025-01-22,219.789993,224.119995,219.789993,223.830002,222.217346,64126500
2025-01-23,224.740005,227.029999,222.300003,223.660004,222.048599,60234800
2025-01-24,224.779999,225.630005,221.410004,222.779999,221.174942,54697900
2025-01-27,224.020004,232.149994,223.979996,229.860001,228.203934,94863400
2025-01-28,230.850006,240.190002,230.809998,238.259995,236.543411,75707600
2025-01-29,234.119995,239.860001,234.009995,239.360001,237.635483,45486100
2025-01-30,238.669998,240.789993,237.210007,237.589996,235.878235,55658300
2025-01-31,247.190002,247.190002,233.440002,236.000000,234.299683,100959800
2025-02-03,229.990005,231.830002,225.699997,228.009995,226.367249,73063300
2025-02-04,227.250000,233.130005,226.649994,232.800003,231.122742,45067300
2025-02-05,228.529999,232.669998,228.270004,232.470001,230.795135,39620300
2025-02-06,231.289993,233.800003,230.429993,233.220001,231.539719,29925300
2025-02-07,232.600006,234.000000,227.259995,227.630005,225.989975,39707200
2025-02-10,229.570007,230.589996,227.199997,227.649994,226.258331,33115600
2025-02-11,228.199997,235.229996,228.130005,232.619995,231.197922,53718400
2025-02-12,231.199997,236.960007,230.679993,236.869995,235.421967,45243300
2025-02-13,236.910004,242.339996,235.570007,241.529999,240.053467,53614100
2025-02-14,241.250000,245.550003,240.990005,244.600006,243.104736,40896200
2025-02-18,244.149994,245.179993,241.839996,244.470001,242.975510,48822500
2025-02-19,244.660004,246.009995,243.160004,244.869995,243.373077,32204200
2025-02-20,244.940002,246.779999,244.289993,245.830002,244.327194,32316900
2025-02-21,245.949997,248.690002,245.220001,245.550003,244.048904,53197400
2025-02-24,244.929993,248.860001,244.419998,247.100006,245.589462,51326400
2025-02-25,248.000000,250.000000,244.910004,247.039993,245.529800,48013300
2025-02-26,244.330002,244.979996,239.130005,240.360001,238.890640,44433600
2025-02-27,239.410004,242.460007,237.059998,237.300003,235.849335,41153600
2025-02-28,236.949997,242.089996,230.199997,241.839996,240.361588,56833400
2025-03-03,241.789993,244.029999,236.110001,238.029999,236.574875,47184000
2025-03-04,237.710007,240.070007,234.679993,235.929993,234.487701,53798100
2025-03-05,235.419998,236.550003,229.229996,235.740005,234.298874,47227600
2025-03-06,234.440002,237.860001,233.160004,235.330002,233.891388,45170400
2025-03-07,235.110001,241.369995,234.759995,239.070007,237.608536,46273600
2025-03-10,235.539993,236.160004,224.220001,227.479996,226.089371,72071200
2025-03-11,223.809998,225.839996,217.449997,220.839996,219.489960,76137400
2025-03-12,220.139999,221.750000,214.910004,216.979996,215.653564,62547500
2025-03-13,215.949997,216.839996,208.419998,209.679993,208.398193,61368300
2025-03-14,211.250000,213.949997,209.580002,213.490005,212.184906,60107600
2025-03-17,213.309998,215.220001,209.970001,214.000000,212.691788,48073400
2025-03-18,214.160004,215.149994,211.490005,212.690002,211.389801,42432400
2025-03-19,214.220001,218.759995,213.750000,215.240005,213.924210,54385400
2025-03-20,213.990005,217.490005,212.220001,214.100006,212.791183,48862900
2025-03-21,211.559998,218.839996,211.279999,218.270004,216.935684,94127800
2025-03-24,221.000000,221.479996,218.580002,220.729996,219.380646,44299500
2025-03-25,220.770004,224.100006,220.080002,223.750000,222.382172,34493600
2025-03-26,223.509995,225.020004,220.470001,221.529999,220.175751,34466100
2025-03-27,221.389999,224.990005,220.559998,223.850006,222.481583,37094800
2025-03-28,221.669998,223.809998,217.679993,217.899994,216.567932,39818600
2025-03-31,217.009995,225.619995,216.229996,222.130005,220.772095,65299300
2025-04-01,219.809998,223.679993,218.899994,223.190002,221.825592,36412700
2025-04-02,221.320007,225.190002,221.020004,223.889999,222.521317,35905900
2025-04-03,205.539993,207.490005,201.250000,203.190002,201.947876,103419000
2025-04-04,193.889999,199.880005,187.339996,188.380005,187.228394,125910900
2025-04-07,177.199997,194.149994,174.619995,181.460007,180.350693,160466300
2025-04-08,186.699997,190.339996,169.210007,172.419998,171.365967,120859500
2025-04-09,171.949997,200.610001,171.889999,198.850006,197.634384,184395900
2025-04-10,189.070007,194.779999,183.000000,190.419998,189.255936,121880000
2025-04-11,186.100006,199.539993,186.059998,198.149994,196.938660,87435900
2025-04-14,211.440002,212.940002,201.160004,202.520004,201.281967,101352900
2025-04-15,201.860001,203.509995,199.800003,202.139999,200.904297,51343900
2025-04-16,198.360001,200.699997,192.369995,194.270004,193.082397,59732400
2025-04-17,197.199997,198.830002,194.419998,196.979996,195.775833,52164700
2025-04-21,193.270004,193.800003,189.809998,193.160004,191.979187,46742500
2025-04-22,196.119995,201.589996,195.970001,199.740005,198.518967,52976400
2025-04-23,206.000000,208.000000,202.800003,204.600006,203.349258,52929200
2025-04-24,204.889999,208.830002,202.940002,208.369995,207.096207,47311000
2025-04-25,206.369995,209.750000,206.199997,209.279999,208.000626,38222300
2025-04-28,210.000000,211.500000,207.460007,210.139999,208.855362,38743100
2025-04-29,208.690002,212.240005,208.369995,211.210007,209.918854,36827600
2025-04-30,209.300003,213.580002,206.669998,212.500000,211.200943,52286500
2025-05-01,209.080002,214.559998,208.899994,213.320007,212.015945,57365700
2025-05-02,206.089996,206.990005,202.160004,205.350006,204.094666,101010600
2025-05-05,203.100006,204.100006,198.210007,198.889999,197.674149,69018500
2025-05-06,198.210007,200.649994,197.020004,198.509995,197.296478,51216500
2025-05-07,199.169998,199.440002,193.250000,196.250000,195.050293,68536700
2025-05-08,197.720001,200.050003,194.679993,197.490005,196.282715,50478900
2025-05-09,199.000000,200.539993,197.539993,198.529999,197.316345,36453900
2025-05-12,210.970001,211.270004,206.750000,210.789993,209.776123,63775800
2025-05-13,210.429993,213.399994,209.000000,212.929993,211.905823,51909300
2025-05-14,212.429993,213.940002,210.580002,212.330002,211.308716,49325800
2025-05-15,210.949997,212.960007,209.539993,211.449997,210.432953,45029500
2025-05-16,212.360001,212.570007,209.770004,211.259995,210.243881,54737900
2025-05-19,207.910004,209.479996,204.259995,208.779999,207.775803,46140500
2025-05-20,207.669998,208.470001,205.029999,206.860001,205.865021,42496600
2025-05-21,205.169998,207.039993,200.710007,202.089996,201.117966,59211800
2025-05-22,200.710007,202.750000,199.699997,201.360001,200.391510,46742400
2025-05-23,193.669998,197.699997,193.460007,195.270004,194.330795,78432900
2025-05-27,198.300003,200.740005,197.429993,200.210007,199.247040,56288500
2025-05-28,200.589996,202.729996,199.899994,200.419998,199.456009,45339700
2025-05-29,203.580002,203.809998,198.509995,199.949997,198.988281,51396800
2025-05-30,199.369995,201.960007,196.779999,200.850006,199.883942,70819900
2025-06-02,200.279999,202.130005,200.119995,201.699997,200.729843,35423300
2025-06-03,201.350006,203.770004,200.960007,203.270004,202.292313,46381600
2025-06-04,202.910004,206.240005,202.100006,202.820007,201.844467,43604000
2025-06-05,203.500000,204.750000,200.149994,200.630005,199.665009,55126100
2025-06-06,203.000000,205.699997,202.050003,203.919998,202.939178,46607700
2025-06-09,204.389999,206.000000,200.020004,201.449997,200.481064,72862600
2025-06-10,200.600006,204.350006,200.570007,202.669998,201.695190,54672600
2025-06-11,203.500000,204.500000,198.410004,198.779999,197.823883,60989900
2025-06-12,199.080002,199.679993,197.360001,199.199997,198.241882,43904600
2025-06-13,199.729996,200.369995,195.699997,196.449997,195.505112,51447300
2025-06-16,197.300003,198.690002,196.559998,198.419998,197.465637,43020700
2025-06-17,197.199997,198.389999,195.210007,195.639999,194.699005,38856200
2025-06-18,195.940002,197.570007,195.070007,196.580002,195.634491,45394700
2025-06-20,198.240005,201.699997,196.860001,201.000000,200.033218,96813500
2025-06-23,201.630005,202.300003,198.960007,201.500000,200.530823,55814300
2025-06-24,202.589996,203.440002,200.199997,200.300003,199.336594,54064000
2025-06-25,201.449997,203.669998,200.619995,201.559998,200.590530,39525700
2025-06-26,201.429993,202.639999,199.460007,201.000000,200.033218,50799100
2025-06-27,201.889999,203.220001,200.000000,201.080002,200.112823,73188600
2025-06-30,202.009995,207.389999,199.259995,205.169998,204.183167,91912800
2025-07-01,206.669998,210.190002,206.139999,207.820007,206.820419,78788900
2025-07-02,208.910004,213.339996,208.139999,212.440002,211.418198,67941800
2025-07-03,212.149994,214.649994,211.809998,213.550003,212.522858,34955800
2025-07-07,212.679993,216.229996,208.800003,209.949997,208.940186,50229000
2025-07-08,210.100006,211.429993,208.449997,210.009995,208.999878,42848900
2025-07-09,209.529999,211.330002,207.220001,211.139999,210.124451,48749400
2025-07-10,210.509995,213.479996,210.029999,212.410004,211.388367,44443600
2025-07-11,210.570007,212.130005,209.860001,211.160004,210.144348,39765800
2025-07-14,209.929993,210.910004,207.539993,208.619995,207.616577,38840100
2025-07-15,209.220001,211.889999,208.919998,209.110001,208.104218,42296300
2025-07-16,210.300003,212.399994,208.639999,210.160004,209.149170,47490500
2025-07-17,210.570007,211.800003,209.589996,210.020004,209.009842,48068100
2025-07-18,210.869995,211.789993,209.699997,211.179993,210.164261,48974600
2025-07-21,212.100006,215.779999,211.630005,212.479996,211.457993,51377400
2025-07-22,213.139999,214.949997,212.229996,214.399994,213.368759,46404100
2025-07-23,215.000000,215.149994,212.410004,214.149994,213.119965,46989300
2025-07-24,213.899994,215.690002,213.529999,213.759995,212.731842,46022600
2025-07-25,214.699997,215.240005,213.399994,213.880005,212.851288,40268800
2025-07-28,214.029999,214.850006,213.059998,214.050003,213.020447,37858000
2025-07-29,214.179993,214.809998,210.820007,211.270004,210.253815,51411700
2025-07-30,211.899994,212.389999,207.720001,209.050003,208.044495,45512500
2025-07-31,208.490005,209.839996,207.160004,207.570007,206.571640,80698400
2025-08-01,210.869995,213.580002,201.500000,202.380005,201.406586,104434500
2025-08-04,204.509995,207.880005,201.679993,203.350006,202.371933,75109300
2025-08-05,203.399994,205.339996,202.160004,202.919998,201.944000,44155100
2025-08-06,205.630005,215.380005,205.589996,213.250000,212.224289,108483100
2025-08-07,218.880005,220.850006,216.580002,220.029999,218.971680,90224800
2025-08-08,220.830002,231.000000,219.250000,229.350006,228.246887,113854000
2025-08-11,227.919998,229.559998,224.759995,227.179993,226.343872,61806100
2025-08-12,228.009995,230.800003,227.070007,229.649994,228.804779,55626200
2025-08-13,231.070007,235.000000,230.429993,233.330002,232.471252,69878500
2025-08-14,234.059998,235.119995,230.850006,232.779999,231.923279,51916300
2025-08-15,234.000000,234.279999,229.339996,231.589996,230.737656,56038700
2025-08-18,231.699997,233.119995,230.110001,230.889999,230.040237,37476200
2025-08-19,231.279999,232.869995,229.350006,230.559998,229.711456,39402600
2025-08-20,229.979996,230.470001,225.770004,226.009995,225.178192,42263900
2025-08-21,226.270004,226.520004,223.779999,224.899994,224.072281,30621200
2025-08-22,226.169998,229.089996,225.410004,227.759995,226.921753,42477800
2025-08-25,226.479996,229.300003,226.229996,227.160004,226.323990,30983100
2025-08-26,226.869995,229.490005,224.690002,229.309998,228.466034,54575100
2025-08-27,228.610001,230.899994,228.259995,230.490005,229.641724,31259500
2025-08-28,230.820007,233.410004,229.339996,232.559998,231.704086,38074700
2025-08-29,232.509995,233.380005,231.369995,232.139999,231.285614,39418400
2025-09-02,229.250000,230.850006,226.970001,229.720001,228.874542,44075600
2025-09-03,237.210007,238.850006,234.360001,238.470001,237.592346,66427800
2025-09-04,238.449997,239.899994,236.740005,239.779999,238.897522,47549400
2025-09-05,240.000000,241.320007,238.490005,239.690002,238.807831,54870400
2025-09-08,239.300003,240.149994,236.339996,237.880005,237.004501,48999500
2025-09-09,237.000000,238.779999,233.360001,234.350006,233.487503,66313900
2025-09-10,232.190002,232.419998,225.949997,226.789993,225.955322,83440800
2025-09-11,226.880005,230.449997,226.649994,230.029999,229.183411,50208600
2025-09-12,229.220001,234.509995,229.020004,234.070007,233.208527,55824200
2025-09-15,237.000000,238.190002,235.029999,236.699997,235.828857,42699500
2025-09-16,237.179993,241.220001,236.320007,238.149994,237.273514,63421100
2025-09-17,238.970001,240.100006,237.729996,238.990005,238.110443,46508000
2025-09-18,239.970001,241.199997,236.649994,237.880005,237.004501,44249600
2025-09-19,241.229996,246.300003,240.210007,245.500000,244.596466,163741300
2025-09-22,248.300003,256.640015,248.119995,256.079987,255.137497,105517400
2025-09-23,255.880005,257.339996,253.580002,254.429993,253.493591,60275200
2025-09-24,255.220001,255.740005,251.039993,252.309998,251.381409,42303700
2025-09-25,253.210007,257.170013,251.710007,256.869995,255.924606,55202100
2025-09-26,254.100006,257.600006,253.779999,255.460007,254.519806,46076300
2025-09-29,254.559998,255.000000,253.009995,254.429993,253.493591,40127700
2025-09-30,254.860001,255.919998,253.110001,254.630005,253.692871,37704300
2025-10-01,255.039993,258.790009,254.929993,255.449997,254.509842,48713900
2025-10-02,256.579987,258.179993,254.149994,257.130005,256.183655,42630200
2025-10-03,254.669998,259.239990,253.949997,258.019989,257.070343,49155600
2025-10-06,257.989990,259.070007,255.050003,256.690002,255.745270,44664100
2025-10-07,256.809998,257.399994,255.429993,256.480011,255.536087,31955800
2025-10-08,256.519989,258.519989,256.109985,258.059998,257.110229,36496900
2025-10-09,257.809998,258.000000,253.139999,254.039993,253.105026,38322000
2025-10-10,254.940002,256.380005,244.000000,245.270004,244.367310,61999100
2025-10-13,249.380005,249.690002,245.559998,247.660004,246.748520,38142900
2025-10-14,246.600006,248.850006,244.699997,247.770004,246.858109,35478000
2025-10-15,249.490005,251.820007,247.470001,249.339996,248.422333,33893600
2025-10-16,248.250000,249.039993,245.130005,247.449997,246.539291,39777000
2025-10-17,248.020004,253.380005,247.270004,252.289993,251.361481,49147000
2025-10-20,255.889999,264.380005,255.630005,262.239990,261.274841,90483000
2025-10-21,261.880005,265.290009,261.829987,262.769989,261.802887,46695900
2025-10-22,262.649994,262.850006,255.429993,258.450012,257.498810,45015300
2025-10-23,259.940002,260.619995,258.010010,259.579987,258.624634,32754900
2025-10-24,261.190002,264.130005,259.179993,262.820007,261.852722,38253700
2025-10-27,264.880005,269.119995,264.649994,268.809998,267.820679,44888200
2025-10-28,268.989990,269.890015,268.149994,269.000000,268.009949,41534800
2025-10-29,269.279999,271.410004,267.109985,269.700012,268.707397,51086700
2025-10-30,271.989990,274.140015,268.480011,271.399994,270.401154,69886500
2025-10-31,276.989990,277.320007,269.160004,270.369995,269.374939,86167100
2025-11-03,270.420013,270.850006,266.250000,269.049988,268.059784,50194600
2025-11-04,268.329987,271.489990,267.619995,270.040009,269.046173,49274800
2025-11-05,268.609985,271.700012,266.929993,270.140015,269.145813,43683100
2025-11-06,267.890015,273.399994,267.890015,269.769989,268.777130,51204000
2025-11-07,269.799988,272.290009,266.769989,268.470001,267.481903,48227400
2025-11-10,268.959991,273.730011,267.459991,269.429993,268.698578,41312400
2025-11-11,269.809998,275.910004,269.799988,275.250000,274.502808,46208300
2025-11-12,275.000000,275.730011,271.700012,273.470001,272.727661,48398000
2025-11-13,274.109985,276.700012,272.089996,272.950012,272.209076,49602800
2025-11-14,271.049988,275.959991,269.600006,272.410004,271.670532,47431300
2025-11-17,268.820007,270.489990,265.730011,267.459991,266.733978,45018300
2025-11-18,269.989990,270.709991,265.320007,267.440002,266.713989,45677300
2025-11-19,265.529999,272.209991,265.500000,268.559998,267.830994,40424500
2025-11-20,270.829987,275.429993,265.920013,266.250000,265.527252,45823600
2025-11-21,265.950012,273.329987,265.670013,271.489990,270.752991,59030800
2025-11-24,270.899994,277.000000,270.899994,275.920013,275.171021,65585800
2025-11-25,275.269989,280.380005,275.250000,276.970001,276.218140,46914200
2025-11-26,276.959991,279.529999,276.630005,277.549988,276.796570,33431400
2025-11-28,277.260010,279.000000,275.989990,278.850006,278.093048,20135600
2025-12-01,278.010010,283.420013,276.140015,283.100006,282.331482,46587700
2025-12-02,283.000000,287.399994,282.630005,286.190002,285.413116,53669500
2025-12-03,286.200012,288.619995,283.299988,284.149994,283.378662,43538700
2025-12-04,284.100006,284.730011,278.589996,280.700012,279.938049,43989100
2025-12-05,280.540009,281.140015,278.049988,278.779999,278.023224,47265800
2025-12-08,278.130005,279.670013,276.149994,277.890015,277.135651,38211800
2025-12-09,278.160004,280.029999,276.920013,277.179993,276.427551,32193300
2025-12-10,277.750000,279.750000,276.440002,278.779999,278.023224,33038300
2025-12-11,279.100006,279.589996,273.809998,278.029999,277.275238,33248000
2025-12-12,277.899994,279.220001,276.820007,278.279999,277.524597,39532900
2025-12-15,280.149994,280.149994,272.839996,274.109985,273.365875,50409100
2025-12-16,272.820007,275.500000,271.790009,274.609985,273.864532,37648600
2025-12-17,275.010010,276.160004,271.640015,271.839996,271.102081,50138700
2025-12-18,273.609985,273.630005,266.950012,272.190002,271.451111,51630700
2025-12-19,272.149994,274.600006,269.899994,273.670013,272.927155,144632000
2025-12-22,272.859985,273.880005,270.510010,270.970001,270.234436,36571800
2025-12-23,270.839996,272.500000,269.559998,272.359985,271.620667,29642000
2025-12-24,272.339996,275.429993,272.200012,273.809998,273.066711,17910600
2025-12-26,274.160004,275.369995,272.859985,273.399994,272.657837,21521800
2025-12-29,272.690002,274.359985,272.350006,273.760010,273.016876,23715200
2025-12-30,272.809998,274.079987,272.279999,273.079987,272.338684,22139600