Date,Open,High,Low,Close,Adj Close,Volume
2020-01-02,31.931999,32.250000,31.732000,32.238998,27.633764,20329000
2020-01-03,31.750999,32.000000,31.408001,31.419001,26.930897,22870000
2020-01-06,31.084999,31.392000,30.962999,31.372000,26.890604,20789000
2020-01-07,31.525000,31.658001,31.225000,31.264000,26.798038,18565000
2020-01-08,31.298000,31.349001,30.841000,30.874001,26.463745,31979000
2020-01-09,31.232000,31.299000,30.305000,30.625999,26.251173,42397000
2020-01-10,30.545000,30.555000,29.879999,29.922001,25.647739,40705000
2020-01-13,30.002001,30.379999,29.966999,30.118000,25.815735,22054000
2020-01-14,30.200001,30.915001,30.159000,30.818001,26.415743,28911000
2020-01-15,30.731001,30.788000,30.070000,30.313999,25.983736,22733000
2020-01-16,30.500000,30.785999,30.421000,30.705000,26.318886,21508000
2020-01-17,30.865999,30.893999,30.407000,30.879000,26.468033,26896000
2020-01-21,30.780001,30.951000,30.632999,30.806999,26.406311,21967000
2020-01-22,31.080000,31.792000,31.049999,31.297001,26.826321,29264000
2020-01-23,31.518000,31.980000,31.082001,31.965000,27.398893,30266000
2020-01-24,33.049999,33.158001,32.077000,32.400002,27.771757,55782000
2020-01-27,31.641001,31.988001,30.864000,30.903000,26.488605,38843000
2020-01-28,31.353001,31.923000,31.277000,31.830999,27.284040,23166000
2020-01-29,32.082001,32.542999,31.714001,31.750999,27.215475,23668000
2020-01-30,31.431999,31.552000,30.858999,31.520000,27.017467,21128000
2020-01-31,31.416000,31.458000,30.362000,30.516001,26.156887,22123000
2020-02-03,30.563000,30.660000,30.364000,30.523001,26.162893,21288000
2020-02-04,31.179001,31.457001,30.965000,31.160000,26.708891,22559000
2020-02-05,31.750000,31.981001,31.586000,31.738001,27.204330,24825000
2020-02-06,31.884001,31.988001,31.423000,31.969000,27.402325,22683000
2020-02-07,31.832001,31.851999,31.487000,31.523001,27.020039,15883000
2020-02-10,31.237000,31.459999,31.030001,31.420000,26.931749,19218000
2020-02-11,31.665001,32.078999,31.601000,32.015999,27.442614,15527000
2020-02-12,32.203999,32.508999,32.162998,32.470001,27.831764,15310000
2020-02-13,32.147999,32.546001,32.095001,32.396999,27.769194,13857000
2020-02-14,32.484001,32.570000,31.709999,31.777000,27.237757,19137000
2020-02-18,31.500000,31.500999,30.805000,31.075001,26.636034,26693000
2020-02-19,31.299999,31.683001,31.170000,31.569000,27.059469,20525000
2020-02-20,31.396000,31.569000,30.612000,30.924000,26.506599,25521000
2020-02-21,30.850000,30.945000,30.229000,30.450001,26.100311,24522000
2020-02-24,29.420000,29.879999,29.006001,29.160000,24.994587,36849000
2020-02-25,29.410999,29.573000,28.107000,28.268000,24.230003,31892000
2020-02-26,28.434999,28.820000,28.400000,28.587999,24.504290,23074000
2020-02-27,28.030001,28.531000,27.354000,27.395000,23.481710,34837000
2020-02-28,26.333000,27.413000,26.274000,27.261999,23.367706,44586000
2020-03-02,27.676001,28.540001,27.115000,28.497000,24.426294,31976000
2020-03-03,28.465000,28.848000,27.157000,27.424999,23.507423,29930000
2020-03-04,27.754000,28.572001,27.476999,28.545000,24.467436,23477000
2020-03-05,27.726000,28.309000,27.245001,27.403999,23.489424,24374000
2020-03-06,26.698000,27.093000,26.250000,26.945000,23.095987,30169000
2020-03-09,25.108000,26.027000,24.424999,24.771999,21.233393,43934000
2020-03-10,25.659000,26.368000,24.340000,26.290001,22.534557,55071000
2020-03-11,25.388000,25.649000,24.249001,24.597000,21.083397,36030000
2020-03-12,22.698999,24.275999,21.632000,21.878000,18.752796,64281000
2020-03-13,22.551001,23.447001,20.115999,23.422001,20.076241,84714000
2020-03-16,20.818001,21.879999,18.023001,18.757999,16.078482,76935000
2020-03-17,19.181999,20.000999,18.148001,19.951000,17.101063,70662000
2020-03-18,18.566000,18.747999,15.567000,16.787001,14.389029,98993000
2020-03-19,16.764000,20.747000,16.500000,19.445000,16.667345,74438000
2020-03-20,20.200001,20.868000,18.791000,19.222000,16.756256,74044000
2020-03-23,19.288000,19.597000,17.775000,19.347000,16.865221,46921000
2020-03-24,20.563999,21.871000,20.129000,21.275999,18.546776,62970000
2020-03-25,21.219000,24.400000,20.922001,21.754999,18.964331,64442000
2020-03-26,22.603001,24.480000,22.603001,24.316999,21.197685,60213000
2020-03-27,23.299999,24.209000,23.000000,23.069000,20.109777,39448000
2020-03-30,23.219999,24.136000,22.844000,24.011000,20.930941,52343000
2020-03-31,23.799999,25.271000,23.606001,23.709999,20.668552,50191000
2020-04-01,22.799000,23.441000,21.968000,22.363001,19.494341,41858000
2020-04-02,22.240000,23.795000,22.145000,23.705999,20.665066,45049000
2020-04-03,23.664000,24.254999,23.055000,23.426001,20.420984,28960000
2020-04-06,24.458000,25.341000,24.356001,25.243999,22.005772,38868000
2020-04-07,26.184000,26.549999,25.253000,25.327000,22.078127,45892000
2020-04-08,25.677000,26.219999,25.364000,26.110001,22.760687,27565000
2020-04-09,26.579000,26.750000,25.131001,25.430000,22.167915,34828000
2020-04-13,25.350000,26.152000,25.280001,25.992001,22.657825,25729000
2020-04-14,26.612000,26.837999,26.232000,26.763000,23.329922,23094000
2020-04-15,26.100000,26.232000,25.615999,25.743999,22.441635,25926000
2020-04-16,26.176001,26.176001,25.410999,25.829000,22.515732,26896000
2020-04-17,26.322001,26.743000,25.893999,26.587999,23.177370,34089000
2020-04-20,26.000000,26.525999,25.791000,25.827999,22.514864,23801000
2020-04-21,25.455999,25.479000,24.680000,24.764999,21.588217,29138000
2020-04-22,25.476999,26.222000,25.073999,25.997000,22.662180,35438000
2020-04-23,26.025000,26.520000,25.851999,25.893000,22.571518,21659000
2020-04-24,25.981001,26.507000,25.888000,26.481001,23.084093,23373000
2020-04-27,26.434999,27.122000,26.434999,26.844999,23.401400,16588000
2020-04-28,27.424000,27.641001,26.412001,26.473000,23.077124,18988000
2020-04-29,27.108000,27.698999,26.923000,27.601999,24.061296,28871000
2020-04-30,27.353001,27.405001,26.879999,27.162001,23.677736,23379000
2020-05-01,26.600000,26.785000,25.820000,25.969999,22.638643,26836000
2020-05-04,25.921000,26.243000,25.532000,26.226000,22.861807,17046000
2020-05-05,26.655001,26.893999,26.371000,26.487000,23.089325,26462000
2020-05-06,26.833000,27.048000,26.362000,26.417999,23.029173,22727000
2020-05-07,27.000000,27.047001,26.600000,26.775000,23.340380,18238000
2020-05-08,27.219999,27.555000,27.003000,27.503000,23.974997,16757000
2020-05-11,27.337000,27.674000,27.174999,27.540001,24.007248,20851000
2020-05-12,27.658001,27.771999,26.822001,26.844999,23.401400,18764000
2020-05-13,27.007000,27.033001,25.936001,26.315001,22.939390,21927000
2020-05-14,26.096001,26.695000,25.475000,26.660000,23.240129,19912000
2020-05-15,25.941999,26.406000,25.677000,26.041000,22.700537,21650000
2020-05-18,26.862000,27.673000,26.799999,27.353001,23.844238,26531000
2020-05-19,27.353001,27.603001,27.160999,27.195000,23.706503,18702000
2020-05-20,27.697001,28.131001,27.608000,27.868000,24.293175,18605000
2020-05-21,27.892000,27.950001,27.465000,27.480000,23.954947,14847000
2020-05-22,27.374001,27.725000,27.051001,27.665001,24.116211,17452000
2020-05-26,28.500000,28.709000,28.139000,28.202000,24.584328,23573000
2020-05-27,28.302000,28.780001,28.000000,28.759001,25.069881,22812000
2020-05-28,28.500000,28.930000,28.243000,28.313999,24.681965,18543000
2020-05-29,28.290001,29.200001,28.191000,29.127001,25.390673,27300000
2020-06-01,29.042000,29.110001,28.737000,28.999001,25.279093,18444000
2020-06-02,29.103001,29.832001,29.009001,29.806000,25.982576,31847000
2020-06-03,30.105000,31.084999,30.051001,30.952999,26.982443,31926000
2020-06-04,30.575001,31.299999,30.209999,30.889000,26.926649,34997000
2020-06-05,31.969999,32.811001,31.509001,31.708000,27.640593,50958000
2020-06-08,31.750000,31.884001,31.336000,31.752001,27.678947,23916000
2020-06-09,31.200001,31.888000,31.157000,31.532000,27.487165,22335000
2020-06-10,31.665001,31.921000,31.469999,31.504000,27.462761,25914000
2020-06-11,30.761999,30.855000,29.340000,29.375000,25.606855,45115000
2020-06-12,30.282000,30.395000,29.273001,30.025000,26.173483,39439000
2020-06-15,29.500000,30.674999,29.240999,30.409000,26.508221,29824000
2020-06-16,31.000000,31.455000,30.400000,31.072001,27.086174,30387000
2020-06-17,31.341999,31.671000,31.179001,31.344000,27.323286,20279000
2020-06-18,31.212000,31.912001,31.152000,31.871000,27.782681,33625000
2020-06-19,31.768000,31.809999,30.277000,30.277000,26.665066,58465000
2020-06-22,30.549999,31.417999,30.353001,31.354000,27.613586,27195000
2020-06-23,31.506001,31.743999,31.129000,31.129999,27.416304,22419000
2020-06-24,30.920000,31.097000,30.451000,30.697001,27.034964,19096000
2020-06-25,30.606001,30.948000,30.299999,30.885000,27.200539,15029000
2020-06-26,31.357000,31.577999,30.315001,30.740999,27.073711,31425000
2020-06-29,30.806999,31.041000,30.445000,30.978001,27.282442,14516000
2020-06-30,30.995001,31.707001,30.674999,31.561001,27.795889,25125000
2020-07-01,31.511000,31.684999,31.194000,31.273001,27.542248,15661000
2020-07-02,31.775000,31.938000,31.466000,31.547001,27.783564,16638000
2020-07-06,32.000000,32.098999,31.733999,31.879000,28.075954,17561000
2020-07-07,31.733999,31.816000,31.254999,31.312000,27.576593,16150000
2020-07-08,31.614000,31.983999,31.412001,31.957001,28.144655,18023000
2020-07-09,32.000999,32.432999,31.525000,32.150002,28.314625,25225000
2020-07-10,32.191002,32.299000,31.544001,31.944000,28.133198,13280000
2020-07-13,32.167999,32.353001,31.058001,31.131001,27.417189,21549000
2020-07-14,30.899000,31.622000,30.518999,31.507999,27.749212,18363000
2020-07-15,31.594999,31.777000,31.017000,31.378000,27.634724,15253000
2020-07-16,31.061001,31.388000,30.930000,31.134001,27.419827,12929000
2020-07-17,31.415001,31.521000,31.000000,31.271000,27.540487,13354000
2020-07-20,31.184999,31.764999,31.025999,31.712999,27.929754,14323000
2020-07-21,31.923000,31.923000,31.267000,31.434000,27.684044,14312000
2020-07-22,31.500999,31.568001,31.037001,31.379999,27.636484,14404000
2020-07-23,31.337000,31.608999,30.837999,30.966999,27.272751,19417000
2020-07-24,30.659000,31.091000,30.417999,30.579000,26.931038,15631000
2020-07-27,30.830000,31.296000,30.749001,31.268000,27.537844,20646000
2020-07-28,31.118000,31.211000,30.615999,30.735001,27.068430,13974000
2020-07-29,30.853001,31.122999,30.743999,30.885000,27.200539,16562000
2020-07-30,30.600000,31.292999,30.600000,31.209999,27.486763,21259000
2020-07-31,31.469999,31.840000,31.139999,31.674999,27.896290,24719000
2020-08-03,31.799999,32.348999,31.728001,32.123001,28.290842,20796000
2020-08-04,32.049999,32.859001,32.039001,32.839001,28.921432,25258000
2020-08-05,32.825001,33.158001,32.580002,32.953999,29.022711,22299000
2020-08-06,32.777000,33.088001,32.541000,32.916000,28.989246,14193000
2020-08-07,32.839001,32.973000,32.147999,32.592999,28.704775,14192000
2020-08-10,32.422001,32.926998,32.405998,32.736000,28.830709,11989000
2020-08-11,32.757000,33.332001,32.276001,32.403000,28.537443,19316000
2020-08-12,32.584999,33.588001,32.535999,33.363998,29.383799,18471000
2020-08-13,33.221001,33.341000,32.785000,32.942001,29.012140,15095000
2020-08-14,32.801998,32.985001,32.599998,32.782001,28.871231,10140000
2020-08-17,32.951000,33.179001,32.900002,33.032001,29.091410,10594000
2020-08-18,33.186001,33.318001,32.813999,32.863998,28.943449,8857000
2020-08-19,32.946999,33.308998,32.824001,32.921001,28.993654,11273000
2020-08-20,32.769001,32.999001,32.605999,32.882999,28.960178,8910000
2020-08-21,32.830002,33.046001,32.500000,33.001999,29.064985,11508000
2020-08-24,33.201000,33.618999,33.113998,33.400002,29.415508,11996000
2020-08-25,33.500000,33.709000,33.299999,33.613998,29.603970,11140000
2020-08-26,33.473999,34.151001,33.351002,33.966999,29.914865,14844000
2020-08-27,34.049000,34.130001,33.613998,33.914001,29.868183,12552000
2020-08-28,33.900002,34.481998,33.770000,34.481998,30.368427,14589000
2020-08-31,34.352001,35.057999,34.352001,34.715000,30.573626,22229000
2020-09-01,35.000000,36.207001,34.742001,35.953999,31.664824,29205000
2020-09-02,36.585999,37.896000,36.356998,37.500999,33.027267,37053000
2020-09-03,36.601002,36.889999,35.015999,35.209000,31.008694,41795000
2020-09-04,36.097000,37.252998,35.349998,36.294998,31.965137,58514000
2020-09-08,35.265999,36.275002,35.000000,35.054001,30.872183,26685000
2020-09-09,35.616001,36.185001,35.110001,36.002998,31.707977,26273000
2020-09-10,36.213001,36.783001,35.438999,35.708000,31.448164,22851000
2020-09-11,36.049999,36.426998,35.467999,35.970001,31.678907,17362000
2020-09-14,36.441002,36.589001,35.935001,36.220001,31.899094,16447000
2020-09-15,36.630001,37.112000,36.535000,36.691002,32.313904,16618000
2020-09-16,36.818001,37.200001,36.634998,36.703999,32.325352,18498000
2020-09-17,35.500000,37.012001,35.500000,36.591999,32.226715,22862000
2020-09-18,36.712002,36.784000,35.505001,35.973000,31.681555,35295000
2020-09-21,35.000999,35.195999,34.348000,35.179001,31.264742,24198000
2020-09-22,35.637001,36.180000,35.294998,36.159000,32.135689,19500000
2020-09-23,36.018002,36.120998,35.005001,35.159000,31.246960,15542000
2020-09-24,35.020000,35.757000,34.909000,35.251999,31.329609,13611000
2020-09-25,35.205002,35.771999,34.827999,35.680000,31.709993,18183000
2020-09-28,36.167999,36.842999,35.903000,36.730000,32.643169,22192000
2020-09-29,36.749001,37.080002,36.398998,36.425999,32.372990,13722000
2020-09-30,36.294998,37.099998,36.171001,36.431999,32.378323,22403000
2020-10-01,36.897999,37.070999,36.481998,36.860001,32.758705,16016000
2020-10-02,36.000000,36.492001,35.615002,35.682999,31.712662,17100000
2020-10-05,36.084000,36.685001,35.990002,36.610001,32.536518,18923000
2020-10-06,36.611000,37.200001,36.202000,36.397999,32.348103,16672000
2020-10-07,36.834999,36.986000,36.605999,36.674000,32.593391,12747000
2020-10-08,36.988998,37.429001,36.831001,37.333000,33.179077,17045000
2020-10-09,37.592999,38.000000,37.400002,37.669998,33.478573,17253000
2020-10-12,38.179001,38.509998,37.979000,38.243000,33.987823,18839000
2020-10-13,38.441002,38.779999,37.861000,38.148998,33.904282,16731000
2020-10-14,38.354000,38.374001,37.785000,38.029999,33.798515,17298000
2020-10-15,37.505001,38.049000,37.501999,37.993000,33.765633,14361000
2020-10-16,38.327999,38.327999,37.814999,37.865002,33.651882,10295000
2020-10-19,38.124001,38.361000,37.514999,37.577000,33.395927,14803000
2020-10-20,37.701000,38.113998,37.556000,37.699001,33.504349,13297000
2020-10-21,37.577000,37.686001,37.030998,37.205002,33.065304,11896000
2020-10-22,37.108002,37.431000,36.710999,37.337002,33.182625,13547000
2020-10-23,37.326000,37.394001,37.076000,37.271999,33.124859,8868000
2020-10-26,36.959999,36.995998,35.761002,36.304001,32.264568,15509000
2020-10-27,36.518002,36.518002,35.922001,35.959999,31.958843,9620000
2020-10-28,35.400002,35.486000,34.553001,34.721001,30.857700,22331000
2020-10-29,34.726002,35.944000,34.536999,35.500999,31.550915,15697000
2020-10-30,34.938999,35.299000,34.442001,34.963001,31.072777,18530000
2020-11-02,35.504002,35.539001,34.834999,35.125000,31.216755,11757000
2020-11-03,35.595001,35.924000,34.666000,35.375999,31.439829,15457000
2020-11-04,36.048000,36.897999,35.714001,36.463001,32.405876,21277000
2020-11-05,37.236000,38.264999,37.201000,38.087002,33.849186,21783000
2020-11-06,38.005001,38.367001,37.716999,38.062000,33.826962,13545000
2020-11-09,38.910000,39.389000,37.500999,37.554001,33.375484,24088000
2020-11-10,37.032001,37.320000,36.035999,36.313000,32.272572,26784000
2020-11-11,37.085999,37.714001,36.855000,37.591999,33.409252,15133000
2020-11-12,37.723000,37.860001,36.827999,37.020000,32.900909,12160000
2020-11-13,37.500000,37.733002,37.158001,37.349998,33.194180,10997000
2020-11-16,37.480999,38.137001,37.400002,38.081001,33.843845,12100000
2020-11-17,37.866001,38.243999,37.702999,38.060001,33.825184,11950000
2020-11-18,37.988998,38.493999,37.962002,38.062000,33.826962,13517000
2020-11-19,37.771999,38.484001,37.435001,38.432999,34.156677,14555000
2020-11-20,38.431000,38.884998,38.270000,38.333000,34.067814,16140000
2020-11-23,38.536999,38.915001,38.299999,38.700001,34.393970,12212000
2020-11-24,38.862000,39.280998,38.618000,39.223000,34.858768,13455000
2020-11-25,39.284000,39.549999,38.900002,39.083000,34.734360,11787000
2020-11-27,39.314999,39.917000,39.299999,39.494999,35.100513,6846000
2020-11-30,39.402000,40.216000,39.273998,40.158001,35.689739,15454000
2020-12-01,40.346001,40.667999,40.012001,40.457001,35.955479,18181000
2020-12-02,40.473999,40.541000,40.111000,40.373001,35.880814,10031000
2020-12-03,40.450001,40.664001,39.810001,39.980000,35.531544,16120000
2020-12-04,40.240002,41.240002,40.238998,41.167999,36.587364,20083000
2020-12-07,41.640999,42.284000,41.334000,42.089001,37.405891,19707000
2020-12-08,41.928001,42.669998,41.816002,42.341000,37.629841,18121000
2020-12-09,41.946999,42.610001,41.367001,41.622002,36.990852,20908000
2020-12-10,41.144001,41.525002,40.800999,41.004002,36.441608,26244000
2020-12-11,40.400002,40.700001,39.827999,40.582001,36.066566,26664000
2020-12-14,40.653000,41.430000,40.599998,41.180000,36.598026,26116000
2020-12-15,41.528000,41.938999,41.299000,41.806000,37.154377,21207000
2020-12-16,41.799999,42.715000,41.695999,42.490002,37.762268,23160000
2020-12-17,42.650002,43.000999,42.455002,42.610001,37.868912,17152000
2020-12-18,42.480000,43.564999,42.200001,43.456001,38.949860,45243000
2020-12-21,42.814999,43.200001,42.369999,42.888000,38.440765,19096000
2020-12-22,42.888000,43.355000,42.799999,43.310001,38.819004,17929000
2020-12-23,43.500000,43.599998,42.507999,42.546001,38.134232,10533000
2020-12-24,42.848999,43.200001,42.757000,43.146000,38.672016,4123000
2020-12-28,43.433998,43.727001,43.115002,43.188000,38.709648,10625000
2020-12-29,43.583000,43.583000,42.679001,42.903999,38.455101,9593000
2020-12-30,43.167000,43.799999,43.009998,43.483002,38.974064,10553000
2020-12-31,43.631001,43.849998,43.305000,43.785000,39.244740,10211000
2021-01-04,43.932999,44.223999,42.124001,42.521999,38.112717,24171000
2021-01-05,42.505001,42.938999,42.240002,42.810001,38.370857,15069000
2021-01-06,42.330002,43.458000,42.054001,42.546001,38.134232,17226000
2021-01-07,43.206001,44.459000,43.060001,44.339001,39.741299,21267000
2021-01-08,44.700001,44.999001,43.865002,44.563999,39.942963,15271000
2021-01-11,44.061001,44.877998,44.042000,44.576000,39.953716,11660000
2021-01-12,44.777000,45.476002,44.560001,44.938999,40.279079,13846000
2021-01-13,45.029999,45.348999,44.811001,45.120998,40.442211,13118000
2021-01-14,45.351002,45.849998,45.132999,45.207001,40.519291,19692000
2021-01-15,44.818001,45.000000,44.066002,44.584999,39.961788,18165000
2021-01-19,44.827999,45.949001,44.827999,45.926998,41.164631,18819000
2021-01-20,45.952000,46.578999,45.500000,46.188000,41.398571,14710000
2021-01-21,46.210999,46.946999,46.040001,46.681999,41.841347,15749000
2021-01-22,46.372002,46.755001,46.237999,46.501999,41.680012,16248000
2021-01-25,46.956001,47.000000,45.608002,46.479000,41.659389,14692000
2021-01-26,46.264999,46.702999,46.188000,46.387001,41.576927,10742000
2021-01-27,45.554001,45.695999,44.151001,44.470001,39.858711,21857000
2021-01-28,45.553001,45.848000,44.702999,45.174000,40.489716,16946000
2021-01-29,44.990002,45.810001,44.763000,45.049999,40.378571,22069000
2021-02-01,45.584999,46.931999,45.359001,46.674000,41.834171,17027000
2021-02-02,46.976002,47.696999,46.799999,47.688000,42.743034,16141000
2021-02-03,47.693001,47.852001,46.459000,46.519001,41.695248,17857000
2021-02-04,46.000000,47.116001,45.748001,47.063000,42.182838,15243000
2021-02-05,47.432999,47.692001,46.535999,46.601002,41.768738,12488000
2021-02-08,46.875000,47.341999,46.557999,47.270000,42.368362,17610000
2021-02-09,47.200001,47.519001,46.862000,47.463001,42.541359,12758000
2021-02-10,47.721001,47.749001,46.549000,47.005001,42.130848,14587000
2021-02-11,47.368999,47.935001,46.918999,47.839001,42.878365,17123000
2021-02-12,47.838001,48.702000,47.488998,48.632000,43.589138,13551000
2021-02-16,49.088001,49.478001,48.702000,48.912998,43.841000,15163000
2021-02-17,48.423000,48.612000,47.506001,48.248001,43.244957,14084000
2021-02-18,48.022999,48.541000,47.513000,48.326000,43.314865,16715000
2021-02-19,48.724998,49.514000,48.676998,48.995998,43.915394,17992000
2021-02-22,48.400002,48.660999,47.532001,47.636002,42.696426,16967000
2021-02-23,47.113998,47.462002,45.605999,47.189999,42.296658,21303000
2021-02-24,46.768002,48.140999,46.265999,48.088001,43.101559,15125000
2021-02-25,47.474998,47.938000,45.521000,45.716000,40.975502,23148000
2021-02-26,46.752998,47.576000,46.074001,46.987000,42.114719,22640000
2021-03-01,47.970001,49.000000,47.386002,48.958000,43.881340,24677000
2021-03-02,49.036999,49.085999,47.959999,48.050999,43.068378,18546000
2021-03-03,47.799999,48.139000,46.196999,46.306000,41.504333,23991000
2021-03-04,46.167000,46.700001,44.143002,44.359001,39.759224,34575000
2021-03-05,45.424999,45.599998,43.299999,45.014000,40.346313,42414000
2021-03-08,44.682999,44.796001,41.925999,42.125000,37.756874,45243000
2021-03-09,43.569000,44.689999,43.060001,44.360001,39.760113,37884000
2021-03-10,44.735001,45.403000,43.509998,43.758999,39.221447,19914000
2021-03-11,44.902000,45.744999,44.209000,45.368999,40.664494,26170000
2021-03-12,44.535999,45.348999,44.452000,45.117001,40.438625,18906000
2021-03-15,45.518002,47.123001,45.319000,47.077000,42.195385,31241000
2021-03-16,47.126999,48.400002,46.741001,47.818001,42.859550,31190000
2021-03-17,47.029999,48.727001,47.000999,48.359001,43.344448,23754000
2021-03-18,47.456001,48.334999,46.375000,46.415001,41.602032,28728000
2021-03-19,45.705002,47.667999,45.410000,47.445999,42.858532,108602000
2021-03-22,47.291000,48.127998,47.167000,47.528000,42.932610,31805000
2021-03-23,47.377998,47.536999,46.264999,46.405998,41.919090,24712000
2021-03-24,46.945000,46.999001,45.687000,45.727001,41.305744,20882000
2021-03-25,45.495998,46.402000,44.931000,46.169998,41.705914,17537000
2021-03-26,45.664001,48.299999,45.664001,48.203999,43.543247,28925000
2021-03-29,48.040001,48.116001,46.827000,47.262001,42.692333,28410000
2021-03-30,46.388000,46.400002,45.161999,45.616001,41.205471,27935000
2021-03-31,45.900002,46.707001,45.240002,46.366001,41.882965,28684000
2021-04-01,47.207001,47.658001,46.919998,47.595001,42.993130,23528000
2021-04-05,48.029999,48.964001,47.681999,48.848000,44.124985,22966000
2021-04-06,48.312000,48.821999,47.773998,48.387001,43.708549,18063000
2021-04-07,48.000999,48.390999,47.799999,48.245998,43.581188,12074000
2021-04-08,48.798000,48.798000,48.012001,48.548000,43.853977,18121000
2021-04-09,48.000000,48.530998,47.653999,48.508999,43.818771,16614000
2021-04-12,48.193001,48.542000,47.860001,48.367001,43.690487,23247000
2021-04-13,48.500000,48.821999,48.028999,48.495998,43.807022,15281000
2021-04-14,48.247002,48.918999,47.519001,47.730000,43.115078,18220000
2021-04-15,48.164001,48.230999,47.678001,48.000000,43.358974,18370000
2021-04-16,48.048000,48.178001,47.678001,47.879002,43.249676,16263000
2021-04-19,47.653000,47.680000,46.005001,46.200001,41.733013,26319000
2021-04-20,46.000999,46.202999,45.453999,45.726002,41.304840,19128000
2021-04-21,45.521999,46.034000,45.259998,45.979000,41.533379,25947000
2021-04-22,45.509998,46.113998,44.900002,45.511002,41.110634,27057000
2021-04-23,45.848999,46.785000,45.750000,46.612999,42.106079,22890000
2021-04-26,46.702000,47.382999,46.356998,47.185001,42.622772,18271000
2021-04-27,47.369999,47.425999,46.506001,46.634998,42.125942,13267000
2021-04-28,46.536999,46.597000,45.605000,45.919998,41.480072,15940000
2021-04-29,46.969002,46.969002,45.903000,46.629002,42.120537,14650000
2021-04-30,45.971001,46.073002,45.383999,45.619999,41.209084,19367000
2021-05-03,45.974998,45.984001,44.827999,45.014000,40.661690,15098000
2021-05-04,44.722000,44.770000,43.730999,44.453999,40.155823,23497000
2021-05-05,45.041000,45.144001,44.237000,44.382999,40.091686,16388000
2021-05-06,44.380001,44.909000,43.984001,44.858002,40.520756,13495000
2021-05-07,45.459000,45.838001,44.919998,45.257999,40.882092,11712000
2021-05-10,44.838001,44.853001,43.577000,43.610001,39.393436,25239000
2021-05-11,42.500000,44.175999,42.305000,44.007000,39.752045,17887000
2021-05-12,42.929001,43.085999,41.914001,42.237999,38.154087,29940000
2021-05-13,42.988998,43.481998,42.563999,43.060001,38.896610,21841000
2021-05-14,43.639000,44.512001,43.205002,44.161999,39.892059,16964000
2021-05-17,44.214001,44.214001,43.284000,43.993999,39.740299,15725000
2021-05-18,44.391998,44.444000,43.327999,43.374001,39.180252,17824000
2021-05-19,42.599998,44.250000,42.570000,44.172001,39.901093,21369000
2021-05-20,44.575001,45.930000,44.533001,45.500000,41.100697,21886000
2021-05-21,45.799000,45.799000,44.933998,45.124001,40.761047,13216000
2021-05-24,45.692001,46.243999,45.636002,45.918999,41.479176,14420000
2021-05-25,46.189999,46.296001,45.650002,45.953999,41.510799,9600000
2021-05-26,46.077000,46.209999,45.553001,46.049000,41.596611,9873000
2021-05-27,46.000000,46.844002,45.965000,46.768002,42.246101,19098000
2021-05-28,47.000000,47.462002,46.768002,47.233002,42.666130,19946000
2021-06-01,47.543999,47.799999,46.720001,46.831001,42.303005,16277000
2021-06-02,47.182999,47.770000,46.946999,47.373001,42.792603,13286000
2021-06-03,46.880001,46.976002,46.326000,46.480000,41.985931,20389000
2021-06-04,47.049999,47.840000,46.952000,47.500000,42.907314,23865000
2021-06-07,47.299999,47.448002,46.247002,46.377998,41.893795,24142000
2021-06-08,46.805000,47.238998,46.351002,46.353001,41.871216,16615000
2021-06-09,46.719002,46.719002,46.172001,46.393002,41.907352,12126000
2021-06-10,46.549999,46.953999,46.021000,46.867001,42.335510,15413000
2021-06-11,46.844002,47.213001,46.715000,47.070000,42.518890,14508000
2021-06-14,47.049000,47.590000,46.605999,47.583000,42.982288,14675000
2021-06-15,47.655998,47.657001,46.855000,47.074001,42.522507,11131000
2021-06-16,47.027000,47.112000,46.147999,46.575001,42.071751,20437000
2021-06-17,46.487999,47.523998,46.394001,47.117001,42.561348,20881000
2021-06-18,46.727001,46.976002,46.050999,46.349998,41.868488,28537000
2021-06-21,46.117001,46.537998,45.844002,46.460999,42.297291,18591000
2021-06-22,46.658001,46.858002,46.132000,46.445000,42.282722,13722000
2021-06-23,46.386002,46.787998,46.304001,46.666000,42.483929,17674000
2021-06-24,46.988998,47.365002,46.860001,47.006001,42.793449,12502000
2021-06-25,47.134998,47.244999,46.000000,46.220001,42.077900,19100000
2021-06-28,46.599998,47.629002,46.550999,47.279999,43.042900,13987000
2021-06-29,47.237000,47.730999,47.074001,47.715000,43.438923,14184000
2021-06-30,47.813000,47.859001,47.252998,47.683998,43.410686,15381000
2021-07-01,47.784000,47.784000,46.893002,46.964001,42.755211,11153000
2021-07-02,47.676998,47.858002,45.570999,46.817001,42.621387,37054000
2021-07-06,47.040001,47.674999,46.830002,47.327999,43.086597,13870000
2021-07-07,47.500000,47.535999,46.637001,46.953999,42.746117,12581000
2021-07-08,46.442001,47.108002,46.155998,47.049999,42.833515,16011000
2021-07-09,46.957001,48.088001,46.803001,48.018002,43.714760,16782000
2021-07-12,48.132000,49.402000,47.326000,48.575001,44.221844,33142000
2021-07-13,48.533001,48.752998,48.200001,48.401001,44.063438,11806000
2021-07-14,48.919998,49.200001,48.075001,48.159000,43.843128,14020000
2021-07-15,48.327999,48.445000,47.312000,47.734001,43.456211,12624000
2021-07-16,47.905998,48.028000,46.726002,46.806999,42.612293,13980000
2021-07-19,46.348000,46.597000,45.758999,46.567001,42.393791,14938000
2021-07-20,46.789001,47.224998,46.327000,46.859001,42.659626,20727000
2021-07-21,46.963001,47.928001,46.849998,47.902000,43.609154,13660000
2021-07-22,47.660000,47.898998,47.451000,47.632999,43.364265,12583000
2021-07-23,48.002998,48.358002,47.682999,48.314999,43.985142,13489000
2021-07-26,48.216000,48.362000,47.967999,48.223999,43.902298,11160000
2021-07-27,48.076000,48.181000,46.779999,47.535999,43.275955,14715000
2021-07-28,47.669998,47.908001,47.431999,47.764999,43.484432,8359000
2021-07-29,47.847000,48.583000,47.743999,48.410999,44.072548,9162000
2021-07-30,48.195999,48.633999,47.957001,48.540001,44.189983,11548000
2021-08-02,48.904999,49.459999,48.351002,48.467999,44.124435,15619000
2021-08-03,48.549000,48.776001,47.995998,48.679001,44.316528,11135000
2021-08-04,48.853001,48.998001,48.401001,48.779999,44.408470,12123000
2021-08-05,49.042999,49.042999,48.488998,48.766998,44.396633,8372000
2021-08-06,48.507000,48.812000,48.403000,48.542999,44.192703,9964000
2021-08-09,48.648998,48.682999,48.099998,48.467999,44.124435,5952000
2021-08-10,48.590000,48.645000,47.783001,48.226002,43.904125,9319000
2021-08-11,48.480999,48.597000,47.979000,48.355000,44.021568,9816000
2021-08-12,48.228001,48.500000,47.673000,48.425999,44.086197,8702000
2021-08-13,48.261002,48.896999,48.210999,48.616001,44.259174,8582000
2021-08-16,48.483002,48.890999,48.439999,48.813999,44.439430,9188000
2021-08-17,48.558998,48.622002,47.452000,47.868999,43.579113,16499000
2021-08-18,47.665001,47.708000,46.834999,46.896999,42.694221,15616000
2021-08-19,46.634998,47.583000,46.265999,47.353001,43.109360,14044000
2021-08-20,47.282001,47.623001,47.043999,47.516998,43.258652,10007000
2021-08-23,47.632999,48.618999,47.570000,48.244999,43.921406,15707000
2021-08-24,48.240002,48.304001,48.015999,48.143002,43.828560,9429000
2021-08-25,48.157001,48.626999,48.157001,48.341000,44.008812,10017000
2021-08-26,48.299999,48.811001,48.060001,48.574001,44.220947,10836000
2021-08-27,48.800999,49.644001,48.664001,49.594002,45.149525,16459000
2021-08-30,50.000000,50.785000,49.825001,49.889000,45.418083,19614000
2021-08-31,50.129002,50.129002,49.270000,49.721001,45.265144,17378000
2021-09-01,49.626999,49.924000,49.289001,49.316002,44.896442,12586000
2021-09-02,49.578999,49.598000,49.015999,49.189999,44.781731,16991000
2021-09-03,49.591000,50.599998,49.504002,49.768002,45.307930,25191000
2021-09-07,49.759998,49.759998,49.099998,49.659000,45.208691,12398000
2021-09-08,49.962002,49.988998,48.811001,49.438000,45.007504,13987000
2021-09-09,49.285000,49.869999,49.285000,49.348999,44.926476,13174000
2021-09-10,49.705002,50.598999,49.651001,49.814999,45.350719,16110000
2021-09-13,50.200001,50.247002,49.326000,49.896000,45.424458,14927000
2021-09-14,50.200001,50.542000,49.835999,50.187000,45.689388,14134000
2021-09-15,50.212002,51.070000,49.942001,50.973999,46.405846,23346000
2021-09-16,50.520000,50.915001,50.021000,50.735001,46.188274,17569000
2021-09-17,50.396999,50.762001,50.099998,50.599998,46.065376,34470000
2021-09-20,49.900002,50.299999,48.844002,49.481998,45.047558,30105000
2021-09-21,49.348999,49.375000,48.700001,49.098999,45.026478,16935000
2021-09-22,49.424999,50.299999,49.222000,50.058998,45.906849,20610000
2021-09-23,50.250999,50.729000,50.058998,50.430000,46.247074,18370000
2021-09-24,50.227001,50.549999,50.083000,50.492001,46.303925,10605000
2021-09-27,49.978001,50.582001,49.737999,50.485001,46.297512,9831000
2021-09-28,49.700001,50.145000,49.054001,49.102001,45.029228,20124000
2021-09-29,49.362999,49.426998,48.764999,48.948002,44.888000,15783000
2021-09-30,49.452000,49.452000,48.448002,48.493000,44.470734,15735000
2021-10-01,48.785000,48.866001,47.750000,48.735001,44.692657,16052000
2021-10-04,48.493000,48.655998,47.278000,47.595001,43.647217,20093000
2021-10-05,47.594002,48.979000,47.533001,48.542000,44.515678,16557000
2021-10-06,48.313000,48.935001,47.970001,48.877998,44.823788,12042000
2021-10-07,49.263000,49.990002,49.263000,49.391998,45.295158,13261000
2021-10-08,49.681999,49.799999,49.127998,49.285000,45.197044,10279000
2021-10-11,49.124001,49.959000,49.084999,49.234001,45.150276,11186000
2021-10-12,49.584000,49.669998,48.202000,48.528000,44.502834,20991000
2021-10-13,48.117001,48.537998,47.955002,48.500999,44.478062,16424000
2021-10-14,49.186001,49.915001,49.082001,49.759998,45.632637,19233000
2021-10-15,50.439999,50.585999,50.108002,50.325001,46.150784,25103000
2021-10-18,50.039001,50.397999,49.866001,50.335999,46.160862,16042000
2021-10-19,50.431999,51.087002,50.176998,51.039001,46.805557,16383000
2021-10-20,51.099998,51.342999,50.844002,50.938999,46.713860,13458000
2021-10-21,50.942001,51.479000,50.860001,51.415001,47.150383,11787000
2021-10-22,51.473999,52.138000,51.301998,51.541000,47.265923,15367000
2021-10-25,51.749001,52.450001,51.518002,52.207001,47.876678,12416000
2021-10-26,52.522999,53.499001,52.400002,53.387001,48.958801,24043000
2021-10-27,53.181999,53.606998,52.186001,52.311001,47.972054,23500000
2021-10-28,52.414001,52.994999,52.342999,52.957001,48.564465,11872000
2021-10-29,52.349998,53.215000,52.349998,53.167000,48.757053,15564000
2021-11-01,53.034000,53.257999,52.493000,52.805000,48.425079,16896000
2021-11-02,52.744999,54.082001,52.667999,53.707001,49.252262,16262000
2021-11-03,53.904999,54.379002,53.376999,54.237000,49.738297,14038000
2021-11-04,54.380001,54.907001,54.091999,54.862000,50.311455,15956000
2021-11-05,55.000000,55.966999,54.980999,55.891998,51.256016,18674000
2021-11-08,56.196999,56.389000,55.810001,55.895000,51.258778,17231000
2021-11-09,55.918999,56.189999,55.514000,55.779999,51.153309,15838000
2021-11-10,55.430000,56.090000,54.805000,54.876999,50.325214,18450000
2021-11-11,55.269001,55.712002,54.881001,55.540001,50.933216,14157000
2021-11-12,55.841000,56.584000,55.459000,56.321999,51.650360,13592000
2021-11-15,56.769001,56.769001,55.983002,56.577000,51.884197,13972000
2021-11-16,56.409000,56.952999,56.273998,56.876999,52.159317,13194000
2021-11-17,56.813999,57.136002,56.410000,56.964001,52.239113,12532000
2021-11-18,57.110001,57.673000,56.964001,57.480999,52.713230,12712000
2021-11-19,57.627998,57.721001,56.592999,56.872002,52.154736,19612000
2021-11-22,57.167999,57.203999,55.248001,55.327999,50.738800,25898000
2021-11-23,55.242001,55.585999,54.853001,55.512001,50.907547,17109000
2021-11-24,55.323002,55.908001,54.738998,55.873001,51.238602,12084000
2021-11-26,55.176998,55.730000,54.332001,54.659000,50.125298,14219000
2021-11-29,55.619999,56.755001,55.368000,56.433998,51.753067,18703000
2021-11-30,56.327000,56.499001,55.200001,55.368000,50.775486,22574000
2021-12-01,56.348000,56.848000,55.333000,55.476002,50.874531,21980000
2021-12-02,54.606998,55.910999,54.400002,55.244999,50.662697,22619000
2021-12-03,56.493999,56.900002,55.040001,55.812000,51.182667,20305000
2021-12-06,56.465000,56.837002,55.595001,56.498001,51.811756,22482000
2021-12-07,57.200001,59.306999,57.200001,59.040001,54.142914,29562000
2021-12-08,59.094002,59.094002,58.243000,58.855999,53.974174,17998000
2021-12-09,58.244999,59.023998,58.244999,58.341999,53.502800,29080000
2021-12-10,62.397999,64.474998,61.859001,63.167999,57.928505,57087000
2021-12-13,63.400002,63.442001,62.123001,62.166000,57.009628,26898000
2021-12-14,61.784000,61.862000,60.563999,61.491001,56.390617,35956000
2021-12-15,61.556999,64.085999,61.034000,63.986000,58.678669,29092000
2021-12-16,63.736000,64.066002,61.150002,62.068001,56.919754,42748000
2021-12-17,61.752998,63.999001,61.509998,63.495998,58.229305,50661000
2021-12-20,62.630001,64.609001,62.508999,64.502998,59.152782,32770000
2021-12-21,64.809998,64.946999,63.330002,64.624001,59.642849,36534000
2021-12-22,64.332001,65.716003,63.925999,65.519997,60.469791,28383000
2021-12-23,65.612999,67.072998,65.612999,66.480003,61.355782,23596000
2021-12-27,66.480003,67.629997,66.445999,67.428001,62.230717,19442000
2021-12-28,67.754997,67.776001,66.703003,66.900002,61.743427,17247000
2021-12-29,66.980003,67.699997,66.912003,67.261002,62.076607,14797000
2021-12-30,67.309998,67.570000,66.384003,66.508003,61.381638,11473000
2021-12-31,66.696999,67.130997,66.327003,66.541000,61.412094,12046000
2022-01-03,66.632004,67.169998,66.122002,66.332001,61.219208,22591000
2022-01-04,66.288002,67.219002,65.723000,67.092003,61.920624,21103000
2022-01-05,67.121002,67.121002,64.200996,64.300003,59.343826,34961000
2022-01-06,64.015999,64.864998,63.443001,63.702999,58.792839,28581000
2022-01-07,63.584999,63.991001,61.846001,61.915001,57.142658,27832000
2022-01-10,60.886002,62.203999,60.356998,62.116001,57.328171,29793000
2022-01-11,61.554001,62.799999,61.457001,62.205002,57.410313,19037000
2022-01-12,62.750999,63.098999,61.973999,62.200001,57.405689,18806000
2022-01-13,62.747002,62.787998,59.415001,59.719002,55.115936,30048000
2022-01-14,59.577999,60.037998,59.200001,59.637001,55.040245,25661000
2022-01-18,58.832001,59.104000,57.598999,57.778999,53.325455,35825000
2022-01-19,58.158001,58.473000,56.333000,56.396999,52.049984,22692000
2022-01-20,56.799999,57.014000,54.676998,54.771999,50.550232,25225000
2022-01-21,54.664001,55.540001,53.133999,53.323002,49.212925,38010000
2022-01-24,53.089001,54.351002,51.340000,54.158001,49.983555,54256000
2022-01-25,52.799999,54.540001,52.422001,53.414001,49.296902,38158000
2022-01-26,55.200001,57.417000,55.007000,55.712002,51.417778,49715000
2022-01-27,56.972000,57.026001,54.103001,54.230999,50.050930,34183000
2022-01-28,54.335999,56.049999,53.238998,56.009998,51.692810,30254000
2022-01-31,55.939999,58.637001,55.599998,58.588001,54.072102,40288000
2022-02-01,58.587002,59.389999,57.582001,59.271999,54.703369,25719000
2022-02-02,59.900002,60.480000,59.362999,60.342999,55.691818,24443000
2022-02-03,59.567001,59.902000,58.012001,58.084999,53.607864,30602000
2022-02-04,57.638000,59.653000,57.613998,59.015999,54.467106,20548000
2022-02-07,59.015999,60.158001,58.416000,58.763000,54.233612,18671000
2022-02-08,58.838001,60.185001,58.699001,60.021999,55.395573,14570000
2022-02-09,60.735001,61.172001,60.155998,61.133999,56.421860,22004000
2022-02-10,59.529999,61.464001,58.856998,59.136002,54.577850,24920000
2022-02-11,59.136002,59.976002,56.908001,57.341999,52.922142,27281000
2022-02-14,57.500000,58.280998,57.007000,57.858002,53.398365,19291000
2022-02-15,58.903000,60.604000,58.825001,60.277000,55.630917,34284000
2022-02-16,59.405998,60.081001,58.722000,59.721001,55.117775,22931000
2022-02-17,58.970001,59.158001,57.889000,57.900002,53.437130,21424000
2022-02-18,58.094002,58.773998,57.327999,57.999001,53.528503,19708000
2022-02-22,57.999001,59.021000,56.980999,57.745998,53.295013,20204000
2022-02-23,58.022999,58.507000,56.473999,56.519001,52.162575,22416000
2022-02-24,55.158001,58.569000,54.902000,58.000000,53.529423,35316000
2022-02-25,57.983002,58.938000,57.400002,58.800999,54.268681,22380000
2022-02-28,58.099998,59.230000,57.638000,58.743999,54.216080,25005000
2022-03-01,58.479000,58.762001,56.529999,57.012001,52.617584,24898000
2022-03-02,57.452000,59.053001,57.358002,58.577999,54.062874,21771000
2022-03-03,59.368000,59.369999,57.432999,57.860001,53.400211,26454000
2022-03-04,59.278999,60.591000,58.401001,59.598999,55.005180,44757000
2022-03-07,59.708000,59.877998,57.000000,57.070000,52.671108,26494000
2022-03-08,57.216999,59.605000,56.361000,57.595001,53.155632,26993000
2022-03-09,58.879002,60.164001,58.700001,59.702000,55.100239,22560000
2022-03-10,58.556000,59.001999,57.637001,58.772999,54.242836,19323000
2022-03-11,59.200001,59.443001,57.712002,57.785000,53.330997,19813000
2022-03-14,57.695999,57.998001,56.474998,56.779999,52.403458,25234000
2022-03-15,57.727001,59.675999,57.504002,59.276001,54.707077,28260000
2022-03-16,59.665001,60.771000,58.405998,60.712002,56.032394,29454000
2022-03-17,60.472000,60.700001,59.763000,60.266998,55.621685,18174000
2022-03-18,60.396999,61.320999,59.598999,61.041000,56.336033,41538000
2022-03-21,60.560001,60.560001,58.886002,60.129002,55.869591,25789000
2022-03-22,60.172001,61.349998,59.932999,61.133999,56.803398,19262000
2022-03-23,60.799999,61.137001,59.916000,59.938000,55.692123,13839000
2022-03-24,60.662998,62.722000,60.200001,62.643002,58.205494,26016000
2022-03-25,62.708000,63.041000,62.007000,62.887001,58.432217,14538000
2022-03-28,62.588001,63.330002,61.577999,63.287998,58.804806,14427000
2022-03-29,64.000000,64.530998,63.000000,64.147003,59.602962,23001000
2022-03-30,63.887001,64.429001,62.733002,63.109001,58.638493,18626000
2022-03-31,63.048000,63.900002,62.805000,62.967999,58.507477,21731000
2022-04-01,63.168999,63.457001,61.868999,62.698002,58.256611,16267000
2022-04-04,62.641998,63.672001,62.452000,63.485001,58.987850,16484000
2022-04-05,62.955002,63.226002,61.299999,61.411999,57.061710,19778000
2022-04-06,60.208000,61.159000,59.376999,60.200001,55.935562,23742000
2022-04-07,59.983002,60.764000,59.324001,60.305000,56.033115,16583000
2022-04-08,59.737999,59.859001,58.597000,58.700001,54.541817,20464000
2022-04-11,58.257999,58.928001,57.943001,58.061001,53.948086,23512000
2022-04-12,58.910999,59.859001,58.216999,58.507000,54.362488,17350000
2022-04-13,58.849998,59.671001,58.605000,59.254002,55.056572,20266000
2022-04-14,59.499001,59.706001,57.285999,57.384998,53.319969,27385000
2022-04-18,57.285000,59.122002,57.285000,58.650002,54.495358,21375000
2022-04-19,57.936001,59.869999,57.936001,59.762001,55.528591,16581000
2022-04-20,60.419998,61.342999,59.513000,59.771999,55.537865,13920000
2022-04-21,60.554001,61.587002,59.066002,59.272999,55.074223,20352000
2022-04-22,59.011002,59.874001,58.625999,58.695000,54.537163,21064000
2022-04-25,58.148998,58.875999,57.112000,58.787998,54.623581,26959000
2022-04-26,58.380001,58.546001,55.971001,56.007000,52.039581,35809000
2022-04-27,55.578999,57.007999,55.500000,55.953999,51.990341,19313000
2022-04-28,56.594002,58.501999,55.797001,57.894001,53.792915,22334000
2022-04-29,57.262001,57.827999,55.340000,55.438999,51.511818,26108000
2022-05-02,55.714001,57.764000,55.638000,57.634998,53.552258,26725000
2022-05-03,57.601002,58.674999,57.176998,58.117001,54.000111,17064000
2022-05-04,58.179001,60.407001,57.397999,60.366001,56.089802,23896000
2022-05-05,59.423000,59.786999,57.429001,57.999001,53.890472,32806000
2022-05-06,57.493999,58.998001,56.943001,58.009998,53.900696,20745000
2022-05-09,57.287998,57.799999,56.027000,56.292000,52.304386,30074000
2022-05-10,58.049000,59.115002,57.180000,58.139000,54.020550,29271000
2022-05-11,57.458000,58.469002,56.585999,56.710999,52.693707,26660000
2022-05-12,56.340000,57.361000,55.826000,57.157001,53.108116,25518000
2022-05-13,57.705002,59.159000,57.349998,58.824001,54.657028,19449000
2022-05-16,58.438000,58.914001,57.764999,58.266998,54.139481,14189000
2022-05-17,59.544998,60.900002,59.361000,60.814999,56.506992,24676000
2022-05-18,60.000000,60.071999,56.618000,57.056999,53.015205,35024000
2022-05-19,55.799999,56.075001,53.896000,54.620998,50.751762,34884000
2022-05-20,55.389999,55.499001,51.243999,54.319000,50.471157,40281000
2022-05-23,52.400002,53.556999,51.425999,52.636002,48.907379,58586000
2022-05-24,52.666000,52.887001,51.618999,52.419998,48.706680,25060000
2022-05-25,52.389999,53.744999,52.389999,53.162998,49.397038,17842000
2022-05-26,53.153999,55.457001,52.771999,55.066002,51.165241,39743000
2022-05-27,56.209000,58.546001,56.000999,58.327999,54.196163,37301000
2022-05-31,58.450001,58.702999,57.599998,58.013000,53.903481,30009000
2022-06-01,58.757999,59.094002,56.842999,57.362000,53.298595,18345000
2022-06-02,57.775002,57.777000,56.813000,57.674000,53.588490,29488000
2022-06-03,56.887001,56.959999,56.098000,56.332001,52.341568,20562000
2022-06-06,57.152000,57.271999,55.754002,56.123001,52.147373,14557000
2022-06-07,56.054001,57.453999,55.752998,57.299000,53.240055,15895000
2022-06-08,57.181999,57.626999,56.214001,56.535999,52.531105,24004000
2022-06-09,56.116001,57.363998,55.592999,55.622002,51.681862,18787000
2022-06-10,55.008999,55.104000,53.972000,54.126999,50.292763,24018000
2022-06-13,52.678001,53.299999,51.602001,51.762001,48.095291,31619000
2022-06-14,52.497002,52.497002,51.459000,52.016998,48.332218,24380000
2022-06-15,52.915001,53.382999,51.551998,52.671001,48.939899,19141000
2022-06-16,51.195000,51.443001,49.228001,49.717999,46.196079,37244000
2022-06-17,49.500000,50.035999,48.786999,49.865002,46.332668,43504000
2022-06-21,50.408001,51.091000,50.289001,50.376999,47.196461,21901000
2022-06-22,49.631001,50.376999,49.419998,49.610001,46.477882,24721000
2022-06-23,50.174999,50.174999,49.101002,49.658001,46.522850,16707000
2022-06-24,50.500000,51.180000,50.145000,50.909000,47.694870,21201000
2022-06-27,51.380001,51.403999,50.282001,50.570999,47.378212,13207000
2022-06-28,51.261002,51.415001,49.811001,49.845001,46.698044,15667000
2022-06-29,49.548000,49.592999,48.667000,49.041000,45.944809,14444000
2022-06-30,48.803001,49.374001,48.070999,48.581001,45.513859,18890000
2022-07-01,47.941002,48.426998,46.943001,47.784000,44.767166,21315000
2022-07-05,47.200001,47.693001,46.390999,47.630001,44.622894,20711000
2022-07-06,48.053001,48.705002,47.549999,48.261002,45.214046,22975000
2022-07-07,48.811001,50.139000,48.811001,49.854000,46.706478,21319000
2022-07-08,49.299000,49.963001,49.000000,49.868999,46.720531,12713000
2022-07-11,48.949001,49.161999,48.098000,48.285999,45.237473,21449000
2022-07-12,48.782001,49.259998,48.007000,48.137001,45.097881,21159000
2022-07-13,47.498001,48.563999,47.229000,48.173000,45.131599,17665000
2022-07-14,48.244999,48.667999,47.342999,48.464001,45.404236,19957000
2022-07-15,49.083000,49.473999,48.612999,49.445999,46.324242,18714000
2022-07-18,50.015999,50.241001,48.819000,49.105999,46.005711,18042000
2022-07-19,49.680000,51.134998,49.589001,50.900002,47.686440,27257000
2022-07-20,50.953999,51.761002,50.446999,51.176998,47.945950,27412000
2022-07-21,51.255001,51.780998,50.602001,51.768002,48.499638,13912000
2022-07-22,51.881001,51.979000,50.667999,51.251999,48.016212,17867000
2022-07-25,51.046001,51.332001,50.653000,51.311001,48.071491,15061000
2022-07-26,51.463001,51.681000,50.891998,51.109001,47.882240,17958000
2022-07-27,51.820000,53.019001,51.693001,52.778999,49.446804,25699000
2022-07-28,52.859001,53.652000,52.057999,53.361000,49.992073,14867000
2022-07-29,53.198002,53.783001,53.027000,53.548000,50.167252,18482000
2022-08-01,53.143002,53.979000,53.043999,53.637001,50.250652,11485000
2022-08-02,53.321999,53.919998,52.723000,53.120998,49.767216,13072000
2022-08-03,53.528999,54.799999,53.411999,54.674000,51.222172,19228000
2022-08-04,54.841000,55.314999,54.500999,55.279999,51.789902,16293000
2022-08-05,54.490002,55.200001,54.327999,55.144001,51.662495,14357000
2022-08-08,54.935001,55.299000,53.874001,54.553001,51.108810,13722000
2022-08-09,53.909000,53.935001,52.775002,53.279999,49.916180,20072000
2022-08-10,54.605999,55.102001,53.924000,55.041000,51.566006,19519000
2022-08-11,55.395000,55.777000,54.424999,54.542999,51.099438,14268000
2022-08-12,54.780998,55.841000,54.564999,55.823002,52.298630,18399000
2022-08-15,55.423000,55.979000,55.049999,55.896000,52.367020,14329000
2022-08-16,55.751999,55.793999,54.601002,55.165001,51.682171,14782000
2022-08-17,54.437000,54.471001,53.104000,53.859001,50.458626,19022000
2022-08-18,54.341000,56.056000,54.162998,55.845001,52.319237,23459000
2022-08-19,55.085999,55.557999,54.786999,54.842999,51.380489,16923000
2022-08-22,54.257000,54.308998,52.705002,52.875000,49.536751,18555000
2022-08-23,53.384998,53.762001,52.890999,52.978001,49.633244,9003000
2022-08-24,52.956001,53.130001,52.344002,53.084000,49.732548,11883000
2022-08-25,53.345001,55.048000,53.226002,55.013000,51.539772,17345000
2022-08-26,54.883999,55.098999,52.000000,52.085999,48.797558,25682000
2022-08-29,52.000000,52.273998,51.200001,51.417999,48.171730,16580000
2022-08-30,51.683998,51.791000,50.139000,50.639000,47.441914,18282000
2022-08-31,51.015999,51.015999,49.653999,49.910999,46.759872,32445000
2022-09-01,49.146999,49.328999,48.084000,49.201000,46.094700,31930000
2022-09-02,51.799999,51.980999,49.830002,50.021999,46.863876,40426000
2022-09-06,49.853001,50.400002,49.036999,49.820000,46.674622,24738000
2022-09-07,50.291000,50.943001,49.908001,50.513000,47.323868,20440000
2022-09-08,50.259998,51.273998,49.869999,51.193001,47.960941,22535000
2022-09-09,51.543999,52.597000,51.543999,52.240002,48.941837,23019000
2022-09-12,52.674999,53.125999,52.456001,52.905998,49.565784,18157000
2022-09-13,51.383999,51.827000,50.167999,50.365002,47.185215,35136000
2022-09-14,50.713001,51.299999,50.277000,51.075001,47.850395,20605000
2022-09-15,50.893002,51.155998,49.728001,50.014000,46.856377,36574000
2022-09-16,49.771999,50.368999,48.986000,50.250000,47.077469,59012000
2022-09-19,49.442001,50.339001,49.442001,50.183998,47.015644,17948000
2022-09-20,49.599998,49.882999,48.972000,49.306000,46.193073,17132000
2022-09-21,49.098999,49.987999,48.176998,48.214001,45.548775,20669000
2022-09-22,48.243000,48.320999,47.299999,47.761002,45.120823,23540000
2022-09-23,47.494999,47.799000,46.200001,46.868000,44.277191,29649000
2022-09-26,46.897999,47.330002,46.131001,46.226002,43.670677,19361000
2022-09-27,46.955002,46.988998,45.651001,46.474998,43.905910,17850000
2022-09-28,46.133999,46.875000,45.634998,46.596001,44.020226,27605000
2022-09-29,46.090000,46.137001,44.487999,45.013000,42.524723,39997000
2022-09-30,44.905998,45.782001,44.363998,44.401001,41.946552,27202000
2022-10-03,44.924000,46.095001,44.696999,45.678001,43.152962,21479000
2022-10-04,46.849998,48.015999,46.585999,47.986000,45.333385,27277000
2022-10-05,47.255001,48.808998,47.146000,48.480000,45.800072,18493000
2022-10-06,48.379002,48.970001,47.872002,47.950001,45.299374,17250000
2022-10-07,47.237999,47.334000,45.902000,46.048000,43.502514,28425000
2022-10-10,46.000000,46.009998,43.183998,43.770000,41.350437,33454000
2022-10-11,43.520000,43.869999,42.557999,43.076000,40.694805,28046000
2022-10-12,43.224998,43.571999,42.800999,43.056999,40.676846,15046000
2022-10-13,41.742001,44.376999,41.507000,43.797001,41.375942,27980000
2022-10-14,44.327999,44.396000,42.640999,42.709999,40.349037,22816000
2022-10-17,43.955002,44.124001,43.339001,43.536999,41.130314,24120000
2022-10-18,44.820999,44.855000,43.015999,43.483002,41.079300,20341000
2022-10-19,43.323002,43.830002,43.088001,43.529999,41.123692,12702000
2022-10-20,43.513000,44.219002,42.813999,43.029999,40.651337,23402000
2022-10-21,43.209000,45.066002,42.917000,44.973000,42.486942,26980000
2022-10-24,45.272999,45.879002,45.111000,45.652000,43.128403,25287000
2022-10-25,45.799000,46.425999,45.682999,46.007000,43.463779,18246000
2022-10-26,45.799000,47.175999,45.534000,46.118000,43.568645,29291000
2022-10-27,46.605000,47.077000,45.491001,45.540001,43.022598,18512000
2022-10-28,45.695999,47.433998,45.564999,47.290001,44.675846,23094000
2022-10-31,46.685001,47.280998,46.500999,47.012001,44.413212,19259000
2022-11-01,47.580002,47.682999,46.317001,46.790001,44.203495,16324000
2022-11-02,47.028000,48.044998,45.571999,45.603001,43.082115,21070000
2022-11-03,45.094002,45.285999,44.136002,44.411999,41.956947,23887000
2022-11-04,45.686001,46.889000,45.327999,46.529999,43.957867,28891000
2022-11-07,46.676998,47.773998,46.157001,47.521999,44.895031,17687000
2022-11-08,48.125000,48.880001,47.349998,48.210999,45.545937,20743000
2022-11-09,47.849998,47.900002,46.903000,46.946999,44.351818,23695000
2022-11-10,49.099998,50.716999,48.719002,50.657001,47.856731,33970000
2022-11-11,50.480000,51.900002,50.200001,51.808998,48.945042,26728000
2022-11-14,51.539001,52.501999,51.299999,51.321999,48.484970,21608000
2022-11-15,52.995998,53.257000,51.591000,52.442001,49.543056,23315000
2022-11-16,51.672001,51.854000,51.028000,51.173000,48.344208,25405000
2022-11-17,50.500000,51.273998,50.313999,51.210999,48.380108,20375000
2022-11-18,51.687000,51.772999,51.099998,51.515999,48.668243,14536000
2022-11-21,51.293999,52.084999,51.111000,51.743999,48.883644,18622000
2022-11-22,52.297001,53.028000,51.901001,53.005001,50.074936,18920000
2022-11-23,53.035000,54.147999,52.880001,53.363998,50.414093,13964000
2022-11-25,53.069000,53.458000,52.948002,52.991001,50.061707,7455000
2022-11-28,52.523998,52.875999,51.624001,52.221001,49.334282,23505000
2022-11-29,52.299999,52.584999,51.483002,52.139000,49.256805,12694000
2022-11-30,52.410999,55.166000,51.783001,55.103001,52.056957,47349000
2022-12-01,55.103001,55.242001,54.195999,55.075001,52.030510,23006000
2022-12-02,53.705002,54.270000,53.608002,54.080002,51.090511,19320000
2022-12-05,53.777000,53.948002,52.549000,53.063999,50.130669,18548000
2022-12-06,53.064999,53.356998,52.174999,52.582001,49.675320,19655000
2022-12-07,51.959999,52.500000,51.605000,51.849998,48.983780,16524000
2022-12-08,52.081001,53.242001,52.037998,53.108002,50.172245,27514000
2022-12-09,55.094002,55.264000,54.099998,54.472000,51.460838,37028000
2022-12-12,54.474998,55.687000,54.223999,55.662998,52.586002,23416000
2022-12-13,57.582001,58.183998,56.502998,57.104000,53.947350,40414000
2022-12-14,56.855000,58.564999,56.772999,57.444000,54.268555,35218000
2022-12-15,56.377998,56.648998,55.770000,55.799999,52.715431,36876000
2022-12-16,55.744999,55.980000,55.087002,55.591000,52.517982,49549000
2022-12-19,55.402000,55.647999,54.571999,54.963001,52.357948,25092000
2022-12-20,54.516998,54.900002,54.091999,54.402000,51.823536,29831000
2022-12-21,54.766998,56.191002,54.695000,56.123001,53.462975,25619000
2022-12-22,55.334999,55.493999,54.720001,55.308998,52.687550,27553000
2022-12-23,55.000000,55.362000,54.744999,55.243000,52.624680,13761000
2022-12-27,55.154999,55.811001,54.694000,55.354000,52.730415,16677000
2022-12-28,55.164001,55.777000,54.244999,54.488998,51.906414,15410000
2022-12-29,55.185001,56.259998,55.049999,55.780998,53.137177,18176000
2022-12-30,55.181999,55.965000,54.800999,55.912998,53.262917,14376000
2023-01-03,56.500000,56.757000,55.078999,55.348000,52.724701,20173000
2023-01-04,56.299000,56.816002,55.603001,56.023998,53.368660,17074000
2023-01-05,55.570999,55.984001,55.112000,55.501999,52.871395,16277000
2023-01-06,56.312000,59.099998,56.230000,58.842999,56.054043,35261000
2023-01-09,59.230000,60.167000,56.056000,57.688999,54.954750,37739000
2023-01-10,57.200001,57.513000,54.999001,57.493000,54.768036,44635000
2023-01-11,57.299999,57.834000,56.687000,57.813999,55.073818,22502000
2023-01-12,57.558998,58.511002,57.375999,58.194000,55.435814,19514000
2023-01-13,57.715000,58.193001,57.667000,57.900002,55.155743,19647000
2023-01-17,57.490002,58.535999,57.453999,57.924000,55.178608,15835000
2023-01-18,58.320999,58.756001,57.372002,57.429001,54.707069,15703000
2023-01-19,56.911999,57.006001,56.030998,56.321999,53.652531,22692000
2023-01-20,56.303001,57.136002,55.910999,57.077999,54.372704,22950000
2023-01-23,57.200001,58.479000,56.978001,58.162998,55.406273,23429000
2023-01-24,57.844002,58.668999,57.563000,58.502998,55.730152,13825000
2023-01-25,57.766998,58.696999,57.604000,58.568001,55.792084,13766000
2023-01-26,59.041000,60.056000,58.625999,59.858002,57.020954,24525000
2023-01-27,59.332001,59.924999,59.019001,59.098999,56.297916,19344000
2023-01-30,58.299999,58.960999,57.976002,58.145000,55.389137,16984000
2023-01-31,58.207001,58.723000,58.074001,58.500999,55.728252,23719000
2023-02-01,58.356998,60.830002,58.270000,60.275002,57.418182,26553000
2023-02-02,60.763000,61.313999,59.974998,60.577000,57.705864,24188000
2023-02-03,59.799999,60.804001,59.625000,59.762001,56.929497,19093000
2023-02-06,59.334000,60.321999,59.226002,60.130001,57.280056,18709000
2023-02-07,60.066002,61.701000,59.972000,61.445000,58.532719,24025000
2023-02-08,60.667999,61.018002,60.062000,60.171001,57.319103,15290000
2023-02-09,61.259998,61.493000,59.548000,59.941002,57.100010,18837000
2023-02-10,59.631001,59.846001,58.963001,59.325001,56.513210,21035000
2023-02-13,59.500000,60.147999,59.347000,60.112000,57.262897,19847000
2023-02-14,59.417000,60.557999,59.332001,60.230999,57.376263,17571000
2023-02-15,59.886002,60.827999,59.669998,60.769001,57.888767,12683000
2023-02-16,60.075001,60.894001,59.955002,60.054001,57.207657,17449000
2023-02-17,60.000000,60.084999,59.244999,59.558998,56.736111,14215000
2023-02-21,59.000000,59.308998,57.984001,58.153999,55.397709,22737000
2023-02-22,58.224998,58.308998,57.209999,57.617001,54.886154,23475000
2023-02-23,58.575001,58.594002,57.368000,58.380001,55.612999,18939000
2023-02-24,57.752998,58.023998,57.361000,57.775002,55.036674,15353000
2023-02-27,58.587002,58.980000,58.425999,58.544998,55.770180,18321000
2023-02-28,58.556000,59.858002,58.217999,59.429001,56.612270,27822000
2023-03-01,59.400002,59.820999,59.029999,59.356998,56.543690,15484000
2023-03-02,58.938999,60.094002,58.612999,59.865002,57.027618,27525000
2023-03-03,61.770000,63.573002,61.575001,63.276001,60.276943,46088000
2023-03-06,63.500000,64.404999,63.173000,63.292000,60.292183,24983000
2023-03-07,63.487000,63.577999,62.351002,62.514999,59.552006,19334000
2023-03-08,62.778000,63.272999,62.367001,63.226002,60.229309,20912000
2023-03-09,63.007999,64.244003,62.188000,62.251999,59.301464,21775000
2023-03-10,62.819000,63.015999,61.282001,61.483002,58.568924,26098000
2023-03-13,60.709000,62.438999,60.688000,61.646999,58.725151,22364000
2023-03-14,62.339001,63.337002,61.849998,63.245998,60.248363,25893000
2023-03-15,62.766998,63.007000,61.619999,62.604000,59.636795,22963000
2023-03-16,62.185001,63.707001,61.780998,63.650002,60.633217,31716000
2023-03-17,63.650002,63.957001,62.708000,63.097000,60.106422,79303000
2023-03-20,63.273998,64.473999,63.160000,64.371002,61.320049,25857000
2023-03-21,64.308998,64.658997,63.432999,63.674999,61.093605,25000000
2023-03-22,63.689999,64.849998,63.067001,63.091999,60.534237,25799000
2023-03-23,63.889999,64.818001,63.153000,63.923000,61.331558,27162000
2023-03-24,63.803001,63.930000,62.855000,63.617001,61.037960,17228000
2023-03-27,63.900002,63.910000,62.598999,62.683998,60.142776,14707000
2023-03-28,62.522999,62.653999,61.886002,62.470001,59.937454,12439000
2023-03-29,63.278000,63.401001,62.464001,62.549999,60.014217,26395000
2023-03-30,63.272999,63.605000,62.930000,63.375000,60.805771,21523000
2023-03-31,63.054001,64.222000,62.591000,64.153999,61.553188,22097000
2023-04-03,63.900002,64.389999,63.644001,64.247002,61.642426,15682000
2023-04-04,64.315002,64.424004,63.200001,63.441002,60.869095,13429000
2023-04-05,63.113998,63.169998,62.570000,62.901001,60.350986,16908000
2023-04-06,62.416000,62.840000,61.896999,62.264000,59.739811,14493000
2023-04-10,61.805000,62.786999,61.645000,62.738998,60.195553,15400000
2023-04-11,63.077999,63.088001,62.082001,62.157001,59.637150,16518000
2023-04-12,62.734001,62.751999,61.625999,61.669998,59.169888,14112000
2023-04-13,61.907001,62.650002,61.710999,62.424000,59.893322,17265000
2023-04-14,62.048000,62.803001,61.521000,61.953999,59.442375,17465000
2023-04-17,61.861000,62.834000,61.780998,62.736000,60.192677,13201000
2023-04-18,63.161999,63.549999,62.713001,63.231998,60.668568,16806000
2023-04-19,62.679001,63.679001,62.555000,63.450001,60.877735,19060000
2023-04-20,62.785999,64.273003,62.714001,63.301998,60.735722,20239000
2023-04-21,63.060001,63.380001,62.199001,63.290001,60.724213,14807000
2023-04-24,63.363998,63.884998,63.179001,63.453999,60.881569,12338000
2023-04-25,63.398998,63.598999,62.174000,62.202000,59.680317,23670000
2023-04-26,61.997002,62.313000,61.351002,61.618999,59.120953,17179000
2023-04-27,61.618999,62.008999,60.323002,61.841000,59.333950,18250000
2023-04-28,61.907001,62.678001,61.456001,62.650002,60.110161,16183000
2023-05-01,62.650002,63.898998,62.619999,63.794998,61.208744,17030000
2023-05-02,62.576000,62.650002,60.501999,61.234001,58.751572,28357000
2023-05-03,61.689999,62.195000,61.240002,61.320000,58.834080,19816000
2023-05-04,61.000000,61.396000,60.129002,61.015999,58.542404,17684000
2023-05-05,61.595001,63.146999,61.337002,63.012001,60.457489,24876000
2023-05-08,62.978001,63.073002,62.057999,62.905998,60.355782,13934000
2023-05-09,62.272999,62.407001,61.585999,61.851002,59.343555,16990000
2023-05-10,62.206001,62.799999,61.827000,62.626999,60.088093,19174000
2023-05-11,62.658001,62.848000,61.799000,62.766998,60.222416,14430000
2023-05-12,62.838001,63.270000,62.421001,63.115002,60.556316,11942000
2023-05-15,63.187000,64.001999,62.847000,63.980000,61.386238,14614000
2023-05-16,64.045998,64.691002,63.873001,64.143997,61.543591,14967000
2023-05-17,64.735001,66.089996,64.458000,65.747002,63.081604,24133000
2023-05-18,65.599998,67.935997,65.599998,67.790001,65.041779,26389000
2023-05-19,68.000000,68.495003,67.841003,68.224998,65.459167,22968000
2023-05-22,68.139999,68.468002,67.412003,67.836998,65.086884,17796000
2023-05-23,69.064003,69.899002,68.202003,68.650002,65.866936,36088000
2023-05-24,68.143997,68.431000,67.606003,67.953003,65.198166,23021000
2023-05-25,69.941002,73.238998,69.077003,72.879997,69.925423,49263000
2023-05-26,74.742996,81.498001,74.702003,81.273003,77.978180,82500000
2023-05-30,83.512001,92.178001,79.880997,80.334000,77.077255,116912000
2023-05-31,79.489998,82.167000,79.013000,80.795998,77.520515,89998000
2023-06-01,80.061996,80.579002,78.515999,78.995003,75.792542,80792000
2023-06-02,79.064003,82.376999,78.720001,81.199997,77.908134,62815000
2023-06-05,80.919998,80.919998,79.447998,80.230003,76.977463,26222000
2023-06-06,80.199997,80.199997,77.638000,79.000000,75.797325,37823000
2023-06-07,78.982002,80.544998,78.750999,79.263000,76.049683,28957000
2023-06-08,79.490997,80.500999,78.877998,80.419998,77.159760,21909000
2023-06-09,80.580002,81.775002,80.388000,80.461998,77.200058,19241000
2023-06-12,81.112000,85.800003,81.112000,85.536003,82.068359,51065000
2023-06-13,86.112999,86.325996,84.099998,85.112000,81.661552,38990000
2023-06-14,85.589996,88.853996,84.722000,88.617996,85.025414,43524000
2023-06-15,88.441002,88.796997,87.101997,88.343002,84.761566,33814000
2023-06-16,88.928001,88.995003,86.544998,86.810997,83.291656,68299000
2023-06-20,86.265999,87.707001,86.100998,86.803001,83.283997,27535000
2023-06-21,86.000000,86.599998,84.459999,84.765999,81.762871,23229000
2023-06-22,84.509003,84.890999,83.530998,84.242996,81.258385,23464000
2023-06-23,83.401001,83.601997,81.885002,82.214996,79.302231,37413000
2023-06-26,82.500000,83.699997,82.022003,82.163002,79.252106,21372000
2023-06-27,82.867996,85.000000,82.099998,84.839996,81.834229,24923000
2023-06-28,83.873001,85.852997,83.706001,84.793999,81.789856,19445000
2023-06-29,85.445000,86.283997,84.640999,86.257004,83.201042,23386000
2023-06-30,86.851997,87.457001,86.432999,86.742996,83.669815,23145000
2023-07-03,86.862000,87.672997,86.491997,87.643997,84.538902,9038000
2023-07-05,86.739998,87.690002,86.175003,86.185997,83.132553,14440000
2023-07-06,84.500000,85.389999,84.432999,84.800003,81.795670,23939000
2023-07-07,85.042999,85.799004,84.466003,84.675003,81.675102,19409000
2023-07-10,84.828003,87.917000,84.828003,87.773003,84.663338,30622000
2023-07-11,88.111000,88.300003,86.462997,88.205002,85.080032,25498000
2023-07-12,88.900002,89.759003,88.199997,88.995003,85.842041,28197000
2023-07-13,89.893997,89.893997,87.827003,89.036003,85.881592,25912000
2023-07-14,88.615997,90.334999,88.615997,88.858002,85.709885,18510000
2023-07-17,89.100998,91.320999,88.977997,91.035004,87.809761,26819000
2023-07-18,90.598000,90.989998,89.825996,90.343002,87.142296,24513000
2023-07-19,89.726997,90.597000,88.563004,90.137001,86.943581,24118000
2023-07-20,89.253998,90.699997,88.599998,88.834000,85.686745,28268000
2023-07-21,90.448997,91.114998,89.383003,89.675003,86.497940,74287000
2023-07-24,90.080002,90.543999,89.422997,90.158997,86.964813,19992000
2023-07-25,90.061996,92.318001,90.061996,91.799004,88.546700,20042000
2023-07-26,90.900002,91.061996,88.764999,89.308998,86.144905,19877000
2023-07-27,90.849998,90.985001,88.599998,89.352997,86.187340,21922000
2023-07-28,89.931999,90.356003,89.394997,89.978996,86.791176,18791000
2023-07-31,89.750000,90.099998,89.099998,89.864998,86.681206,14952000
2023-08-01,89.898003,92.061996,89.769997,92.000000,88.740562,19683000
2023-08-02,91.230003,91.300003,89.028999,89.230003,86.068703,26877000
2023-08-03,88.662003,89.532997,88.108002,88.498001,85.362648,18281000
2023-08-04,88.498001,89.362000,87.336998,88.165001,85.041451,21156000
2023-08-07,88.767998,89.737000,88.527000,89.706001,86.527840,11146000
2023-08-08,89.009003,89.059998,87.339996,88.316002,85.187096,14081000
2023-08-09,88.272003,88.352997,84.872002,85.072998,82.058983,24672000
2023-08-10,85.311996,86.150002,83.707001,84.290001,81.303734,20186000
2023-08-11,83.401001,83.639999,82.348000,82.975998,80.036270,20331000
2023-08-14,83.112999,85.417999,82.737999,85.410004,82.384048,17688000
2023-08-15,84.920998,85.461998,83.646004,84.251999,81.267082,14035000
2023-08-16,84.778999,85.449997,83.195999,83.299004,80.347847,16003000
2023-08-17,83.651001,83.942001,82.700996,82.709999,79.779701,19228000
2023-08-18,82.000000,82.817001,81.199997,82.584000,79.658165,17759000
2023-08-21,83.405998,86.734001,83.177002,86.514000,83.448929,30012000
2023-08-22,87.341003,87.474998,85.087997,85.579002,82.547058,17079000
2023-08-23,85.077003,87.819000,85.000000,87.657997,84.552399,19692000
2023-08-24,90.235001,90.986000,85.246002,85.445999,82.418785,30934000
2023-08-25,85.702003,86.944000,83.766998,85.181999,82.164116,24181000
2023-08-28,85.639000,86.413002,84.710999,86.108002,83.057320,14306000
2023-08-29,85.839996,89.283997,85.641998,88.992996,85.840103,27822000
2023-08-30,89.238998,89.871002,87.911003,89.227997,86.066788,23234000
2023-08-31,89.801003,92.366997,89.376999,92.289001,89.019348,55203000
2023-09-01,90.186996,90.186996,86.466003,87.251999,84.160789,65017000
2023-09-05,86.950996,88.300003,86.699997,87.217003,84.127037,24808000
2023-09-06,87.250000,87.737000,86.674004,87.226997,84.136665,20142000
2023-09-07,85.949997,86.168999,84.052002,85.703003,82.666672,27789000
2023-09-08,85.500000,86.083000,85.012001,85.754997,82.716820,16810000
2023-09-11,86.876999,86.900002,84.565002,85.914001,82.870193,15710000
2023-09-12,85.024002,85.827003,84.166000,84.452003,81.459999,16680000
2023-09-13,84.719002,85.911003,84.424004,85.292999,82.271194,17413000
2023-09-14,85.903000,87.667000,85.500000,87.164001,84.075920,19648000
2023-09-15,86.816002,86.816002,84.290001,85.167999,82.150627,50190000
2023-09-18,84.258003,85.633003,84.000000,85.000000,81.988579,16541000
2023-09-19,84.598999,85.102997,83.849998,84.919998,81.911400,13126000
2023-09-20,84.999001,84.999001,83.035004,83.056999,80.550735,13681000
2023-09-21,79.511002,82.250000,79.509003,80.835999,78.396759,53654000
2023-09-22,81.124001,83.057999,81.038002,82.907997,80.406235,27764000
2023-09-25,82.800003,83.856003,82.301003,83.389000,80.872711,15648000
2023-09-26,82.917000,83.027000,81.121002,81.619003,79.156128,17641000
2023-09-27,81.926003,82.367996,80.438004,81.681000,79.216278,15352000
2023-09-28,82.016998,83.886002,81.468002,83.199997,80.689415,16180000
2023-09-29,83.644997,84.403999,82.291000,83.057999,80.551712,16481000
2023-10-02,82.905998,83.856003,82.349998,83.495003,80.975533,14676000
2023-10-03,82.699997,83.574997,80.890999,81.483002,79.024254,18761000
2023-10-04,82.032997,83.057999,81.629997,82.380997,79.895142,16417000
2023-10-05,82.011002,82.862999,81.547997,82.386002,79.900002,11474000
2023-10-06,81.940002,84.838997,81.171997,84.526001,81.975418,21103000
2023-10-09,84.045998,85.661003,83.782997,85.587997,83.005379,15760000
2023-10-10,85.714996,87.254997,85.571999,85.841003,83.250732,14718000
2023-10-11,85.971001,87.533997,85.654999,87.456001,84.817009,14334000
2023-10-12,87.642998,91.792999,87.642998,90.559998,87.827339,43871000
2023-10-13,90.900002,92.591003,88.209000,88.318001,85.653008,28312000
2023-10-16,89.097000,91.579002,89.097000,90.257004,87.533501,21150000
2023-10-17,88.514999,89.297997,86.599998,88.440002,85.771317,33008000
2023-10-18,87.995003,89.563004,87.519997,88.703003,86.026375,20404000
2023-10-19,88.702003,88.948997,86.567001,86.782997,84.164307,26620000
2023-10-20,87.489998,87.489998,85.183998,85.362999,82.787155,26953000
2023-10-23,85.795998,87.360001,84.281998,86.222000,83.620232,16456000
2023-10-24,86.400002,88.300003,86.311996,88.111000,85.452240,14972000
2023-10-25,87.707001,87.873001,84.608002,84.962997,82.399239,21432000
2023-10-26,84.791000,85.442001,81.834000,82.675003,80.180283,27917000
2023-10-27,83.000000,84.021004,82.853996,83.835999,81.306244,18236000
2023-10-30,84.110001,84.943001,82.714996,84.125000,81.586525,20889000
2023-10-31,84.389000,84.550003,83.260002,84.137001,81.598160,14747000
2023-11-01,84.199997,85.383003,83.556999,85.293999,82.720238,18684000
2023-11-02,86.199997,88.050003,86.000000,87.129997,84.500839,18759000
2023-11-03,87.750000,88.750000,87.106003,88.267998,85.604507,18041000
2023-11-06,88.155998,88.588997,87.121002,88.083000,85.425087,12870000
2023-11-07,88.232002,90.177002,87.615997,89.781998,87.072815,19365000
2023-11-08,90.000000,91.291000,89.900002,91.112999,88.363647,15280000
2023-11-09,91.250000,92.980003,90.856003,91.138000,88.387886,24486000
2023-11-10,92.174004,95.894997,91.820999,95.751999,92.862679,36272000
2023-11-13,95.004997,95.239998,94.047997,94.693001,91.835625,16893000
2023-11-14,96.234001,97.677002,95.525002,97.295998,94.360077,23886000
2023-11-15,97.950996,98.175003,96.691002,97.540001,94.596718,16099000
2023-11-16,96.400002,96.870003,95.052002,95.955002,93.059532,26198000
2023-11-17,95.820999,98.389000,95.099998,97.773003,94.822693,19789000
2023-11-20,97.300003,99.987000,97.300003,99.570999,96.566437,18674000
2023-11-21,97.500000,99.099998,97.163002,98.120003,95.159225,43344000
2023-11-22,98.369003,98.799004,97.099998,97.199997,94.266975,33743000
2023-11-24,97.496002,97.986000,96.675003,97.887001,94.933243,23158000
2023-11-27,97.614998,98.100998,94.932999,95.024002,92.156647,96962000
2023-11-28,93.994003,95.085999,93.416000,94.635002,91.779388,39025000
2023-11-29,94.834000,95.943001,93.936996,94.083000,91.244034,34843000
2023-11-30,94.099998,94.241997,91.836998,92.572998,89.779602,49571000
2023-12-01,92.246002,93.389999,90.800003,93.000000,90.193718,29612000
2023-12-04,92.064003,93.097000,91.643997,92.397003,89.608902,25009000
2023-12-05,91.160004,91.726997,90.584999,91.311996,88.556641,37066000
2023-12-06,92.036003,92.097000,90.309998,90.363998,87.637260,24813000
2023-12-07,90.554001,92.412003,90.363998,92.225998,89.443069,43517000
2023-12-08,92.783997,95.072998,91.053001,94.430000,91.580566,69668000
2023-12-11,95.700996,103.950996,95.609001,102.924004,99.818260,101184000
2023-12-12,102.799004,107.939003,102.458000,107.227997,103.992378,90242000
2023-12-13,106.800003,109.977997,106.253998,108.969002,105.680855,71654000
2023-12-14,109.218002,112.146004,109.028000,110.649002,107.310158,66964000
2023-12-15,109.522003,114.987999,109.461998,112.973999,109.565002,118544000
2023-12-18,112.080002,115.181999,111.863998,114.699997,111.238914,54741000
2023-12-19,114.199997,115.045998,113.250999,113.958000,111.027496,36020000
2023-12-20,113.269997,114.136002,110.926003,111.038002,108.182571,34523000
2023-12-21,113.264999,113.542000,111.500000,112.728996,109.830086,24106000
2023-12-22,112.797997,113.199997,111.352997,112.197998,109.312744,19089000
2023-12-26,112.424004,113.550003,112.302002,113.189003,110.278282,16793000
2023-12-27,113.599998,113.957001,112.295998,112.616997,109.720978,20055000
2023-12-28,113.168999,113.223999,111.904999,112.240997,109.354637,21247000
2023-12-29,112.146004,112.438004,111.467003,111.625000,108.754486,20558000
2024-01-02,109.211998,110.199997,107.709000,108.538002,105.746880,28831000
2024-01-03,107.019997,107.500000,105.530998,105.858002,103.135788,34735000
2024-01-04,105.795998,106.949997,104.737000,104.901001,102.203392,25658000
2024-01-05,105.160004,105.545998,104.151001,104.928001,102.229713,22475000
2024-01-08,105.650002,107.800003,105.199997,107.485001,104.720947,33110000
2024-01-09,106.561996,108.855003,106.471001,108.249001,105.465309,23225000
2024-01-10,108.035004,108.295998,106.260002,108.056999,105.278252,17643000
2024-01-11,108.431999,110.129997,107.450996,109.998001,107.169312,25757000
2024-01-12,111.209999,111.569000,110.000999,110.767998,107.919540,26882000
2024-01-16,111.234001,112.624001,109.862999,111.496002,108.628807,26145000
2024-01-17,110.628998,111.310997,109.021004,110.366997,107.528839,18314000
2024-01-18,112.489998,114.654999,112.188004,114.390999,111.449364,32228000
2024-01-19,115.731003,121.699997,115.599998,121.120003,118.005310,53077000
2024-01-22,121.625000,123.133003,120.821999,122.050003,118.911400,31222000
2024-01-23,122.099998,122.697998,120.351997,122.630997,119.477455,16952000
2024-01-24,124.230003,128.455002,123.100998,125.387001,122.162590,34805000
2024-01-25,128.100006,128.100006,122.879997,123.000000,119.836967,36356000
2024-01-26,121.970001,122.121002,120.023003,120.487999,117.389565,25818000
2024-01-29,121.490997,122.366997,120.499001,121.777000,118.645424,21526000
2024-01-30,121.677002,122.800003,120.429001,120.816002,117.709145,20683000
2024-01-31,118.945000,119.722000,117.431000,118.000000,114.965553,27400000
2024-02-01,118.735001,120.308998,117.911003,120.000999,116.915085,19411000
2024-02-02,120.875000,123.469002,120.514999,122.433998,119.285522,26689000
2024-02-05,122.695999,124.775002,122.214996,124.309998,121.113297,22045000
2024-02-06,126.357002,127.210999,121.194000,122.264999,119.120865,25354000
2024-02-07,123.400002,125.950996,122.669998,125.706001,122.473389,25768000
2024-02-08,126.699997,129.597000,126.500999,127.475998,124.197868,29326000
2024-02-09,125.203003,128.574997,124.899002,128.343994,125.043533,26293000
2024-02-12,129.001007,129.007004,125.900002,126.500000,123.246964,24778000
2024-02-13,123.512001,125.586998,122.709000,125.165001,121.946297,31907000
2024-02-14,126.924004,127.300003,124.132004,126.222000,122.976120,27306000
2024-02-15,127.995003,128.000000,124.485001,126.507004,123.253784,21873000
2024-02-16,125.903999,127.568001,124.238998,124.547997,121.345177,21268000
2024-02-20,123.585999,123.772003,121.255997,122.654999,119.500832,26329000
2024-02-21,121.800003,122.805000,120.264000,122.745003,119.588531,20579000
2024-02-22,128.171005,131.098007,127.647003,130.490005,127.134377,40819000
2024-02-23,130.837006,131.962006,128.882004,129.636993,126.303291,23115000
2024-02-26,131.000000,131.878998,130.145996,130.912994,127.546494,16282000
2024-02-27,130.912994,131.194000,129.222000,129.623001,126.289665,12126000
2024-02-28,129.300003,129.852005,128.296997,128.942001,125.626167,10967000
2024-02-29,130.330994,130.839996,128.727997,130.048996,126.704697,27536000
2024-03-01,132.593002,140.776001,132.000000,139.917007,136.318954,44488000
2024-03-04,140.315002,143.817001,138.518997,140.225998,136.619980,34854000
2024-03-05,139.500000,139.500000,133.237000,134.274994,130.822037,36040000
2024-03-06,139.158005,139.483002,134.705994,135.000000,131.528412,43196000
2024-03-07,138.199005,141.431000,137.289001,140.701004,137.082764,62832000
2024-03-08,139.425003,141.300003,130.158005,130.871994,127.506546,74025000
2024-03-11,127.792999,129.901993,125.255997,129.311996,125.986656,31105000
2024-03-12,130.699997,130.779007,125.928001,129.188004,125.865837,42789000
2024-03-13,128.287994,128.287994,125.236000,125.787003,122.552299,37838000
2024-03-14,126.253998,127.313004,124.771004,126.226997,122.980988,38029000
2024-03-15,125.346001,126.737000,123.007004,123.550003,120.372833,88823000
2024-03-18,125.398003,126.288002,123.169998,123.723999,120.542351,25737000
2024-03-19,121.695000,124.027000,120.402000,123.801003,120.617378,24491000
2024-03-20,123.902000,128.798996,122.658997,127.599998,124.848122,40946000
2024-03-21,132.832001,140.360992,131.600006,134.800003,131.892853,72468000
2024-03-22,135.000000,137.621994,134.615005,135.347000,132.428055,38624000
2024-03-25,134.503006,135.843994,133.746994,135.158005,132.243103,21237000
2024-03-26,136.468994,137.994003,133.050995,133.149002,130.277451,23522000
2024-03-27,135.000000,135.000000,129.602005,131.873001,129.028961,25583000
2024-03-28,131.789993,133.009003,131.153000,132.541000,129.682556,19856000
2024-04-01,132.567993,136.298004,132.541000,135.026001,132.113983,17252000
2024-04-02,131.578995,134.237000,130.341003,133.876007,130.988800,24694000
2024-04-03,132.800003,137.682007,132.526993,136.320999,133.381042,28650000
2024-04-04,138.531998,140.397995,131.500000,131.750000,128.908615,27014000
2024-04-05,132.600006,136.123001,131.419998,133.942993,131.054321,19438000
2024-04-08,133.365005,134.250000,131.574997,133.610001,130.728531,17139000
2024-04-09,135.737000,135.947998,130.863998,133.408005,130.530853,17986000
2024-04-10,132.300003,133.574997,131.548004,132.237000,129.385117,17467000
2024-04-11,133.268005,139.186996,132.365005,138.246002,135.264542,31713000
2024-04-12,135.201004,136.651001,133.662003,134.406998,131.508301,27823000
2024-04-15,137.000000,137.000000,130.600006,131.069000,128.242310,24370000
2024-04-16,131.537994,133.632004,131.100006,132.906006,130.039703,18923000
2024-04-17,134.311005,134.699997,128.141998,128.263000,125.496811,24718000
2024-04-18,128.800003,129.264999,125.545998,125.899002,123.183815,24888000
2024-04-19,125.899002,126.000000,119.755997,120.471001,117.872871,44797000
2024-04-22,122.449997,123.320000,120.054001,122.445999,119.805275,25162000
2024-04-23,122.817001,125.790001,122.802002,124.918999,122.224937,22025000
2024-04-24,126.389999,128.561996,124.496002,125.681999,122.971497,20108000
2024-04-25,127.245003,130.802994,125.699997,129.442001,126.650414,30410000
2024-04-26,131.000000,135.582993,130.313004,134.406998,131.508301,24100000
2024-04-29,134.408005,135.298004,132.570007,133.862000,130.975082,13372000
2024-04-30,132.888000,134.835007,129.904999,130.026993,127.222778,22113000
2024-05-01,127.833000,129.237000,124.135002,124.286003,121.605606,30958000
2024-05-02,125.627998,126.445000,122.331001,123.857002,121.185844,29480000
2024-05-03,125.900002,128.388000,124.713997,127.810997,125.054565,24898000
2024-05-06,128.621994,131.076996,127.507004,131.031006,128.205124,16287000
2024-05-07,131.643997,131.899002,129.675995,130.311005,127.500656,12413000
2024-05-08,129.350006,133.791000,128.848999,132.537003,129.678635,13918000
2024-05-09,131.783005,132.160995,130.199997,130.567001,127.751122,12170000
2024-05-10,131.531006,134.399994,131.531006,133.279999,130.405624,16300000
2024-05-13,134.800003,135.839005,133.011002,133.751007,130.866470,18507000
2024-05-14,133.233994,138.199005,132.580002,138.003006,135.026779,19420000
2024-05-15,138.000000,143.895004,136.998001,143.617004,140.519684,32757000
2024-05-16,142.600006,144.539993,140.505997,141.212997,138.167542,28395000
2024-05-17,141.242004,141.953003,138.177994,139.529007,136.519836,18174000
2024-05-20,139.600006,141.694000,139.315994,141.403000,138.353439,27170000
2024-05-21,139.867996,140.938995,139.345993,139.919998,136.902420,15333000
2024-05-22,139.600998,140.500000,138.421997,139.223999,136.221436,21002000
2024-05-23,142.843002,142.899994,137.800003,139.328995,136.324173,31039000
2024-05-24,139.979004,141.358002,139.201996,140.783997,137.747787,16730000
2024-05-28,141.000000,141.718002,139.253998,141.244995,138.198837,22919000
2024-05-29,139.910004,139.910004,138.300003,139.067001,136.067841,26861000
2024-05-30,137.899994,138.278000,135.563995,136.408005,133.466202,21717000
2024-05-31,136.136002,136.255005,130.725998,132.854996,129.989792,73091000
2024-06-03,135.270004,135.300003,130.253006,132.190002,129.339142,26278000
2024-06-04,132.039993,133.199005,130.701004,133.082001,130.211868,23048000
2024-06-05,134.600006,141.434998,134.054001,141.309006,138.261459,32947000
2024-06-06,142.186996,142.268997,138.824005,140.126999,137.104965,20172000
2024-06-07,140.778000,142.500000,139.701996,140.664001,137.630402,17859000
2024-06-10,140.979996,144.904999,140.912994,144.046997,140.940399,31042000
2024-06-11,143.820007,146.501007,141.623001,146.102997,142.952087,34844000
2024-06-12,150.000000,150.580002,147.639999,149.550995,146.325714,56697000
2024-06-13,171.000000,173.585007,165.251999,167.899002,164.278030,89061000
2024-06-14,168.686005,174.723999,168.210007,173.503998,169.762115,69705000
2024-06-17,180.000000,184.300003,177.858002,182.886993,178.942780,87528000
2024-06-18,183.959000,185.162003,178.501007,180.251999,176.364594,86797000
2024-06-20,180.345993,180.475006,172.222000,173.455994,169.715195,68157000
2024-06-21,169.565994,171.399994,165.141998,165.863007,162.285919,99289000
2024-06-24,164.205002,166.100006,159.065994,159.220993,156.281845,58575000
2024-06-25,160.013000,160.604004,156.399994,158.078995,155.160904,53329000
2024-06-26,159.761993,161.817993,157.358994,159.199997,156.261215,46479000
2024-06-27,159.199997,160.561996,157.100006,158.666000,155.737106,31649000
2024-06-28,159.587997,163.923004,158.600006,160.552994,157.589233,69377000
2024-07-01,160.820007,164.875000,159.350006,164.080002,161.051132,47623000
2024-07-02,164.080002,165.919998,162.199997,165.748001,162.688354,32539000
2024-07-03,167.000000,172.921997,166.445999,172.921997,169.729935,39954000
2024-07-05,175.556000,176.546997,169.600006,170.330994,167.186752,45240000
2024-07-08,170.500000,175.690002,170.500000,174.585999,171.363205,36398000
2024-07-09,175.656006,177.098007,170.556000,173.330994,170.131363,37802000
2024-07-10,174.600006,176.649002,172.636002,174.468994,171.248337,41074000
2024-07-11,176.466003,176.487000,166.850006,170.595001,167.445892,51026000
2024-07-12,171.102997,172.591003,169.130997,170.067001,166.927612,30453000
2024-07-15,170.000000,173.509995,169.259995,171.419998,168.255646,22999200
2024-07-16,172.399994,172.809998,166.399994,169.380005,166.253326,22244900
2024-07-17,162.309998,162.839996,155.610001,155.979996,153.100662,43343400
2024-07-18,158.889999,161.509995,153.899994,160.520004,157.556870,37973500
2024-07-19,161.839996,163.949997,157.119995,157.350006,154.445389,26309500
2024-07-22,160.229996,162.990005,157.899994,161.059998,158.086868,28813300
2024-07-23,160.399994,165.330002,159.899994,163.770004,160.746887,21570200
2024-07-24,160.350006,161.410004,151.100006,151.339996,148.546310,37162600
2024-07-25,151.259995,153.550003,145.520004,149.259995,146.504700,30872100
2024-07-26,153.500000,153.580002,149.919998,151.630005,148.830963,20839900
2024-07-29,152.020004,155.000000,149.149994,150.220001,147.446976,16625800
2024-07-30,153.279999,153.470001,143.350006,143.520004,140.870682,31102300
2024-07-31,151.470001,161.330002,151.000000,160.679993,157.713898,45827500
2024-08-01,157.500000,158.910004,146.169998,147.020004,144.306061,40320000
2024-08-02,141.929993,145.350006,139.600006,143.820007,141.165161,33745800
2024-08-05,129.610001,145.419998,128.500000,142.080002,139.457260,41309300
2024-08-06,141.729996,148.910004,140.250000,143.919998,141.263275,24751300
2024-08-07,148.250000,150.100006,135.830002,136.270004,133.754501,29749800
2024-08-08,141.199997,146.270004,138.399994,145.740005,143.049698,27583200
2024-08-09,144.199997,149.550003,144.110001,148.259995,145.523163,18438700
2024-08-12,148.080002,151.130005,146.369995,148.619995,145.876541,17778500
2024-08-13,151.550003,156.380005,149.809998,156.160004,153.277344,22053600
2024-08-14,158.020004,160.250000,154.720001,157.690002,154.779114,20184200
2024-08-15,161.199997,166.669998,160.339996,166.130005,163.063309,27945000
2024-08-16,164.470001,166.089996,162.679993,165.720001,162.660873,19296900
2024-08-19,164.860001,167.830002,160.419998,167.710007,164.614166,20441700
2024-08-20,167.050003,168.369995,164.149994,165.949997,162.886627,19417500
2024-08-21,165.119995,166.470001,162.880005,165.779999,162.719757,16097700
2024-08-22,170.839996,172.419998,161.490005,162.339996,159.343262,30044500
2024-08-23,165.029999,168.279999,163.460007,166.360001,163.289047,18848000
2024-08-26,164.960007,165.699997,158.660004,159.619995,156.673462,18521200
2024-08-27,157.600006,162.029999,155.830002,161.389999,158.410767,16683100
2024-08-28,160.080002,162.279999,156.250000,158.179993,155.260056,18063600
2024-08-29,158.490005,163.199997,155.410004,156.929993,154.033127,23519300
2024-08-30,161.119995,163.240005,158.710007,162.820007,159.814423,25158500
2024-09-03,160.380005,160.740005,151.380005,152.789993,149.969528,37179100
2024-09-04,150.300003,157.789993,149.149994,154.119995,151.274994,20324100
2024-09-05,150.570007,156.360001,150.110001,152.820007,149.999008,31548500
2024-09-06,143.250000,143.500000,136.600006,137.000000,134.471054,76634600
2024-09-09,139.110001,141.589996,134.899994,140.820007,138.220520,39516700
2024-09-10,141.220001,149.860001,141.039993,148.210007,145.474106,36067500
2024-09-11,148.389999,158.869995,145.039993,158.270004,155.348404,39700800
2024-09-12,158.100006,166.320007,156.830002,164.559998,161.522278,43530700
2024-09-13,166.740005,168.080002,164.039993,167.690002,164.594513,29850000
2024-09-16,165.190002,165.500000,160.410004,164.020004,160.992249,26126900
2024-09-17,165.490005,166.020004,160.699997,162.470001,159.470856,19844300
2024-09-18,163.770004,167.470001,161.360001,161.669998,158.685638,26557600
2024-09-19,167.679993,170.000000,165.660004,167.419998,164.869965,32453100
2024-09-20,167.179993,172.020004,166.470001,171.100006,168.493942,91758500
2024-09-23,172.000000,173.320007,168.350006,172.940002,170.305893,29431100
2024-09-24,172.809998,175.990005,171.679993,174.839996,172.176956,34223400
2024-09-25,174.649994,177.139999,173.759995,175.520004,172.846603,16613800
2024-09-26,178.500000,180.250000,175.000000,178.089996,175.377441,24340000
2024-09-27,178.169998,178.470001,171.759995,172.690002,170.059723,20580900
2024-09-30,171.869995,172.919998,169.630005,172.500000,169.872589,16902000
2024-10-01,172.160004,172.250000,165.800003,167.470001,164.919205,23770400
2024-10-02,167.550003,172.839996,167.020004,170.660004,168.060623,14317800
2024-10-03,169.619995,174.940002,169.190002,171.889999,169.271896,13072300
2024-10-04,176.300003,176.899994,172.600006,176.639999,173.949554,17921400
2024-10-07,174.820007,178.309998,173.860001,175.080002,172.413315,15588300
2024-10-08,175.419998,181.600006,174.889999,180.729996,177.977234,20774200
2024-10-09,179.240005,186.419998,176.419998,185.949997,183.117752,25504100
2024-10-10,183.559998,186.309998,182.529999,185.690002,182.861679,16318000
2024-10-11,181.139999,182.589996,177.399994,181.479996,178.715820,23070000
2024-10-14,183.300003,184.949997,180.130005,182.309998,179.533188,17195800
2024-10-15,180.789993,181.699997,173.369995,175.979996,173.299606,27657500
2024-10-16,178.509995,179.250000,175.330002,176.820007,174.126816,15285100
2024-10-17,181.369995,185.509995,180.690002,181.529999,178.765060,25232400
2024-10-18,182.320007,182.710007,178.679993,179.889999,177.150055,17835200
2024-10-21,179.380005,181.720001,178.250000,179.990005,177.248520,13695100
2024-10-22,178.660004,180.690002,177.410004,179.380005,176.647797,12062600
2024-10-23,177.589996,178.979996,172.570007,173.509995,170.867218,19513700
2024-10-24,174.259995,174.300003,169.500000,171.350006,168.740128,20485200
2024-10-25,174.190002,176.800003,172.720001,173.000000,170.364990,19977700
2024-10-28,173.000000,173.970001,171.350006,172.020004,169.399902,13195800
2024-10-29,172.440002,180.229996,171.210007,179.240005,176.509949,23702300
2024-10-30,177.470001,179.190002,175.619995,176.639999,173.949554,17911500
2024-10-31,174.449997,174.449997,167.380005,169.770004,167.184204,26086600
2024-11-01,168.259995,171.330002,167.500000,168.919998,166.347122,17847000
2024-11-04,169.279999,172.449997,168.419998,168.550003,165.982788,13621300
2024-11-05,170.050003,174.399994,170.050003,173.899994,171.251266,13441800
2024-11-06,179.630005,180.210007,175.960007,179.550003,176.815231,24300800
2024-11-07,181.990005,184.869995,181.789993,183.809998,181.010330,18970600
2024-11-08,182.990005,185.050003,181.830002,183.639999,180.842926,13503200
2024-11-11,183.399994,183.630005,176.820007,178.910004,176.184967,17036700
2024-11-12,178.899994,179.559998,173.199997,176.220001,173.535934,15862000
2024-11-13,174.710007,175.589996,172.600006,173.580002,170.936157,17472500
2024-11-14,174.770004,175.570007,169.869995,170.380005,167.784912,20638900
2024-11-15,168.470001,169.139999,163.429993,164.839996,162.329285,20836200
2024-11-18,165.660004,166.350006,162.220001,165.669998,163.146622,17856900
2024-11-19,166.660004,166.800003,164.309998,165.350006,162.831497,18003400
2024-11-20,165.539993,165.539993,160.860001,163.250000,160.763504,17196700
2024-11-21,166.250000,166.339996,160.600006,163.940002,161.442993,24835300
2024-11-22,164.300003,164.910004,162.399994,164.229996,161.728561,17332500
2024-11-25,165.399994,167.229996,162.889999,164.820007,162.309601,26850600
2024-11-26,164.600006,166.369995,162.690002,164.740005,162.230804,16308800
2024-11-27,163.199997,163.199997,157.539993,159.669998,157.238007,19722700
2024-11-29,159.570007,162.690002,159.080002,162.080002,159.611328,11024000
2024-12-02,162.949997,168.380005,162.750000,166.509995,163.973831,21472400
2024-12-03,164.479996,168.270004,164.029999,168.149994,165.588852,17024400
2024-12-04,173.440002,175.389999,168.559998,170.559998,167.962143,32748200
2024-12-05,170.750000,172.399994,169.199997,170.470001,167.873520,18490000
2024-12-06,170.100006,180.679993,169.330002,179.529999,176.795532,27830800
2024-12-09,178.949997,180.789993,176.020004,178.940002,176.214508,20886300
2024-12-10,177.809998,178.500000,169.729996,171.809998,169.193100,27762600
2024-12-11,180.009995,184.869995,176.429993,183.199997,180.409607,41295200
2024-12-12,180.929993,182.000000,175.990005,180.660004,177.908325,46967200
2024-12-13,213.899994,228.699997,211.110001,224.800003,221.375992,121336600
2024-12-16,231.789993,251.880005,230.809998,250.000000,246.192184,111623200
2024-12-17,240.649994,242.470001,233.800003,240.229996,236.570984,70382100
2024-12-18,239.410004,239.850006,219.220001,223.619995,220.213989,53960100
2024-12-19,227.910004,228.050003,217.580002,218.320007,214.994720,40845200
2024-12-20,220.360001,230.289993,218.910004,220.789993,217.427078,131910400
2024-12-23,226.690002,233.399994,225.130005,232.350006,229.424088,40643800
2024-12-24,240.119995,240.229996,234.800003,239.679993,236.661758,22827200
2024-12-26,240.000000,247.279999,237.600006,245.360001,242.270264,28459000
2024-12-27,245.639999,245.779999,236.350006,241.750000,238.705704,29282200
2024-12-30,234.699997,238.770004,231.619995,235.580002,232.613403,27316800
2024-12-31,235.880005,237.460007,231.309998,231.839996,228.920486,17927700
2025-01-02,236.160004,239.500000,230.240005,231.979996,229.058701,31525800
2025-01-03,233.589996,236.490005,229.000000,232.550003,229.621552,24973200
2025-01-06,236.500000,241.750000,233.300003,236.410004,233.432953,34028400
2025-01-07,239.500000,239.500000,227.600006,228.639999,225.760803,25928600
2025-01-08,229.699997,232.470001,226.059998,229.309998,226.422348,18756500
2025-01-10,227.300003,227.830002,221.250000,224.309998,221.485306,23864000
2025-01-13,219.990005,229.259995,219.509995,225.289993,222.452988,23772100
2025-01-14,226.570007,230.259995,223.100006,224.699997,221.870407,18143100
2025-01-15,228.550003,230.339996,225.580002,228.000000,225.128845,21745600
2025-01-16,235.220001,238.600006,229.210007,229.410004,226.521103,23471900
2025-01-17,237.080002,238.100006,232.660004,237.440002,234.449966,31196600
2025-01-21,241.500000,242.750000,237.399994,240.309998,237.283829,30903200
2025-01-22,246.750000,246.990005,240.690002,240.910004,237.876282,29610500
2025-01-23,238.410004,240.399994,236.119995,240.279999,237.254196,17653900
2025-01-24,244.699997,249.589996,241.910004,244.699997,241.618576,25387800
2025-01-27,213.399994,218.429993,196.229996,202.130005,199.584641,90569400
2025-01-28,208.009995,209.949997,198.889999,207.360001,204.748764,50316000
2025-01-29,208.839996,211.449997,202.770004,206.350006,203.751480,32533700
2025-01-30,218.570007,221.960007,213.699997,215.660004,212.944260,42449500
2025-01-31,219.660004,226.800003,216.300003,221.270004,218.483597,41104700
2025-02-03,215.460007,220.940002,213.509995,217.729996,214.988174,24507300
2025-02-04,219.350006,223.029999,215.300003,222.429993,219.628983,23768500
2025-02-05,233.940002,237.929993,227.500000,232.000000,229.078476,29196000
2025-02-06,234.500000,234.800003,228.559998,231.360001,228.446564,21169500
2025-02-07,235.000000,235.649994,224.110001,224.869995,222.038269,22117500
2025-02-10,227.429993,235.820007,227.119995,235.039993,232.080185,23901600
2025-02-11,232.479996,237.889999,229.970001,235.039993,232.080185,18476200
2025-02-12,230.360001,236.479996,230.000000,236.350006,233.373703,16397300
2025-02-13,236.059998,236.949997,230.729996,235.800003,232.830627,20962000
2025-02-14,234.529999,235.740005,228.899994,233.039993,230.105377,16988800
2025-02-18,230.100006,232.199997,224.300003,228.529999,225.652161,26080500
2025-02-19,227.850006,229.070007,224.399994,228.729996,225.849655,16375500
2025-02-20,228.649994,228.979996,222.750000,226.740005,223.884720,16104000
2025-02-21,225.649994,227.750000,215.630005,218.660004,215.906479,24883600
2025-02-24,218.600006,219.479996,207.539993,207.929993,205.311584,33050400
2025-02-25,207.000000,208.639999,200.919998,202.539993,199.989471,33100800
2025-02-26,206.910004,213.539993,206.000000,212.940002,210.258499,21368300
2025-02-27,217.279999,219.250000,197.399994,197.800003,195.309158,27572900
2025-02-28,195.759995,201.190002,193.149994,199.429993,196.918625,39747200
2025-03-03,204.000000,204.059998,184.529999,187.369995,185.010468,37435600
2025-03-04,189.220001,193.949997,180.479996,187.479996,185.119125,37910500
2025-03-05,191.860001,194.080002,187.100006,191.580002,189.167480,25644500
2025-03-06,181.039993,186.830002,177.610001,179.449997,177.190231,56864100
2025-03-07,187.729996,195.479996,181.559998,194.960007,192.504929,74528900
2025-03-10,189.600006,191.979996,180.429993,184.449997,182.127258,44217100
2025-03-11,188.050003,195.619995,185.350006,190.089996,187.696243,42153200
2025-03-12,196.220001,199.979996,192.449997,194.229996,191.784119,30409700
2025-03-13,193.149994,196.320007,189.470001,191.360001,188.950272,27236100
2025-03-14,196.199997,197.500000,193.199997,195.539993,193.077621,25900900
2025-03-17,188.050003,196.720001,187.500000,194.500000,192.050720,26830600
2025-03-18,190.440002,192.889999,186.899994,188.669998,186.294113,24951000
2025-03-19,189.339996,198.270004,186.899994,195.570007,193.107254,37962700
2025-03-20,191.520004,193.839996,188.940002,190.539993,188.709900,31430000
2025-03-21,188.210007,192.070007,187.369995,191.660004,189.819138,43086500
2025-03-24,194.300003,196.690002,190.669998,191.250000,189.413071,33180300
2025-03-25,190.889999,191.600006,187.679993,188.259995,186.451767,23417300
2025-03-26,186.660004,188.059998,177.580002,179.270004,177.548126,30578500
2025-03-27,177.660004,178.380005,170.460007,171.990005,170.338043,32151700
2025-03-28,171.929993,173.300003,166.470001,169.119995,167.495621,30391500
2025-03-31,164.490005,167.940002,160.619995,167.429993,165.821854,35656400
2025-04-01,166.369995,168.710007,163.419998,168.520004,166.901398,20472400
2025-04-02,166.080002,173.429993,165.500000,172.089996,170.437103,19523700
2025-04-03,160.539993,163.429993,153.699997,154.009995,152.530731,44354900
2025-04-04,148.169998,152.800003,139.169998,146.289993,144.884888,72302200
2025-04-07,144.490005,160.429993,138.100006,154.139999,152.659500,68503500
2025-04-08,167.619995,169.779999,153.089996,156.029999,154.531342,58888200
2025-04-09,160.500000,187.330002,157.509995,185.149994,183.371658,72708300
2025-04-10,175.300003,176.949997,166.399994,172.300003,170.645065,51212200
2025-04-11,173.619995,182.660004,173.309998,181.940002,180.192490,33964100
2025-04-14,185.080002,186.000000,175.820007,178.360001,176.646881,25748300
2025-04-15,179.729996,182.259995,178.080002,178.949997,177.231201,17242400
2025-04-16,170.429993,176.080002,166.919998,174.610001,172.932877,34638600
2025-04-17,176.250000,176.250000,169.919998,170.990005,169.347656,22501800
2025-04-21,166.990005,168.000000,161.610001,166.210007,164.613586,23469800
2025-04-22,167.429993,170.520004,165.220001,169.580002,167.951202,18504900
2025-04-23,177.779999,180.449997,175.820007,176.910004,175.210785,24380500
2025-04-24,179.690002,188.570007,178.300003,188.149994,186.342850,27576900
2025-04-25,186.919998,193.369995,186.889999,192.309998,190.462875,21242300
2025-04-28,190.529999,193.100006,187.679993,192.470001,190.621338,16385800
2025-04-29,191.720001,193.250000,190.100006,191.169998,189.333832,14630000
2025-04-30,185.899994,193.199997,184.020004,192.470001,190.621338,22768900
2025-05-01,198.139999,201.399994,196.240005,197.330002,195.434677,24939700
2025-05-02,203.899994,205.679993,201.080002,203.639999,201.684052,17766800
2025-05-05,200.250000,203.229996,200.000000,200.720001,198.792114,14025400
2025-05-06,196.440002,201.910004,195.940002,200.089996,198.168152,16348800
2025-05-07,199.289993,206.229996,198.429993,204.809998,202.842819,20253700
2025-05-08,208.000000,211.160004,203.690002,207.770004,205.774399,18460900
2025-05-09,209.330002,209.960007,206.520004,208.199997,206.200256,13289200
2025-05-12,219.490005,221.800003,215.880005,221.580002,219.451736,25437700
2025-05-13,222.000000,235.279999,222.000000,232.419998,230.187622,28790500
2025-05-14,230.229996,233.500000,228.350006,232.119995,229.890503,19751400
2025-05-15,230.160004,234.460007,228.070007,232.639999,230.405518,18803700
2025-05-16,232.320007,232.639999,226.389999,228.610001,226.414230,23094600
2025-05-19,221.850006,231.250000,221.600006,230.630005,228.414841,15355500
2025-05-20,226.490005,231.770004,226.339996,231.679993,229.454712,11787200
2025-05-21,228.389999,236.500000,227.830002,229.729996,227.523468,17642900
2025-05-22,228.339996,233.690002,227.429993,230.529999,228.315796,14340200
2025-05-23,226.940002,230.649994,226.179993,228.720001,226.523163,15385600
2025-05-27,232.869995,236.479996,231.130005,235.649994,233.386597,17941700
2025-05-28,237.149994,240.990005,234.429993,239.429993,237.130280,20443000
2025-05-29,245.910004,246.070007,237.399994,241.970001,239.645905,20743700
2025-05-30,241.220001,243.169998,234.899994,242.070007,239.744934,27088600
2025-06-02,243.250000,250.000000,243.190002,248.710007,246.321182,19197000
2025-06-03,250.080002,257.880005,249.399994,256.850006,254.382996,30380200
2025-06-04,258.059998,265.429993,257.589996,261.079987,258.572327,31536000
2025-06-05,262.950012,264.890015,259.059998,259.929993,257.433411,41970900
2025-06-06,251.139999,255.320007,246.130005,246.929993,244.558258,41146700
2025-06-09,245.050003,248.169998,241.110001,244.279999,241.933716,25334100
2025-06-10,244.220001,246.279999,241.399994,244.630005,242.280350,25491300
2025-06-11,246.360001,254.770004,243.800003,252.910004,250.480820,24599000
2025-06-12,250.190002,257.890015,249.500000,256.070007,253.610474,20410900
2025-06-13,250.660004,254.000000,248.350006,248.699997,246.311264,19028400
2025-06-16,250.350006,255.190002,249.570007,252.100006,249.678604,20363000
2025-06-17,250.949997,253.960007,247.919998,249.369995,246.974808,22014300
2025-06-18,250.889999,255.639999,249.410004,251.259995,248.846664,30435500
2025-06-20,253.210007,253.520004,244.169998,249.990005,248.171646,42134900
2025-06-23,249.110001,254.210007,246.460007,253.770004,251.924133,19747000
2025-06-24,258.769989,265.869995,258.769989,263.769989,261.851379,32764900
2025-06-25,266.000000,269.869995,263.429993,264.649994,262.724976,18894200
2025-06-26,265.079987,271.670013,264.130005,270.170013,268.204865,23569600
2025-06-27,270.299988,271.850006,266.880005,269.350006,267.390808,27477600
2025-06-30,274.730011,277.709991,272.130005,275.649994,273.644989,24708400
2025-07-01,274.399994,274.500000,262.660004,264.739990,262.814301,28847600
2025-07-02,263.989990,272.000000,262.730011,269.899994,267.936798,17582100
2025-07-03,270.730011,275.799988,270.119995,275.179993,273.178406,10592700
2025-07-07,275.130005,277.559998,272.660004,274.179993,272.185669,16760600
2025-07-08,276.350006,276.350006,271.149994,271.799988,269.822968,14869400
2025-07-09,272.959991,279.450012,272.720001,277.899994,275.878632,20133000
2025-07-10,279.790009,281.179993,272.700012,275.399994,273.396790,17891600
2025-07-11,274.140015,276.470001,271.890015,274.380005,272.384216,14274700
2025-07-14,274.130005,278.359985,269.579987,275.600006,273.595337,11934200
2025-07-15,279.809998,283.359985,277.850006,280.940002,278.896484,17918400
2025-07-16,280.109985,281.510010,275.670013,280.809998,278.767426,15031000
2025-07-17,281.140015,288.279999,279.910004,286.450012,284.366394,17231100
2025-07-18,287.109985,287.529999,281.000000,283.339996,281.279053,15012400
2025-07-21,283.959991,290.540009,283.630005,288.209991,286.113617,17726800
2025-07-22,287.649994,288.000000,276.429993,278.589996,276.563599,16564800
2025-07-23,276.779999,284.000000,273.000000,283.690002,281.626495,20556200
2025-07-24,289.790009,291.200012,283.500000,288.709991,286.609985,16413800
2025-07-25,288.070007,292.589996,287.269989,290.179993,288.069244,12476200
2025-07-28,292.459991,295.450012,290.589996,294.299988,292.159302,13683400
2025-07-29,297.500000,302.190002,294.869995,297.420013,295.256683,19210800
2025-07-30,297.149994,303.260010,295.799988,302.619995,300.418793,16738900
2025-07-31,302.799988,306.950012,290.230011,293.700012,291.563690,25488500
2025-08-01,286.540009,292.640015,281.609985,288.640015,286.540527,21428100
2025-08-04,292.200012,298.480011,291.399994,297.720001,295.554443,17164600
2025-08-05,297.809998,301.200012,291.450012,292.929993,290.799286,18477500
2025-08-06,292.899994,302.809998,291.899994,301.670013,299.475708,17392100
2025-08-07,306.170013,310.339996,299.880005,303.760010,301.550507,16319400
2025-08-08,304.049988,307.869995,302.549988,304.970001,302.751709,12458700
2025-08-11,305.049988,308.309998,301.290009,303.899994,301.689484,12396400
2025-08-12,306.630005,313.440002,304.670013,312.829987,310.554504,17609600
2025-08-13,316.750000,317.350006,304.750000,309.089996,306.841736,17371200
2025-08-14,307.010010,314.170013,307.000000,311.230011,308.966217,15717600
2025-08-15,311.029999,311.500000,299.760010,306.339996,304.111755,22806900
2025-08-18,302.700012,306.170013,299.000000,305.760010,303.535980,14724700
2025-08-19,302.420013,302.899994,292.390015,294.910004,292.764893,20149600
2025-08-20,295.459991,295.489990,281.869995,291.170013,289.052094,23600500
2025-08-21,290.059998,292.390015,286.170013,289.600006,287.493500,14946300
2025-08-22,291.750000,300.089996,289.010010,294.000000,291.861481,16301300
2025-08-25,292.809998,298.399994,291.709991,294.230011,292.089844,15124700
2025-08-26,294.350006,300.250000,293.989990,298.010010,295.842316,25689100
2025-08-27,297.529999,301.179993,293.779999,300.250000,298.066040,13830300
2025-08-28,302.929993,311.000000,302.329987,308.649994,306.404907,18907100
2025-08-29,307.010010,307.010010,293.660004,297.390015,295.226868,21610700
2025-09-02,289.339996,298.709991,287.170013,298.239990,296.070679,19693000
2025-09-03,302.290009,304.450012,296.399994,302.390015,300.190491,18529400
2025-09-04,305.059998,308.779999,302.250000,306.100006,303.873505,31220800
2025-09-05,355.779999,356.339996,331.420013,334.890015,332.454102,78401600
2025-09-08,342.750000,354.170013,341.250000,345.649994,343.135803,43535600
2025-09-09,349.549988,350.980011,335.829987,336.670013,334.221161,26972300
2025-09-10,351.519989,372.970001,350.549988,369.570007,366.881836,51086800
2025-09-11,371.179993,374.230011,358.760010,359.630005,357.014160,29430900
2025-09-12,362.910004,364.390015,357.160004,359.869995,357.252350,31949800
2025-09-15,359.869995,365.500000,356.339996,364.089996,361.441681,21792200
2025-09-16,365.429993,365.690002,356.989990,360.000000,357.381439,21306500
2025-09-17,358.850006,359.929993,341.500000,346.170013,343.652039,45197100
2025-09-18,350.000000,350.700012,343.790009,345.350006,342.838013,24663900
2025-09-19,344.649994,346.269989,336.429993,344.940002,342.430969,41240100
2025-09-22,342.429993,346.670013,337.940002,338.790009,336.901978,28660000
2025-09-23,340.239990,345.220001,337.019989,338.940002,337.051117,21944100
2025-09-24,339.760010,340.079987,333.809998,339.309998,337.419067,19677300
2025-09-25,332.989990,338.059998,327.299988,336.100006,334.226959,21678200
2025-09-26,337.429993,339.079987,330.579987,334.529999,332.665710,15464700
2025-09-29,336.000000,341.049988,327.549988,327.899994,326.072632,21336000
2025-09-30,330.119995,331.049988,324.609985,329.910004,328.071442,20109500
2025-10-01,328.149994,337.950012,324.500000,333.390015,331.532043,21122700
2025-10-02,347.609985,347.609985,335.250000,338.179993,336.295319,19917600
2025-10-03,341.500000,344.399994,335.739990,338.369995,336.484283,14749100
2025-10-06,335.920013,344.130005,334.559998,335.489990,333.620331,18465700
2025-10-07,337.029999,338.109985,326.579987,336.410004,334.535217,18086700
2025-10-08,333.820007,346.540009,332.619995,345.500000,343.574554,21478300
2025-10-09,345.750000,347.309998,340.399994,345.019989,343.097229,17643700
2025-10-10,345.390015,350.600006,324.049988,324.630005,322.820862,28941000
2025-10-13,352.769989,359.380005,343.519989,356.700012,354.712128,45984300
2025-10-14,350.130005,350.670013,339.649994,344.130005,342.212189,22078000
2025-10-15,354.470001,359.399994,347.500000,351.329987,349.372040,23918500
2025-10-16,356.799988,363.239990,349.489990,354.149994,352.176361,20317200
2025-10-17,349.609985,350.970001,340.779999,349.329987,347.383209,20937900
2025-10-20,353.799988,356.589996,347.839996,349.239990,347.293701,15640200
2025-10-21,350.000000,351.100006,341.309998,342.660004,340.750397,16092600
2025-10-22,347.299988,348.010010,335.510010,340.299988,338.403534,19268800
2025-10-23,340.399994,346.570007,340.399994,344.290009,342.371307,12859200
2025-10-24,352.510010,358.299988,350.880005,354.130005,352.156464,16143700
2025-10-27,361.540009,362.750000,355.079987,362.049988,360.032318,20065800
2025-10-28,362.619995,374.059998,362.529999,372.970001,370.891449,21056000
2025-10-29,373.190002,386.480011,373.190002,385.980011,383.828979,24975200
2025-10-30,386.399994,386.399994,370.059998,376.470001,374.371979,24295300
2025-10-31,378.269989,378.820007,365.100006,369.630005,367.570068,21598400
2025-11-03,372.000000,374.850006,361.980011,362.549988,360.529510,17198900
2025-11-04,358.519989,368.950012,351.000000,351.940002,349.978668,24047500
2025-11-05,350.890015,364.869995,350.089996,358.980011,356.979462,17087600
2025-11-06,360.109985,363.500000,352.709991,355.589996,353.608307,19896900
2025-11-07,354.190002,354.500000,337.269989,349.429993,347.482635,21903200
2025-11-10,357.899994,360.000000,354.609985,358.390015,356.392761,16409000
2025-11-11,358.970001,361.890015,349.670013,351.959991,349.998566,16446800
2025-11-12,358.040009,358.869995,351.679993,355.220001,353.240417,12190500
2025-11-13,351.579987,353.549988,334.160004,339.980011,338.085327,22616600
2025-11-14,331.470001,344.739990,329.059998,342.459991,340.551483,18500800
2025-11-17,339.820007,352.200012,337.519989,342.649994,340.740448,14799600
2025-11-18,343.200012,347.970001,335.510010,340.500000,338.602417,21726800
2025-11-19,340.709991,359.690002,337.799988,354.420013,352.444855,21851900
2025-11-20,366.000000,376.079987,345.179993,346.820007,344.887238,28867000
2025-11-21,345.160004,348.600006,331.799988,340.200012,338.304108,30280300
2025-11-24,347.730011,382.000000,347.660004,377.959991,375.853668,47262400
2025-11-25,384.929993,388.130005,371.750000,385.029999,382.884277,33507600
2025-11-26,385.549988,399.869995,383.260010,397.570007,395.354370,28693000
2025-11-28,399.350006,403.000000,397.160004,402.959991,400.714325,13365500
2025-12-01,394.850006,395.420013,385.100006,386.079987,383.928406,23252000
2025-12-02,388.309998,393.500000,379.790009,381.570007,379.443573,22207000
2025-12-03,380.000000,382.299988,370.649994,380.609985,378.488861,21336400
2025-12-04,380.679993,383.890015,376.529999,381.029999,378.906555,15845900
2025-12-05,386.170013,393.529999,385.149994,390.239990,388.065216,24779900
2025-12-08,402.480011,407.290009,397.399994,401.100006,398.864716,30410600
2025-12-09,398.750000,406.929993,395.510010,406.290009,404.025787,24546000
2025-12-10,402.200012,414.609985,399.559998,412.970001,410.668549,31531000
2025-12-11,404.829987,409.299988,394.190002,406.369995,404.105347,45681600
2025-12-12,379.959991,382.000000,355.149994,359.929993,357.924133,95588500
2025-12-15,361.890015,362.000000,337.510010,339.809998,337.916260,65894900
2025-12-16,336.019989,347.500000,335.059998,341.299988,339.397949,58061100
2025-12-17,346.609985,346.609985,321.420013,326.019989,324.203094,73300900
2025-12-18,336.000000,336.029999,323.630005,329.880005,328.041626,54501900
2025-12-19,333.339996,343.450012,332.579987,340.359985,338.463196,159095200
2025-12-22,346.029999,346.239990,337.220001,341.450012,340.196838,28739600
2025-12-23,340.809998,350.109985,338.540009,349.320007,348.037933,28232600
2025-12-24,350.690002,352.859985,347.140015,350.220001,348.934631,11424400
2025-12-26,351.059998,353.250000,347.750000,352.130005,350.837616,15028100
2025-12-29,348.720001,350.329987,344.690002,349.390015,348.107697,21946900
2025-12-30,349.970001,352.679993,349.299988,349.850006,348.565979,16633600