Date,Open,High,Low,Close,Adj Close,Volume
2020-01-02,35.349998,35.660000,35.290001,35.639999,30.429453,37614200
2020-01-03,34.980000,35.150002,34.759998,34.900002,29.797642,50357900
2020-01-06,34.410000,34.900002,34.369999,34.849998,29.754950,42185000
2020-01-07,34.700001,34.919998,34.529999,34.619999,29.558580,34149000
2020-01-08,34.570000,35.189999,34.549999,34.970001,29.857407,45311600
2020-01-09,35.299999,35.330002,34.939999,35.029999,29.908634,39861600
2020-01-10,35.000000,35.070000,34.660000,34.740002,29.661041,39730400
2020-01-13,34.840000,35.070000,34.660000,35.060001,29.934248,37956100
2020-01-14,35.299999,35.669998,35.110001,35.320000,30.156237,66719300
2020-01-15,34.770000,34.790001,34.340000,34.669998,29.601259,74745500
2020-01-16,34.900002,34.990002,34.599998,34.720001,29.643963,50368500
2020-01-17,34.919998,34.950001,34.599998,34.709999,29.635410,54156100
2020-01-21,34.419998,34.520000,34.220001,34.259998,29.251205,50811000
2020-01-22,34.369999,34.450001,34.230000,34.360001,29.336588,38879700
2020-01-23,34.090000,34.259998,33.730000,34.119999,29.131680,45717100
2020-01-24,34.119999,34.139999,33.270000,33.540001,28.636477,47797200
2020-01-27,32.570000,33.130001,32.470001,32.849998,28.047352,57096200
2020-01-28,33.020000,33.490002,32.950001,33.240002,28.380333,38834600
2020-01-29,33.330002,33.439999,32.980000,33.009998,28.183956,37414700
2020-01-30,32.700001,33.520000,32.669998,33.480000,28.585251,50542800
2020-01-31,33.070000,33.169998,32.650002,32.830002,28.030277,54845300
2020-02-03,33.000000,33.400002,32.919998,32.970001,28.149809,48485500
2020-02-04,33.560001,33.900002,33.529999,33.619999,28.704773,45061600
2020-02-05,34.099998,34.810001,34.070000,34.709999,29.635410,54604800
2020-02-06,34.939999,35.009998,34.599998,34.669998,29.601259,39511500
2020-02-07,34.320000,34.660000,34.240002,34.610001,29.550039,31263000
2020-02-10,34.439999,34.689999,34.380001,34.689999,29.618343,24373800
2020-02-11,34.849998,35.040001,34.759998,34.770000,29.686653,32476300
2020-02-12,35.080002,35.450001,34.779999,34.919998,29.814718,36656700
2020-02-13,34.759998,35.029999,34.549999,34.910000,29.806179,31775100
2020-02-14,34.880001,34.959999,34.700001,34.849998,29.754950,26447700
2020-02-18,34.770000,34.830002,34.009998,34.270000,29.259747,40318000
2020-02-19,34.450001,34.849998,34.410000,34.720001,29.643963,29632100
2020-02-20,34.459999,35.080002,34.459999,34.849998,29.754950,42604100
2020-02-21,34.529999,34.639999,34.139999,34.360001,29.336588,46675500
2020-02-24,33.180000,33.209999,32.520000,32.730000,27.944895,79159600
2020-02-25,32.689999,32.759998,30.840000,31.080000,26.536123,91586800
2020-02-26,31.389999,31.600000,30.559999,30.629999,26.151915,80012800
2020-02-27,29.549999,30.299999,28.910000,29.129999,24.871212,121148300
2020-02-28,28.000000,28.750000,27.700001,28.500000,24.333317,171198800
2020-03-02,28.350000,29.379999,27.440001,29.370001,25.076128,147776300
2020-03-03,29.370001,29.750000,27.620001,27.750000,23.692970,138698500
2020-03-04,28.250000,28.420000,27.400000,28.389999,24.239397,111239800
2020-03-05,27.240000,27.350000,26.400000,26.780001,23.010677,110878700
2020-03-06,25.469999,26.209999,25.100000,25.709999,22.091272,119121200
2020-03-09,22.230000,23.490000,21.510000,21.930000,18.843319,145196000
2020-03-10,23.250000,23.680000,21.590000,23.610001,20.286858,134863600
2020-03-11,22.840000,23.959999,22.260000,22.670000,19.479164,127347000
2020-03-12,20.590000,22.870001,20.150000,20.510000,17.623184,139552600
2020-03-13,22.190001,24.250000,21.480000,24.160000,20.759441,128357400
2020-03-16,19.850000,21.730000,19.580000,20.440001,17.563044,121688800
2020-03-17,21.059999,22.690001,20.030001,21.980000,18.886276,120065700
2020-03-18,20.270000,20.969999,19.700001,20.790001,17.863777,148272500
2020-03-19,20.260000,21.750000,19.000000,21.200001,18.216070,122461300
2020-03-20,21.760000,21.840000,19.559999,19.670000,16.901419,150910400
2020-03-23,19.260000,19.670000,17.950001,18.080000,15.535212,181898500
2020-03-24,19.420000,21.150000,19.010000,21.030001,18.070000,147882400
2020-03-25,21.709999,22.100000,20.410000,21.100000,18.130146,146991300
2020-03-26,21.309999,22.950001,21.170000,22.719999,19.522127,116111400
2020-03-27,21.680000,22.200001,21.100000,21.600000,18.559769,91522800
2020-03-30,21.650000,22.350000,21.270000,22.040001,18.937840,80449100
2020-03-31,21.820000,22.490000,20.959999,21.230000,18.241846,95213700
2020-04-01,19.930000,20.350000,19.510000,19.770000,16.987343,83961300
2020-04-02,19.650000,20.790001,19.590000,20.570000,17.674740,70007400
2020-04-03,20.400000,20.740000,19.680000,20.030001,17.210751,68293500
2020-04-06,21.030001,21.600000,20.809999,21.389999,18.379328,97766200
2020-04-07,22.799999,22.879999,21.850000,22.139999,19.023760,94560300
2020-04-08,22.410000,23.600000,22.410000,23.450001,20.149382,81212300
2020-04-09,24.070000,25.320000,24.049999,24.860001,21.360918,125275700
2020-04-13,24.780001,24.850000,23.780001,23.920000,20.553226,83164700
2020-04-14,24.500000,24.650000,23.100000,23.730000,20.389967,88991100
2020-04-15,22.160000,22.650000,21.910000,22.190001,19.066721,99082200
2020-04-16,22.150000,22.209999,21.090000,21.420000,18.405104,89213300
2020-04-17,22.340000,23.400000,22.309999,23.280001,20.003309,92800300
2020-04-20,22.570000,23.129999,22.180000,22.500000,19.333094,74446300
2020-04-21,21.900000,22.370001,21.500000,21.639999,18.594139,78871300
2020-04-22,22.160000,22.230000,21.750000,21.799999,18.731619,49669500
2020-04-23,21.959999,22.389999,21.850000,21.870001,18.791765,50614800
2020-04-24,22.110001,22.299999,21.670000,22.180000,19.058128,47633500
2020-04-27,22.520000,23.650000,22.450001,23.469999,20.166565,66916700
2020-04-28,24.450001,24.809999,23.850000,23.889999,20.527443,65504900
2020-04-29,24.910000,25.110001,24.510000,24.780001,21.292177,73493900
2020-04-30,24.209999,24.379999,23.850000,24.049999,20.664925,55244100
2020-05-01,23.379999,23.459999,22.809999,23.080000,19.831455,51772600
2020-05-04,22.700001,22.990000,22.430000,22.930000,19.702564,45886100
2020-05-05,23.480000,23.520000,22.620001,22.660000,19.470573,45691900
2020-05-06,23.000000,23.080000,22.230000,22.350000,19.204201,53874600
2020-05-07,22.660000,23.370001,22.610001,22.840000,19.625235,51884300
2020-05-08,23.469999,23.620001,23.250000,23.570000,20.252487,45181000
2020-05-11,23.110001,23.120001,22.559999,22.580000,19.401831,68951800
2020-05-12,22.709999,22.820000,21.850000,21.870001,18.791765,69588700
2020-05-13,21.660000,21.750000,20.719999,20.870001,17.932516,112113400
2020-05-14,20.290001,21.790001,20.100000,21.709999,18.654284,88359100
2020-05-15,21.400000,21.700001,21.230000,21.440001,18.422289,64484000
2020-05-18,22.420000,23.059999,22.070000,22.930000,19.702564,86589400
2020-05-19,22.660000,23.000000,22.190001,22.209999,19.083908,62179000
2020-05-20,22.680000,23.000000,22.639999,22.910000,19.685383,59789500
2020-05-21,22.809999,23.270000,22.780001,22.900000,19.676790,57726000
2020-05-22,22.930000,22.950001,22.459999,22.660000,19.470573,48107000
2020-05-26,23.750000,24.600000,23.700001,24.280001,20.862551,119485500
2020-05-27,26.070000,26.170000,24.969999,25.980000,22.323277,117672700
2020-05-28,26.080000,26.139999,24.790001,24.860001,21.360918,84340800
2020-05-29,24.420000,24.910000,24.059999,24.120001,20.725077,113811100
2020-06-01,24.280001,24.870001,24.049999,24.610001,21.146101,58375500
2020-06-02,24.959999,25.389999,24.559999,24.840000,21.343733,71118100
2020-06-03,25.500000,26.139999,25.389999,25.990000,22.331871,86744600
2020-06-04,25.709999,26.830000,25.570000,26.780001,23.171154,94545300
2020-06-05,28.950001,29.010000,27.879999,28.110001,24.321922,118767900
2020-06-08,28.590000,28.900000,28.139999,28.540001,24.693977,79598500
2020-06-09,27.719999,28.540001,27.549999,28.219999,24.417097,77773400
2020-06-10,27.969999,28.100000,26.510000,26.600000,23.015408,90415300
2020-06-11,24.980000,25.690001,23.680000,23.930000,20.705217,149875500
2020-06-12,25.030001,25.049999,24.040001,24.780001,21.440668,73729700
2020-06-15,23.760000,25.170000,23.690001,25.150000,21.760809,76538900
2020-06-16,26.180000,26.240000,24.860001,25.799999,22.323215,96796500
2020-06-17,25.900000,25.900000,24.920000,25.000000,21.631023,58349500
2020-06-18,24.700001,25.490000,24.580000,25.040001,21.665634,53419000
2020-06-19,25.440001,25.490000,24.490000,25.250000,21.847334,127563600
2020-06-22,24.889999,25.030001,24.610001,24.620001,21.302233,55484300
2020-06-23,25.010000,25.410000,24.760000,24.790001,21.449327,46108300
2020-06-24,24.540001,24.540001,23.680000,23.809999,20.601387,75437100
2020-06-25,23.700001,24.770000,23.549999,24.719999,21.388756,65031900
2020-06-26,24.090000,24.110001,23.020000,23.150000,20.030329,118139200
2020-06-29,23.410000,23.840000,23.100000,23.389999,20.237991,66269200
2020-06-30,23.200001,23.910000,23.100000,23.750000,20.549475,61716200
2020-07-01,24.030001,24.070000,23.230000,23.260000,20.125505,57379900
2020-07-02,23.840000,23.990000,23.219999,23.290001,20.151463,56000200
2020-07-06,23.820000,24.080000,23.459999,23.660000,20.471605,59589000
2020-07-07,23.379999,23.389999,22.900000,23.010000,19.909197,60645800
2020-07-08,23.030001,23.190001,22.700001,23.100000,19.987064,52922600
2020-07-09,22.940001,23.160000,22.389999,22.770000,19.701536,79385900
2020-07-10,22.709999,24.049999,22.680000,24.020000,20.783087,81142900
2020-07-13,24.370001,24.510000,23.860001,24.190001,20.930178,73598100
2020-07-14,23.889999,24.150000,23.450001,24.139999,20.886917,67423100
2020-07-15,24.760000,24.870001,24.280001,24.600000,21.284929,57384400
2020-07-16,23.750000,24.219999,23.540001,23.930000,20.705217,78067100
2020-07-17,23.879999,23.980000,23.200001,23.219999,20.090897,66659100
2020-07-20,23.190001,23.700001,23.110001,23.580000,20.402380,61114000
2020-07-21,23.709999,24.480000,23.690001,24.420000,21.129187,75499300
2020-07-22,24.240000,24.330000,23.969999,24.309999,21.034008,52193700
2020-07-23,24.520000,24.639999,24.110001,24.540001,21.233013,61047600
2020-07-24,24.559999,24.830000,24.270000,24.350000,21.068617,50217600
2020-07-27,24.219999,24.270000,23.879999,24.139999,20.886917,54721300
2020-07-28,24.129999,24.559999,24.080000,24.360001,21.077272,48406500
2020-07-29,24.360001,25.290001,24.190001,25.270000,21.864635,71393500
2020-07-30,24.719999,24.950001,24.350000,24.840000,21.492580,61755900
2020-07-31,24.930000,24.950001,24.459999,24.879999,21.527195,61955800
2020-08-03,25.030001,25.309999,24.690001,24.990000,21.622372,58284000
2020-08-04,24.959999,25.059999,24.860001,25.010000,21.639673,37985300
2020-08-05,25.320000,25.590000,25.250000,25.389999,21.968466,51322600
2020-08-06,25.450001,25.670000,25.280001,25.469999,22.037689,51999700
2020-08-07,25.340000,26.190001,25.260000,26.110001,22.591444,63354500
2020-08-10,26.309999,26.809999,26.209999,26.559999,22.980799,64051100
2020-08-11,27.280001,27.750000,26.780001,26.920000,23.292294,81441000
2020-08-12,27.480000,27.570000,26.410000,26.730000,23.127892,61971300
2020-08-13,26.490000,26.670000,26.139999,26.350000,22.799097,55955500
2020-08-14,26.059999,26.660000,25.920000,26.469999,22.902927,50931900
2020-08-17,26.309999,26.410000,25.840000,25.900000,22.409742,57518700
2020-08-18,25.870001,25.990000,25.459999,25.530001,22.089600,45850100
2020-08-19,25.660000,26.080000,25.389999,25.500000,22.063639,59856000
2020-08-20,25.160000,25.330000,25.020000,25.100000,21.717546,49403700
2020-08-21,24.980000,25.430000,24.900000,24.980000,21.613716,55010700
2020-08-24,25.219999,25.700001,25.040001,25.690001,22.228043,54579500
2020-08-25,26.040001,26.190001,25.730000,26.000000,22.496265,57304700
2020-08-26,25.940001,25.940001,25.540001,25.559999,22.115559,39478000
2020-08-27,25.490000,26.219999,25.440001,26.049999,22.539528,52934800
2020-08-28,26.400000,26.469999,25.990000,26.299999,22.755836,46466400
2020-08-31,26.090000,26.139999,25.690001,25.740000,22.271305,49416200
2020-09-01,25.580000,25.900000,25.400000,25.709999,22.245342,46109200
2020-09-02,25.530001,26.160000,25.490000,26.020000,22.513569,57300900
2020-09-03,26.200001,26.620001,25.459999,25.660000,22.356743,86192500
2020-09-04,26.260000,26.760000,25.799999,26.540001,23.123461,99621400
2020-09-08,26.139999,26.320000,25.389999,25.480000,22.199913,74978600
2020-09-09,25.639999,25.719999,25.230000,25.510000,22.226053,53822700
2020-09-10,25.700001,25.889999,25.080000,25.139999,21.903685,56609600
2020-09-11,25.219999,25.580000,25.090000,25.500000,22.217333,47708300
2020-09-14,25.670000,25.990000,25.540001,25.750000,22.435152,47802400
2020-09-15,25.770000,25.830000,25.190001,25.280001,22.025661,63820200
2020-09-16,25.280001,25.910000,25.049999,25.600000,22.304468,64598600
2020-09-17,25.129999,25.480000,25.100000,25.350000,22.086649,48862000
2020-09-18,25.150000,25.580000,25.100000,25.209999,21.964670,94055800
2020-09-21,24.570000,24.780001,24.030001,24.469999,21.319931,75218600
2020-09-22,24.270000,24.600000,23.809999,23.940001,20.858166,68665300
2020-09-23,24.100000,24.260000,23.260000,23.260000,20.265699,59950300
2020-09-24,23.379999,23.820000,22.950001,23.340000,20.335402,53570700
2020-09-25,23.280001,23.549999,23.129999,23.490000,20.466093,42111300
2020-09-28,23.879999,24.309999,23.790001,24.090000,20.988848,47996900
2020-09-29,23.980000,23.990000,23.530001,23.770000,20.710047,45695200
2020-09-30,23.780001,24.320000,23.770000,24.090000,20.988848,56226100
2020-10-01,24.270000,24.410000,23.860001,24.100000,20.997564,44782200
2020-10-02,23.639999,24.430000,23.570000,24.209999,21.093401,51682100
2020-10-05,24.520000,24.709999,24.379999,24.620001,21.450623,44396800
2020-10-06,24.920000,25.190001,24.280001,24.370001,21.232805,67541100
2020-10-07,24.629999,25.110001,24.600000,24.879999,21.677149,47648000
2020-10-08,24.950001,25.299999,24.809999,25.240000,21.990810,52080600
2020-10-09,25.340000,25.490000,25.040001,25.360001,22.095362,44511500
2020-10-12,25.299999,25.830000,25.240000,25.680000,22.374166,48362900
2020-10-13,25.639999,25.680000,24.840000,24.950001,21.738142,61186900
2020-10-14,24.350000,24.590000,23.590000,23.620001,20.579353,127409500
2020-10-15,23.590000,24.200001,23.480000,24.150000,21.041130,66832400
2020-10-16,24.200001,24.350000,23.940001,24.240000,21.119537,58357700
2020-10-19,24.299999,24.320000,23.690001,23.719999,20.666481,51377900
2020-10-20,23.889999,24.480000,23.879999,24.139999,21.032415,62476400
2020-10-21,24.219999,24.340000,24.010000,24.049999,20.953997,41564900
2020-10-22,24.049999,24.910000,24.000000,24.870001,21.668438,55402000
2020-10-23,25.240000,25.260000,24.709999,24.900000,21.694576,51007400
2020-10-26,24.469999,24.580000,24.150000,24.540001,21.380920,59450200
2020-10-27,24.290001,24.389999,23.809999,23.850000,20.779747,55009300
2020-10-28,23.410000,23.660000,23.120001,23.469999,20.448662,81942500
2020-10-29,23.360001,23.750000,23.120001,23.540001,20.509653,57490400
2020-10-30,23.490000,23.840000,23.240000,23.700001,20.649057,66453400
2020-11-02,23.889999,24.260000,23.469999,24.080000,20.980137,59756400
2020-11-03,24.580000,24.940001,24.510000,24.690001,21.511610,65106200
2020-11-04,23.889999,24.139999,23.270000,23.680000,20.631630,88845500
2020-11-05,23.900000,24.790001,23.860001,24.610001,21.441914,74722600
2020-11-06,24.930000,24.959999,24.230000,24.309999,21.180529,55454500
2020-11-09,26.600000,28.270000,26.299999,27.760000,24.186407,178378800
2020-11-10,27.490000,27.760000,27.180000,27.660000,24.099281,77694600
2020-11-11,27.750000,27.770000,27.120001,27.340000,23.820475,48360900
2020-11-12,26.840000,26.900000,26.309999,26.690001,23.254152,67912600
2020-11-13,26.879999,27.209999,26.760000,27.000000,23.524240,52421000
2020-11-16,27.860001,28.000000,27.180000,27.580000,24.029577,57396700
2020-11-17,27.250000,27.600000,27.010000,27.549999,24.003441,46402300
2020-11-18,27.629999,27.930000,26.959999,26.980000,23.506815,54416700
2020-11-19,26.930000,27.010000,26.650000,26.980000,23.506815,46423000
2020-11-20,26.740000,26.950001,26.629999,26.809999,23.358694,40538000
2020-11-23,27.110001,27.520000,27.059999,27.389999,23.864035,45421200
2020-11-24,27.930000,28.990000,27.920000,28.980000,25.249355,80387800
2020-11-25,28.709999,29.040001,28.480000,29.030001,25.292912,57249900
2020-11-27,28.969999,29.100000,28.809999,28.990000,25.258066,25971600
2020-11-30,28.719999,28.860001,28.100000,28.160000,24.534912,63567900
2020-12-01,28.740000,29.040001,28.670000,28.690001,24.996683,50255100
2020-12-02,28.690001,29.180000,28.530001,29.059999,25.319050,45257500
2020-12-03,28.940001,29.100000,28.629999,28.910000,25.345356,54013700
2020-12-04,29.200001,29.430000,29.000000,29.290001,25.678501,66188200
2020-12-07,28.900000,29.150000,28.690001,29.090000,25.503159,42197800
2020-12-08,28.860001,29.150000,28.770000,28.930000,25.362885,33869100
2020-12-09,29.250000,29.250000,28.750000,28.799999,25.248915,54886300
2020-12-10,28.629999,29.129999,28.469999,29.110001,25.520693,58859600
2020-12-11,28.680000,28.750000,28.299999,28.570000,25.047274,40538400
2020-12-14,28.920000,28.959999,28.139999,28.219999,24.740429,40267100
2020-12-15,28.350000,28.820000,28.250000,28.639999,25.108646,43672700
2020-12-16,28.799999,28.820000,28.440001,28.719999,25.178782,42463200
2020-12-17,28.709999,28.920000,28.530001,28.830000,25.275215,43182700
2020-12-18,28.889999,29.100000,28.570000,28.670000,25.134945,82817200
2020-12-21,29.100000,29.990000,28.730000,29.740000,26.073009,93397400
2020-12-22,29.780001,29.780001,29.170000,29.209999,25.608362,39054300
2020-12-23,29.389999,30.350000,29.330000,30.049999,26.344790,52537200
2020-12-24,30.270000,30.270000,29.740000,29.959999,26.265886,22632300
2020-12-28,30.230000,30.549999,29.990000,30.129999,26.414921,32861200
2020-12-29,30.170000,30.250000,29.930000,30.010000,26.309723,33291900
2020-12-30,30.000000,30.219999,29.940001,29.980000,26.283421,26370100
2020-12-31,30.010000,30.389999,29.900000,30.309999,26.572731,28716000
2021-01-04,30.459999,30.570000,29.750000,30.030001,26.327253,51483900
2021-01-05,30.170000,30.540001,29.910000,30.260000,26.528898,48507000
2021-01-06,31.900000,32.619999,31.360001,32.150002,28.185863,107002800
2021-01-07,33.310001,33.619999,32.840000,32.860001,28.808311,74358500
2021-01-08,32.919998,33.000000,32.110001,32.529999,28.518997,44641400
2021-01-11,32.090000,33.130001,31.900000,33.070000,28.992420,51868200
2021-01-12,33.419998,33.970001,33.200001,33.660000,29.509670,68166200
2021-01-13,33.430000,33.680000,33.090000,33.459999,29.334332,43172800
2021-01-14,33.480000,34.369999,33.419998,33.990002,29.798986,48483500
2021-01-15,33.290001,33.630001,32.700001,33.009998,28.939814,57684300
2021-01-19,32.500000,33.599998,32.200001,32.770000,28.729406,78130200
2021-01-20,32.759998,32.790001,32.160000,32.340000,28.352427,53920000
2021-01-21,32.340000,32.480000,31.730000,31.770000,27.852709,49626600
2021-01-22,31.360001,31.750000,31.250000,31.549999,27.659840,45314500
2021-01-25,31.270000,31.299999,30.570000,31.160000,27.317926,48078400
2021-01-26,31.400000,31.430000,30.910000,30.940001,27.125055,36373000
2021-01-27,30.309999,30.430000,29.670000,29.830000,26.151915,63809200
2021-01-28,30.420000,30.750000,29.920000,30.320000,26.581499,51223300
2021-01-29,30.400000,30.500000,29.590000,29.650000,25.994114,64019100
2021-02-01,29.870001,30.040001,29.570000,29.959999,26.265886,40985300
2021-02-02,30.580000,31.200001,30.540001,31.030001,27.203955,53527000
2021-02-03,30.910000,31.730000,30.879999,31.580000,27.686142,49404900
2021-02-04,31.799999,32.529999,31.780001,32.500000,28.492699,51751900
2021-02-05,32.889999,32.910000,32.320000,32.369999,28.378731,42008800
2021-02-08,32.430000,33.279999,32.400002,33.090000,29.009951,46014100
2021-02-09,32.970001,33.020000,32.590000,32.950001,28.887218,35868600
2021-02-10,33.119999,33.419998,32.860001,32.980000,28.913513,45031900
2021-02-11,32.970001,33.310001,32.549999,32.880001,28.825848,29479900
2021-02-12,33.000000,33.450001,32.910000,33.369999,29.255426,37468300
2021-02-16,33.980000,34.560001,33.700001,34.270000,30.044458,52802600
2021-02-17,34.040001,34.560001,33.790001,34.410000,30.167200,45455300
2021-02-18,34.060001,34.650002,34.020000,34.189999,29.974321,37541700
2021-02-19,34.200001,34.730000,34.180000,34.540001,30.281162,54514100
2021-02-22,34.450001,35.250000,34.410000,35.150002,30.815948,56783400
2021-02-23,35.419998,35.889999,35.139999,35.520000,31.140335,67440700
2021-02-24,35.740002,36.520000,35.599998,36.380001,31.894291,58139500
2021-02-25,36.959999,37.029999,35.759998,35.930000,31.499779,74762000
2021-02-26,35.730000,36.029999,34.680000,34.709999,30.430202,70933300
2021-03-01,35.520000,36.049999,35.240002,35.790001,31.377037,45901700
2021-03-02,35.650002,35.939999,35.500000,35.529999,31.149101,41167400
2021-03-03,35.970001,36.970001,35.840000,36.419998,31.929356,66047000
2021-03-04,36.139999,36.869999,35.919998,36.500000,32.158432,96512800
2021-03-05,37.029999,37.599998,36.169998,36.930000,32.537285,74292300
2021-03-08,37.380001,37.730000,36.820000,37.130001,32.713501,65335500
2021-03-09,36.549999,37.160000,35.810001,36.320000,31.999844,63946000
2021-03-10,36.540001,37.529999,36.369999,37.369999,32.924946,53365600
2021-03-11,37.270000,37.790001,36.849998,37.240002,32.810417,45834000
2021-03-12,37.919998,38.180000,37.580002,37.939999,33.427151,46069600
2021-03-15,38.029999,38.070000,37.220001,37.750000,33.259743,50131600
2021-03-16,37.419998,37.720001,36.970001,37.639999,33.162830,50300400
2021-03-17,38.000000,38.360001,37.330002,37.950001,33.435970,63796000
2021-03-18,38.509998,39.970001,38.419998,38.939999,34.308205,95439700
2021-03-19,38.290001,38.919998,37.529999,38.529999,33.946964,106252700
2021-03-22,38.080002,38.380001,37.400002,37.660000,33.180458,54701300
2021-03-23,37.360001,37.820000,36.779999,36.900002,32.510860,49838000
2021-03-24,37.209999,37.790001,36.889999,36.900002,32.510860,43896800
2021-03-25,36.869999,37.750000,36.630001,37.660000,33.180458,47517900
2021-03-26,38.349998,38.759998,38.080002,38.680000,34.079121,66846000
2021-03-29,38.049999,38.630001,37.860001,38.310001,33.753139,45680000
2021-03-30,38.630001,39.459999,38.630001,38.990002,34.352253,56705900
2021-03-31,38.619999,38.990002,38.459999,38.689999,34.087940,49270000
2021-04-01,38.830002,39.520000,38.720001,39.490002,34.792782,65587000
2021-04-05,40.000000,40.279999,39.599998,39.799999,35.065903,50328500
2021-04-06,39.529999,40.150002,39.459999,39.689999,34.968994,42590100
2021-04-07,39.770000,40.150002,39.590000,40.049999,35.286171,43136400
2021-04-08,39.799999,39.849998,39.220001,39.700001,34.977798,45285900
2021-04-09,39.910000,40.180000,39.509998,39.990002,35.233318,45872900
2021-04-12,39.990002,40.380001,39.849998,40.060001,35.294987,45544600
2021-04-13,39.810001,39.820000,39.200001,39.320000,34.643009,46770400
2021-04-14,38.980000,40.330002,38.919998,39.880001,35.136391,52023800
2021-04-15,39.730000,39.840000,38.049999,38.740002,34.131992,118128900
2021-04-16,39.310001,39.419998,38.910000,39.150002,34.493229,60633400
2021-04-19,39.389999,39.430000,39.029999,39.169998,34.510845,42321100
2021-04-20,39.000000,39.000000,37.889999,38.080002,33.550499,50834100
2021-04-21,37.750000,38.779999,37.410000,38.720001,34.114368,37851800
2021-04-22,38.750000,38.770000,38.169998,38.360001,33.797184,48093400
2021-04-23,38.320000,39.340000,38.220001,39.180000,34.519653,48674100
2021-04-26,39.349998,39.849998,39.279999,39.410000,34.722301,34699800
2021-04-27,39.669998,39.919998,39.509998,39.880001,35.136391,34304800
2021-04-28,39.930000,40.220001,39.880001,40.029999,35.268555,34084400
2021-04-29,40.549999,41.130001,40.459999,41.110001,36.220089,44008700
2021-04-30,40.840000,40.900002,40.470001,40.529999,35.709076,39203400
2021-05-03,40.869999,41.049999,40.419998,40.560001,35.735512,41940500
2021-05-04,40.240002,41.080002,39.779999,41.000000,36.123173,53880000
2021-05-05,41.200001,41.560001,40.759998,41.389999,36.466785,37471100
2021-05-06,41.480000,42.060001,41.240002,42.009998,37.013027,39044400
2021-05-07,41.130001,42.250000,41.110001,42.180000,37.162811,39249200
2021-05-10,42.500000,42.939999,42.029999,42.049999,37.048279,41271500
2021-05-11,41.549999,42.340000,41.340000,41.570000,36.625374,42964700
2021-05-12,42.380001,42.560001,41.040001,41.180000,36.281757,47533000
2021-05-13,40.860001,42.090000,40.779999,41.840000,36.863258,42026100
2021-05-14,42.060001,42.480000,41.919998,42.360001,37.321400,30932600
2021-05-17,42.240002,42.849998,42.160000,42.740002,37.656200,32656400
2021-05-18,42.700001,42.950001,42.139999,42.160000,37.145191,37880300
2021-05-19,41.650002,42.000000,41.310001,41.970001,36.977795,42672800
2021-05-20,41.900002,42.130001,41.459999,41.869999,36.889683,36871100
2021-05-21,42.020000,42.599998,41.889999,42.400002,37.356640,40243800
2021-05-24,42.580002,42.779999,42.250000,42.630001,37.559299,31390800
2021-05-25,42.689999,43.259998,41.930000,42.009998,37.013027,52657700
2021-05-26,42.020000,42.250000,41.660000,42.040001,37.039459,41332800
2021-05-27,42.480000,42.849998,42.119999,42.549999,37.488808,52981100
2021-05-28,42.660000,42.709999,42.049999,42.389999,37.347832,38509700
2021-06-01,42.950001,43.279999,42.770000,42.919998,37.814796,42890700
2021-06-02,43.099998,43.169998,42.599998,42.939999,37.832405,34180500
2021-06-03,42.770000,43.490002,42.680000,43.250000,38.265949,46981200
2021-06-04,43.240002,43.389999,42.830002,43.270000,38.283646,37192600
2021-06-07,43.270000,43.389999,43.060001,43.119999,38.150928,28401900
2021-06-08,42.860001,43.240002,42.430000,42.880001,37.938591,41871400
2021-06-09,42.470001,42.730000,42.110001,42.320000,37.443127,42366300
2021-06-10,42.759998,42.959999,41.619999,41.689999,36.885715,40123600
2021-06-11,41.810001,41.889999,41.509998,41.860001,37.036129,31203600
2021-06-14,41.849998,41.910000,41.060001,41.360001,36.593754,36050700
2021-06-15,41.279999,41.560001,40.900002,41.389999,36.620281,39247900
2021-06-16,41.279999,41.990002,40.669998,41.619999,36.823776,63859100
2021-06-17,42.020000,42.099998,39.720001,39.799999,35.213524,80728200
2021-06-18,39.009998,39.299999,38.490002,38.779999,34.311058,102774200
2021-06-21,39.119999,39.779999,39.029999,39.750000,35.169285,48119400
2021-06-22,39.880001,40.259998,39.279999,39.970001,35.363930,44113200
2021-06-23,40.160000,40.419998,40.070000,40.200001,35.567429,32039900
2021-06-24,40.439999,41.009998,40.180000,40.830002,36.124828,37161800
2021-06-25,41.270000,41.830002,40.840000,41.619999,36.823776,53178800
2021-06-28,41.459999,41.580002,41.099998,41.560001,36.770702,34416500
2021-06-29,41.630001,41.950001,40.750000,40.889999,36.177910,38519600
2021-06-30,40.759998,41.360001,40.720001,41.230000,36.478725,29159800
2021-07-01,41.560001,41.700001,41.209999,41.540001,36.753002,28045100
2021-07-02,41.369999,41.470001,41.099998,41.150002,36.407948,28980800
2021-07-06,40.810001,40.880001,39.869999,40.070000,35.452408,47578700
2021-07-07,39.570000,40.000000,39.360001,39.750000,35.169285,43499900
2021-07-08,38.619999,39.240002,38.480000,38.779999,34.311058,52793100
2021-07-09,39.650002,40.240002,39.400002,40.040001,35.425865,43887200
2021-07-12,39.790001,40.810001,39.639999,40.630001,35.947865,42624500
2021-07-13,40.480000,40.480000,39.580002,39.860001,35.266605,54338100
2021-07-14,39.110001,39.549999,37.790001,38.860001,34.381851,105651700
2021-07-15,38.389999,39.330002,38.320000,38.830002,34.355301,54697300
2021-07-16,39.220001,39.290001,37.590000,37.919998,33.550163,60469700
2021-07-19,36.750000,37.250000,36.509998,36.930000,32.674255,83251500
2021-07-20,36.860001,38.119999,36.610001,37.689999,33.346668,59462900
2021-07-21,38.049999,38.770000,37.980000,38.459999,34.027943,49907400
2021-07-22,38.360001,38.400002,37.680000,37.959999,33.585571,52715600
2021-07-23,38.200001,38.270000,37.560001,37.700001,33.355522,48659400
2021-07-26,37.660000,38.240002,37.660000,38.130001,33.735958,32258000
2021-07-27,37.720001,38.240002,37.459999,37.980000,33.603256,39121400
2021-07-28,38.189999,38.500000,37.750000,38.130001,33.735958,43331100
2021-07-29,38.549999,38.980000,38.369999,38.680000,34.222584,43039100
2021-07-30,38.509998,38.830002,38.049999,38.360001,33.939461,46210100
2021-08-02,38.400002,38.950001,37.910000,37.959999,33.585571,49894000
2021-08-03,38.060001,38.630001,37.549999,38.549999,34.107567,39680600
2021-08-04,38.029999,38.770000,37.860001,38.270000,33.859840,42289800
2021-08-05,38.570000,39.060001,38.549999,39.020000,34.523411,34754500
2021-08-06,39.470001,40.410000,39.470001,40.150002,35.523186,58022300
2021-08-09,40.049999,40.959999,39.799999,40.669998,35.983261,56340100
2021-08-10,40.709999,41.619999,40.580002,41.430000,36.655682,44987300
2021-08-11,41.599998,42.189999,41.480000,41.950001,37.115757,58458200
2021-08-12,42.230000,42.290001,41.770000,42.150002,37.292706,37400100
2021-08-13,42.090000,42.230000,41.430000,41.630001,36.832634,41344900
2021-08-16,41.160000,41.299999,40.610001,41.290001,36.531815,38599100
2021-08-17,41.049999,41.570000,40.619999,41.090000,36.354866,43526900
2021-08-18,40.770000,41.529999,40.660000,40.790001,36.089439,50342500
2021-08-19,40.119999,40.669998,40.009998,40.189999,35.558575,51883900
2021-08-20,40.090000,40.470001,39.910000,40.369999,35.717823,40415000
2021-08-23,40.630001,41.099998,40.599998,40.910000,36.195610,35364500
2021-08-24,41.099998,41.680000,41.040001,41.480000,36.699924,35579300
2021-08-25,41.660000,42.450001,41.540001,42.150002,37.292706,51219900
2021-08-26,42.500000,42.840000,42.020000,42.040001,37.195385,41184500
2021-08-27,42.119999,42.650002,41.939999,42.490002,37.593521,46468600
2021-08-30,42.630001,42.630001,41.630001,41.660000,36.859173,44855600
2021-08-31,41.669998,42.070000,41.360001,41.750000,36.938805,54654600
2021-09-01,41.750000,41.779999,41.029999,41.189999,36.443336,52361900
2021-09-02,41.110001,41.490002,40.639999,41.020000,36.478916,44538900
2021-09-03,41.020000,41.189999,40.680000,41.049999,36.505589,41812400
2021-09-07,41.250000,41.849998,41.180000,41.320000,36.745705,43748600
2021-09-08,41.080002,41.490002,40.680000,40.779999,36.265476,36064400
2021-09-09,40.660000,41.349998,40.560001,40.930000,36.398869,36266400
2021-09-10,41.220001,41.349998,40.240002,40.270000,35.811935,40514700
2021-09-13,40.599998,40.959999,40.349998,40.939999,36.407768,42036300
2021-09-14,41.130001,41.310001,39.660000,39.840000,35.429543,53820400
2021-09-15,39.730000,40.340000,39.669998,40.139999,35.696323,52358200
2021-09-16,40.480000,40.810001,40.200001,40.450001,35.972015,42922000
2021-09-17,40.340000,40.669998,40.080002,40.500000,36.016479,92746000
2021-09-20,39.380001,39.459999,38.360001,39.110001,34.780361,67566200
2021-09-21,39.270000,39.599998,38.939999,39.130001,34.798145,38271100
2021-09-22,39.750000,40.520000,39.750000,40.139999,35.696323,46261400
2021-09-23,40.759998,41.880001,40.650002,41.689999,37.074738,49779800
2021-09-24,41.720001,42.340000,41.650002,42.139999,37.474918,39042300
2021-09-27,42.680000,43.430000,42.639999,43.259998,38.470936,49755400
2021-09-28,43.430000,44.040001,43.060001,43.160000,38.382008,60781200
2021-09-29,43.180000,43.320000,42.740002,43.070000,38.301975,44260200
2021-09-30,43.349998,43.349998,42.230000,42.450001,37.750603,47410800
2021-10-01,42.480000,43.430000,42.389999,43.080002,38.310863,40987100
2021-10-04,43.110001,44.070000,43.070000,43.340000,38.542076,48273400
2021-10-05,43.770000,44.750000,43.669998,44.220001,39.324657,54070700
2021-10-06,43.849998,44.290001,43.549999,44.240002,39.342445,47031700
2021-10-07,44.790001,44.869999,44.029999,44.119999,39.235725,46258800
2021-10-08,44.070000,44.810001,43.919998,44.340000,39.431377,39389400
2021-10-11,44.599998,44.810001,43.750000,43.779999,38.933361,36283500
2021-10-12,43.669998,44.000000,43.270000,43.540001,38.719925,36898300
2021-10-13,43.549999,43.639999,42.330002,43.139999,38.364216,43908000
2021-10-14,44.369999,45.099998,43.480000,45.070000,40.080559,82201000
2021-10-15,45.770000,46.669998,45.360001,46.369999,41.236645,64264900
2021-10-18,46.290001,46.889999,46.029999,46.279999,41.156609,49542500
2021-10-19,46.500000,46.630001,46.200001,46.480000,41.334469,32515500
2021-10-20,46.490002,47.240002,46.049999,47.090000,41.876938,40411000
2021-10-21,47.099998,47.480000,46.610001,46.830002,41.645725,36848600
2021-10-22,46.990002,47.619999,46.990002,47.570000,42.303787,36225600
2021-10-25,47.799999,47.980000,47.200001,47.509998,42.250435,31679500
2021-10-26,47.660000,48.430000,47.439999,47.959999,42.650623,35674800
2021-10-27,47.480000,48.169998,47.029999,47.040001,41.832474,45790800
2021-10-28,47.590000,48.000000,47.299999,47.779999,42.490551,37209600
2021-10-29,47.750000,48.130001,47.520000,47.779999,42.490551,31756200
2021-11-01,48.099998,48.169998,47.279999,47.849998,42.552803,36937200
2021-11-02,47.570000,48.419998,47.349998,47.880001,42.579483,36283400
2021-11-03,47.799999,48.689999,47.610001,48.369999,43.015236,42553000
2021-11-04,48.150002,48.150002,46.880001,47.330002,42.090370,47646300
2021-11-05,47.599998,47.820000,46.820000,46.970001,41.770210,38271200
2021-11-08,47.349998,47.799999,47.250000,47.340000,42.099258,33815500
2021-11-09,46.650002,47.360001,46.410000,46.880001,41.690182,36900300
2021-11-10,46.750000,47.520000,46.650002,47.230000,42.001431,39385600
2021-11-11,47.310001,47.889999,47.009998,47.490002,42.232655,31194800
2021-11-12,47.509998,47.529999,46.759998,46.910000,41.716858,44268500
2021-11-15,47.259998,47.389999,46.900002,47.049999,41.841362,35335500
2021-11-16,47.180000,47.279999,46.689999,47.080002,41.868038,35120800
2021-11-17,47.080002,47.200001,46.450001,46.509998,41.361141,32963700
2021-11-18,46.709999,46.810001,46.209999,46.320000,41.192184,30639000
2021-11-19,45.700001,45.770000,44.830002,45.400002,40.374027,48429500
2021-11-22,46.720001,46.869999,45.910000,46.279999,41.156609,53697100
2021-11-23,46.869999,47.650002,46.669998,47.500000,42.241550,49362900
2021-11-24,47.419998,47.980000,47.209999,47.630001,42.357155,40060000
2021-11-26,45.520000,46.040001,44.750000,45.759998,40.694164,55110100
2021-11-29,46.419998,46.700001,45.169998,45.590000,40.542988,50231100
2021-11-30,44.759998,45.220001,44.360001,44.470001,39.546982,77193600
2021-12-01,45.220001,45.700001,43.810001,43.840000,38.986732,60601600
2021-12-02,44.330002,45.500000,44.000000,44.889999,40.112629,57821400
2021-12-03,45.000000,45.070000,43.599998,43.869999,39.201180,74605300
2021-12-06,44.560001,44.880001,43.959999,44.150002,39.451382,48193100
2021-12-07,44.560001,44.910000,44.430000,44.709999,39.951786,40740800
2021-12-08,44.680000,44.799999,44.090000,44.160000,39.460320,50560300
2021-12-09,43.910000,44.730000,43.650002,44.490002,39.755199,37316700
2021-12-10,44.709999,44.830002,44.070000,44.520000,39.782009,37700200
2021-12-13,44.270000,44.400002,43.389999,43.580002,38.942051,38653900
2021-12-14,43.590000,44.820000,43.529999,44.130001,39.433514,47099400
2021-12-15,44.369999,44.450001,43.619999,43.939999,39.263725,60057100
2021-12-16,44.700001,45.360001,44.090000,45.000000,40.210930,69487200
2021-12-17,44.500000,44.700001,43.619999,43.880001,39.210121,124242400
2021-12-20,43.270000,43.360001,42.700001,43.160000,38.566750,56455200
2021-12-21,43.540001,44.480000,43.540001,44.189999,39.487125,47845600
2021-12-22,44.080002,44.580002,43.880001,44.279999,39.567551,35715700
2021-12-23,44.680000,45.070000,44.400002,44.419998,39.692650,34053500
2021-12-27,44.549999,44.820000,44.310001,44.639999,39.889236,33879200
2021-12-28,44.470001,45.080002,44.419998,44.700001,39.942852,32492400
2021-12-29,44.849998,45.119999,44.599998,44.630001,39.880302,25294900
2021-12-30,44.750000,45.099998,44.480000,44.529999,39.790947,23852200
2021-12-31,44.520000,44.720001,44.279999,44.490002,39.755199,24253900
2022-01-03,45.090000,46.490002,44.980000,46.180000,41.265347,58587900
2022-01-04,47.060001,48.430000,47.040001,47.990002,42.882717,74606700
2022-01-05,48.139999,48.369999,47.160000,47.180000,42.158913,57791600
2022-01-06,47.980000,48.160000,47.189999,48.130001,43.007820,52040900
2022-01-07,48.150002,49.310001,48.060001,49.180000,43.946072,59082600
2022-01-10,49.910000,50.080002,48.340000,48.930000,43.722679,66839500
2022-01-11,48.990002,49.250000,48.639999,49.209999,43.972874,40454400
2022-01-12,49.169998,49.380001,48.680000,48.860001,43.660126,41378000
2022-01-13,48.919998,49.490002,48.630001,48.759998,43.570770,46337500
2022-01-14,47.520000,48.230000,47.189999,47.910000,42.811230,72953300
2022-01-18,47.849998,47.919998,46.049999,46.259998,41.336838,65877400
2022-01-19,48.389999,48.580002,46.349998,46.439999,41.497669,84451800
2022-01-20,46.689999,47.049999,45.660000,45.750000,40.881111,46265300
2022-01-21,45.570000,46.020000,44.660000,44.919998,40.139423,71303600
2022-01-24,43.900002,44.689999,42.590000,44.549999,39.808811,90672700
2022-01-25,44.290001,45.570000,43.830002,45.430000,40.595161,73555300
2022-01-26,45.779999,46.459999,45.259998,45.900002,41.015137,63735800
2022-01-27,46.369999,46.750000,45.090000,45.470001,40.630901,63402400
2022-01-28,45.330002,45.889999,44.450001,45.869999,40.988335,51048300
2022-01-31,45.520000,46.270000,45.220001,46.139999,41.229599,44793700
2022-02-01,46.209999,47.099998,45.900002,46.939999,41.944466,40326600
2022-02-02,46.720001,46.959999,46.299999,46.889999,41.899776,41125600
2022-02-03,47.220001,47.290001,46.349998,46.430000,41.488735,35879900
2022-02-04,47.080002,48.689999,46.680000,48.279999,43.141846,60297100
2022-02-07,48.560001,48.759998,47.990002,48.509998,43.347374,44824800
2022-02-08,49.150002,50.020000,48.939999,49.380001,44.124786,49560500
2022-02-09,49.220001,49.790001,49.029999,49.279999,44.035427,33861100
2022-02-10,49.680000,50.110001,48.759998,49.049999,43.829899,47082800
2022-02-11,48.630001,49.439999,47.500000,47.919998,42.820156,61056000
2022-02-14,48.020000,48.189999,46.939999,47.419998,42.373375,44791900
2022-02-15,48.000000,48.369999,47.570000,47.790001,42.703999,42397600
2022-02-16,47.439999,48.240002,47.310001,47.680000,42.605705,36664600
2022-02-17,47.000000,47.290001,45.950001,46.070000,41.167057,49442400
2022-02-18,46.070000,46.540001,45.720001,45.959999,41.068756,37856500
2022-02-22,45.169998,45.980000,45.040001,45.560001,40.711323,51905600
2022-02-23,45.950001,46.110001,44.570000,44.779999,40.014336,45704900
2022-02-24,43.000000,43.680000,42.049999,43.599998,38.959911,80484800
2022-02-25,43.810001,45.349998,43.630001,45.020000,40.228798,68530700
2022-02-28,43.720001,44.259998,43.439999,44.200001,39.496056,69955300
2022-03-01,43.709999,43.740002,41.930000,42.470001,37.950176,74895600
2022-03-02,42.740002,43.540001,42.619999,43.160000,38.566750,70834600
2022-03-03,43.090000,43.500000,42.209999,42.490002,38.153690,48733800
2022-03-04,41.430000,41.439999,40.320000,40.950001,36.770851,75572800
2022-03-07,39.930000,40.110001,38.209999,38.340000,34.427216,109779000
2022-03-08,39.070000,39.660000,38.169998,38.590000,34.651703,76553800
2022-03-09,40.310001,41.610001,40.160000,41.040001,36.851665,78207900
2022-03-10,40.290001,41.480000,40.110001,40.669998,36.519421,48804400
2022-03-11,41.040001,41.380001,40.290001,40.330002,36.214130,43946600
2022-03-14,40.900002,42.180000,40.900002,41.200001,36.995338,54262400
2022-03-15,41.259998,41.779999,40.869999,41.500000,37.264717,41395300
2022-03-16,42.240002,43.049999,41.919998,42.799999,38.432049,59477600
2022-03-17,42.410000,43.040001,41.830002,43.029999,38.638580,50260200
2022-03-18,42.759998,42.930000,42.259998,42.900002,38.521847,74470600
2022-03-21,43.349998,43.430000,42.509998,42.840000,38.467968,47106400
2022-03-22,43.820000,44.630001,43.700001,44.180000,39.671211,52360600
2022-03-23,43.720001,44.009998,43.029999,43.090000,38.692455,48539300
2022-03-24,43.380001,43.430000,42.889999,43.070000,38.674500,30360800
2022-03-25,43.480000,44.259998,43.330002,43.730000,39.267143,38968100
2022-03-28,43.709999,43.750000,42.830002,43.549999,39.105507,37428600
2022-03-29,44.250000,44.389999,43.110001,43.439999,39.006733,46355800
2022-03-30,43.439999,43.650002,42.750000,43.000000,38.611637,36601800
2022-03-31,42.840000,42.889999,41.200001,41.220001,37.013302,67902500
2022-04-01,41.689999,41.740002,40.349998,40.900002,36.725948,61929200
2022-04-04,40.480000,41.139999,40.160000,40.830002,36.663105,53761700
2022-04-05,40.439999,40.759998,40.040001,40.139999,36.043507,51781700
2022-04-06,39.740002,40.009998,39.349998,39.700001,35.648422,54159800
2022-04-07,39.889999,39.980000,38.849998,39.389999,35.370052,54585000
2022-04-08,39.490002,40.099998,39.320000,39.669998,35.621483,41018900
2022-04-11,39.480000,40.400002,39.389999,39.590000,35.549641,34198700
2022-04-12,39.570000,40.080002,38.849998,39.169998,35.172512,42855300
2022-04-13,38.500000,39.009998,38.360001,38.820000,34.858231,45484200
2022-04-14,38.490002,38.970001,37.419998,37.570000,33.735794,79032000
2022-04-18,37.419998,39.310001,37.220001,38.849998,34.885170,80080300
2022-04-19,39.209999,39.880001,39.110001,39.570000,35.531689,53714200
2022-04-20,40.150002,40.369999,39.610001,39.660000,35.612511,47064300
2022-04-21,40.000000,40.209999,38.619999,38.910000,34.939049,46245900
2022-04-22,38.810001,38.849998,37.500000,37.560001,33.726826,50409800
2022-04-25,36.889999,37.400002,35.930000,37.290001,33.484367,64301100
2022-04-26,36.880001,37.540001,36.419998,36.450001,32.730095,44809900
2022-04-27,36.270000,36.910000,36.169998,36.250000,32.550507,39824900
2022-04-28,36.730000,36.950001,36.160000,36.810001,33.053356,39567800
2022-04-29,36.750000,37.130001,35.540001,35.680000,32.038677,47385200
2022-05-02,36.029999,36.279999,35.400002,36.139999,32.451740,46652200
2022-05-03,36.340000,37.630001,36.330002,37.130001,33.340706,48926000
2022-05-04,37.369999,38.750000,37.279999,38.619999,34.678638,57860300
2022-05-05,38.049999,38.209999,36.869999,37.540001,33.708855,48860600
2022-05-06,37.369999,37.619999,36.610001,37.450001,33.628040,50440100
2022-05-09,36.869999,37.060001,36.060001,36.369999,32.658264,51242000
2022-05-10,36.750000,37.130001,35.180000,35.759998,32.110512,60235300
2022-05-11,35.900002,36.919998,35.509998,35.570000,31.939911,54969300
2022-05-12,35.009998,35.430000,34.259998,35.070000,31.490936,61231500
2022-05-13,35.529999,35.730000,34.759998,35.169998,31.580729,49117900
2022-05-16,35.000000,35.169998,34.410000,34.810001,31.257473,39076500
2022-05-17,35.619999,36.220001,35.430000,35.990002,32.317039,42635600
2022-05-18,35.619999,35.689999,34.599998,34.880001,31.320326,47396900
2022-05-19,34.290001,34.840000,34.250000,34.450001,30.934212,47002700
2022-05-20,34.799999,34.980000,32.959999,33.860001,30.404423,62406500
2022-05-23,34.759998,36.259998,34.660000,35.869999,32.209286,69081900
2022-05-24,35.470001,35.959999,34.959999,35.650002,32.011745,46146700
2022-05-25,35.500000,36.270000,35.290001,35.840000,32.182350,49343400
2022-05-26,36.500000,36.840000,36.340000,36.669998,32.927643,60201200
2022-05-27,36.889999,37.049999,36.580002,37.020000,33.241932,43365600
2022-05-31,36.820000,37.529999,36.610001,37.200001,33.403557,71609200
2022-06-01,37.459999,37.470001,36.169998,36.669998,32.927643,35237900
2022-06-02,36.410000,36.709999,36.070000,36.700001,33.144402,35341900
2022-06-03,36.480000,36.680000,36.130001,36.189999,32.683804,25235200
2022-06-06,36.700001,37.209999,36.099998,36.150002,32.647675,40394000
2022-06-07,35.900002,36.410000,35.740002,36.349998,32.828308,29152200
2022-06-08,35.919998,36.110001,35.520000,35.889999,32.412861,33590600
2022-06-09,35.740002,35.840000,34.500000,34.509998,31.166567,49419000
2022-06-10,33.680000,34.040001,33.020000,33.169998,29.956388,49318200
2022-06-13,32.389999,32.770000,31.740000,32.020000,28.917803,61216600
2022-06-14,31.920000,32.599998,31.230000,31.459999,28.412060,49349800
2022-06-15,31.980000,32.490002,31.420000,32.049999,28.944902,51540100
2022-06-16,31.500000,32.000000,30.860001,31.850000,28.764277,61363400
2022-06-17,32.029999,32.580002,31.639999,31.920000,28.827496,80470300
2022-06-21,32.889999,33.290001,32.619999,32.849998,29.667391,53537200
2022-06-22,32.389999,32.939999,32.320000,32.599998,29.441612,38305600
2022-06-23,32.380001,32.410000,31.260000,32.080002,28.971998,44091500
2022-06-24,31.250000,32.770000,31.230000,32.310001,29.179710,79504700
2022-06-27,32.419998,32.599998,31.910000,32.349998,29.215836,47900300
2022-06-28,32.830002,33.500000,32.189999,32.259998,29.134552,49863800
2022-06-29,32.230000,32.439999,31.660000,31.860001,28.773310,35149700
2022-06-30,31.170000,31.549999,30.639999,31.129999,28.114031,46312300
2022-07-01,30.980000,31.670000,30.629999,31.559999,28.502375,40236100
2022-07-05,30.799999,31.240000,30.450001,31.240000,28.213375,47411800
2022-07-06,31.010000,31.250000,30.639999,30.980000,27.978563,35933700
2022-07-07,31.500000,32.009998,31.469999,31.860001,28.773310,40137900
2022-07-08,32.009998,32.250000,31.559999,31.790001,28.710093,31153800
2022-07-11,31.549999,31.790001,31.290001,31.459999,28.412060,29311900
2022-07-12,31.020000,32.029999,30.980000,31.360001,28.321749,39527000
2022-07-13,31.070000,31.150000,30.400000,30.840000,27.852129,44153700
2022-07-14,30.090000,30.219999,29.670000,30.129999,27.210915,51707800
2022-07-15,30.650000,32.630001,30.610001,32.250000,29.125526,77801700
2022-07-18,33.080002,33.380001,32.099998,32.259998,29.134552,56382900
2022-07-19,32.900002,33.619999,32.680000,33.349998,30.118952,46874900
2022-07-20,33.180000,33.450001,32.950001,33.360001,30.127985,35514900
2022-07-21,33.090000,33.669998,32.950001,33.650002,30.389887,31244000
2022-07-22,33.599998,33.939999,33.090000,33.430000,30.191198,27115400
2022-07-25,33.779999,33.980000,33.439999,33.730000,30.462133,30381000
2022-07-26,33.410000,33.779999,32.959999,33.049999,29.848015,30645700
2022-07-27,33.240002,33.770000,32.950001,33.590000,30.335701,30344800
2022-07-28,33.500000,33.750000,32.900002,33.320000,30.091862,40176500
2022-07-29,33.470001,33.939999,33.349998,33.810001,30.534388,48152500
2022-08-01,33.619999,33.889999,33.220001,33.709999,30.444073,32336700
2022-08-02,33.599998,33.720001,33.000000,33.040001,29.838987,37884100
2022-08-03,33.419998,33.750000,33.169998,33.639999,30.380859,30065800
2022-08-04,33.520000,33.669998,33.169998,33.400002,30.164104,28404500
2022-08-05,33.279999,34.330002,33.240002,33.959999,30.669853,35874500
2022-08-08,34.169998,34.290001,33.450001,33.490002,30.245398,33454300
2022-08-09,33.650002,33.959999,33.410000,33.919998,30.633728,40196900
2022-08-10,34.500000,35.430000,34.450001,35.070000,31.672314,61415800
2022-08-11,35.770000,36.060001,35.650002,35.910000,32.430927,50420800
2022-08-12,36.160000,36.310001,35.689999,36.299999,32.783146,31821700
2022-08-15,35.840000,36.299999,35.669998,36.250000,32.737991,24908000
2022-08-16,36.189999,36.939999,36.099998,36.639999,33.090210,31870200
2022-08-17,36.200001,36.590000,36.080002,36.410000,32.882496,27125600
2022-08-18,36.250000,36.400002,36.000000,36.279999,32.765079,23138300
2022-08-19,35.959999,36.029999,35.310001,35.480000,32.042591,36485400
2022-08-22,34.750000,34.820000,34.450001,34.720001,31.356216,31210300
2022-08-23,34.669998,34.970001,34.360001,34.410000,31.076256,26588000
2022-08-24,34.250000,34.799999,34.049999,34.520000,31.175606,31389400
2022-08-25,34.599998,35.279999,34.450001,35.139999,31.735533,40576700
2022-08-26,35.439999,35.480000,34.020000,34.029999,30.733072,36152600
2022-08-29,33.860001,34.150002,33.610001,33.900002,30.615669,34931000
2022-08-30,34.180000,34.279999,33.540001,34.090000,30.787264,48194900
2022-08-31,34.139999,34.369999,33.599998,33.610001,30.353765,44917600
2022-09-01,33.340000,33.490002,32.660000,33.470001,30.426491,32848900
2022-09-02,33.930000,34.480000,33.270000,33.430000,30.390123,44000800
2022-09-06,33.639999,33.730000,32.610001,33.060001,30.053772,40762400
2022-09-07,32.810001,33.669998,32.630001,33.570000,30.517391,40742600
2022-09-08,33.459999,34.730000,33.270000,34.650002,31.499180,44361800
2022-09-09,34.980000,35.250000,34.840000,34.939999,31.762817,37295100
2022-09-12,35.200001,35.630001,35.029999,35.270000,32.062813,30534000
2022-09-13,34.580002,34.720001,33.810001,34.000000,30.908293,40959600
2022-09-14,34.200001,34.419998,33.540001,33.869999,30.790112,32004400
2022-09-15,33.790001,34.900002,33.700001,34.509998,31.371918,44863300
2022-09-16,34.189999,34.230000,33.660000,34.119999,31.017380,54281800
2022-09-19,33.720001,34.869999,33.630001,34.689999,31.535549,29782000
2022-09-20,34.500000,34.779999,33.880001,34.169998,31.062830,33591100
2022-09-21,34.310001,34.400002,33.119999,33.150002,30.135592,51667800
2022-09-22,33.310001,33.419998,32.389999,32.500000,29.544693,47527500
2022-09-23,31.930000,32.090000,31.209999,31.730000,28.844711,55316100
2022-09-26,31.320000,31.820000,30.680000,31.030001,28.208363,40360200
2022-09-27,31.270000,31.370001,30.299999,30.570000,27.790197,43396600
2022-09-28,30.530001,31.309999,30.389999,31.070000,28.244730,38372900
2022-09-29,30.690001,30.900000,30.209999,30.660000,27.872005,35220900
2022-09-30,30.760000,31.190001,30.170000,30.200001,27.453838,42294100
2022-10-03,30.590000,31.280001,30.200001,31.090000,28.262909,34591700
2022-10-04,31.719999,32.520000,31.660000,32.380001,29.435604,39758700
2022-10-05,31.540001,32.029999,31.450001,31.920000,29.017433,35791100
2022-10-06,31.600000,31.879999,31.360001,31.459999,28.599260,40891900
2022-10-07,31.170000,31.240000,30.530001,30.750000,27.953825,52304600
2022-10-10,30.900000,31.049999,30.350000,30.660000,27.872005,37669100
2022-10-11,30.370001,30.469999,29.570000,29.770000,27.062941,58124000
2022-10-12,29.639999,30.309999,29.480000,29.860001,27.144754,36137900
2022-10-13,29.410000,31.770000,29.309999,31.690001,28.808350,67671000
2022-10-14,31.809999,32.630001,31.570000,31.700001,28.817440,58108500
2022-10-17,33.360001,33.869999,32.869999,33.619999,30.562845,88896800
2022-10-18,34.980000,35.360001,34.279999,34.880001,31.708271,81937900
2022-10-19,34.580002,34.830002,33.770000,33.919998,30.835564,43139900
2022-10-20,33.980000,34.630001,33.590000,33.700001,30.635572,39549100
2022-10-21,33.560001,35.040001,33.560001,34.950001,31.771908,54870300
2022-10-24,35.110001,35.259998,34.709999,35.070000,31.880995,33765600
2022-10-25,34.740002,35.580002,34.529999,35.389999,32.171894,37132300
2022-10-26,35.419998,36.090000,35.349998,35.700001,32.453709,41104600
2022-10-27,36.150002,36.369999,35.770000,35.869999,32.608253,35261900
2022-10-28,36.040001,36.299999,35.639999,36.180000,32.890064,31659100
2022-10-31,36.000000,36.330002,35.810001,36.040001,32.762798,32565500
2022-11-01,36.439999,36.759998,36.110001,36.200001,32.908245,29913200
2022-11-02,36.070000,37.279999,35.950001,36.090000,32.808247,57380600
2022-11-03,35.700001,36.139999,35.410000,35.889999,32.626434,30046500
2022-11-04,36.500000,37.000000,36.220001,36.790001,33.444592,39369400
2022-11-07,37.009998,37.340000,36.730000,37.009998,33.644585,37533700
2022-11-08,37.090000,37.419998,36.750000,37.110001,33.735493,32664300
2022-11-09,36.880001,36.959999,36.389999,36.520000,33.199150,30164400
2022-11-10,37.299999,38.220001,37.139999,38.130001,34.662735,45702800
2022-11-11,38.189999,38.599998,37.970001,38.410000,34.917278,35688700
2022-11-14,38.090000,38.259998,37.750000,37.759998,34.326393,35541400
2022-11-15,38.189999,38.299999,37.299999,37.700001,34.271843,46082800
2022-11-16,37.610001,37.740002,37.200001,37.360001,33.962761,23813000
2022-11-17,36.880001,37.200001,36.560001,37.169998,33.790035,23689700
2022-11-18,37.790001,37.849998,36.919998,37.189999,33.808220,32041800
2022-11-21,37.090000,37.520000,37.060001,37.310001,33.917313,27935700
2022-11-22,37.590000,37.799999,37.430000,37.490002,34.080944,23499300
2022-11-23,37.490002,37.660000,37.369999,37.610001,34.190033,18934700
2022-11-25,37.720001,37.869999,37.560001,37.700001,34.271843,16118500
2022-11-28,37.400002,37.660000,36.830002,36.860001,33.508224,35428300
2022-11-29,36.980000,37.150002,36.720001,37.000000,33.635498,27048800
2022-11-30,36.900002,37.849998,36.200001,37.849998,34.408207,51747900
2022-12-01,37.500000,37.689999,36.400002,36.549999,33.420673,46213200
2022-12-02,36.060001,36.290001,35.810001,36.080002,32.990910,42295300
2022-12-05,35.810001,35.889999,34.139999,34.470001,31.518759,71386600
2022-12-06,34.570000,34.680000,32.410000,33.000000,30.174614,84085700
2022-12-07,32.590000,32.919998,32.349998,32.740002,29.936876,49234100
2022-12-08,32.970001,32.990002,32.180000,32.439999,29.662558,45491100
2022-12-09,32.110001,32.599998,32.080002,32.380001,29.607697,36985500
2022-12-12,32.310001,32.779999,32.060001,32.730000,29.927731,41060500
2022-12-13,33.549999,33.669998,32.570000,32.750000,29.946018,54804800
2022-12-14,32.799999,33.000000,32.160000,32.279999,29.516260,48819500
2022-12-15,31.750000,31.990000,31.490000,31.770000,29.049925,49027600
2022-12-16,31.620001,31.930000,31.350000,31.700001,28.985918,61795200
2022-12-19,31.760000,32.230000,31.730000,32.060001,29.315092,38374100
2022-12-20,32.400002,32.580002,32.139999,32.189999,29.433966,35561100
2022-12-21,32.520000,32.869999,32.410000,32.680000,29.882008,32544000
2022-12-22,32.520000,32.580002,31.870001,32.389999,29.616838,30234400
2022-12-23,32.400002,32.580002,32.189999,32.470001,29.689993,21378600
2022-12-27,32.500000,32.669998,32.279999,32.529999,29.744850,22776100
2022-12-28,32.570000,32.970001,32.529999,32.770000,29.964306,30541000
2022-12-29,32.889999,33.160000,32.750000,33.139999,30.302624,22252900
2022-12-30,33.099998,33.299999,32.860001,33.119999,30.284338,28198900
2023-01-03,33.230000,34.090000,33.209999,33.509998,30.640947,35221500
2023-01-04,33.900002,34.820000,33.830002,34.139999,31.217007,41998500
2023-01-05,33.919998,34.139999,33.580002,34.070000,31.153002,34177000
2023-01-06,34.090000,34.580002,33.540001,34.410000,31.463892,34068700
2023-01-09,34.750000,34.759998,33.709999,33.889999,30.988405,43818800
2023-01-10,33.740002,34.270000,33.639999,34.119999,31.198719,35096000
2023-01-11,34.119999,34.439999,34.000000,34.380001,31.436457,36783700
2023-01-12,34.599998,34.869999,34.360001,34.470001,31.518759,44230400
2023-01-13,34.200001,35.389999,33.090000,35.230000,32.213684,89667800
2023-01-17,34.689999,34.830002,34.150002,34.520000,31.564472,56458400
2023-01-18,34.330002,34.340000,33.509998,33.720001,30.832966,54517800
2023-01-19,33.279999,33.549999,32.889999,33.230000,30.384920,42707100
2023-01-20,33.299999,33.889999,33.090000,33.849998,30.951843,45004400
2023-01-23,33.810001,34.509998,33.750000,34.320000,31.381596,33683300
2023-01-24,34.220001,34.790001,33.950001,34.570000,31.610199,26716700
2023-01-25,34.299999,34.959999,34.250000,34.869999,31.884504,28859700
2023-01-26,35.049999,35.349998,34.790001,35.340000,32.314266,30035500
2023-01-27,35.439999,35.779999,35.270000,35.450001,32.414852,29964900
2023-01-30,35.209999,35.560001,35.180000,35.299999,32.277691,27353500
2023-01-31,35.169998,35.480000,35.000000,35.480000,32.442284,38917400
2023-02-01,35.200001,36.259998,35.110001,35.919998,32.844608,44438700
2023-02-02,36.099998,36.380001,35.439999,36.130001,33.036625,33729100
2023-02-03,36.020000,36.759998,35.900002,36.430000,33.310944,37411700
2023-02-06,36.250000,36.439999,35.980000,36.369999,33.256077,29463200
2023-02-07,36.169998,37.000000,36.130001,36.770000,33.621830,44100200
2023-02-08,36.410000,36.840000,36.340000,36.500000,33.374954,28032800
2023-02-09,36.270000,36.349998,35.560001,35.720001,32.661736,35257100
2023-02-10,35.549999,35.590000,35.029999,35.580002,32.533718,32898900
2023-02-13,35.480000,35.779999,35.389999,35.650002,32.597729,29163900
2023-02-14,35.630001,35.990002,35.459999,35.619999,32.570297,33625200
2023-02-15,35.320000,35.610001,35.160000,35.560001,32.515427,23500100
2023-02-16,35.419998,35.660000,35.220001,35.279999,32.259403,22681100
2023-02-17,35.080002,35.389999,34.740002,35.349998,32.323414,28562700
2023-02-21,34.910000,35.049999,34.270000,34.520000,31.564472,37068900
2023-02-22,34.360001,34.549999,34.070000,34.290001,31.354166,38550400
2023-02-23,34.400002,34.599998,33.860001,34.259998,31.326729,28488000
2023-02-24,33.860001,34.290001,33.840000,34.209999,31.281010,27046600
2023-02-27,34.450001,34.689999,34.169998,34.209999,31.281010,30137500
2023-02-28,34.349998,34.490002,34.180000,34.299999,31.363308,32620600
2023-03-01,34.150002,34.490002,33.980000,34.139999,31.217007,29281600
2023-03-02,33.660000,33.700001,33.000000,33.490002,30.821280,44607200
2023-03-03,33.650002,34.290001,33.650002,34.160000,31.437887,39109100
2023-03-06,34.240002,34.560001,33.990002,34.090000,31.373466,36646700
2023-03-07,33.849998,33.900002,32.799999,33.000000,30.370321,52855300
2023-03-08,32.660000,32.970001,32.439999,32.560001,29.965380,40045600
2023-03-09,32.279999,32.389999,30.309999,30.540001,28.106354,112457900
2023-03-10,30.320000,31.040001,28.920000,30.270000,27.857866,165330900
2023-03-13,28.920000,29.719999,27.870001,28.510000,26.238121,218403300
2023-03-14,29.990000,30.090000,28.469999,28.760000,26.468195,154255800
2023-03-15,27.879999,28.559999,27.680000,28.490000,26.219709,131104400
2023-03-16,28.379999,29.469999,28.110001,28.969999,26.661461,108348800
2023-03-17,28.660000,28.660000,27.620001,27.820000,25.603102,130665500
2023-03-20,28.240000,28.430000,27.650000,27.750000,25.538683,81441200
2023-03-21,28.629999,28.980000,28.510000,28.590000,26.311741,84854800
2023-03-22,28.709999,28.740000,27.639999,27.639999,25.437443,76925900
2023-03-23,28.000000,28.090000,26.790001,26.969999,24.820831,105335900
2023-03-24,26.600000,27.290001,26.320000,27.139999,24.977287,96872700
2023-03-27,27.930000,28.650000,27.910000,28.490000,26.219709,102469800
2023-03-28,28.379999,28.650000,27.980000,28.120001,25.879198,63416500
2023-03-29,28.490000,28.770000,28.240000,28.670000,26.385366,62666400
2023-03-30,28.920000,29.059999,28.110001,28.299999,26.044853,67427100
2023-03-31,28.620001,28.680000,28.260000,28.600000,26.320946,56482100
2023-04-03,28.639999,28.980000,28.330000,28.590000,26.311741,51996800
2023-04-04,28.549999,28.650000,27.660000,27.980000,25.750351,56233300
2023-04-05,27.660000,27.910000,27.459999,27.639999,25.437443,47799400
2023-04-06,27.719999,28.010000,27.620001,27.840000,25.621506,41216600
2023-04-10,27.670000,28.100000,27.650000,27.940001,25.713539,40572700
2023-04-11,28.020000,28.750000,27.959999,28.709999,26.422176,58761200
2023-04-12,28.680000,29.010000,28.370001,28.480000,26.210506,44313300
2023-04-13,28.559999,28.639999,28.240000,28.559999,26.284130,52261400
2023-04-14,29.299999,29.870001,29.250000,29.520000,27.167633,81110800
2023-04-17,29.770000,30.410000,29.400000,30.370001,27.949900,83704400
2023-04-18,30.799999,30.930000,29.799999,30.559999,28.124758,114498800
2023-04-19,30.129999,30.200001,29.790001,30.059999,27.664602,65594200
2023-04-20,29.840000,30.230000,29.770000,29.900000,27.517353,43193800
2023-04-21,29.750000,29.980000,29.410000,29.870001,27.489744,44759000
2023-04-24,29.790001,29.900000,29.590000,29.760000,27.388510,28020300
2023-04-25,29.450001,29.530001,28.820000,28.840000,26.541821,49718800
2023-04-26,28.760000,28.940001,28.299999,28.440001,26.173695,45848400
2023-04-27,28.520000,29.080000,28.520000,28.889999,26.587835,33060100
2023-04-28,28.530001,29.430000,28.510000,29.280001,26.946756,45592500
2023-05-01,29.500000,29.540001,29.000000,29.040001,26.725885,34076800
2023-05-02,28.850000,28.860001,27.709999,28.160000,25.916006,70797700
2023-05-03,28.160000,28.500000,27.809999,27.860001,25.639914,51139500
2023-05-04,27.580000,27.809999,26.830000,26.990000,24.839243,82173800
2023-05-05,27.620001,27.889999,27.469999,27.709999,25.501867,50087100
2023-05-08,28.080000,28.150000,27.660000,27.690001,25.483463,34245500
2023-05-09,27.420000,27.830000,27.240000,27.660000,25.455854,32188800
2023-05-10,27.959999,28.000000,27.020000,27.320000,25.142946,44446400
2023-05-11,27.010000,27.490000,26.879999,27.389999,25.207367,34897300
2023-05-12,27.520000,27.549999,26.879999,27.090000,24.931274,38142000
2023-05-15,27.100000,27.820000,27.030001,27.650000,25.446646,38722800
2023-05-16,27.780001,27.900000,27.330000,27.360001,25.179758,33347500
2023-05-17,27.740000,28.670000,27.730000,28.570000,26.293333,61750400
2023-05-18,28.440001,28.500000,28.000000,28.469999,26.201305,51146100
2023-05-19,28.459999,28.670000,28.030001,28.110001,25.869993,50062500
2023-05-22,28.299999,28.450001,28.010000,28.340000,26.081663,36473700
2023-05-23,28.320000,29.080000,28.299999,28.580000,26.302538,51400400
2023-05-24,28.330000,28.510000,28.000000,28.100000,25.860786,50606900
2023-05-25,27.990000,28.240000,27.879999,28.170000,25.925213,40517800
2023-05-26,28.200001,28.400000,27.790001,28.309999,26.054050,57879100
2023-05-30,28.320000,28.490000,27.950001,28.260000,26.008039,41819600
2023-05-31,28.100000,28.160000,27.480000,27.790001,25.575497,61905200
2023-06-01,27.760000,27.980000,27.340000,27.780001,25.770296,57426100
2023-06-02,28.160000,28.950001,28.120001,28.709999,26.633018,66578100
2023-06-05,28.820000,28.820000,28.299999,28.540001,26.475321,34757800
2023-06-06,28.459999,29.430000,28.450001,29.230000,27.115402,46297900
2023-06-07,29.299999,29.650000,29.010000,29.480000,27.347315,44502600
2023-06-08,29.280001,29.379999,28.990000,29.230000,27.115402,41483100
2023-06-09,29.200001,29.400000,29.080000,29.270000,27.152510,32692000
2023-06-12,29.299999,29.559999,28.910000,29.129999,27.022636,41011300
2023-06-13,29.129999,29.799999,29.030001,29.400000,27.273104,42718800
2023-06-14,29.570000,29.730000,28.990000,29.120001,27.013361,38322800
2023-06-15,28.900000,29.469999,28.690001,29.370001,27.245274,42044900
2023-06-16,29.530001,29.680000,29.160000,29.190001,27.078293,53050200
2023-06-20,29.010000,29.040001,28.580000,28.870001,26.781445,39040900
2023-06-21,28.780001,29.000000,28.540001,28.570000,26.503145,39553400
2023-06-22,28.500000,28.530001,27.900000,27.959999,25.937277,50742900
2023-06-23,27.740000,27.889999,27.590000,27.750000,25.742472,55181100
2023-06-26,27.799999,28.280001,27.790001,28.090000,26.057875,47519300
2023-06-27,28.100000,28.400000,27.950001,28.240000,26.197023,39081800
2023-06-28,28.250000,28.270000,27.900000,28.070000,26.039322,37803800
2023-06-29,28.500000,29.000000,28.400000,28.660000,26.586639,68376400
2023-06-30,28.940001,29.110001,28.670000,28.690001,26.614466,50479000
2023-07-03,28.700001,29.350000,28.650000,29.200001,27.087572,30995800
2023-07-05,29.139999,29.420000,28.950001,29.080000,26.976252,37492000
2023-07-06,28.799999,28.820000,28.100000,28.280001,26.234131,52098000
2023-07-07,28.299999,28.820000,28.290001,28.530001,26.466042,34288000
2023-07-10,28.590000,28.850000,28.469999,28.660000,26.586639,36086000
2023-07-11,28.660000,29.080000,28.420000,29.020000,26.920593,40978700
2023-07-12,29.510000,29.889999,29.270000,29.360001,27.235998,41855500
2023-07-13,29.520000,29.870001,29.410000,29.670000,27.523571,39589000
2023-07-14,30.000000,30.100000,29.049999,29.110001,27.004080,58720300
2023-07-17,29.150000,29.559999,29.120001,29.400000,27.273104,49477200
2023-07-18,30.000000,30.860001,29.920000,30.700001,28.479055,98253800
2023-07-19,30.889999,31.700001,30.690001,31.530001,29.249010,70619800
2023-07-20,31.330000,31.799999,31.260000,31.690001,29.397438,42128800
2023-07-21,31.870001,32.110001,31.420000,31.980000,29.666458,70872400
2023-07-24,32.000000,32.849998,31.980000,32.650002,30.287989,64548600
2023-07-25,32.759998,32.790001,32.070000,32.150002,29.824162,51208800
2023-07-26,32.240002,32.540001,32.150002,32.410000,30.065350,41814600
2023-07-27,32.430000,32.740002,31.820000,31.950001,29.638626,45529500
2023-07-28,32.150002,32.160000,31.709999,31.900000,29.592243,33296500
2023-07-31,31.900000,32.250000,31.780001,32.000000,29.685009,29093400
2023-08-01,31.840000,31.940001,31.420000,31.620001,29.332500,32712000
2023-08-02,31.160000,31.280001,30.780001,31.190001,28.933609,38855100
2023-08-03,30.940001,31.549999,30.879999,31.410000,29.137693,27933400
2023-08-04,31.360001,31.670000,31.170000,31.299999,29.035652,30768100
2023-08-07,31.410000,31.900000,31.410000,31.879999,29.573689,31745200
2023-08-08,31.299999,31.309999,30.480000,31.270000,29.007820,45951800
2023-08-09,31.219999,31.280001,30.830000,30.860001,28.627481,30732100
2023-08-10,31.010000,31.320000,30.799999,30.940001,28.701696,26062600
2023-08-11,30.799999,31.400000,30.750000,31.290001,29.026375,35720700
2023-08-14,31.049999,31.110001,30.750000,30.930000,28.692417,32563700
2023-08-15,30.500000,30.549999,29.840000,29.940001,27.774036,43406100
2023-08-16,29.750000,29.840000,29.209999,29.290001,27.171062,47220400
2023-08-17,29.440001,29.540001,29.110001,29.280001,27.161781,37202200
2023-08-18,29.040001,29.350000,28.980000,29.110001,27.004080,31430400
2023-08-21,29.219999,29.299999,28.799999,29.150000,27.041189,34959000
2023-08-22,29.129999,29.240000,28.420000,28.440001,26.382555,37564200
2023-08-23,28.450001,28.510000,28.180000,28.450001,26.391830,44686600
2023-08-24,28.400000,28.790001,28.370001,28.620001,26.549534,31934800
2023-08-25,28.639999,28.790001,28.299999,28.500000,26.438211,34253200
2023-08-28,28.690001,29.000000,28.570000,28.760000,26.679401,33075200
2023-08-29,28.889999,29.260000,28.719999,29.170000,27.059740,30428200
2023-08-30,29.219999,29.270000,28.930000,29.040001,26.939150,33366400
2023-08-31,28.930000,28.969999,28.530001,28.670000,26.817547,37243000
2023-09-01,28.760000,29.129999,28.760000,28.980000,27.107521,35228600
2023-09-05,28.940001,29.120001,28.500000,28.650000,26.798838,46543600
2023-09-06,28.400000,28.559999,28.120001,28.389999,26.555637,45022600
2023-09-07,28.410000,28.549999,28.059999,28.129999,26.312437,35023600
2023-09-08,28.120001,28.379999,27.959999,28.360001,26.527576,36513900
2023-09-11,28.510000,28.760000,28.400000,28.480000,26.639824,34168300
2023-09-12,28.459999,29.139999,28.400000,28.969999,27.098166,42284000
2023-09-13,29.120001,29.190001,28.700001,28.879999,27.013973,37215700
2023-09-14,29.170000,29.440001,29.100000,29.200001,27.313305,44634800
2023-09-15,28.950001,29.090000,28.750000,28.840000,26.976563,61661100
2023-09-18,28.799999,28.799999,28.490000,28.760000,26.901733,25752300
2023-09-19,28.760000,28.940001,28.510000,28.650000,26.798838,34888100
2023-09-20,28.809999,28.969999,28.530001,28.549999,26.705299,26641100
2023-09-21,28.360001,28.590000,28.020000,28.049999,26.237608,39906000
2023-09-22,28.070000,28.190001,27.600000,27.639999,25.854095,41284400
2023-09-25,27.500000,27.620001,27.350000,27.600000,25.816685,32749200
2023-09-26,27.340000,27.500000,27.010000,27.170000,25.414469,42237400
2023-09-27,27.230000,27.610001,27.070000,27.270000,25.508007,38296300
2023-09-28,27.170000,27.639999,27.170000,27.559999,25.779268,36734300
2023-09-29,27.889999,27.990000,27.270000,27.379999,25.610899,40645900
2023-10-02,27.270000,27.360001,26.580000,26.700001,24.974836,50388600
2023-10-03,26.490000,26.520000,25.820000,25.910000,24.235878,62144500
2023-10-04,25.879999,26.010000,25.580000,25.940001,24.263941,55696400
2023-10-05,25.780001,26.090000,25.559999,26.059999,24.376186,49044100
2023-10-06,25.770000,26.230000,25.469999,26.070000,24.385542,58177300
2023-10-09,25.760000,26.360001,25.719999,26.309999,24.610035,39953700
2023-10-10,26.610001,27.299999,26.570000,27.010000,25.264809,51960100
2023-10-11,27.170000,27.440001,26.900000,27.020000,25.274160,38508200
2023-10-12,26.969999,27.080000,26.610001,26.900000,25.161913,44249800
2023-10-13,27.430000,27.719999,26.520000,26.760000,25.030958,55089700
2023-10-16,27.160000,27.180000,26.770000,26.990000,25.246099,56817500
2023-10-17,27.049999,27.870001,26.719999,27.620001,25.835390,95344200
2023-10-18,27.540001,28.040001,27.209999,27.309999,25.545420,68371100
2023-10-19,27.250000,27.780001,26.879999,26.959999,25.218031,58611000
2023-10-20,26.799999,26.940001,26.240000,26.309999,24.610035,62058400
2023-10-23,26.129999,26.209999,25.520000,25.570000,23.917849,59857200
2023-10-24,25.740000,25.870001,25.400000,25.469999,23.824306,55975700
2023-10-25,25.379999,25.650000,25.180000,25.549999,23.899137,45522400
2023-10-26,25.490000,26.360001,25.440001,26.120001,24.432310,60921000
2023-10-27,26.070000,26.070000,24.959999,25.170000,23.543692,64709300
2023-10-30,25.320000,25.780001,25.280001,25.690001,24.030090,41891900
2023-10-31,25.740000,26.379999,25.719999,26.340000,24.638094,50106700
2023-11-01,26.440001,26.620001,26.150000,26.400000,24.694218,44046300
2023-11-02,26.709999,27.660000,26.590000,27.620001,25.835390,63278300
2023-11-03,28.160000,28.930000,28.129999,28.420000,26.583700,62613600
2023-11-06,28.559999,28.770000,28.020000,28.330000,26.499512,45548000
2023-11-07,28.049999,28.260000,27.950001,28.160000,26.340498,33081900
2023-11-08,28.160000,28.200001,27.670000,27.889999,26.087946,31896000
2023-11-09,28.070000,28.080000,27.400000,27.530001,25.751207,32267900
2023-11-10,27.760000,27.770000,27.340000,27.680000,25.891512,32858500
2023-11-13,27.540001,27.850000,27.420000,27.700001,25.910223,28521800
2023-11-14,28.500000,29.410000,28.469999,29.219999,27.332005,66676300
2023-11-15,29.200001,29.730000,29.200001,29.620001,27.706165,46968900
2023-11-16,29.430000,29.700001,29.219999,29.540001,27.631334,36952800
2023-11-17,29.709999,30.000000,29.549999,29.980000,28.042902,38493300
2023-11-20,29.980000,30.250000,29.750000,30.010000,28.070967,46783400
2023-11-21,29.990000,29.990000,29.549999,29.660000,27.743582,41611900
2023-11-22,29.740000,29.790001,29.520000,29.629999,27.715519,41422700
2023-11-24,29.480000,29.889999,29.480000,29.730000,27.809055,15815600
2023-11-27,29.600000,29.690001,29.510000,29.559999,27.650042,42039500
2023-11-28,29.530001,29.650000,29.320000,29.530001,27.621981,29705800
2023-11-29,29.879999,30.610001,29.809999,30.309999,28.351582,57954900
2023-11-30,30.209999,30.549999,30.040001,30.490000,28.747580,52547700
2023-12-01,30.400000,31.049999,30.350000,30.959999,29.190722,46133300
2023-12-04,30.530001,31.000000,30.520000,30.820000,29.058718,37811300
2023-12-05,30.680000,30.790001,30.330000,30.580000,28.832438,45723100
2023-12-06,30.780001,31.520000,30.440001,30.530001,28.785292,49803100
2023-12-07,30.590000,30.930000,30.540001,30.660000,28.907864,32699600
2023-12-08,30.670000,31.139999,30.610001,30.959999,29.190722,34794300
2023-12-11,30.920000,31.080000,30.709999,30.850000,29.087008,32254000
2023-12-12,30.770000,30.860001,30.450001,30.740000,28.983292,34566700
2023-12-13,30.750000,32.130001,30.629999,32.040001,30.209002,60311100
2023-12-14,32.619999,34.070000,32.570000,33.939999,32.000416,107190000
2023-12-15,33.820000,34.020000,33.290001,33.599998,31.679852,83771800
2023-12-18,33.709999,33.790001,33.410000,33.430000,31.519564,40694700
2023-12-19,33.029999,33.669998,32.799999,33.509998,31.594994,44534800
2023-12-20,33.380001,33.709999,32.950001,32.980000,31.095282,44711400
2023-12-21,33.240002,33.450001,32.889999,33.200001,31.302713,32325700
2023-12-22,33.209999,33.669998,33.200001,33.430000,31.519564,37265900
2023-12-26,33.450001,33.959999,33.369999,33.860001,31.924992,24845400
2023-12-27,33.799999,33.950001,33.660000,33.840000,31.906136,24498600
2023-12-28,33.820000,33.970001,33.770000,33.880001,31.943850,21799600
2023-12-29,33.939999,33.990002,33.549999,33.669998,31.745852,28060700
2024-01-02,33.389999,34.070000,33.270000,33.900002,31.962709,36668600
2024-01-03,33.650002,33.770000,33.240002,33.529999,31.613852,45988700
2024-01-04,33.570000,34.310001,33.540001,33.799999,31.868420,39834600
2024-01-05,33.799999,34.689999,33.709999,34.430000,32.462425,49242400
2024-01-08,34.299999,34.299999,33.639999,34.160000,32.207851,40253900
2024-01-09,33.820000,33.840000,33.509998,33.630001,31.708136,39268800
2024-01-10,33.500000,33.630001,33.240002,33.599998,31.679852,34904000
2024-01-11,33.360001,33.500000,32.779999,33.150002,31.255571,48790600
2024-01-12,32.250000,33.189999,31.959999,32.799999,30.925568,74344300
2024-01-16,32.410000,32.509998,31.820000,32.119999,30.284428,58420800
2024-01-17,31.719999,31.990000,31.270000,31.799999,29.982712,48811300
2024-01-18,31.750000,31.770000,31.400000,31.730000,29.916718,35484400
2024-01-19,31.799999,32.230000,31.570000,32.220001,30.378716,49493600
2024-01-22,32.360001,32.990002,32.320000,32.549999,30.689857,43903400
2024-01-23,32.540001,32.820000,32.389999,32.770000,30.897284,30003400
2024-01-24,33.029999,33.340000,32.910000,32.980000,31.095282,36403900
2024-01-25,33.209999,33.450001,32.830002,33.389999,31.481850,46204000
2024-01-26,33.400002,33.669998,33.320000,33.430000,31.519564,30839800
2024-01-29,33.400002,33.650002,33.240002,33.610001,31.689280,30269300
2024-01-30,33.900002,34.889999,33.840000,34.790001,32.801849,60315700
2024-01-31,34.570000,35.099998,34.000000,34.009998,32.066422,54716000
2024-02-01,33.930000,34.250000,32.930000,33.549999,31.632711,57084800
2024-02-02,33.369999,33.709999,33.169998,33.470001,31.557281,40416000
2024-02-05,33.110001,33.290001,32.860001,32.990002,31.104713,43573000
2024-02-06,32.919998,33.360001,32.880001,33.040001,31.151855,27188000
2024-02-07,33.060001,33.259998,32.630001,33.180000,31.283854,29660100
2024-02-08,33.049999,33.279999,32.799999,33.119999,31.227280,36852200
2024-02-09,33.099998,33.250000,32.840000,33.070000,31.180143,36176000
2024-02-12,33.000000,33.970001,32.980000,33.619999,31.698708,34160400
2024-02-13,33.119999,33.310001,32.349998,32.750000,30.878428,43801500
2024-02-14,32.980000,33.180000,32.869999,33.130001,31.236708,27833900
2024-02-15,33.320000,34.240002,33.320000,34.070000,32.122993,41683100
2024-02-16,33.919998,34.150002,32.490002,34.090000,32.141857,33290700
2024-02-20,33.779999,34.090000,33.770000,33.959999,32.019276,30372900
2024-02-21,33.360001,33.740002,33.169998,33.700001,31.774139,37847100
2024-02-22,33.369999,34.070000,33.369999,33.610001,31.689280,42756900
2024-02-23,33.730000,34.049999,33.490002,33.919998,31.981562,30586000
2024-02-26,33.790001,34.220001,33.529999,33.610001,31.689280,31129200
2024-02-27,33.730000,34.430000,33.709999,34.279999,32.320995,40536300
2024-02-28,34.220001,34.599998,34.110001,34.310001,32.349274,39548600
2024-02-29,34.330002,34.650002,34.150002,34.520000,32.776550,43863400
2024-03-01,34.529999,34.650002,34.029999,34.349998,32.615135,38432300
2024-03-04,34.290001,35.419998,34.250000,35.150002,33.374737,49136400
2024-03-05,34.930000,35.720001,34.869999,35.389999,33.602608,47591600
2024-03-06,35.650002,35.790001,35.070000,35.419998,33.631096,49149700
2024-03-07,35.599998,35.900002,35.250000,35.630001,33.830486,35900700
2024-03-08,35.869999,36.130001,35.500000,35.599998,33.801998,42769900
2024-03-11,35.389999,35.930000,35.270000,35.889999,34.077354,34131500
2024-03-12,35.900002,36.150002,35.779999,35.959999,34.143818,29260400
2024-03-13,35.959999,36.450001,35.959999,36.080002,34.257767,38289600
2024-03-14,35.919998,36.220001,35.480000,35.689999,33.887459,40178100
2024-03-15,35.279999,36.009998,35.240002,35.410000,33.621601,69646400
2024-03-18,35.660000,36.090000,35.389999,36.009998,34.191292,50617900
2024-03-19,35.889999,36.389999,35.849998,36.029999,34.210281,46113800
2024-03-20,35.840000,36.880001,35.730000,36.750000,34.893921,40519000
2024-03-21,36.930000,37.599998,36.880001,37.509998,35.615540,43219500
2024-03-22,37.410000,37.610001,37.000000,37.049999,35.178772,29001100
2024-03-25,37.099998,37.279999,36.840000,36.860001,34.998367,30480200
2024-03-26,37.000000,37.240002,36.799999,37.090000,35.216755,33673400
2024-03-27,37.250000,37.849998,37.240002,37.810001,35.900391,36350200
2024-03-28,37.720001,38.000000,37.419998,37.919998,36.004829,42262500
2024-04-01,37.939999,38.349998,37.439999,37.520000,35.625034,33908000
2024-04-02,37.189999,37.580002,37.160000,37.299999,35.416145,34806800
2024-04-03,37.400002,38.020000,37.270000,37.439999,35.549065,33338500
2024-04-04,37.700001,37.959999,36.869999,36.919998,35.055332,42888200
2024-04-05,36.810001,37.340000,36.730000,37.110001,35.235737,30823500
2024-04-08,37.200001,37.580002,37.130001,37.500000,35.606045,29470300
2024-04-09,37.509998,37.770000,37.200001,37.730000,35.824429,30967300
2024-04-10,37.180000,37.230000,36.549999,36.650002,34.798969,37610700
2024-04-11,36.750000,36.750000,36.049999,36.349998,34.514126,38604000
2024-04-12,35.810001,36.090000,35.529999,35.790001,33.982407,47126100
2024-04-15,36.330002,36.759998,35.759998,35.950001,34.134335,44392000
2024-04-16,36.099998,36.169998,34.150002,34.680000,32.928471,95566100
2024-04-17,34.889999,35.750000,34.750000,35.230000,33.450695,65951400
2024-04-18,35.540001,35.990002,35.180000,35.770000,33.963417,44506200
2024-04-19,36.099998,37.119999,36.060001,36.970001,35.102818,56273700
2024-04-22,37.000000,37.910000,36.869999,37.730000,35.824429,43867100
2024-04-23,37.939999,38.419998,37.830002,38.369999,36.432102,39180300
2024-04-24,38.020000,38.490002,38.000000,38.320000,36.384624,28670600
2024-04-25,37.930000,38.270000,37.380001,37.910000,35.995335,41116000
2024-04-26,37.930000,38.310001,37.779999,37.830002,35.919373,28668700
2024-04-29,37.840000,38.060001,37.450001,37.549999,35.653515,26438800
2024-04-30,37.349998,37.669998,36.980000,37.009998,35.140793,30283800
2024-05-01,37.209999,37.509998,36.770000,36.950001,35.083824,32272000
2024-05-02,37.369999,37.490002,36.650002,36.880001,35.017357,34860300
2024-05-03,37.250000,37.529999,37.080002,37.250000,35.368671,34082700
2024-05-06,37.660000,37.790001,37.360001,37.689999,35.786449,28422300
2024-05-07,37.700001,38.150002,37.700001,37.840000,35.928875,29119500
2024-05-08,37.700001,37.820000,37.520000,37.709999,35.805435,32803300
2024-05-09,37.529999,38.419998,37.459999,38.279999,36.346645,26855400
2024-05-10,38.480000,38.779999,38.330002,38.450001,36.508068,27359100
2024-05-13,38.619999,38.779999,38.180000,38.209999,36.280182,24060600
2024-05-14,38.400002,38.790001,38.369999,38.490002,36.546047,27594800
2024-05-15,38.799999,39.240002,38.779999,38.910000,36.944832,34084400
2024-05-16,38.919998,39.360001,38.709999,39.220001,37.239170,32554200
2024-05-17,39.450001,39.490002,39.160000,39.290001,37.305641,25537300
2024-05-20,39.259998,39.470001,38.790001,38.820000,36.859371,28369800
2024-05-21,38.770000,39.750000,38.770000,39.650002,37.647457,31799200
2024-05-22,39.410000,39.810001,39.340000,39.759998,37.751900,42837600
2024-05-23,39.770000,39.840000,38.939999,39.169998,37.191696,39033900
2024-05-24,39.160000,39.779999,39.070000,39.700001,37.694935,22166300
2024-05-28,39.650002,39.740002,39.110001,39.320000,37.334126,31217900
2024-05-29,38.840000,38.900002,38.560001,38.720001,36.764431,26677500
2024-05-30,38.730000,39.119999,37.590000,38.630001,36.678970,50989100
2024-05-31,38.700001,40.080002,38.660000,39.990002,37.970284,58188400
2024-06-03,40.040001,40.189999,39.360001,39.880001,37.865841,31898600
2024-06-04,39.619999,40.139999,39.419998,39.680000,37.675938,26974200
2024-06-05,39.820000,39.990002,39.520000,39.959999,37.941803,34140300
2024-06-06,39.910000,40.000000,39.419998,39.700001,37.694935,38676400
2024-06-07,39.279999,39.959999,39.279999,39.779999,38.000614,25928700
2024-06-10,39.580002,39.840000,39.209999,39.669998,37.895538,37176200
2024-06-11,39.330002,39.349998,38.459999,38.860001,37.121773,44629000
2024-06-12,39.799999,39.880001,39.099998,39.410000,37.647167,38964700
2024-06-13,39.290001,39.349998,38.930000,39.259998,37.503872,40018700
2024-06-14,39.099998,39.480000,38.910000,39.240002,37.484779,32347900
2024-06-17,39.090000,39.529999,38.980000,39.509998,37.742687,26135400
2024-06-18,39.560001,40.020000,39.459999,39.990002,38.201221,30804500
2024-06-20,39.779999,40.310001,39.750000,39.990002,38.201221,29383300
2024-06-21,39.849998,39.910000,39.369999,39.490002,37.723595,72244900
2024-06-24,39.770000,40.340000,39.650002,40.020000,38.229877,31064900
2024-06-25,39.779999,40.070000,39.349998,39.380001,37.618507,30596000
2024-06-26,39.169998,39.349998,38.470001,39.000000,37.255501,44310200
2024-06-27,38.700001,39.349998,38.340000,39.250000,37.494324,29464200
2024-06-28,39.740002,40.060001,39.320000,39.770000,37.991062,52028200
2024-07-01,39.910000,40.340000,39.669998,40.009998,38.220333,26770500
2024-07-02,40.000000,40.959999,39.959999,40.930000,39.099178,35626100
2024-07-03,41.020000,41.200001,40.750000,40.900002,39.070522,17100700
2024-07-05,40.930000,40.959999,40.290001,40.410000,38.602428,23489000
2024-07-08,40.599998,41.040001,40.430000,40.619999,38.803040,26728500
2024-07-09,40.759998,41.830002,40.599998,41.419998,39.567257,34697200
2024-07-10,41.279999,41.759998,41.070000,41.740002,39.872952,25333400
2024-07-11,41.770000,41.900002,41.389999,41.810001,39.939808,33824600
2024-07-12,41.490002,41.919998,41.090000,41.590000,39.729660,31856600
2024-07-15,41.849998,42.230000,41.700001,41.889999,40.016235,36648100
2024-07-16,42.520000,44.400002,42.220001,44.130001,42.156044,75953300
2024-07-17,43.650002,44.439999,43.650002,43.980000,42.012749,65713600
2024-07-18,43.619999,44.240002,42.930000,43.009998,41.086140,48549200
2024-07-19,42.860001,43.560001,42.689999,42.900002,40.981060,43903000
2024-07-22,42.639999,42.869999,41.959999,42.299999,40.407890,42838300
2024-07-23,42.220001,42.779999,42.150002,42.410000,40.512978,36705100
2024-07-24,42.279999,42.750000,42.070000,42.189999,40.302814,36567200
2024-07-25,42.020000,42.299999,41.660000,41.680000,39.815628,41593900
2024-07-26,41.580002,41.959999,41.410000,41.669998,39.806076,52049300
2024-07-29,41.779999,41.880001,40.980000,41.090000,39.252018,37133100
2024-07-30,41.049999,41.889999,40.810001,41.279999,39.433521,44163200
2024-07-31,41.230000,41.380001,40.220001,40.310001,38.506908,50851600
2024-08-01,40.439999,40.450001,38.980000,39.500000,37.733135,60107800
2024-08-02,38.000000,38.529999,37.180000,37.580002,35.899029,76728000
2024-08-05,35.650002,36.959999,35.139999,36.650002,35.010620,76075200
2024-08-06,36.650002,37.310001,36.540001,36.919998,35.268547,40614100
2024-08-07,38.099998,38.590000,37.270000,37.299999,35.631550,44952400
2024-08-08,37.820000,38.419998,37.660000,38.209999,36.500843,36557800
2024-08-09,38.160000,38.450001,37.910000,38.279999,36.567715,26411200
2024-08-12,38.500000,38.730000,38.009998,38.169998,36.462627,33040600
2024-08-13,38.369999,38.480000,38.119999,38.459999,36.739662,21553500
2024-08-14,38.520000,38.919998,38.430000,38.810001,37.074001,25658900
2024-08-15,39.430000,39.680000,38.970001,39.029999,37.284168,37379800
2024-08-16,39.000000,39.419998,38.990002,39.340000,37.580296,26886600
2024-08-19,39.480000,39.740002,39.450001,39.669998,37.895538,27268900
2024-08-20,39.119999,39.240002,38.340000,38.689999,36.959373,44440800
2024-08-21,38.869999,38.990002,38.389999,38.750000,37.016689,33751100
2024-08-22,38.779999,39.290001,38.570000,39.240002,37.484779,35421600
2024-08-23,39.270000,40.169998,39.270000,39.770000,37.991062,45616600
2024-08-26,40.000000,40.200001,39.660000,39.919998,38.134357,44659500
2024-08-27,40.000000,40.130001,39.610001,39.669998,37.895538,32323900
2024-08-28,39.340000,40.270000,39.330002,39.950001,38.163010,40700500
2024-08-29,40.049999,40.340000,39.529999,40.169998,38.373169,34810800
2024-08-30,40.169998,40.860001,40.130001,40.750000,38.927227,49098200
2024-09-03,40.580002,40.900002,40.230000,40.700001,38.879467,48489300
2024-09-04,40.660000,40.950001,40.279999,40.500000,38.688412,39629600
2024-09-05,40.799999,40.939999,40.009998,40.139999,38.344513,34214500
2024-09-06,39.770000,39.880001,38.560001,38.759998,37.267632,47007600
2024-09-09,39.250000,39.709999,39.099998,39.470001,37.950306,37610200
2024-09-10,39.840000,39.840000,38.330002,39.279999,37.767612,53983900
2024-09-11,38.990002,39.029999,38.009998,39.000000,37.498398,41190000
2024-09-12,39.049999,39.330002,38.529999,38.779999,37.286865,39921600
2024-09-13,38.880001,39.090000,38.439999,38.650002,37.161873,31887300
2024-09-16,38.810001,39.209999,38.790001,39.099998,37.594540,26336400
2024-09-17,39.279999,39.799999,39.209999,39.549999,38.027222,27769400
2024-09-18,39.619999,40.119999,39.419998,39.619999,38.094524,42527800
2024-09-19,40.040001,41.049999,40.009998,40.869999,39.296398,57977800
2024-09-20,40.619999,40.730000,40.240002,40.270000,38.719501,70725000
2024-09-23,40.209999,40.439999,39.750000,39.869999,38.334904,31714800
2024-09-24,39.849998,39.980000,39.250000,39.450001,37.931068,32534900
2024-09-25,39.250000,39.410000,38.939999,39.250000,37.738773,28866000
2024-09-26,39.389999,39.720001,39.110001,39.520000,37.998375,39601400
2024-09-27,39.650002,39.900002,39.349998,39.400002,37.882996,27861100
2024-09-30,39.230000,39.790001,39.020000,39.680000,38.152214,35055200
2024-10-01,39.509998,39.560001,38.939999,39.220001,37.709923,26291200
2024-10-02,39.250000,39.540001,39.049999,39.230000,37.719540,23302700
2024-10-03,38.980000,39.270000,38.730000,39.250000,37.738773,26030200
2024-10-04,39.930000,40.250000,39.619999,40.110001,38.565662,34209900
2024-10-07,40.209999,40.439999,39.709999,39.959999,38.421440,27177500
2024-10-08,40.049999,40.150002,39.810001,39.930000,38.392593,26023600
2024-10-09,39.869999,40.389999,39.720001,40.189999,38.642578,27421000
2024-10-10,40.009998,40.130001,39.770000,39.970001,38.431049,26182300
2024-10-11,40.500000,42.169998,40.400002,41.950001,40.334808,50660700
2024-10-14,41.959999,42.180000,41.720001,41.910000,40.296356,28098900
2024-10-15,43.230000,43.360001,42.049999,42.139999,40.517498,61490000
2024-10-16,42.209999,43.099998,42.150002,42.799999,41.152088,42437800
2024-10-17,42.830002,43.000000,42.470001,42.599998,40.959789,31708600
2024-10-18,42.430000,42.650002,42.110001,42.320000,40.690571,30593500
2024-10-21,42.250000,42.410000,41.740002,41.759998,40.152130,26589500
2024-10-22,41.650002,42.410000,41.570000,42.299999,40.671333,37104400
2024-10-23,42.200001,42.470001,42.020000,42.340000,40.709797,28569400
2024-10-24,42.320000,42.660000,41.970001,42.650002,41.007866,28392000
2024-10-25,42.919998,42.980000,41.790001,41.889999,40.277122,27466900
2024-10-28,42.070000,42.750000,42.009998,42.619999,40.979015,24527600
2024-10-29,42.590000,42.810001,42.470001,42.529999,40.892479,22313500
2024-10-30,41.709999,42.900002,41.639999,42.310001,40.680954,38100500
2024-10-31,42.290001,42.549999,41.799999,41.820000,40.209824,28138200
2024-11-01,42.150002,42.430000,41.750000,41.759998,40.152130,31220000
2024-11-04,41.610001,42.020000,41.110001,41.330002,39.738686,31110100
2024-11-05,41.509998,42.009998,41.380001,41.880001,40.267513,30851400
2024-11-06,44.799999,45.549999,44.000000,45.410000,43.661594,110086700
2024-11-07,45.040001,45.230000,44.509998,44.770000,43.046238,48339700
2024-11-08,45.139999,45.500000,44.950001,45.130001,43.392380,38331800
2024-11-11,45.599998,46.520000,45.580002,46.080002,44.305801,43293500
2024-11-12,46.139999,46.450001,45.840000,45.860001,44.094269,38155900
2024-11-13,46.200001,46.480000,45.830002,45.869999,44.103886,36903900
2024-11-14,45.950001,46.160000,45.730000,45.900002,44.132729,35733100
2024-11-15,45.619999,46.840000,45.619999,46.750000,44.950001,40488900
2024-11-18,46.750000,47.020000,46.490002,46.720001,44.921158,32360300
2024-11-19,45.990002,46.619999,45.950001,46.410000,44.623096,28534100
2024-11-20,46.570000,46.639999,45.919998,46.060001,44.286572,28021000
2024-11-21,46.389999,47.049999,46.299999,46.459999,44.671165,45336500
2024-11-22,46.369999,47.220001,46.279999,47.000000,45.190372,37996200
2024-11-25,47.259998,47.740002,47.160000,47.500000,45.671127,42718600
2024-11-26,47.509998,47.840000,47.209999,47.750000,45.911495,30301500
2024-11-27,47.820000,47.980000,47.650002,47.770000,45.930729,23278400
2024-11-29,47.799999,48.080002,47.500000,47.509998,45.680740,23262000
2024-12-02,47.740002,47.820000,46.849998,47.040001,45.228832,35891500
2024-12-03,47.369999,47.480000,46.650002,46.820000,45.017315,38123800
2024-12-04,46.689999,46.779999,46.130001,46.369999,44.584637,24941300
2024-12-05,46.560001,47.240002,46.500000,47.000000,45.190372,31572100
2024-12-06,47.060001,47.060001,46.400002,46.750000,45.200043,28931700
2024-12-09,46.560001,46.750000,45.900002,45.910000,44.387894,34660900
2024-12-10,45.910000,46.290001,45.590000,45.750000,44.233200,35665800
2024-12-11,46.000000,46.160000,45.470001,46.080002,44.552258,36790500
2024-12-12,46.139999,46.470001,45.919998,46.080002,44.552258,24017300
2024-12-13,46.090000,46.099998,45.380001,45.669998,44.155842,32902300
2024-12-16,45.590000,45.680000,45.160000,45.470001,43.962479,27330400
2024-12-17,45.189999,45.189999,44.619999,45.049999,43.556408,33054600
2024-12-18,45.139999,45.430000,43.349998,43.500000,42.057796,41771900
2024-12-19,43.970001,44.480000,43.310001,43.380001,41.941772,38583600
2024-12-20,43.200001,44.400002,43.099998,44.169998,42.705582,74222200
2024-12-23,43.900002,44.110001,42.779999,43.889999,42.434864,35374800
2024-12-24,43.930000,44.419998,43.930000,44.380001,42.908619,12054400
2024-12-26,44.209999,44.580002,44.110001,44.549999,43.072979,16077400
2024-12-27,44.240002,44.779999,44.060001,44.340000,42.869946,17972500
2024-12-30,43.889999,44.139999,43.549999,43.910000,42.454201,16109800
2024-12-31,44.040001,44.230000,43.709999,43.950001,42.492874,16110400
2025-01-02,44.139999,44.590000,43.799999,44.290001,42.821606,25610600
2025-01-03,44.750000,44.849998,44.150002,44.810001,43.324368,23455700
2025-01-06,45.160000,46.150002,45.099998,45.400002,43.894806,30518500
2025-01-07,46.279999,46.650002,45.650002,46.080002,44.552258,41111200
2025-01-08,45.900002,46.259998,45.689999,46.209999,44.677952,40246000
2025-01-10,46.000000,46.049999,44.740002,45.110001,43.614418,40741300
2025-01-13,45.099998,45.340000,44.689999,45.060001,43.566071,34353600
2025-01-14,45.599998,45.919998,45.230000,45.779999,44.262207,36379000
2025-01-15,47.119999,47.459999,46.840000,47.099998,45.538437,57154800
2025-01-16,47.000000,47.509998,45.820000,46.639999,45.093693,56339300
2025-01-17,46.610001,46.880001,46.080002,46.529999,44.987339,44486100
2025-01-21,46.619999,47.150002,46.540001,46.660000,45.113029,52089100
2025-01-22,46.599998,46.730000,45.759998,45.790001,44.271866,40296200
2025-01-23,46.049999,46.889999,46.049999,46.389999,44.851974,35324100
2025-01-24,46.230000,46.860001,46.150002,46.520000,44.977669,24655100
2025-01-27,46.549999,47.139999,46.380001,47.090000,45.528770,44260000
2025-01-28,47.080002,47.439999,46.709999,46.840000,45.287060,27156600
2025-01-29,46.750000,47.389999,46.639999,46.750000,45.200043,23681500
2025-01-30,47.110001,47.169998,46.400002,46.720001,45.171040,31199900
2025-01-31,46.700001,46.830002,46.160000,46.299999,44.764965,30388900
2025-02-03,45.419998,46.480000,45.110001,46.209999,44.677952,36497700
2025-02-04,46.349998,47.130001,46.270000,46.709999,45.161366,32894000
2025-02-05,46.980000,47.130001,46.639999,47.110001,45.548107,27696600
2025-02-06,47.439999,47.980000,47.169998,47.740002,46.157227,39793400
2025-02-07,47.840000,47.970001,47.380001,47.400002,45.828491,26504700
2025-02-10,47.480000,47.560001,46.400002,46.669998,45.122696,26725200
2025-02-11,46.549999,46.930000,46.279999,46.790001,45.238724,20314900
2025-02-12,46.570000,46.580002,45.939999,46.209999,44.677952,29777100
2025-02-13,46.520000,46.570000,45.970001,46.330002,44.793976,26815400
2025-02-14,46.480000,47.090000,46.480000,46.959999,45.403080,25960500
2025-02-18,46.560001,46.650002,46.160000,46.529999,44.987339,37824100
2025-02-19,45.880001,46.060001,45.419998,46.009998,44.484577,38967800
2025-02-20,45.900002,46.189999,45.040001,45.299999,43.798115,40001100
2025-02-21,45.250000,45.509998,44.540001,44.810001,43.324368,43485900
2025-02-24,45.029999,45.389999,44.439999,44.459999,42.985962,35512200
2025-02-25,44.529999,44.840000,43.349998,43.939999,42.483204,38119000
2025-02-26,44.040001,44.549999,43.860001,43.939999,42.483204,32251700
2025-02-27,44.090000,44.779999,43.939999,44.119999,42.657234,28477700
2025-02-28,44.320000,46.200001,44.200001,46.099998,44.571598,62621100
2025-03-03,46.209999,46.959999,45.220001,45.560001,44.049500,46946000
2025-03-04,44.730000,44.840000,42.029999,42.669998,41.255314,78278100
2025-03-05,42.650002,42.730000,41.709999,42.290001,40.887913,52588900
2025-03-06,41.590000,41.889999,40.959999,41.459999,40.085426,58103500
2025-03-07,41.310001,41.730000,40.610001,41.400002,40.280022,50651400
2025-03-10,40.400002,40.619999,39.180000,39.830002,38.752499,77498400
2025-03-11,39.700001,40.660000,39.270000,39.610001,38.538441,50608400
2025-03-12,40.310001,40.500000,39.200001,39.910000,38.830326,42290700
2025-03-13,39.970001,40.189999,39.330002,39.669998,38.596821,37766100
2025-03-14,40.259998,41.020000,40.169998,40.889999,39.783813,35979900
2025-03-17,40.919998,41.770000,40.590000,41.439999,40.318935,37242800
2025-03-18,41.720001,41.830002,41.290001,41.650002,40.523258,37644500
2025-03-19,41.720001,42.700001,41.299999,42.209999,41.068108,42471100
2025-03-20,41.759998,42.720001,41.650002,42.480000,41.330807,41018100
2025-03-21,42.160000,42.660000,41.889999,42.470001,41.321075,65011000
2025-03-24,42.930000,43.150002,42.750000,43.070000,41.904842,30646100
2025-03-25,43.349998,43.529999,43.040001,43.279999,42.109158,25445300
2025-03-26,43.459999,43.720001,42.730000,42.820000,41.661602,30012100
2025-03-27,42.820000,43.090000,42.520000,42.560001,41.408642,25619200
2025-03-28,42.439999,42.619999,40.990002,41.250000,40.134075,34253000
2025-03-31,40.779999,41.900002,40.599998,41.730000,40.601089,36390000
2025-04-01,41.320000,41.700001,40.970001,41.490002,40.367584,25578500
2025-04-02,40.880001,41.970001,40.820000,41.849998,40.717838,28216100
2025-04-03,38.630001,38.840000,37.020000,37.220001,36.213097,115497900
2025-04-04,35.290001,35.790001,33.669998,34.389999,33.459663,107761200
2025-04-07,34.970001,36.630001,33.540001,35.580002,34.617466,137329100
2025-04-08,36.860001,37.330002,34.330002,35.029999,34.082340,79116300
2025-04-09,34.049999,37.849998,33.070000,37.150002,36.144997,161173500
2025-04-10,36.320000,36.400002,34.630001,35.849998,34.880165,90451800
2025-04-11,35.200001,36.230000,34.810001,35.950001,34.977459,63671900
2025-04-14,36.490002,36.990002,36.270000,36.669998,35.677979,46830600
2025-04-15,37.799999,38.750000,37.799999,37.990002,36.962273,84677800
2025-04-16,37.860001,38.160000,36.970001,37.330002,36.320126,52872700
2025-04-17,37.509998,37.869999,37.240002,37.410000,36.397957,47144400
2025-04-21,37.070000,37.279999,36.490002,36.919998,35.921211,34928300
2025-04-22,37.570000,38.490002,37.400002,38.320000,37.283340,42288900
2025-04-23,39.410000,40.130001,38.669998,38.750000,37.701714,54428400
2025-04-24,38.660000,39.700001,38.599998,39.580002,38.509258,42457100
2025-04-25,39.540001,39.790001,39.320000,39.689999,38.616276,32694200
2025-04-28,39.799999,40.080002,39.459999,39.779999,38.703846,37428000
2025-04-29,39.630001,40.139999,39.480000,39.990002,38.908161,33792500
2025-04-30,39.360001,40.000000,38.820000,39.880001,38.801140,40994600
2025-05-01,39.820000,40.439999,39.580002,40.169998,39.083294,33569100
2025-05-02,40.910000,41.230000,40.700001,41.070000,39.958946,41613000
2025-05-05,40.849998,41.490002,40.619999,41.119999,40.007595,32829200
2025-05-06,40.650002,41.270000,40.560001,40.840000,39.735168,29541800
2025-05-07,41.040001,41.340000,40.860001,40.930000,39.822735,30925900
2025-05-08,41.290001,42.150002,41.250000,41.599998,40.474609,41861700
2025-05-09,41.730000,41.980000,41.689999,41.790001,40.659470,27222800
2025-05-12,43.320000,43.959999,42.939999,43.360001,42.186996,44875100
2025-05-13,43.419998,44.490002,43.419998,44.279999,43.082111,43232500
2025-05-14,44.189999,44.919998,44.130001,44.740002,43.529667,42419500
2025-05-15,44.599998,44.980000,44.009998,44.380001,43.179401,47379400
2025-05-16,44.340000,44.790001,43.660000,44.689999,43.481014,49488100
2025-05-19,44.110001,45.139999,44.110001,44.770000,43.558853,37915700
2025-05-20,44.590000,44.910000,44.410000,44.689999,43.481014,33424300
2025-05-21,44.369999,44.490002,43.150002,43.250000,42.079971,55594100
2025-05-22,43.180000,43.570000,42.959999,43.310001,42.138351,29026200
2025-05-23,42.480000,43.430000,42.349998,43.200001,42.031326,34875100
2025-05-27,43.790001,44.220001,43.299999,44.220001,43.023731,36322000
2025-05-28,44.209999,44.439999,43.959999,44.060001,42.868065,35673800
2025-05-29,44.369999,44.459999,43.900002,44.240002,43.043190,28545100
2025-05-30,44.189999,44.299999,43.720001,44.130001,42.936172,66537500
2025-06-02,43.880001,44.150002,43.360001,44.080002,42.887520,28582600
2025-06-03,44.009998,44.730000,43.939999,44.650002,43.442097,31320200
2025-06-04,44.599998,45.090000,44.340000,44.360001,43.159946,30591700
2025-06-05,44.450001,44.580002,44.009998,44.380001,43.179401,32020900
2025-06-06,44.689999,45.169998,44.639999,44.970001,44.011284,37013000
2025-06-09,45.110001,45.400002,44.779999,44.869999,43.913410,32414000
2025-06-10,44.799999,45.200001,44.750000,45.090000,44.128727,32229100
2025-06-11,45.200001,45.410000,44.549999,44.730000,43.776398,47873500
2025-06-12,44.400002,44.650002,44.020000,44.619999,43.668739,30165400
2025-06-13,44.000000,44.459999,43.660000,44.090000,43.150043,43281700
2025-06-16,44.639999,44.889999,44.349998,44.410000,43.463219,34103600
2025-06-17,44.270000,44.669998,44.060001,44.230000,43.287056,27489600
2025-06-18,44.259998,45.200001,44.209999,45.060001,44.099365,37684700
2025-06-20,45.310001,45.650002,45.270000,45.500000,44.529980,64591600
2025-06-23,45.400002,46.369999,45.110001,46.299999,45.312927,42683600
2025-06-24,46.750000,47.189999,46.570000,46.660000,45.665253,45437600
2025-06-25,46.580002,46.980000,46.459999,46.849998,45.851196,33532400
2025-06-26,46.950001,47.580002,46.900002,47.459999,46.448196,40127000
2025-06-27,47.450001,47.669998,46.910000,47.119999,46.115444,56705000
2025-06-30,47.619999,47.619999,47.029999,47.320000,46.311184,47921200
2025-07-01,47.020000,48.419998,46.939999,48.150002,47.123486,48540900
2025-07-02,48.360001,48.730000,48.060001,48.709999,47.671543,48003600
2025-07-03,48.950001,49.310001,48.810001,48.930000,47.886856,21620300
2025-07-07,48.740002,49.209999,48.369999,48.660000,47.622612,35567900
2025-07-08,47.500000,47.790001,46.759998,47.150002,46.144802,88086500
2025-07-09,47.160000,47.450001,46.709999,46.840000,45.841415,46227900
2025-07-10,46.900002,47.220001,46.779999,46.970001,45.968643,44225000
2025-07-11,46.639999,46.810001,46.250000,46.730000,45.733757,31653000
2025-07-14,46.810001,47.070000,46.549999,47.070000,46.066509,36381200
2025-07-15,46.880001,47.009998,45.950001,46.150002,45.166126,55145000
2025-07-16,46.250000,46.560001,45.009998,46.029999,45.048683,61296600
2025-07-17,45.639999,47.220001,45.439999,47.020000,46.017578,56480700
2025-07-18,47.009998,47.380001,46.900002,47.320000,46.311184,48314200
2025-07-21,47.540001,48.040001,47.200001,47.480000,46.467770,32199700
2025-07-22,47.599998,48.169998,47.459999,47.770000,46.751591,34749400
2025-07-23,48.009998,48.310001,47.810001,48.139999,47.113697,31380100
2025-07-24,48.490002,49.000000,48.209999,48.389999,47.358368,42967600
2025-07-25,48.389999,48.549999,47.939999,48.450001,47.417091,24461200
2025-07-28,48.450001,48.540001,48.080002,48.230000,47.201778,20590400
2025-07-29,48.389999,48.509998,47.889999,47.950001,46.927750,26216500
2025-07-30,48.259998,48.500000,47.740002,47.959999,46.937534,32265900
2025-07-31,47.759998,48.029999,47.189999,47.270000,46.262245,40016300
2025-08-01,46.360001,46.410000,45.320000,45.660000,44.686573,52310400
2025-08-04,45.959999,46.110001,45.639999,45.849998,44.872517,31038900
2025-08-05,45.950001,46.000000,44.750000,45.560001,44.588703,36798300
2025-08-06,45.709999,45.939999,45.389999,45.419998,44.451687,27916800
2025-08-07,45.709999,45.759998,44.779999,44.919998,43.962341,30609900
2025-08-08,45.150002,46.299999,44.980000,46.009998,45.029106,37131600
2025-08-11,46.060001,46.520000,45.810001,46.160000,45.175911,35559400
2025-08-12,46.480000,47.660000,46.360001,47.500000,46.487347,35481200
2025-08-13,47.680000,47.759998,46.990002,47.240002,46.232891,29465100
2025-08-14,47.090000,47.730000,46.889999,47.709999,46.692867,21073800
2025-08-15,47.750000,47.820000,46.900002,46.939999,45.939281,26276900
2025-08-18,46.919998,48.040001,46.790001,47.919998,46.898392,43125100
2025-08-19,47.820000,48.119999,47.630001,48.080002,47.054977,33783400
2025-08-20,48.169998,48.500000,47.869999,48.349998,47.319218,30822200
2025-08-21,48.270000,48.490002,47.810001,48.259998,47.231140,28713200
2025-08-22,48.520000,49.660000,48.459999,49.480000,48.425133,45078900
2025-08-25,49.389999,49.660000,49.209999,49.480000,48.425133,34715700
2025-08-26,49.250000,50.259998,49.250000,50.250000,49.178719,40609300
2025-08-27,50.029999,50.630001,49.990002,50.380001,49.305946,42428200
2025-08-28,50.549999,50.639999,50.279999,50.490002,49.413597,32949400
2025-08-29,50.509998,50.919998,50.509998,50.740002,49.658272,32496500
2025-09-02,50.220001,50.470001,49.669998,50.419998,49.345093,52719800
2025-09-03,50.400002,50.570000,49.700001,50.060001,48.992767,38344200
2025-09-04,50.240002,50.830002,50.119999,50.619999,49.540829,34796900
2025-09-05,50.439999,50.790001,49.230000,49.770000,48.979877,40063300
2025-09-08,49.799999,49.910000,48.880001,49.459999,48.674797,48033100
2025-09-09,49.500000,50.560001,49.459999,50.290001,49.491623,40060100
2025-09-10,50.369999,50.630001,49.970001,50.130001,49.334164,31706300
2025-09-11,50.139999,50.959999,49.990002,50.750000,49.944317,28055200
2025-09-12,50.700001,50.930000,50.459999,50.580002,49.777020,27851100
2025-09-15,50.849998,51.090000,50.459999,50.590000,49.786861,29043600
2025-09-16,50.639999,50.880001,50.209999,50.660000,49.855751,31624400
2025-09-17,50.860001,51.630001,50.790001,51.400002,50.584003,38337900
2025-09-18,51.490002,52.189999,51.299999,52.130001,51.302414,35246900
2025-09-19,52.150002,52.660000,51.759998,52.250000,51.420506,98970700
2025-09-22,51.759998,52.349998,51.759998,51.919998,51.095745,27468000
2025-09-23,52.000000,52.880001,51.520000,51.700001,50.879238,28278200
2025-09-24,51.849998,52.250000,51.459999,51.700001,50.879238,27010400
2025-09-25,51.480000,52.330002,51.439999,51.849998,51.026852,22957900
2025-09-26,52.110001,52.619999,51.980000,52.209999,51.381142,20025800
2025-09-29,52.360001,52.549999,52.110001,52.419998,51.587803,23701000
2025-09-30,52.480000,52.570000,51.020000,51.590000,50.770985,29945000
2025-10-01,51.299999,51.680000,50.560001,50.680000,49.875431,27709100
2025-10-02,50.650002,50.849998,50.070000,50.480000,49.678604,22757200
2025-10-03,50.619999,51.130001,50.549999,50.639999,49.836067,24565700
2025-10-06,50.930000,51.320000,49.889999,50.389999,49.590034,25386300
2025-10-07,50.549999,50.910000,50.130001,50.290001,49.491623,24107300
2025-10-08,50.400002,50.509998,49.779999,49.840000,49.048763,24014200
2025-10-09,50.000000,50.279999,49.669998,49.790001,48.999561,21816900
2025-10-10,49.930000,50.139999,48.549999,48.650002,47.877663,31831900
2025-10-13,49.200001,49.400002,48.810001,48.860001,48.084324,34462800
2025-10-14,48.849998,50.500000,48.529999,50.090000,49.294800,42462600
2025-10-15,51.570000,52.849998,51.230000,52.279999,51.450031,69992200
2025-10-16,52.599998,52.759998,50.000000,50.439999,49.639240,49027700
2025-10-17,50.950001,51.770000,50.330002,51.279999,50.465904,48915400
2025-10-20,51.439999,52.279999,51.369999,52.040001,51.213840,25786000
2025-10-21,52.090000,52.369999,51.439999,51.520000,50.702099,27303400
2025-10-22,51.500000,51.580002,50.439999,51.099998,50.288765,34955000
2025-10-23,51.480000,51.799999,51.110001,51.759998,50.938282,26028800
2025-10-24,51.849998,52.820000,51.849998,52.570000,51.735424,38923900
2025-10-27,52.799999,53.070000,52.529999,53.020000,52.178284,27345800
2025-10-28,53.000000,53.279999,52.340000,52.869999,52.030663,29575200
2025-10-29,52.660000,53.009998,52.320000,52.580002,51.745274,29158800
2025-10-30,52.669998,53.439999,52.560001,53.029999,52.188118,37548600
2025-10-31,52.790001,53.639999,52.770000,53.450001,52.601456,39295700
2025-11-03,53.259998,53.639999,52.709999,53.560001,52.709709,31252300
2025-11-04,53.020000,54.000000,52.720001,53.540001,52.690029,47226600
2025-11-05,52.959999,53.070000,51.740002,52.450001,51.617332,54353600
2025-11-06,53.419998,53.750000,52.770000,53.290001,52.443996,55296000
2025-11-07,53.150002,53.580002,52.709999,53.200001,52.355427,40537700
2025-11-10,53.410000,53.990002,53.340000,53.419998,52.571934,26094600
2025-11-11,53.750000,53.980000,53.279999,53.630001,52.778599,22244300
2025-11-12,53.889999,54.689999,53.770000,54.110001,53.250980,40536700
2025-11-13,53.790001,54.209999,52.770000,52.869999,52.030663,37716100
2025-11-14,52.860001,52.900002,52.029999,52.610001,51.774792,32363100
2025-11-17,52.580002,52.580002,51.389999,51.480000,50.662735,35546800
2025-11-18,51.279999,52.180000,51.150002,51.639999,50.820190,35189500
2025-11-19,51.669998,52.490002,51.669998,52.020000,51.194160,28112300
2025-11-20,52.500000,52.950001,50.970001,51.000000,50.190350,36661600
2025-11-21,51.290001,51.779999,50.700001,51.560001,50.741463,43867200
2025-11-24,51.650002,52.240002,51.400002,51.930000,51.105583,52852100
2025-11-25,52.250000,52.880001,51.860001,52.480000,51.646854,41310100
2025-11-26,52.700001,53.250000,52.549999,52.990002,52.148758,32045600
2025-11-28,53.110001,53.939999,53.049999,53.650002,52.798283,18920800
2025-12-01,53.500000,53.900002,53.209999,53.240002,52.394791,30536500
2025-12-02,53.529999,53.639999,52.970001,53.189999,52.345585,46073500
2025-12-03,53.250000,54.240002,53.180000,54.090000,53.231293,37134400
2025-12-04,54.209999,54.689999,54.000000,54.160000,53.300186,38529600
2025-12-05,53.930000,54.830002,53.740002,53.950001,53.369434,33986500
2025-12-08,53.900002,54.209999,53.490002,53.900002,53.319969,34386600
2025-12-09,53.970001,54.279999,53.270000,53.540001,52.963844,47189300
2025-12-10,53.590000,54.549999,53.340000,54.080002,53.498035,54424400
2025-12-11,53.950001,54.650002,53.750000,54.560001,53.972870,35686900
2025-12-12,54.779999,55.299999,54.349998,55.139999,54.546623,40539400
2025-12-15,55.410000,56.070000,55.070000,55.330002,54.734581,32881300
2025-12-16,55.139999,55.349998,54.689999,54.810001,54.220177,32931900
2025-12-17,55.119999,55.570000,54.459999,54.549999,53.962975,35304100
2025-12-18,54.799999,55.150002,53.770000,54.259998,53.676094,87452700
2025-12-19,54.520000,55.310001,54.380001,55.270000,54.675228,73001900
2025-12-22,55.369999,56.110001,55.340000,55.880001,55.278664,33408800
2025-12-23,55.810001,56.220001,55.810001,55.970001,55.367695,22274600
2025-12-24,56.130001,56.500000,55.889999,56.250000,55.644680,13634400
2025-12-26,56.279999,56.549999,56.029999,56.169998,55.565536,15259400
2025-12-29,56.110001,56.250000,55.270000,55.349998,54.754364,21040100
2025-12-30,55.490002,55.639999,55.169998,55.279999,54.685120,17427600