Date,Open,High,Low,Close,Adj Close,Volume
2020-01-02,294.059998,294.579987,291.000000,291.489990,265.326477,2103600
2020-01-03,290.049988,292.899994,289.329987,291.730011,265.544983,1926000
2020-01-06,290.549988,292.070007,288.619995,291.809998,265.617767,2655100
2020-01-07,291.320007,291.690002,289.279999,291.350006,265.199005,1963400
2020-01-08,290.989990,295.480011,290.500000,294.690002,268.239288,2492800
2020-01-09,298.549988,301.959991,297.709991,299.420013,272.544739,3261200
2020-01-10,300.000000,300.269989,296.660004,297.239990,270.560394,2024200
2020-01-13,296.920013,300.649994,296.799988,299.869995,272.954407,1778600
2020-01-14,299.250000,301.000000,298.579987,299.750000,272.845184,1459900
2020-01-15,298.350006,301.040009,298.040009,300.820007,273.819122,1604000
2020-01-16,301.390015,304.059998,300.980011,303.029999,275.830780,1758600
2020-01-17,303.399994,305.299988,303.029999,304.679993,277.332611,2506500
2020-01-21,306.200012,313.339996,305.760010,313.260010,285.142426,3585900
2020-01-22,313.399994,313.559998,310.209991,311.890015,283.895508,2218900
2020-01-23,312.019989,313.399994,310.730011,312.880005,284.796539,1535900
2020-01-24,314.019989,314.279999,309.100006,310.510010,282.639313,1986100
2020-01-27,306.149994,311.769989,305.649994,309.450012,281.674469,2265100
2020-01-28,310.510010,311.709991,309.100006,310.850006,282.948792,1571700
2020-01-29,310.859985,311.970001,309.390015,309.579987,281.792786,1713700
2020-01-30,308.839996,309.640015,306.670013,309.470001,281.692627,1232600
2020-01-31,308.549988,309.179993,304.559998,305.519989,278.097107,1837000
2020-02-03,307.000000,308.579987,301.670013,302.000000,274.893127,2816800
2020-02-04,304.570007,305.910004,302.760010,304.899994,277.532867,1982300
2020-02-05,307.000000,309.589996,305.399994,308.950012,281.219330,1731800
2020-02-06,309.350006,311.839996,307.850006,310.609985,283.326447,1917900
2020-02-07,310.000000,313.809998,309.119995,313.630005,286.081177,1903500
2020-02-10,313.760010,316.940002,312.600006,313.790009,286.227051,2336300
2020-02-11,314.029999,314.429993,310.470001,310.679993,283.390320,2047500
2020-02-12,310.769989,315.480011,310.769989,315.119995,287.440247,1384600
2020-02-13,314.850006,318.790009,313.540009,318.200012,290.249786,1438000
2020-02-14,318.869995,319.809998,316.950012,318.309998,290.350037,1113400
2020-02-18,319.000000,323.480011,318.609985,322.049988,293.761444,1547100
2020-02-19,322.079987,324.529999,321.730011,323.019989,294.646332,1413600
2020-02-20,322.320007,325.070007,321.010010,324.079987,295.613159,1427500
2020-02-21,322.559998,325.260010,321.029999,321.950012,293.670349,2239000
2020-02-24,315.500000,320.000000,313.260010,313.619995,286.072052,2300400
2020-02-25,315.000000,316.570007,304.399994,304.869995,278.090637,2881800
2020-02-26,307.549988,311.299988,304.679993,305.690002,278.838562,2236000
2020-02-27,301.980011,305.000000,293.000000,293.130005,267.381897,3625300
2020-02-28,285.250000,287.329987,271.279999,281.140015,256.445007,7091800
2020-03-02,294.440002,309.510010,291.380005,309.140015,281.985535,7563800
2020-03-03,309.140015,314.170013,301.029999,302.730011,276.138550,5131400
2020-03-04,308.290009,320.970001,305.019989,320.739990,292.566589,4219300
2020-03-05,315.769989,324.510010,313.200012,315.760010,288.024078,6407700
2020-03-06,312.140015,317.489990,302.750000,311.339996,283.992249,6185500
2020-03-09,295.850006,310.329987,293.000000,301.980011,275.454529,5203100
2020-03-10,307.970001,309.730011,294.420013,309.399994,282.222717,4245500
2020-03-11,300.859985,307.790009,294.190002,297.429993,271.304138,3622700
2020-03-12,280.440002,295.630005,276.339996,279.850006,255.268356,7307600
2020-03-13,288.829987,303.250000,278.269989,302.269989,275.718964,6100100
2020-03-16,281.829987,299.529999,279.510010,283.179993,258.305878,5465500
2020-03-17,289.000000,307.190002,286.299988,306.989990,280.024445,7170600
2020-03-18,298.000000,318.000000,296.000000,307.500000,280.489563,6701800
2020-03-19,310.410004,313.850006,302.630005,305.220001,278.409882,5429500
2020-03-20,307.920013,308.010010,287.019989,290.420013,264.909882,6581200
2020-03-23,292.010010,295.670013,278.420013,285.529999,260.449341,5646400
2020-03-24,294.589996,297.350006,282.829987,284.940002,259.911194,7124200
2020-03-25,284.209991,290.720001,279.209991,280.859985,256.189575,5639600
2020-03-26,281.339996,293.730011,280.859985,292.299988,266.624725,5463100
2020-03-27,287.130005,293.489990,283.329987,284.329987,259.354828,4250400
2020-03-30,287.489990,291.679993,285.839996,291.119995,265.548431,4396000
2020-03-31,287.420013,291.519989,284.000000,285.130005,260.084595,5618600
2020-04-01,282.359985,288.799988,280.899994,286.779999,261.589661,3745800
2020-04-02,284.380005,292.779999,282.820007,291.480011,265.876740,3500600
2020-04-03,289.160004,292.339996,285.799988,288.649994,263.295319,2650100
2020-04-06,293.000000,305.489990,289.570007,305.119995,278.318695,5272500
2020-04-07,306.500000,310.000000,303.220001,303.630005,276.959595,4036500
2020-04-08,305.109985,307.420013,302.279999,305.970001,279.094055,3964400
2020-04-09,299.450012,304.350006,297.579987,300.010010,273.657501,6487600
2020-04-13,298.579987,303.950012,297.660004,299.619995,273.301758,3120400
2020-04-14,302.750000,314.750000,301.250000,314.140015,286.546356,4288300
2020-04-15,311.640015,313.750000,306.820007,310.269989,283.016266,2937300
2020-04-16,314.730011,322.630005,312.040009,321.559998,293.314636,3940000
2020-04-17,321.309998,322.130005,314.019989,317.920013,289.994354,3688000
2020-04-20,317.950012,318.380005,311.529999,312.079987,284.667328,3156300
2020-04-21,311.140015,311.890015,299.350006,301.329987,274.861511,3833000
2020-04-22,304.000000,311.130005,302.040009,309.420013,282.240936,2970600
2020-04-23,307.029999,309.640015,304.790009,305.399994,278.574005,2625200
2020-04-24,307.329987,310.829987,305.510010,310.549988,283.271698,2019400
2020-04-27,313.049988,313.290009,307.589996,308.779999,281.657104,2287300
2020-04-28,310.829987,311.269989,304.279999,304.950012,278.163574,2425900
2020-04-29,304.950012,308.679993,301.119995,307.089996,280.115631,3667700
2020-04-30,306.149994,307.899994,302.570007,303.000000,277.016357,3794300
2020-05-01,301.779999,304.820007,300.179993,301.920013,276.028900,2525400
2020-05-04,303.000000,305.529999,300.070007,304.489990,278.378571,2477500
2020-05-05,305.059998,309.799988,303.440002,307.920013,281.514404,2460900
2020-05-06,309.920013,311.040009,306.540009,308.890015,282.401337,2406700
2020-05-07,309.339996,309.869995,304.529999,305.000000,278.844879,2601800
2020-05-08,305.899994,307.179993,303.700012,305.940002,279.704254,2337400
2020-05-11,305.640015,311.829987,305.000000,310.329987,283.717651,1865900
2020-05-12,310.839996,311.549988,304.790009,304.839996,278.698456,2264900
2020-05-13,304.839996,306.399994,300.119995,302.140015,276.230103,2954900
2020-05-14,301.010010,302.880005,294.540009,299.739990,274.035828,3718900
2020-05-15,299.070007,299.829987,295.859985,299.209991,273.551270,4577200
2020-05-18,301.720001,303.190002,299.920013,302.760010,276.796906,3987300
2020-05-19,304.619995,309.019989,303.149994,304.630005,278.506561,3523000
2020-05-20,306.769989,307.920013,303.200012,304.910004,278.762573,2827000
2020-05-21,304.790009,305.040009,301.250000,301.970001,276.074615,2492100
2020-05-22,302.010010,303.940002,300.829987,302.429993,276.495239,2366400
2020-05-26,306.010010,306.899994,303.529999,304.799988,278.661926,3234600
2020-05-27,304.559998,306.309998,299.470001,306.010010,279.768188,2980200
2020-05-28,307.250000,311.000000,306.899994,309.559998,283.013733,4301900
2020-05-29,304.200012,308.880005,302.350006,308.470001,282.017212,4971800
2020-06-01,307.899994,309.739990,306.459991,308.290009,281.852783,2293700
2020-06-02,307.950012,309.019989,304.720001,307.089996,280.755676,2528900
2020-06-03,307.500000,308.200012,305.920013,306.640015,280.344147,2165900
2020-06-04,310.850006,315.350006,309.089996,310.750000,284.101746,4553900
2020-06-05,313.130005,313.630005,307.290009,312.040009,285.281158,4375600
2020-06-08,310.660004,311.290009,306.459991,307.190002,280.846954,3764500
2020-06-09,307.500000,308.600006,305.170013,305.549988,279.347687,3155800
2020-06-10,306.480011,308.630005,305.649994,307.329987,280.974945,2713700
2020-06-11,306.989990,309.200012,300.640015,300.829987,275.032379,3443000
2020-06-12,302.670013,305.149994,296.250000,298.700012,273.085083,4020000
2020-06-15,297.049988,298.070007,293.839996,297.179993,271.695374,3266800
2020-06-16,301.350006,302.739990,299.220001,301.359985,275.516937,2633800
2020-06-17,301.019989,302.000000,298.899994,299.609985,273.917053,2188400
2020-06-18,300.000000,300.809998,297.790009,299.570007,273.880524,1881800
2020-06-19,300.179993,301.899994,298.640015,299.899994,274.182098,3438000
2020-06-22,299.700012,301.480011,298.250000,300.450012,274.685059,2094400
2020-06-23,301.730011,304.899994,300.730011,301.290009,275.452972,2409600
2020-06-24,300.769989,301.279999,296.600006,298.019989,272.463348,2398100
2020-06-25,297.059998,301.149994,295.399994,300.529999,274.758087,2274300
2020-06-26,300.410004,302.119995,295.950012,296.559998,271.128601,2866000
2020-06-29,297.440002,301.630005,296.829987,301.589996,275.727264,1841700
2020-06-30,301.010010,304.619995,300.140015,303.209991,277.208344,2391700
2020-07-01,302.500000,305.579987,300.750000,304.750000,278.616272,1906100
2020-07-02,306.000000,308.920013,304.600006,305.739990,279.521362,2540500
2020-07-06,307.529999,311.559998,307.239990,311.489990,284.778290,2332400
2020-07-07,310.019989,318.049988,309.720001,316.230011,289.111816,3346600
2020-07-08,317.140015,318.049988,314.010010,316.320007,289.194122,2364500
2020-07-09,320.000000,328.980011,319.679993,325.540009,297.623352,5313600
2020-07-10,326.000000,327.399994,323.109985,326.230011,298.254272,2484100
2020-07-13,326.299988,329.109985,321.500000,322.920013,295.228149,2583200
2020-07-14,321.320007,328.660004,320.450012,328.000000,299.872375,1844800
2020-07-15,328.100006,329.320007,325.619995,326.700012,298.683960,1770700
2020-07-16,326.619995,327.899994,324.059998,326.269989,298.290833,1402000
2020-07-17,327.299988,327.799988,324.579987,324.790009,296.937653,1768100
2020-07-20,324.890015,327.440002,322.660004,326.510010,298.510284,1863300
2020-07-21,327.000000,331.489990,326.500000,327.739990,299.634644,1874200
2020-07-22,329.649994,329.660004,325.010010,328.299988,300.146759,1312600
2020-07-23,328.100006,330.380005,325.329987,326.109985,298.144592,1561700
2020-07-24,326.220001,328.750000,324.670013,325.779999,297.842834,1423400
2020-07-27,325.679993,329.000000,325.179993,327.600006,299.506744,2083300
2020-07-28,327.970001,330.000000,325.820007,327.570007,299.479309,1374000
2020-07-29,327.019989,328.040009,325.390015,326.140015,298.171967,1341300
2020-07-30,322.690002,326.450012,322.000000,324.820007,297.603882,1390300
2020-07-31,324.820007,326.309998,322.549988,325.529999,298.254456,2149900
2020-08-03,325.549988,329.890015,324.299988,329.320007,301.726868,2480200
2020-08-04,329.559998,339.820007,328.920013,339.790009,311.319641,3933300
2020-08-05,341.859985,342.730011,337.589996,339.970001,311.484589,2923700
2020-08-06,342.410004,345.119995,341.609985,343.309998,314.544678,2104300
2020-08-07,343.140015,344.730011,339.630005,340.910004,312.345764,1759000
2020-08-10,340.709991,341.070007,338.579987,340.000000,311.511932,1503800
2020-08-11,340.850006,340.850006,331.799988,332.429993,304.576263,2065600
2020-08-12,333.750000,338.899994,333.170013,336.760010,308.543427,1853900
2020-08-13,336.989990,339.459991,335.130005,335.700012,307.572266,1536500
2020-08-14,336.529999,338.760010,335.600006,336.279999,308.103638,1522900
2020-08-17,337.649994,340.369995,337.359985,339.959991,311.475281,1504700
2020-08-18,341.000000,342.799988,336.809998,340.750000,312.199188,1489400
2020-08-19,341.119995,341.940002,339.950012,340.899994,312.336548,1730100
2020-08-20,340.140015,341.660004,338.739990,340.869995,312.309082,1717500
2020-08-21,340.070007,345.839996,339.329987,344.609985,315.735748,2372600
2020-08-24,345.109985,346.109985,342.109985,344.130005,315.295898,1461500
2020-08-25,344.140015,344.910004,341.459991,344.709991,315.827362,1176200
2020-08-26,343.010010,344.829987,341.690002,344.269989,315.424194,1757000
2020-08-27,345.609985,347.739990,342.549988,346.359985,317.339050,2220700
2020-08-28,347.470001,349.059998,345.500000,348.369995,319.180634,1487300
2020-08-31,346.850006,348.750000,344.290009,347.660004,318.530182,1586900
2020-09-01,345.709991,351.489990,345.410004,351.380005,321.938507,1773700
2020-09-02,353.609985,359.920013,351.309998,358.859985,328.791779,2434900
2020-09-03,363.070007,363.670013,345.519989,348.299988,319.116486,3630400
2020-09-04,353.980011,353.980011,340.399994,346.570007,317.531464,2557000
2020-09-08,343.839996,344.920013,338.179993,338.859985,310.467499,2144300
2020-09-09,340.899994,349.700012,340.390015,346.429993,317.403168,2100900
2020-09-10,346.269989,348.000000,338.760010,339.529999,311.081390,1959600
2020-09-11,340.279999,343.260010,336.100006,339.130005,310.714935,1599600
2020-09-14,340.989990,344.839996,340.470001,342.920013,314.187347,1522300
2020-09-15,345.019989,347.760010,342.750000,343.910004,315.094330,1362500
2020-09-16,347.269989,348.760010,343.250000,343.730011,314.929565,1656500
2020-09-17,339.579987,342.890015,336.369995,338.880005,310.485840,2681500
2020-09-18,340.200012,341.220001,331.200012,335.959991,307.810425,3409300
2020-09-21,333.970001,339.619995,333.709991,339.570007,311.118011,2427400
2020-09-22,340.700012,344.899994,339.589996,344.450012,315.589142,2128100
2020-09-23,348.000000,348.250000,344.059998,344.630005,315.754059,3577100
2020-09-24,345.000000,347.329987,338.309998,347.000000,317.925446,5779300
2020-09-25,340.739990,343.769989,335.359985,342.579987,313.875824,7338500
2020-09-28,343.760010,349.769989,343.100006,349.619995,320.326019,3459200
2020-09-29,348.950012,354.290009,347.100006,352.140015,322.634827,2526000
2020-09-30,352.559998,357.700012,351.170013,355.000000,325.255096,2525800
2020-10-01,356.260010,359.690002,354.820007,358.459991,328.425232,2053000
2020-10-02,354.730011,357.839996,352.850006,355.010010,325.264435,2125000
2020-10-05,355.329987,358.980011,355.329987,358.579987,328.535309,2093500
2020-10-06,361.899994,363.000000,357.040009,358.350006,328.324524,2760400
2020-10-07,360.470001,364.739990,359.660004,363.019989,332.603119,1959100
2020-10-08,364.799988,365.970001,361.750000,365.089996,334.499786,1793100
2020-10-09,366.000000,369.750000,365.700012,369.459991,338.503571,1730700
2020-10-12,371.000000,380.660004,370.769989,376.480011,344.935394,2806900
2020-10-13,378.420013,382.290009,376.480011,380.679993,348.783478,1823300
2020-10-14,382.890015,383.869995,376.700012,378.339996,346.639557,1904400
2020-10-15,376.459991,378.359985,373.059998,376.579987,345.027008,1697800
2020-10-16,380.500000,384.869995,379.119995,381.540009,349.571503,2459400
2020-10-19,382.029999,383.089996,374.709991,375.559998,344.092468,1938100
2020-10-20,377.690002,382.079987,376.119995,378.309998,346.612000,1282300
2020-10-21,378.559998,381.279999,377.019989,377.820007,346.163086,1466500
2020-10-22,377.350006,378.380005,372.029999,375.750000,344.266541,1813200
2020-10-23,375.609985,376.519989,373.559998,374.600006,343.212952,1108000
2020-10-26,366.679993,372.630005,366.119995,370.709991,339.648834,2145000
2020-10-27,368.769989,374.910004,368.769989,372.720001,341.490448,1525400
2020-10-28,367.329987,372.410004,364.670013,364.959991,334.380646,1908300
2020-10-29,363.230011,369.089996,362.510010,364.859985,334.931427,1838500
2020-10-30,361.130005,363.850006,355.790009,357.619995,328.285339,2724100
2020-11-02,362.220001,365.660004,360.709991,364.390015,334.500061,1646300
2020-11-03,368.940002,374.799988,367.890015,371.959991,341.449005,2013100
2020-11-04,374.019989,381.640015,374.000000,376.170013,345.313751,2449800
2020-11-05,382.480011,386.579987,379.500000,385.230011,353.630524,2255800
2020-11-06,381.880005,386.799988,380.890015,385.660004,354.025208,1950200
2020-11-09,388.250000,389.500000,364.760010,365.000000,335.059998,4371300
2020-11-10,363.880005,371.540009,360.589996,366.619995,336.547028,2662600
2020-11-11,369.679993,374.700012,368.160004,372.920013,342.330261,1688800
2020-11-12,376.950012,378.239990,373.500000,375.709991,344.891357,1535900
2020-11-13,376.519989,379.829987,374.989990,378.839996,347.764740,1274600
2020-11-16,376.910004,381.279999,376.910004,379.790009,348.636780,1691500
2020-11-17,387.320007,388.480011,381.790009,381.920013,350.592041,3299100
2020-11-18,382.890015,388.049988,381.730011,382.230011,350.876587,2134600
2020-11-19,383.609985,384.709991,380.309998,383.540009,352.079163,1768900
2020-11-20,383.950012,385.500000,381.010010,381.119995,349.857666,1807600
2020-11-23,383.000000,383.059998,380.339996,381.709991,350.399261,1679600
2020-11-24,383.690002,386.049988,380.709991,384.220001,352.703278,2061100
2020-11-25,385.790009,388.339996,385.559998,387.750000,355.943848,2034200
2020-11-27,390.459991,390.670013,387.750000,388.390015,356.531342,1329400
2020-11-30,391.750000,393.149994,385.230011,391.769989,359.634094,3733800
2020-12-01,384.500000,388.070007,381.179993,387.559998,365.088318,2996800
2020-12-02,385.470001,386.880005,381.570007,383.500000,361.263672,2212800
2020-12-03,378.000000,378.730011,373.279999,374.049988,352.361694,3976400
2020-12-04,375.209991,375.309998,371.890015,373.429993,351.777557,2839700
2020-12-07,374.269989,376.500000,372.649994,373.329987,351.683411,2652900
2020-12-08,373.950012,379.519989,370.750000,377.600006,355.705872,2685500
2020-12-09,379.880005,381.000000,372.799988,374.290009,352.587799,2461600
2020-12-10,374.290009,375.000000,371.559998,372.790009,351.174744,2566300
2020-12-11,379.769989,379.769989,372.540009,375.100006,353.350739,3483900
2020-12-14,376.559998,378.179993,373.209991,374.380005,352.672546,2778400
2020-12-15,374.500000,375.690002,369.299988,371.880005,350.317474,2133900
2020-12-16,371.160004,372.839996,368.850006,369.440002,348.018982,2385100
2020-12-17,370.260010,370.970001,368.000000,370.290009,348.819733,2314200
2020-12-18,371.100006,371.359985,365.929993,367.000000,345.720428,4140000
2020-12-21,365.089996,366.119995,361.809998,364.970001,343.808197,2329700
2020-12-22,364.100006,364.760010,360.609985,362.029999,341.038696,2105500
2020-12-23,362.450012,363.100006,359.500000,361.890015,340.906830,1782100
2020-12-24,361.410004,365.339996,361.410004,364.579987,343.440796,972500
2020-12-28,365.500000,371.690002,365.079987,371.059998,349.545013,3207700
2020-12-29,372.250000,373.260010,370.260010,372.720001,351.108856,2072600
2020-12-30,374.200012,375.859985,373.279999,374.450012,352.738464,1778000
2020-12-31,374.989990,377.040009,372.459991,376.779999,354.933380,1628900
2021-01-04,377.429993,381.549988,374.809998,380.149994,358.107971,3322200
2021-01-05,378.859985,380.209991,375.250000,375.739990,353.953674,2748400
2021-01-06,373.820007,375.799988,369.649994,370.019989,348.565369,2661400
2021-01-07,371.010010,371.649994,366.790009,367.920013,346.587097,2849500
2021-01-08,368.119995,370.260010,364.290009,369.940002,348.489990,2599700
2021-01-11,368.579987,371.000000,363.859985,364.010010,342.903809,2562500
2021-01-12,364.000000,365.070007,360.250000,364.200012,343.082855,2387600
2021-01-13,364.369995,368.739990,363.000000,366.950012,345.673401,1968800
2021-01-14,366.000000,366.500000,361.559998,362.350006,341.340088,2363900
2021-01-15,361.059998,364.910004,360.799988,362.160004,341.161133,2340400
2021-01-19,362.359985,362.950012,352.440002,354.470001,333.916992,4533800
2021-01-20,354.390015,361.899994,353.410004,361.299988,340.350891,2767200
2021-01-21,361.299988,363.989990,359.940002,362.799988,341.763977,2121600
2021-01-22,363.200012,364.630005,359.850006,362.299988,341.292938,1960300
2021-01-25,360.859985,361.959991,356.820007,361.880005,340.897308,2735900
2021-01-26,360.200012,365.899994,358.880005,364.980011,343.817474,1807000
2021-01-27,362.989990,365.799988,354.850006,356.390015,335.725677,3120800
2021-01-28,356.850006,361.609985,356.070007,357.059998,336.356812,2251100
2021-01-29,354.750000,356.290009,351.880005,352.429993,331.995239,2598700
2021-02-01,351.209991,352.790009,349.209991,350.519989,330.196014,2371200
2021-02-02,351.760010,357.700012,350.720001,355.579987,334.962616,1905000
2021-02-03,356.230011,357.529999,353.209991,355.209991,334.614044,1759800
2021-02-04,356.709991,358.380005,353.850006,355.850006,335.878906,3411600
2021-02-05,356.549988,356.850006,354.100006,355.170013,335.237061,2165600
2021-02-08,356.570007,360.040009,355.570007,359.829987,339.635468,2520700
2021-02-09,360.040009,361.670013,358.299988,359.559998,339.380646,2154000
2021-02-10,361.000000,361.000000,355.119995,356.119995,336.133698,2162400
2021-02-11,355.730011,356.500000,351.390015,352.200012,332.433716,2088400
2021-02-12,351.989990,352.980011,350.100006,352.750000,332.952789,2096600
2021-02-16,353.079987,355.359985,352.040009,354.000000,334.132721,1829000
2021-02-17,353.109985,358.170013,351.910004,358.040009,337.945984,2143000
2021-02-18,352.279999,358.200012,352.279999,356.920013,336.888794,1914900
2021-02-19,356.690002,357.929993,354.579987,354.769989,334.859375,1839400
2021-02-22,352.750000,353.290009,348.820007,350.209991,330.555389,2215600
2021-02-23,349.799988,351.000000,342.029999,342.149994,322.947693,3692600
2021-02-24,341.790009,342.500000,337.890015,340.700012,321.579193,3305800
2021-02-25,340.850006,343.000000,333.350006,333.899994,315.160675,3618100
2021-02-26,335.510010,335.890015,330.940002,331.000000,312.423523,3362200
2021-03-01,335.209991,336.000000,331.359985,331.769989,313.150299,4653200
2021-03-02,333.690002,334.690002,328.420013,328.459991,310.026031,4660100
2021-03-03,328.170013,328.420013,323.760010,323.920013,305.740875,4064200
2021-03-04,323.369995,325.600006,315.040009,319.040009,301.134735,5501200
2021-03-05,315.329987,318.429993,307.000000,317.320007,299.511230,8102800
2021-03-08,318.910004,322.329987,310.920013,311.420013,293.942383,4873500
2021-03-09,313.760010,320.279999,312.709991,318.779999,300.889313,5426800
2021-03-10,321.140015,327.390015,317.320007,323.829987,305.655884,4523500
2021-03-11,330.410004,331.250000,326.720001,328.649994,310.205322,4338900
2021-03-12,328.100006,331.630005,325.600006,331.140015,312.555664,3182100
2021-03-15,333.600006,333.679993,327.320007,330.510010,311.961060,3243000
2021-03-16,329.670013,330.029999,326.640015,327.250000,308.883911,3066700
2021-03-17,326.000000,330.500000,324.119995,329.190002,310.715118,2672400
2021-03-18,326.480011,328.140015,322.380005,322.980011,304.853607,2736900
2021-03-19,323.609985,329.250000,322.390015,328.910004,310.450775,4859300
2021-03-22,328.450012,336.170013,328.190002,334.489990,315.717621,4064900
2021-03-23,333.890015,342.510010,333.799988,340.339996,321.239349,3641200
2021-03-24,342.220001,342.510010,336.829987,338.040009,319.068390,3006400
2021-03-25,337.809998,347.779999,337.269989,346.339996,326.902557,4307100
2021-03-26,346.209991,352.459991,344.100006,352.019989,332.263794,3061200
2021-03-29,351.450012,357.769989,351.010010,356.149994,336.162048,3012000
2021-03-30,353.579987,354.769989,348.839996,349.750000,330.121185,2602400
2021-03-31,350.660004,357.450012,349.230011,352.480011,332.697937,2832200
2021-04-01,352.540009,357.320007,351.630005,354.940002,335.019958,2938600
2021-04-05,357.500000,362.670013,356.839996,360.820007,340.569916,2705700
2021-04-06,359.799988,362.799988,359.000000,360.119995,339.909241,2142000
2021-04-07,360.869995,361.459991,357.609985,358.809998,338.672699,1808400
2021-04-08,362.799988,366.019989,359.600006,361.220001,340.947510,2839200
2021-04-09,360.910004,363.709991,359.600006,363.209991,342.825867,1610800
2021-04-12,362.839996,365.250000,361.339996,364.809998,344.335999,1836600
2021-04-13,365.339996,367.299988,364.269989,365.209991,344.713531,1796400
2021-04-14,364.850006,364.850006,362.549988,363.170013,342.788025,1509400
2021-04-15,364.880005,369.549988,364.269989,368.799988,348.102112,1850100
2021-04-16,369.700012,372.799988,368.579987,370.720001,349.914307,2249200
2021-04-19,371.000000,371.529999,368.200012,369.549988,348.809967,1560000
2021-04-20,369.000000,375.359985,368.730011,371.730011,350.867615,2330700
2021-04-21,371.609985,374.579987,371.470001,374.089996,353.095215,1531800
2021-04-22,374.339996,375.440002,370.029999,371.260010,350.424011,2138000
2021-04-23,371.260010,374.850006,370.410004,373.279999,352.330627,1404500
2021-04-26,373.899994,373.899994,368.209991,368.519989,347.837891,2059700
2021-04-27,368.170013,370.959991,365.290009,370.209991,349.432892,1875900
2021-04-28,369.549988,370.500000,368.179993,369.589996,348.847717,1305600
2021-04-29,368.540009,374.709991,368.529999,373.540009,353.331268,1848300
2021-04-30,372.910004,374.160004,371.329987,372.089996,351.959686,2118900
2021-05-03,373.839996,379.619995,372.890015,379.320007,358.798584,2685800
2021-05-04,379.029999,379.230011,373.750000,375.290009,354.986603,2133800
2021-05-05,376.350006,377.519989,372.049988,372.500000,352.347595,1905300
2021-05-06,373.190002,382.940002,373.190002,382.760010,362.052490,2641400
2021-05-07,382.829987,386.450012,382.200012,384.320007,363.528015,1817100
2021-05-10,385.489990,387.890015,381.279999,381.480011,360.841736,1998700
2021-05-11,379.309998,380.920013,376.000000,378.179993,357.720215,1859700
2021-05-12,376.000000,376.940002,371.109985,372.200012,352.063782,2344600
2021-05-13,373.089996,381.440002,371.570007,379.529999,358.997223,2023100
2021-05-14,382.140015,385.820007,380.100006,384.420013,363.622681,1876100
2021-05-17,385.040009,387.049988,382.899994,383.959991,363.187500,1830800
2021-05-18,386.450012,389.450012,382.510010,382.809998,362.099854,1698200
2021-05-19,377.149994,381.730011,376.130005,379.660004,359.120178,1725000
2021-05-20,379.179993,384.519989,378.279999,383.579987,362.828033,1427300
2021-05-21,385.049988,385.350006,380.429993,380.720001,360.122894,1706600
2021-05-24,384.339996,385.760010,381.890015,383.450012,362.705139,1657000
2021-05-25,383.619995,385.739990,382.029999,385.380005,364.530762,1379700
2021-05-26,385.859985,387.750000,385.019989,385.619995,364.757721,1648000
2021-05-27,385.130005,387.769989,383.500000,387.500000,366.536072,4452000
2021-05-28,384.149994,385.309998,377.029999,378.269989,357.805389,4681200
2021-06-01,379.929993,380.200012,375.500000,378.230011,357.767578,2117800
2021-06-02,378.380005,381.920013,377.709991,380.589996,359.999939,1881000
2021-06-03,379.640015,384.190002,378.859985,383.869995,363.102417,1780300
2021-06-04,384.190002,387.760010,383.709991,387.519989,366.554932,1765900
2021-06-07,385.470001,386.450012,378.570007,380.399994,359.820129,2515800
2021-06-08,380.410004,381.209991,377.690002,379.700012,359.158142,1553800
2021-06-09,380.209991,381.779999,379.130005,379.959991,359.403992,1398900
2021-06-10,380.269989,383.359985,379.489990,383.010010,362.288910,1404000
2021-06-11,383.859985,383.859985,380.529999,381.829987,361.172760,1404200
2021-06-14,380.790009,383.980011,379.079987,383.760010,362.998383,1652600
2021-06-15,383.760010,384.500000,381.559998,383.910004,363.140289,1252000
2021-06-16,384.399994,386.440002,377.119995,379.410004,358.883728,1801700
2021-06-17,380.380005,386.470001,379.209991,384.750000,363.934845,1686500
2021-06-18,384.750000,384.910004,380.299988,380.880005,360.274292,3415700
2021-06-21,382.250000,387.649994,380.559998,386.799988,365.873993,1631600
2021-06-22,387.019989,392.500000,386.559998,392.179993,370.962921,1934800
2021-06-23,393.000000,393.440002,390.589996,391.970001,370.764221,1538000
2021-06-24,393.420013,395.500000,391.799988,392.070007,370.858765,1487300
2021-06-25,392.970001,394.549988,391.250000,394.510010,373.166840,2056100
2021-06-28,395.000000,397.420013,393.130005,396.540009,375.086945,1645500
2021-06-29,396.299988,399.440002,395.470001,398.790009,377.215271,1523600
2021-06-30,397.970001,400.470001,395.000000,395.670013,374.264099,2031700
2021-07-01,396.299988,397.690002,393.880005,394.529999,373.185730,1523400
2021-07-02,396.209991,400.769989,396.109985,398.940002,377.357117,1676600
2021-07-06,399.839996,401.399994,397.109985,398.859985,377.281433,2113100
2021-07-07,399.200012,406.119995,399.200012,404.679993,382.786530,2308600
2021-07-08,403.500000,408.640015,403.160004,407.149994,385.122894,2235500
2021-07-09,408.549988,414.000000,407.589996,412.369995,390.060547,2304200
2021-07-12,414.040009,414.350006,404.529999,407.880005,385.813507,2491300
2021-07-13,404.700012,409.290009,404.700012,407.059998,385.037811,1540300
2021-07-14,408.579987,410.470001,407.260010,409.950012,387.771454,1265800
2021-07-15,410.459991,412.200012,407.880005,411.820007,389.540405,1894100
2021-07-16,412.119995,413.420013,409.769989,410.369995,388.168762,1413900
2021-07-19,410.059998,415.320007,410.049988,414.149994,391.744263,2293100
2021-07-20,414.000000,418.070007,412.850006,416.239990,393.721191,2045400
2021-07-21,417.109985,417.109985,412.220001,415.010010,392.557800,1480000
2021-07-22,416.000000,418.600006,413.549988,417.540009,394.950836,1339200
2021-07-23,418.290009,423.989990,417.049988,423.429993,400.522247,1344500
2021-07-26,423.399994,424.500000,420.350006,423.230011,400.333038,1220000
2021-07-27,424.000000,424.559998,421.600006,424.339996,401.382996,1666500
2021-07-28,423.269989,424.859985,420.540009,422.220001,399.377594,1362700
2021-07-29,421.679993,425.850006,420.359985,425.279999,403.026276,1434200
2021-07-30,425.980011,431.500000,425.940002,429.720001,407.233826,2283900
2021-08-02,430.619995,430.709991,425.480011,428.920013,406.475739,1366900
2021-08-03,429.920013,436.799988,429.119995,435.070007,412.303955,1448100
2021-08-04,436.000000,437.989990,432.890015,435.040009,412.275482,1280500
2021-08-05,437.750000,443.500000,436.730011,443.190002,419.999023,1742600
2021-08-06,442.730011,443.459991,438.899994,439.630005,416.625366,1789800
2021-08-09,440.649994,442.779999,439.309998,440.470001,417.421387,1472500
2021-08-10,440.660004,443.799988,440.660004,443.029999,419.847443,1893700
2021-08-11,445.500000,448.000000,441.799988,444.299988,421.050873,2267500
2021-08-12,443.000000,446.630005,442.250000,445.359985,422.055389,1230700
2021-08-13,445.779999,448.359985,444.540009,447.820007,424.386749,1309300
2021-08-16,447.910004,453.190002,447.049988,452.859985,429.162964,1515600
2021-08-17,452.859985,453.779999,449.700012,452.339996,428.670258,1936700
2021-08-18,450.959991,455.239990,445.899994,446.209991,422.860931,2030100
2021-08-19,442.950012,455.500000,441.309998,454.260010,430.489746,1953700
2021-08-20,455.489990,460.619995,453.660004,458.989990,434.972198,1911200
2021-08-23,457.269989,459.059998,454.589996,454.929993,431.124664,1835900
2021-08-24,455.250000,455.390015,450.299988,451.790009,428.149078,1541700
2021-08-25,450.829987,452.820007,447.320007,451.230011,427.618286,1520600
2021-08-26,451.230011,452.480011,446.700012,449.309998,425.798706,1418600
2021-08-27,449.309998,451.619995,446.799988,450.339996,426.774811,1310200
2021-08-30,451.040009,456.589996,450.440002,455.929993,432.072327,1219800
2021-08-31,456.140015,456.880005,452.440002,455.489990,431.655396,1699000
2021-09-01,455.480011,456.679993,451.850006,456.519989,432.631470,1325400
2021-09-02,459.420013,461.440002,458.390015,460.970001,436.848663,1455000
2021-09-03,459.000000,463.600006,459.000000,462.549988,438.345947,1302400
2021-09-07,462.500000,463.200012,457.630005,459.600006,435.550354,1463400
2021-09-08,459.109985,465.829987,458.079987,465.700012,441.331146,1372000
2021-09-09,467.339996,469.769989,465.239990,465.940002,441.558624,1398700
2021-09-10,467.170013,468.399994,463.200012,465.160004,440.819427,1324800
2021-09-13,467.059998,468.239990,458.200012,459.660004,435.607147,1679500
2021-09-14,460.950012,462.200012,457.420013,458.410004,434.422607,1383900
2021-09-15,458.239990,462.250000,456.140015,460.730011,436.621216,1770300
2021-09-16,460.790009,463.769989,456.570007,463.309998,439.066223,1577500
2021-09-17,461.619995,462.820007,457.019989,459.510010,435.465149,3411400
2021-09-20,456.630005,460.950012,446.619995,451.140015,427.533020,2602000
2021-09-21,451.140015,456.839996,450.160004,452.109985,428.452240,1531300
2021-09-22,454.700012,455.350006,449.839996,452.329987,428.660706,1380800
2021-09-23,452.299988,455.549988,451.100006,452.779999,429.087158,2061200
2021-09-24,455.980011,468.720001,455.000000,467.750000,443.273865,3353800
2021-09-27,465.549988,470.489990,457.239990,460.559998,436.460144,2526000
2021-09-28,457.140015,457.500000,445.670013,447.350006,423.941376,2632700
2021-09-29,449.869995,456.000000,448.899994,451.790009,428.149078,1922000
2021-09-30,453.619995,455.359985,449.299988,449.350006,425.836761,1836400
2021-10-01,449.730011,451.079987,440.760010,448.329987,424.870087,1860700
2021-10-04,448.339996,449.350006,436.170013,440.140015,417.108673,2264000
2021-10-05,439.579987,449.109985,439.250000,446.239990,422.889465,1808700
2021-10-06,443.929993,449.779999,442.380005,449.339996,425.827209,1334600
2021-10-07,456.470001,459.589996,452.070007,452.869995,429.172577,1966200
2021-10-08,455.440002,455.750000,450.000000,451.850006,428.205902,1545800
2021-10-11,450.040009,453.690002,449.540009,449.700012,426.168396,1011700
2021-10-12,450.149994,452.850006,445.750000,446.869995,423.486481,1380900
2021-10-13,448.540009,450.510010,444.070007,445.299988,421.998627,1621500
2021-10-14,447.109985,451.700012,446.500000,450.660004,427.078186,1480400
2021-10-15,453.890015,453.940002,449.179993,452.390015,428.717682,1494800
2021-10-18,449.609985,462.350006,448.500000,461.950012,437.777405,2141300
2021-10-19,463.000000,467.160004,460.309998,467.079987,442.638947,1365300
2021-10-20,468.519989,472.500000,467.839996,469.769989,445.188202,1352900
2021-10-21,469.769989,477.649994,469.079987,477.230011,452.257721,1423300
2021-10-22,478.989990,485.029999,478.570007,481.989990,456.768768,1710300
2021-10-25,481.989990,492.209991,479.500000,490.100006,464.454376,1903400
2021-10-26,482.130005,488.250000,481.230011,485.529999,460.123535,2378600
2021-10-27,483.850006,491.500000,483.559998,489.109985,463.516144,1741800
2021-10-28,486.959991,491.829987,486.480011,490.529999,465.613922,1362400
2021-10-29,486.779999,494.170013,486.660004,491.540009,466.572601,2471600
2021-11-01,494.149994,494.890015,487.200012,491.869995,466.885834,1548700
2021-11-02,494.739990,499.489990,492.720001,496.989990,471.745789,2012200
2021-11-03,501.339996,502.959991,495.750000,502.329987,476.814545,1856000
2021-11-04,507.010010,520.210022,506.010010,515.619995,489.429382,2615000
2021-11-05,514.770020,517.900024,508.630005,513.119995,487.056458,2071700
2021-11-08,513.409973,513.409973,500.200012,503.809998,478.219299,2834800
2021-11-09,505.119995,509.100006,504.059998,508.709991,482.870453,1881800
2021-11-10,508.260010,510.359985,503.769989,505.510010,479.833038,1226600
2021-11-11,506.200012,512.500000,504.040009,512.179993,486.164215,1227300
2021-11-12,514.250000,519.659973,513.229980,517.169983,490.900696,1780200
2021-11-15,518.489990,523.099976,518.010010,519.890015,493.482483,1392300
2021-11-16,519.840027,528.299988,517.409973,526.719971,499.965668,1690700
2021-11-17,527.500000,530.739990,524.510010,526.289978,499.557434,1609400
2021-11-18,528.159973,530.799988,522.489990,529.369995,502.481201,1664200
2021-11-19,534.080017,535.280029,528.010010,533.789978,506.676575,1909800
2021-11-22,533.320007,545.419983,532.320007,539.650024,512.238770,2190500
2021-11-23,537.960022,545.820007,533.770020,545.260010,517.563904,2147000
2021-11-24,545.539978,550.830017,543.320007,549.729980,521.806702,2316400
2021-11-26,549.549988,554.549988,544.309998,546.130005,518.389587,1844800
2021-11-29,546.130005,560.780029,542.409973,554.880005,526.695313,2919100
2021-11-30,551.000000,557.169983,535.890015,539.380005,511.982513,4244200
2021-12-01,543.099976,548.250000,529.400024,529.840027,502.927124,2877100
2021-12-02,518.510010,530.909973,514.039978,525.510010,498.817230,3277500
2021-12-03,529.989990,537.500000,524.770020,528.929993,502.063507,2984400
2021-12-06,532.250000,536.049988,527.570007,533.200012,506.116394,2432900
2021-12-07,538.250000,543.000000,534.710022,542.020020,514.488464,2579800
2021-12-08,546.210022,547.789978,525.549988,530.109985,503.183441,3037500
2021-12-09,528.799988,532.330017,523.799988,524.330017,497.696991,3200500
2021-12-10,534.710022,561.270020,534.609985,558.820007,530.435120,6333600
2021-12-13,550.440002,559.750000,547.979980,557.219971,528.916504,3415200
2021-12-14,556.460022,557.169983,537.570007,545.340027,517.639771,3494400
2021-12-15,546.210022,566.489990,545.530029,565.479980,536.756775,2937100
2021-12-16,564.789978,566.549988,549.450012,552.630005,524.559570,2683000
2021-12-17,549.320007,556.469971,540.979980,547.609985,519.794678,5752000
2021-12-20,542.130005,549.140015,538.030029,548.559998,520.696167,2033600
2021-12-21,550.500000,551.780029,536.080017,545.429993,517.725220,2472800
2021-12-22,545.380005,550.000000,539.799988,549.669983,521.749878,1454500
2021-12-23,551.739990,552.609985,547.489990,550.369995,522.414246,1757800
2021-12-27,551.539978,565.739990,551.440002,563.469971,534.848877,2262900
2021-12-28,563.429993,566.640015,560.700012,564.640015,535.959595,1155000
2021-12-29,566.400024,571.489990,563.500000,567.770020,538.930725,1753000
2021-12-30,569.530029,569.880005,562.369995,563.909973,535.266479,1338700
2021-12-31,563.409973,568.250000,559.030029,567.700012,538.863953,1509200
2022-01-03,565.030029,567.469971,555.510010,566.710022,537.924500,2714100
2022-01-04,564.229980,568.719971,561.789978,564.229980,535.570435,2097500
2022-01-05,563.690002,565.049988,549.770020,549.919983,521.987061,2887500
2022-01-06,546.200012,553.520020,543.549988,549.799988,521.873291,2503100
2022-01-07,547.549988,548.369995,534.239990,536.179993,508.945099,2323900
2022-01-10,529.289978,530.409973,508.500000,518.799988,492.447998,4916800
2022-01-11,518.799988,522.469971,510.290009,522.030029,495.513885,2457300
2022-01-12,522.030029,530.030029,522.010010,525.799988,499.092438,1729500
2022-01-13,527.640015,529.049988,515.229980,516.880005,490.625488,2428100
2022-01-14,511.570007,512.979980,501.859985,502.989990,477.440979,3872500
2022-01-18,494.459991,495.079987,486.859985,488.070007,463.278839,3801900
2022-01-19,489.890015,496.239990,487.100006,490.160004,465.262756,2709400
2022-01-20,490.750000,499.880005,481.839996,482.820007,458.295563,2893700
2022-01-21,481.920013,494.609985,481.320007,481.609985,457.146942,3295600
2022-01-24,475.549988,489.970001,469.010010,488.899994,464.066650,4412600
2022-01-25,479.899994,482.640015,472.369995,477.320007,453.074890,3076800
2022-01-26,483.230011,493.869995,478.769989,483.470001,458.912506,3074900
2022-01-27,486.920013,495.790009,480.309998,482.519989,458.010773,2372300
2022-01-28,483.739990,492.730011,475.899994,492.429993,467.417419,1918500
2022-01-31,492.000000,506.420013,490.630005,505.130005,479.472290,2480700
2022-02-01,505.000000,509.679993,496.940002,508.410004,482.585663,2347200
2022-02-02,511.109985,523.989990,510.339996,522.020020,495.504395,2547600
2022-02-03,515.880005,526.440002,514.210022,521.770020,496.017700,2665100
2022-02-04,518.109985,522.000000,510.799988,519.770020,494.116425,2387400
2022-02-07,521.299988,522.000000,514.229980,515.890015,490.427887,1863600
2022-02-08,515.890015,523.390015,510.500000,521.150024,495.428345,1462000
2022-02-09,528.000000,534.239990,525.679993,528.830017,502.729370,2256700
2022-02-10,520.869995,524.469971,514.750000,518.479980,492.890167,2558900
2022-02-11,518.400024,521.349976,507.380005,509.670013,484.514984,2349700
2022-02-14,508.989990,511.529999,501.440002,506.559998,481.558411,1749600
2022-02-15,513.340027,516.000000,510.760010,513.919983,488.555176,1984600
2022-02-16,511.489990,514.549988,501.709991,512.400024,487.110199,1770800
2022-02-17,509.640015,518.210022,507.029999,515.010010,489.591339,2022800
2022-02-18,514.890015,517.900024,510.329987,512.669983,487.366882,2154700
2022-02-22,510.000000,514.580017,498.160004,502.179993,477.394592,2451800
2022-02-23,502.940002,507.970001,494.779999,495.260010,470.816193,2021400
2022-02-24,483.269989,506.549988,482.980011,505.579987,480.626770,2859800
2022-02-25,508.579987,518.250000,505.250000,517.489990,491.948883,2003000
2022-02-28,514.299988,519.630005,511.299988,519.250000,493.622162,2408900
2022-03-01,519.460022,529.359985,519.190002,522.929993,497.120544,2316000
2022-03-02,524.000000,533.090027,519.770020,528.000000,501.940338,2571500
2022-03-03,534.489990,538.960022,529.539978,533.049988,506.740997,3851800
2022-03-04,519.500000,529.919983,511.779999,525.500000,499.563690,4417900
2022-03-07,523.450012,545.289978,523.419983,528.520020,502.434662,3896900
2022-03-08,526.219971,539.729980,522.409973,523.359985,497.529266,3649700
2022-03-09,527.619995,530.859985,515.710022,527.650024,501.607666,2789700
2022-03-10,523.109985,534.369995,518.140015,532.719971,506.427307,1777700
2022-03-11,536.619995,542.650024,526.429993,527.419983,501.388885,1735100
2022-03-14,527.770020,535.309998,523.539978,525.950012,499.991425,1950000
2022-03-15,530.000000,543.849976,527.919983,542.320007,515.553467,2547900
2022-03-16,544.530029,551.619995,531.260010,543.390015,516.570618,3017200
2022-03-17,543.349976,553.169983,543.200012,552.789978,525.506836,1974200
2022-03-18,552.960022,562.549988,549.510010,561.349976,533.644104,3597800
2022-03-21,560.140015,566.750000,550.840027,555.530029,528.111572,3136900
2022-03-22,556.960022,560.349976,552.330017,559.419983,531.809448,1777500
2022-03-23,556.950012,560.690002,551.909973,554.020020,526.676025,1546800
2022-03-24,555.510010,558.260010,549.219971,558.109985,530.564331,1614200
2022-03-25,559.820007,560.429993,550.229980,555.710022,528.282654,1974900
2022-03-28,556.739990,565.260010,553.500000,565.210022,537.313660,2056100
2022-03-29,568.000000,571.219971,564.530029,569.979980,541.848267,2005400
2022-03-30,570.950012,578.250000,568.590027,576.469971,548.018005,2086500
2022-03-31,578.700012,586.320007,575.510010,575.849976,547.428711,3439800
2022-04-01,577.380005,582.989990,572.309998,575.570007,547.162415,1933500
2022-04-04,573.940002,579.690002,571.469971,575.130005,546.744202,2201800
2022-04-05,572.590027,583.979980,572.099976,575.320007,546.924805,1826800
2022-04-06,574.030029,586.799988,570.369995,584.789978,555.927429,2646200
2022-04-07,592.289978,612.270020,588.780029,608.049988,578.039307,4804200
2022-04-08,606.380005,608.000000,597.729980,600.039978,570.424805,3230200
2022-04-11,598.789978,601.000000,582.799988,584.669983,555.813293,2792700
2022-04-12,586.690002,591.729980,578.760010,581.359985,552.666565,2142000
2022-04-13,582.469971,593.489990,582.469971,591.090027,561.916260,2211800
2022-04-14,591.780029,596.280029,587.049988,590.390015,561.250977,2206200
2022-04-18,585.380005,592.109985,579.599976,582.119995,553.389038,2161900
2022-04-19,583.349976,594.830017,582.000000,594.299988,564.968018,2327800
2022-04-20,599.150024,605.280029,597.299988,603.530029,573.742493,1793300
2022-04-21,607.280029,609.179993,591.150024,591.739990,562.534302,2027900
2022-04-22,590.349976,591.900024,571.049988,571.700012,543.483276,2878200
2022-04-25,570.309998,570.330017,553.530029,568.210022,540.165588,3154500
2022-04-26,565.250000,568.340027,553.309998,553.760010,526.429016,2057400
2022-04-27,556.190002,563.619995,552.849976,554.080017,526.733154,2261600
2022-04-28,555.469971,564.799988,545.799988,562.000000,535.131409,2118700
2022-04-29,560.929993,561.580017,529.700012,531.719971,506.299072,2968000
2022-05-02,532.229980,539.200012,518.270020,528.950012,503.661469,3303400
2022-05-03,530.000000,534.270020,523.700012,528.080017,502.833038,2398000
2022-05-04,531.599976,546.140015,522.809998,544.429993,518.401428,2465200
2022-05-05,541.570007,542.340027,512.169983,517.320007,492.587494,3977000
2022-05-06,514.400024,516.440002,498.820007,503.359985,479.294922,3560800
2022-05-09,496.100006,507.049988,494.339996,498.829987,474.981445,3292700
2022-05-10,509.700012,510.630005,495.630005,501.459991,477.485626,2729400
2022-05-11,503.920013,508.000000,487.809998,489.079987,465.697571,2782900
2022-05-12,486.790009,497.260010,479.760010,486.179993,462.936279,2829500
2022-05-13,493.109985,498.790009,489.600006,497.269989,473.496033,2338600
2022-05-16,496.140015,497.679993,489.619995,494.529999,470.887054,1579700
2022-05-17,489.160004,493.559998,480.230011,490.470001,467.021149,2602800
2022-05-18,460.000000,463.859985,424.549988,429.399994,408.870819,9511600
2022-05-19,430.369995,430.529999,418.720001,422.929993,402.710175,5839600
2022-05-20,428.799988,428.850006,406.510010,416.429993,396.520996,5115000
2022-05-23,420.000000,430.000000,416.670013,429.480011,408.947021,3687200
2022-05-24,424.799988,438.730011,424.350006,437.709991,416.783539,3473400
2022-05-25,436.329987,443.260010,430.829987,440.109985,419.068817,3225100
2022-05-26,449.100006,468.049988,447.510010,464.989990,442.759369,5917600
2022-05-27,456.799988,474.880005,455.119995,470.760010,448.253510,5719600
2022-05-31,470.760010,470.799988,458.029999,466.220001,443.930511,4424500
2022-06-01,469.380005,470.500000,456.700012,456.989990,435.141785,2319400
2022-06-02,460.899994,491.130005,457.880005,487.609985,464.297882,4950600
2022-06-03,485.029999,488.149994,475.589996,476.250000,453.480988,2857400
2022-06-06,480.500000,481.000000,468.910004,472.470001,449.881744,2297000
2022-06-07,459.910004,473.730011,459.589996,471.779999,449.224670,2435500
2022-06-08,471.779999,474.429993,466.890015,467.989990,445.615875,1697000
2022-06-09,467.339996,484.239990,467.149994,472.049988,449.481842,3087500
2022-06-10,465.000000,468.190002,457.760010,463.309998,441.159637,2549900
2022-06-13,450.000000,458.640015,448.899994,452.250000,430.628326,3113400
2022-06-14,452.250000,458.760010,450.279999,454.799988,433.056488,2224600
2022-06-15,458.500000,464.359985,451.390015,458.790009,436.855743,2250200
2022-06-16,450.309998,457.769989,447.970001,451.760010,430.161835,2906600
2022-06-17,451.049988,455.690002,443.200012,446.690002,425.334259,3623400
2022-06-21,450.549988,464.820007,449.140015,463.109985,440.969238,2420600
2022-06-22,459.390015,464.720001,458.500000,459.959991,437.969818,1827500
2022-06-23,466.369995,476.279999,465.709991,475.000000,452.290741,2030100
2022-06-24,480.000000,484.829987,476.679993,484.369995,461.212830,2862600
2022-06-27,485.809998,487.239990,477.350006,481.750000,458.718018,2034700
2022-06-28,483.500000,487.239990,467.890015,468.609985,446.206238,1754600
2022-06-29,470.950012,472.970001,466.420013,469.839996,447.377441,1275600
2022-06-30,468.299988,482.089996,464.720001,479.279999,456.366119,3852400
2022-07-01,481.179993,491.250000,478.000000,485.760010,462.536377,2660400
2022-07-05,485.559998,490.899994,478.459991,488.260010,464.916779,2489400
2022-07-06,488.260010,497.019989,487.779999,492.649994,469.096954,2262300
2022-07-07,492.059998,495.529999,489.220001,494.950012,471.286957,2125200
2022-07-08,497.320007,505.519989,497.000000,501.540009,477.561890,2607800
2022-07-11,501.119995,505.549988,494.839996,498.899994,475.048157,1891100
2022-07-12,497.010010,501.899994,488.040009,490.570007,467.116333,1775300
2022-07-13,484.320007,497.320007,483.820007,492.220001,468.687439,2008400
2022-07-14,496.089996,513.270020,493.619995,511.940002,487.464722,3715600
2022-07-15,516.919983,524.799988,515.780029,522.950012,497.948273,4265100
2022-07-18,521.859985,528.530029,515.669983,516.299988,491.616211,2464100
2022-07-19,522.409973,525.580017,516.969971,520.229980,495.358398,2391000
2022-07-20,521.260010,526.159973,516.809998,524.200012,499.138428,1740700
2022-07-21,524.039978,529.739990,521.599976,529.460022,504.147095,1716100
2022-07-22,530.710022,537.109985,526.070007,529.719971,504.394623,1800800
2022-07-25,531.419983,532.289978,526.000000,529.140015,503.842346,1452700
2022-07-26,515.000000,519.679993,508.760010,511.929993,487.455170,3334800
2022-07-27,513.099976,525.320007,511.170013,522.309998,497.338898,2060100
2022-07-28,520.280029,539.179993,520.280029,536.179993,511.427094,2083300
2022-07-29,532.000000,542.119995,531.900024,541.299988,516.310608,2131500
2022-08-01,541.419983,552.710022,541.250000,546.809998,521.566284,2256000
2022-08-02,544.030029,551.039978,540.770020,543.460022,518.370972,1984200
2022-08-03,545.000000,548.700012,542.119995,547.010010,521.757141,1693300
2022-08-04,547.000000,547.200012,540.669983,543.280029,518.199280,2000500
2022-08-05,537.239990,541.599976,533.349976,540.669983,515.709656,1711500
2022-08-08,543.840027,547.500000,538.669983,541.900024,516.882996,1344100
2022-08-09,543.640015,545.000000,533.890015,535.820007,511.083771,1877300
2022-08-10,544.479980,549.909973,537.289978,539.820007,514.898926,2336600
2022-08-11,543.239990,543.489990,531.890015,532.200012,507.630859,2340200
2022-08-12,536.179993,538.400024,533.729980,537.210022,512.409607,1918200
2022-08-15,536.400024,547.000000,535.679993,545.750000,520.555115,1848000
2022-08-16,551.099976,559.969971,548.969971,553.020020,527.489685,2498000
2022-08-17,550.000000,559.450012,549.010010,556.320007,530.637268,1835200
2022-08-18,559.059998,564.750000,556.419983,560.960022,535.063049,1619200
2022-08-19,558.650024,559.260010,553.169983,554.530029,528.929810,1617000
2022-08-22,553.000000,553.000000,544.289978,545.469971,520.288086,1860900
2022-08-23,545.739990,546.010010,536.880005,542.070007,517.045166,1359000
2022-08-24,542.750000,545.219971,539.359985,543.219971,518.142029,1145800
2022-08-25,545.739990,550.909973,539.549988,550.770020,525.343506,1483300
2022-08-26,550.000000,552.669983,531.669983,531.820007,507.268311,1886800
2022-08-29,527.030029,535.500000,524.000000,531.059998,506.543427,1579900
2022-08-30,534.280029,536.010010,521.510010,524.140015,499.943024,1872700
2022-08-31,525.539978,526.320007,520.260010,522.099976,497.997101,2179800
2022-09-01,519.719971,529.580017,517.030029,529.169983,504.740692,2280600
2022-09-02,532.700012,534.840027,516.049988,519.109985,495.145050,1901700
2022-09-06,520.159973,523.150024,512.530029,518.900024,494.944824,1933400
2022-09-07,520.000000,531.659973,518.900024,529.640015,505.188934,1827900
2022-09-08,524.330017,533.030029,521.559998,529.119995,504.692871,1600800
2022-09-09,532.119995,538.059998,529.530029,536.580017,511.808624,1930900
2022-09-12,537.729980,542.599976,537.000000,539.520020,514.612854,1522400
2022-09-13,530.789978,532.239990,508.690002,510.299988,486.741821,2881400
2022-09-14,513.859985,514.010010,503.119995,508.000000,484.547974,2007300
2022-09-15,508.399994,509.059998,500.529999,503.500000,480.255737,1749600
2022-09-16,499.570007,506.440002,497.299988,504.140015,480.866150,3004800
2022-09-19,502.160004,506.709991,498.890015,506.570007,483.183990,1441300
2022-09-20,503.000000,503.429993,493.420013,499.519989,476.459503,1843100
2022-09-21,502.500000,506.429993,493.000000,493.070007,470.307159,2082600
2022-09-22,494.000000,494.000000,484.410004,487.170013,464.679626,3133100
2022-09-23,478.940002,482.320007,463.529999,466.399994,444.868439,5377800
2022-09-26,465.869995,484.109985,465.209991,480.299988,458.126801,4001900
2022-09-27,485.489990,488.399994,475.429993,478.299988,456.219055,2412400
2022-09-28,481.529999,491.549988,474.190002,488.290009,465.747833,2419500
2022-09-29,485.609985,489.010010,474.070007,478.980011,456.867676,1963900
2022-09-30,480.660004,483.829987,471.869995,472.269989,450.467468,2436700
2022-10-03,474.500000,480.839996,470.399994,477.730011,455.675476,2338500
2022-10-04,483.829987,488.019989,480.730011,486.130005,463.687653,2175600
2022-10-05,481.299988,483.869995,474.820007,480.320007,458.145874,1587700
2022-10-06,483.450012,493.880005,481.920013,482.489990,460.215637,2430700
2022-10-07,478.260010,479.109985,466.119995,468.149994,446.537659,2568100
2022-10-10,469.690002,470.250000,461.609985,466.309998,444.782593,1616300
2022-10-11,465.000000,477.250000,463.700012,472.019989,450.229034,2341400
2022-10-12,474.320007,479.739990,466.299988,466.380005,444.849457,2043900
2022-10-13,458.190002,471.739990,449.029999,467.989990,446.385040,3390900
2022-10-14,472.029999,473.390015,453.790009,454.649994,433.660889,2301600
2022-10-17,461.649994,466.880005,460.480011,464.170013,442.741486,2097500
2022-10-18,473.200012,476.519989,468.829987,473.269989,451.421326,1864000
2022-10-19,467.809998,474.869995,466.950012,471.429993,449.666229,1207600
2022-10-20,471.000000,472.079987,462.910004,464.619995,443.170654,1709500
2022-10-21,463.709991,479.570007,462.279999,478.179993,456.104584,2508400
2022-10-24,481.609985,498.000000,481.010010,496.970001,474.027191,2366200
2022-10-25,493.320007,500.190002,490.500000,499.059998,476.020721,2130900
2022-10-26,498.000000,507.420013,495.690002,499.450012,476.392731,2088700
2022-10-27,499.809998,503.010010,494.140015,496.540009,474.471954,1576600
2022-10-28,497.299988,512.820007,495.970001,510.869995,488.165100,2369300
2022-10-31,509.640015,509.640015,500.500000,501.500000,479.211609,2192200
2022-11-01,503.700012,507.390015,499.779999,499.959991,477.740021,1586300
2022-11-02,497.799988,503.239990,483.269989,483.510010,462.021149,2464400
2022-11-03,480.880005,491.329987,479.709991,486.290009,464.677582,2010400
2022-11-04,490.399994,492.630005,476.489990,486.410004,464.792206,1987300
2022-11-07,477.049988,490.000000,474.500000,488.549988,466.837128,2036000
2022-11-08,490.730011,498.260010,484.510010,492.760010,470.860046,1709900
2022-11-09,491.899994,497.579987,486.859985,489.970001,468.194000,1640500
2022-11-10,504.950012,514.849976,501.399994,513.130005,490.324707,3098300
2022-11-11,513.130005,516.840027,506.709991,515.469971,492.560760,2393500
2022-11-14,515.770020,520.700012,509.420013,509.679993,487.027954,1820200
2022-11-15,520.000000,529.799988,520.000000,526.469971,503.071808,2502200
2022-11-16,521.309998,528.559998,520.169983,524.109985,500.816864,1833600
2022-11-17,519.000000,521.789978,512.960022,521.320007,498.150726,1902500
2022-11-18,526.869995,529.539978,518.190002,523.669983,500.396149,1584400
2022-11-21,525.739990,527.280029,522.080017,523.369995,500.109680,1268300
2022-11-22,529.960022,532.799988,526.679993,531.950012,508.308289,1809100
2022-11-23,534.000000,536.799988,530.400024,534.489990,510.735291,1288200
2022-11-25,534.159973,535.859985,533.070007,533.659973,509.942261,744200
2022-11-28,530.890015,536.250000,528.940002,530.919983,507.324036,1684300
2022-11-29,531.039978,533.719971,528.000000,528.960022,505.451111,1685700
2022-11-30,527.409973,542.580017,522.140015,539.250000,515.283936,3601800
2022-12-01,519.140015,519.140015,495.670013,503.859985,481.466705,6970400
2022-12-02,498.519989,498.970001,492.109985,494.529999,472.551300,3632100
2022-12-05,492.500000,492.700012,484.730011,488.660004,466.942261,2455300
2022-12-06,490.660004,491.470001,477.170013,481.160004,459.775543,2995900
2022-12-07,479.089996,486.540009,478.869995,481.970001,460.549622,2072600
2022-12-08,482.899994,483.329987,473.500000,481.420013,460.023987,2901000
2022-12-09,475.100006,490.089996,470.500000,483.019989,461.552887,4211100
2022-12-12,482.730011,487.820007,480.670013,487.679993,466.005798,2276400
2022-12-13,497.040009,497.970001,481.549988,488.200012,466.502747,2626700
2022-12-14,488.859985,491.690002,481.040009,483.519989,462.030640,2145000
2022-12-15,475.339996,476.700012,463.160004,463.910004,443.292236,3437700
2022-12-16,461.260010,464.790009,456.880005,461.450012,440.941528,4909200
2022-12-19,460.920013,463.410004,455.359985,458.630005,438.246826,1939200
2022-12-20,456.559998,460.250000,452.529999,457.820007,437.472870,1993700
2022-12-21,459.380005,463.690002,456.200012,462.059998,441.524414,1462400
2022-12-22,458.649994,460.399994,453.390015,458.709991,438.323303,1906100
2022-12-23,457.519989,463.179993,454.799988,462.649994,442.088196,1229500
2022-12-27,464.399994,464.700012,457.109985,458.500000,438.122681,1230800
2022-12-28,457.540009,460.459991,452.799988,452.989990,432.857513,1324100
2022-12-29,455.630005,459.000000,453.459991,456.529999,436.240234,1465000
2022-12-30,454.649994,456.700012,450.750000,456.500000,436.211517,1803200
2023-01-03,458.000000,458.799988,447.899994,453.279999,433.134674,1978100
2023-01-04,457.179993,459.510010,452.589996,456.559998,436.268860,2097300
2023-01-05,454.540009,456.429993,449.619995,450.190002,430.181946,2169300
2023-01-06,463.079987,484.420013,462.220001,482.869995,461.409576,5174500
2023-01-09,482.929993,486.869995,478.140015,478.750000,457.472656,2384800
2023-01-10,477.140015,482.089996,475.480011,481.399994,460.004883,1649900
2023-01-11,480.329987,484.519989,479.109985,484.309998,462.785522,1576400
2023-01-12,484.989990,485.000000,478.750000,482.429993,460.989105,1628200
2023-01-13,480.890015,485.589996,479.000000,485.250000,463.683838,1405900
2023-01-17,485.130005,490.480011,484.369995,486.769989,465.136230,1539900
2023-01-18,484.809998,488.809998,478.519989,479.470001,458.160675,1925500
2023-01-19,476.239990,477.559998,468.070007,469.489990,448.624237,1919500
2023-01-20,473.920013,480.320007,469.470001,480.109985,458.772278,2588600
2023-01-23,479.950012,495.239990,477.600006,492.609985,470.716675,2709400
2023-01-24,492.049988,493.600006,487.010010,492.109985,470.238861,1510200
2023-01-25,489.359985,491.940002,484.500000,490.880005,469.063568,1329800
2023-01-26,493.200012,498.670013,491.769989,498.299988,476.153839,1576400
2023-01-27,499.760010,509.100006,497.859985,503.290009,480.922058,2034100
2023-01-30,500.369995,505.600006,500.369995,503.279999,480.912415,1855900
2023-01-31,503.230011,511.410004,502.000000,511.140015,488.423157,1924100
2023-02-01,508.309998,520.450012,504.720001,517.909973,494.892242,2080200
2023-02-02,524.289978,530.049988,520.640015,523.429993,501.037537,2287400
2023-02-03,519.130005,521.549988,512.500000,514.799988,492.776764,1844100
2023-02-06,514.440002,517.219971,512.270020,515.590027,493.533051,1740100
2023-02-07,511.989990,517.989990,507.390015,516.530029,494.432800,1927300
2023-02-08,511.290009,512.179993,501.559998,503.809998,482.256958,2062900
2023-02-09,505.290009,509.160004,498.420013,500.630005,479.213104,1517300
2023-02-10,498.510010,500.549988,495.380005,499.989990,478.600372,1536800
2023-02-13,501.739990,506.790009,501.350006,506.450012,484.784027,1452600
2023-02-14,505.010010,507.850006,498.630005,503.220001,481.692200,1257300
2023-02-15,502.730011,511.420013,501.339996,511.279999,489.407379,1422600
2023-02-16,503.609985,510.730011,503.600006,504.100006,482.534637,1456000
2023-02-17,504.269989,507.709991,501.839996,507.480011,485.769989,1340400
2023-02-21,500.820007,503.989990,496.549988,501.739990,480.275452,1811800
2023-02-22,503.920013,505.459991,496.600006,497.390015,476.111633,1332000
2023-02-23,498.799988,498.859985,487.859985,493.140015,472.043427,1546300
2023-02-24,488.579987,490.359985,484.700012,488.609985,467.707184,1587600
2023-02-27,492.549988,493.000000,485.679993,487.029999,466.194824,1501700
2023-02-28,485.600006,488.880005,483.779999,484.179993,463.466736,1918200
2023-03-01,481.100006,482.579987,475.019989,478.670013,458.192505,1759300
2023-03-02,477.359985,487.429993,475.559998,485.690002,464.912140,2379200
2023-03-03,474.829987,476.000000,465.329987,475.260010,454.928345,5354200
2023-03-06,476.519989,488.820007,475.519989,483.079987,462.413757,3104700
2023-03-07,486.100006,495.209991,485.000000,485.149994,464.395203,2659100
2023-03-08,483.000000,486.880005,481.140015,486.040009,465.247162,1548500
2023-03-09,487.480011,490.000000,478.619995,479.519989,459.006012,1629400
2023-03-10,478.980011,480.459991,468.380005,471.140015,450.984619,2123000
2023-03-13,466.799988,476.690002,466.799988,472.000000,451.807800,1799600
2023-03-14,475.429993,485.160004,473.000000,481.920013,461.303436,2422900
2023-03-15,481.510010,487.019989,478.540009,485.660004,464.883453,2226300
2023-03-16,484.929993,488.140015,482.760010,487.260010,466.415009,1979600
2023-03-17,489.070007,489.899994,481.510010,487.049988,466.213989,3959300
2023-03-20,488.000000,490.790009,485.720001,489.290009,468.358154,1623800
2023-03-21,493.000000,493.000000,485.989990,490.850006,469.851379,1664000
2023-03-22,489.459991,496.619995,487.350006,487.519989,466.663849,1299700
2023-03-23,490.690002,493.250000,484.290009,487.760010,466.893585,1565900
2023-03-24,486.940002,495.970001,486.559998,495.269989,474.082336,1635200
2023-03-27,497.279999,499.859985,492.510010,493.220001,472.120026,1452100
2023-03-28,492.609985,494.059998,485.410004,486.769989,465.945984,1407800
2023-03-29,489.200012,491.299988,485.899994,490.869995,469.870544,1643000
2023-03-30,493.000000,495.739990,491.000000,491.480011,470.454437,1545500
2023-03-31,495.000000,498.359985,493.940002,496.869995,475.613861,2082000
2023-04-03,496.500000,499.200012,495.000000,497.029999,475.766968,1804700
2023-04-04,496.500000,502.579987,495.500000,497.730011,476.437134,1913300
2023-04-05,499.000000,504.130005,495.160004,497.130005,475.862732,1941500
2023-04-06,482.000000,487.850006,477.500000,485.980011,465.189697,4114700
2023-04-10,483.899994,493.899994,481.660004,493.829987,472.703888,1653600
2023-04-11,493.829987,499.989990,493.000000,498.649994,477.317719,1547400
2023-04-12,500.000000,500.049988,488.540009,489.350006,468.415588,2063700
2023-04-13,493.489990,498.440002,490.309998,497.890015,476.590210,1600500
2023-04-14,496.190002,500.369995,490.160004,491.299988,470.282135,1675300
2023-04-17,492.769989,497.890015,491.149994,493.940002,472.809174,1411800
2023-04-18,496.100006,497.630005,494.119995,496.899994,475.642548,1339600
2023-04-19,497.130005,497.989990,493.829987,496.029999,474.809814,1098800
2023-04-20,495.750000,510.660004,495.510010,505.579987,483.951233,2936500
2023-04-21,509.369995,510.640015,505.459991,506.350006,484.688293,1508600
2023-04-24,506.100006,511.690002,505.809998,511.420013,489.541443,1374100
2023-04-25,511.130005,513.130005,502.260010,503.170013,481.644379,1789900
2023-04-26,500.420013,502.869995,493.390015,494.660004,473.498444,1441900
2023-04-27,494.829987,502.260010,494.829987,501.269989,479.825653,1361600
2023-04-28,501.559998,504.829987,500.640015,503.220001,481.692200,1170200
2023-05-01,499.149994,500.049988,488.799988,493.589996,472.474182,2203200
2023-05-02,495.000000,495.679993,489.809998,494.809998,473.641968,1940800
2023-05-03,496.600006,498.779999,489.660004,490.059998,469.095215,1426400
2023-05-04,488.940002,490.910004,485.929993,490.339996,470.342194,1487000
2023-05-05,493.200012,499.399994,492.980011,499.059998,478.706543,1709200
2023-05-08,497.369995,500.250000,495.700012,499.059998,478.706543,1015000
2023-05-09,496.959991,501.739990,496.390015,500.790009,480.365997,1571800
2023-05-10,501.950012,504.970001,495.100006,499.660004,479.282074,1257600
2023-05-11,499.510010,503.000000,497.549988,501.890015,481.421173,1046700
2023-05-12,503.170013,506.029999,501.200012,504.070007,483.512207,1472800
2023-05-15,504.010010,505.000000,498.859985,502.040009,481.565002,1135700
2023-05-16,500.000000,500.290009,494.299988,496.149994,475.915131,1229300
2023-05-17,498.000000,498.010010,491.899994,495.000000,474.812164,2069500
2023-05-18,495.000000,498.600006,494.079987,498.100006,477.785706,2298900
2023-05-19,499.390015,499.390015,493.920013,496.519989,476.270050,1635000
2023-05-22,497.000000,497.000000,488.540009,491.869995,471.809753,1943800
2023-05-23,487.170013,487.170013,482.970001,484.869995,465.095276,1800200
2023-05-24,487.250000,487.250000,480.910004,482.760010,463.071320,1600600
2023-05-25,480.209991,488.540009,476.750000,486.549988,466.706726,3421900
2023-05-26,485.649994,510.750000,484.119995,507.260010,486.572174,5302600
2023-05-30,509.790009,514.789978,501.589996,508.029999,487.310699,2544800
2023-05-31,508.859985,513.869995,504.950012,511.559998,490.696838,3320800
2023-06-01,509.329987,513.739990,502.100006,512.599976,491.694305,2407700
2023-06-02,510.320007,518.500000,509.399994,512.590027,491.684814,2284800
2023-06-05,512.590027,518.919983,512.020020,518.250000,497.113953,2023500
2023-06-06,518.250000,518.630005,512.760010,516.260010,495.205048,1410300
2023-06-07,514.510010,519.289978,510.570007,511.230011,490.380219,1784700
2023-06-08,512.500000,520.289978,512.500000,520.090027,498.878876,1530400
2023-06-09,518.190002,522.059998,515.500000,517.280029,496.183533,1287300
2023-06-12,517.280029,521.270020,516.000000,520.969971,499.722992,1404500
2023-06-13,522.020020,522.950012,517.909973,522.020020,500.730225,1204700
2023-06-14,525.000000,527.849976,523.140015,527.200012,505.699005,1841400
2023-06-15,529.000000,531.260010,526.659973,529.179993,507.598206,1871600
2023-06-16,530.099976,530.419983,522.630005,523.650024,502.293732,3147800
2023-06-20,521.950012,522.900024,518.140015,519.700012,498.504730,1684400
2023-06-21,517.909973,521.640015,516.539978,519.619995,498.428040,1273600
2023-06-22,520.690002,524.679993,519.679993,524.200012,502.821228,1114000
2023-06-23,523.130005,525.400024,519.340027,524.440002,503.051483,1434300
2023-06-26,524.400024,524.869995,521.260010,523.419983,502.073059,1278500
2023-06-27,522.650024,532.409973,522.099976,530.330017,508.701385,1673600
2023-06-28,528.979980,533.489990,528.609985,532.799988,511.070496,1245200
2023-06-29,530.580017,532.450012,528.950012,531.690002,510.005859,1121800
2023-06-30,534.169983,539.559998,533.630005,538.380005,516.422974,2221900
2023-07-03,537.250000,541.080017,534.340027,541.039978,518.974487,951400
2023-07-05,541.219971,546.049988,537.500000,541.130005,519.060791,1630400
2023-07-06,538.880005,540.299988,536.580017,537.369995,515.454102,1750100
2023-07-07,533.890015,536.460022,524.630005,525.049988,503.636566,2740600
2023-07-10,525.059998,531.150024,525.059998,527.010010,505.516693,1955600
2023-07-11,527.500000,530.760010,526.150024,529.640015,508.039368,1262300
2023-07-12,532.000000,540.109985,531.109985,538.000000,516.058594,1960500
2023-07-13,537.799988,539.119995,532.789978,538.450012,516.490051,1647200
2023-07-14,538.710022,546.859985,538.099976,546.700012,524.403564,1828700
2023-07-17,546.179993,554.210022,546.099976,552.960022,530.408325,1909900
2023-07-18,552.669983,555.000000,549.390015,553.590027,531.012756,1778800
2023-07-19,554.479980,555.890015,552.020020,554.109985,531.511414,1261100
2023-07-20,553.809998,561.070007,553.710022,556.960022,534.245239,1732800
2023-07-21,559.169983,562.049988,557.450012,557.859985,535.108337,5264300
2023-07-24,558.000000,566.570007,555.880005,563.929993,540.930847,2086400
2023-07-25,566.770020,567.549988,564.299988,565.190002,542.139465,1602500
2023-07-26,565.510010,568.030029,563.419983,566.169983,543.079590,1306400
2023-07-27,567.719971,571.159973,560.599976,561.830017,538.916565,1485300
2023-07-28,564.580017,567.809998,562.619995,563.320007,540.345886,1371400
2023-07-31,563.000000,564.289978,559.049988,560.669983,537.803833,1365900
2023-08-01,560.630005,562.880005,554.539978,555.469971,532.815857,1445300
2023-08-02,552.260010,556.630005,551.020020,552.349976,529.823242,1635000
2023-08-03,553.530029,560.349976,552.219971,557.690002,534.945374,1463400
2023-08-04,561.070007,561.289978,551.409973,552.039978,529.525818,1142000
2023-08-07,554.989990,559.559998,554.989990,558.409973,535.636047,1015400
2023-08-08,558.000000,558.900024,551.840027,556.119995,533.439453,1020400
2023-08-09,557.979980,562.090027,556.809998,559.700012,536.873535,1471800
2023-08-10,563.200012,569.210022,560.700012,561.489990,538.590454,1107200
2023-08-11,560.349976,565.000000,559.030029,562.960022,540.000427,1043100
2023-08-14,564.770020,567.710022,560.440002,561.469971,538.571289,1247600
2023-08-15,561.049988,565.159973,558.200012,558.510010,535.731995,1124300
2023-08-16,561.700012,564.950012,558.719971,559.049988,536.249939,1340100
2023-08-17,559.469971,560.419983,545.080017,547.109985,524.796936,1941900
2023-08-18,546.919983,549.469971,543.109985,544.940002,522.715454,1878100
2023-08-21,543.859985,545.150024,536.299988,543.210022,521.056091,2076100
2023-08-22,541.960022,541.960022,537.500000,538.369995,516.413330,1286000
2023-08-23,538.960022,541.169983,536.239990,540.859985,518.801880,1295800
2023-08-24,539.289978,541.000000,530.820007,531.710022,510.988678,1587500
2023-08-25,532.909973,535.789978,530.559998,534.010010,513.198914,1511500
2023-08-28,536.000000,537.039978,533.119995,536.190002,515.294006,945800
2023-08-29,534.340027,543.070007,534.340027,542.770020,521.617554,1468500
2023-08-30,542.729980,544.419983,539.309998,542.260010,521.127441,1292800
2023-08-31,540.000000,552.200012,540.000000,549.280029,527.873840,2086500
2023-09-01,553.070007,553.479980,540.640015,544.250000,523.039917,1437700
2023-09-05,545.729980,549.190002,544.000000,544.729980,523.501160,1714300
2023-09-06,541.719971,548.679993,540.179993,546.690002,525.384949,1476600
2023-09-07,548.650024,550.989990,544.289978,548.619995,527.239624,1340000
2023-09-08,549.070007,552.380005,548.099976,551.190002,529.709473,1075300
2023-09-11,552.809998,559.390015,551.859985,558.780029,537.003601,1388600
2023-09-12,559.280029,560.400024,556.179993,558.789978,537.013306,1055500
2023-09-13,558.299988,560.440002,554.619995,559.760010,537.945435,1162700
2023-09-14,564.809998,566.700012,560.250000,564.770020,542.760315,1257300
2023-09-15,565.330017,565.510010,555.539978,556.359985,534.677979,2945300
2023-09-18,558.179993,564.190002,557.469971,562.719971,540.790161,1003100
2023-09-19,561.640015,565.330017,559.429993,564.349976,542.356506,1144700
2023-09-20,564.349976,569.219971,562.659973,563.830017,541.856934,1311500
2023-09-21,564.070007,564.570007,554.280029,555.080017,533.447876,1687700
2023-09-22,555.159973,562.969971,554.780029,558.590027,536.821106,1527300
2023-09-25,559.489990,561.270020,554.739990,558.619995,536.849854,1313300
2023-09-26,559.150024,561.369995,552.000000,552.960022,531.410522,2425100
2023-09-27,547.380005,566.500000,544.729980,563.530029,541.568726,4591400
2023-09-28,564.070007,572.179993,564.070007,568.630005,546.469910,2192400
2023-09-29,570.000000,570.989990,560.700012,564.960022,542.942932,1887500
2023-10-02,567.909973,571.739990,564.000000,571.309998,549.045471,1831700
2023-10-03,571.099976,576.190002,563.010010,565.039978,543.019714,2007400
2023-10-04,569.489990,572.609985,563.760010,571.799988,549.516235,1798800
2023-10-05,572.169983,574.750000,564.359985,569.520020,547.325134,1579700
2023-10-06,566.090027,566.950012,542.630005,557.530029,535.802429,4246700
2023-10-09,555.000000,559.750000,549.780029,558.969971,537.186218,1781500
2023-10-10,559.919983,566.950012,557.239990,562.090027,540.184753,2176800
2023-10-11,564.849976,566.500000,560.200012,565.520020,543.480896,1449800
2023-10-12,568.049988,569.140015,562.380005,563.780029,541.808838,1458000
2023-10-13,563.849976,567.440002,561.979980,566.840027,544.749573,1243900
2023-10-16,569.690002,574.099976,568.520020,572.239990,549.939087,1428300
2023-10-17,571.940002,576.059998,570.710022,574.340027,551.957336,1404600
2023-10-18,573.919983,577.299988,572.000000,574.640015,552.245667,1311900
2023-10-19,573.700012,575.849976,564.109985,565.630005,543.586731,2019600
2023-10-20,566.539978,566.669983,552.010010,552.929993,531.381775,2295400
2023-10-23,554.140015,556.919983,546.630005,552.289978,530.766602,1776500
2023-10-24,552.099976,555.989990,549.330017,551.840027,530.334167,1678600
2023-10-25,548.549988,553.830017,545.609985,549.989990,528.556213,1757500
2023-10-26,549.650024,554.659973,545.530029,547.599976,526.259399,1925300
2023-10-27,547.599976,548.030029,540.229980,543.030029,521.867554,1503100
2023-10-30,545.739990,556.359985,543.640015,554.880005,533.255676,1696200
2023-10-31,552.159973,554.030029,549.059998,552.440002,530.910706,1394700
2023-11-01,555.000000,558.440002,549.650024,556.799988,535.100830,1735300
2023-11-02,556.500000,559.510010,552.010010,555.969971,535.283752,2100600
2023-11-03,557.330017,562.989990,555.229980,560.900024,540.030457,1826800
2023-11-06,560.489990,572.650024,560.130005,569.820007,548.618469,2056900
2023-11-07,572.500000,573.890015,569.559998,571.270020,550.014465,1373100
2023-11-08,572.119995,572.989990,564.289978,567.380005,546.269226,1343600
2023-11-09,569.000000,569.000000,562.010010,563.270020,542.312134,1288400
2023-11-10,567.900024,577.890015,564.940002,577.119995,555.646851,1908800
2023-11-13,575.000000,579.950012,573.489990,578.229980,556.715576,1650700
2023-11-14,581.739990,591.549988,581.210022,590.799988,568.817871,2037600
2023-11-15,593.989990,599.890015,593.390015,596.780029,574.575317,2165100
2023-11-16,586.380005,586.590027,572.239990,578.580017,557.052490,2954700
2023-11-17,578.900024,579.919983,574.059998,577.150024,555.675781,1773600
2023-11-20,577.340027,582.320007,577.340027,580.799988,559.190002,1624100
2023-11-21,582.000000,584.950012,577.710022,584.299988,562.559570,1173700
2023-11-22,586.849976,591.140015,586.349976,589.080017,567.161865,1068600
2023-11-24,591.020020,594.200012,590.409973,591.359985,569.356873,645800
2023-11-27,592.520020,599.940002,592.409973,594.900024,572.765320,1627400
2023-11-28,593.190002,597.419983,591.419983,594.000000,571.898743,1286800
2023-11-29,595.200012,595.210022,587.419983,587.859985,565.987183,1319800
2023-11-30,587.830017,593.070007,582.830017,592.739990,570.685669,1755200
2023-12-01,593.280029,596.349976,590.590027,596.250000,574.065063,1475300
2023-12-04,592.150024,599.530029,591.460022,599.080017,576.789734,1624000
2023-12-05,598.530029,608.880005,597.030029,605.349976,582.826538,2349700
2023-12-06,605.500000,608.479980,603.859985,607.429993,584.828979,2233900
2023-12-07,610.000000,612.349976,606.349976,610.950012,588.218201,1690400
2023-12-08,608.599976,613.609985,607.729980,610.780029,588.054504,1502100
2023-12-11,621.969971,625.030029,618.760010,623.859985,600.647705,2139300
2023-12-12,627.440002,629.690002,623.210022,629.500000,606.078003,2374400
2023-12-13,633.919983,642.599976,631.000000,642.000000,618.112732,2436900
2023-12-14,641.179993,641.900024,630.299988,630.780029,607.310303,3839200
2023-12-15,641.500000,661.880005,640.500000,658.820007,634.306885,8807700
2023-12-18,664.500000,681.909973,661.099976,681.239990,655.892761,5733400
2023-12-19,675.000000,680.799988,669.119995,677.739990,652.522949,3437300
2023-12-20,671.789978,674.349976,660.799988,661.000000,636.405823,3782700
2023-12-21,665.859985,667.340027,659.450012,665.159973,640.411072,2388400
2023-12-22,668.000000,673.270020,666.000000,671.599976,646.611389,1641700
2023-12-26,673.010010,675.859985,670.780029,674.619995,649.519104,1774800
2023-12-27,662.700012,668.580017,660.400024,666.799988,656.589111,1875900
2023-12-28,665.849976,666.859985,661.590027,663.099976,652.945862,1496900
2023-12-29,661.000000,663.190002,657.159973,660.080017,649.972229,1947500
2024-01-02,655.580017,657.799988,649.500000,650.650024,640.686523,2657700
2024-01-03,651.210022,655.450012,643.099976,644.690002,634.817749,2612600
2024-01-04,642.080017,649.900024,640.510010,648.349976,638.421692,2171100
2024-01-05,656.179993,659.650024,652.239990,656.010010,645.964478,2233500
2024-01-08,655.809998,662.080017,654.030029,661.690002,651.557373,2245300
2024-01-09,658.880005,667.289978,658.260010,667.179993,656.963257,1886200
2024-01-10,669.559998,673.830017,669.010010,672.760010,662.457886,1801900
2024-01-11,671.000000,674.510010,667.640015,673.580017,663.265381,1670800
2024-01-12,677.500000,683.719971,676.109985,683.239990,672.777466,2388400
2024-01-16,683.239990,686.520020,678.159973,681.489990,671.054199,1626700
2024-01-17,680.500000,684.869995,679.190002,684.190002,673.712830,1786800
2024-01-18,682.830017,687.719971,680.210022,687.309998,676.785217,1900600
2024-01-19,688.500000,696.130005,682.669983,694.969971,684.327759,2267900
2024-01-22,695.429993,698.659973,690.520020,692.510010,681.905457,2452900
2024-01-23,690.719971,691.630005,684.630005,687.590027,677.060852,2208600
2024-01-24,689.000000,689.969971,683.119995,686.510010,675.997253,1946500
2024-01-25,686.500000,686.500000,675.960022,679.900024,669.488525,2751900
2024-01-26,680.080017,687.239990,679.500000,686.880005,676.361694,1825500
2024-01-29,689.900024,694.130005,686.260010,694.010010,683.382507,2215400
2024-01-30,692.940002,702.650024,690.799988,700.739990,690.009399,1610500
2024-01-31,701.320007,705.520020,693.039978,694.880005,684.239136,1928500
2024-02-01,694.000000,705.299988,691.500000,704.479980,694.711853,2039200
2024-02-02,703.340027,714.280029,702.260010,709.479980,699.642578,2377400
2024-02-05,710.640015,712.859985,705.679993,711.159973,701.299316,2276900
2024-02-06,711.229980,712.719971,704.340027,710.789978,700.934387,1920200
2024-02-07,714.150024,723.320007,712.000000,719.780029,709.799744,2145500
2024-02-08,723.890015,728.169983,720.659973,724.159973,714.119019,1918500
2024-02-09,725.140015,725.530029,720.119995,723.400024,713.369629,1426100
2024-02-12,723.520020,723.799988,715.299988,722.409973,712.393250,1572600
2024-02-13,721.390015,721.780029,709.039978,714.250000,704.346436,1951100
2024-02-14,716.000000,722.549988,711.070007,722.179993,712.166504,1472500
2024-02-15,721.489990,726.030029,718.280029,724.510010,714.464233,1264100
2024-02-16,721.989990,729.059998,718.500000,723.989990,713.951477,1764900
2024-02-20,728.030029,734.960022,723.710022,725.690002,715.627808,2407300
2024-02-21,725.690002,728.789978,720.270020,723.020020,712.994873,1564200
2024-02-22,725.849976,736.049988,725.849976,734.400024,724.217041,1801600
2024-02-23,740.119995,742.510010,737.119995,737.929993,727.698059,1265800
2024-02-26,742.000000,746.780029,739.000000,745.349976,735.015198,1707000
2024-02-27,746.000000,746.640015,741.330017,744.710022,734.384155,1471300
2024-02-28,743.210022,751.880005,743.210022,747.960022,737.589050,1365000
2024-02-29,751.419983,752.559998,742.989990,743.890015,733.575500,3361200
2024-03-01,740.440002,751.380005,739.250000,749.440002,739.048584,1678100
2024-03-04,755.080017,764.739990,753.669983,759.179993,748.653442,2133400
2024-03-05,768.419983,769.270020,756.900024,759.950012,749.412781,2353400
2024-03-06,764.840027,775.159973,763.659973,773.239990,762.518555,2400600
2024-03-07,779.109985,787.080017,777.010010,785.590027,774.697266,4187900
2024-03-08,756.049988,756.219971,725.099976,725.559998,715.499695,8590200
2024-03-11,719.809998,720.000000,711.010010,714.080017,704.178833,3762500
2024-03-12,717.080017,740.049988,716.909973,736.880005,726.662720,3727400
2024-03-13,735.000000,736.500000,726.580017,734.200012,724.019958,2270300
2024-03-14,738.330017,740.679993,728.989990,731.950012,721.800903,1826100
2024-03-15,732.520020,732.520020,723.219971,725.630005,715.568726,3390700
2024-03-18,726.099976,733.340027,726.020020,731.539978,721.396729,1595200
2024-03-19,731.789978,735.349976,730.020020,732.169983,722.018005,1322700
2024-03-20,731.000000,742.090027,729.130005,740.719971,730.449402,1398700
2024-03-21,743.500000,752.309998,741.099976,742.559998,732.263916,2106900
2024-03-22,744.429993,744.789978,734.380005,734.799988,724.611511,1794100
2024-03-25,731.000000,734.159973,726.739990,730.960022,720.824768,1604700
2024-03-26,731.000000,734.700012,730.219971,730.979980,720.844421,1353500
2024-03-27,734.000000,735.890015,727.750000,732.080017,721.929260,1246700
2024-03-28,733.849976,734.900024,728.320007,732.630005,722.471619,1713300
2024-04-01,731.760010,733.270020,720.200012,721.239990,711.239441,1600700
2024-04-02,720.000000,720.000000,708.400024,711.299988,701.437256,2326700
2024-04-03,709.979980,710.809998,697.270020,705.690002,695.905151,3205500
2024-04-04,708.770020,717.130005,704.219971,704.880005,695.106384,2252400
2024-04-05,706.039978,716.890015,706.020020,713.719971,703.823792,1552900
2024-04-08,713.510010,716.140015,710.869995,711.809998,701.940186,1459000
2024-04-09,716.239990,719.049988,706.979980,718.590027,708.626404,1386400
2024-04-10,711.000000,723.979980,708.950012,722.580017,712.561035,1832000
2024-04-11,731.500000,733.789978,724.150024,732.349976,722.195374,2107800
2024-04-12,728.000000,732.900024,726.539978,731.309998,721.169983,1481800
2024-04-15,735.429993,741.000000,717.950012,718.280029,708.320618,1808000
2024-04-16,718.299988,722.500000,712.130005,715.969971,706.042542,1412300
2024-04-17,723.000000,723.799988,711.000000,715.190002,705.273438,1376700
2024-04-18,715.190002,718.950012,709.570007,711.250000,701.388000,1846400
2024-04-19,713.030029,714.869995,702.000000,709.510010,699.672180,2190400
2024-04-22,714.859985,718.260010,706.169983,715.460022,705.539734,1437100
2024-04-23,719.030029,724.270020,716.299988,722.679993,712.659546,1176200
2024-04-24,719.710022,725.429993,716.090027,723.890015,713.852783,1206600
2024-04-25,727.289978,727.289978,714.409973,721.859985,712.993530,1613600
2024-04-26,715.000000,730.950012,715.000000,729.179993,720.223633,1524400
2024-04-29,729.530029,732.250000,720.219971,726.330017,717.408630,1526900
2024-04-30,725.510010,725.510010,717.099976,722.900024,714.020752,1734800
2024-05-01,722.270020,729.859985,715.320007,722.219971,713.348999,1609100
2024-05-02,724.750000,734.400024,720.630005,732.440002,723.443420,1826900
2024-05-03,734.280029,747.489990,733.349976,743.900024,734.762756,2323300
2024-05-06,749.590027,756.940002,746.479980,756.450012,747.158569,1773300
2024-05-07,758.690002,772.239990,755.570007,771.309998,761.836182,1897800
2024-05-08,770.000000,773.390015,762.710022,763.409973,754.033081,1511900
2024-05-09,763.799988,779.710022,763.609985,779.039978,769.471130,1716200
2024-05-10,779.039978,787.450012,778.159973,787.190002,777.520996,1652700
2024-05-13,788.000000,789.479980,773.580017,775.150024,765.628967,1596800
2024-05-14,774.929993,780.809998,771.429993,777.900024,768.345154,1327700
2024-05-15,778.520020,789.659973,778.520020,787.039978,777.372864,1661700
2024-05-16,791.809998,804.559998,787.830017,793.070007,783.328796,2000000
2024-05-17,793.609985,797.599976,790.609985,795.809998,786.035156,1309100
2024-05-20,795.250000,802.979980,792.390015,793.000000,783.259644,1347100
2024-05-21,795.570007,801.440002,792.000000,800.929993,791.092224,1375700
2024-05-22,800.039978,806.349976,798.010010,801.859985,792.010803,1192800
2024-05-23,804.299988,808.049988,795.429993,796.340027,786.558655,1519200
2024-05-24,800.630005,816.869995,799.090027,809.729980,799.784180,1623000
2024-05-28,809.739990,815.289978,804.719971,813.169983,803.181946,1986300
2024-05-29,807.020020,813.440002,806.289978,806.520020,796.613708,2282800
2024-05-30,810.200012,819.500000,808.299988,815.340027,805.325317,2277800
2024-05-31,809.030029,811.739990,788.200012,809.890015,799.942200,4360700
2024-06-03,811.000000,827.909973,807.130005,815.390015,805.374756,2008700
2024-06-04,814.979980,828.010010,813.039978,827.390015,817.227295,1754500
2024-06-05,830.909973,834.390015,821.679993,834.299988,824.052368,2080000
2024-06-06,835.419983,849.090027,834.320007,842.640015,832.289917,1735000
2024-06-07,846.679993,850.380005,842.289978,845.580017,835.193787,1593600
2024-06-10,847.179993,849.479980,842.739990,848.340027,837.920044,1401600
2024-06-11,849.239990,850.940002,840.260010,849.309998,838.878113,1690500
2024-06-12,852.309998,855.739990,843.609985,847.809998,837.396423,1838300
2024-06-13,847.809998,847.809998,837.549988,845.960022,835.569153,1322400
2024-06-14,843.419983,856.179993,841.909973,855.669983,845.159973,1395500
2024-06-17,854.489990,870.559998,853.369995,867.909973,857.249573,1904900
2024-06-18,868.000000,873.960022,867.700012,870.750000,860.054688,1763800
2024-06-20,871.309998,873.849976,860.559998,862.440002,851.846741,1944600
2024-06-21,866.640015,866.969971,847.650024,848.309998,837.890320,3833100
2024-06-24,850.000000,850.630005,841.510010,848.159973,837.742188,1722900
2024-06-25,849.320007,855.690002,845.000000,855.510010,845.001831,1564200
2024-06-26,852.719971,859.739990,850.059998,856.840027,846.315552,1505300
2024-06-27,857.710022,858.330017,848.640015,850.619995,840.171936,1254900
2024-06-28,851.250000,857.239990,846.809998,849.989990,839.549744,2131700
2024-07-01,853.500000,856.000000,840.500000,845.669983,835.282715,1989000
2024-07-02,845.690002,860.359985,843.080017,859.359985,848.804626,1377900
2024-07-03,855.000000,863.520020,855.000000,862.659973,852.063965,814400
2024-07-05,864.559998,886.940002,858.719971,885.669983,874.791504,2620700
2024-07-08,886.789978,887.950012,877.659973,880.840027,870.020813,1611300
2024-07-09,883.849976,896.669983,882.969971,886.849976,875.956909,1356800
2024-07-10,887.400024,890.270020,880.700012,884.309998,873.448181,1755800
2024-07-11,890.760010,890.760010,846.520020,846.590027,836.191589,6021100
2024-07-12,849.890015,850.000000,838.380005,842.900024,832.546814,3288400
2024-07-15,846.859985,857.900024,844.669983,848.729980,838.305115,2064000
2024-07-16,847.799988,851.239990,841.340027,850.770020,840.320129,1687600
2024-07-17,848.010010,849.950012,842.650024,846.280029,835.885315,1783100
2024-07-18,849.429993,855.299988,825.109985,839.369995,829.060120,2338500
2024-07-19,836.510010,848.880005,835.559998,838.130005,827.835327,1984400
2024-07-22,845.750000,849.590027,838.599976,847.419983,837.011169,1920200
2024-07-23,848.900024,854.580017,845.580017,852.109985,841.643677,1744100
2024-07-24,844.599976,846.000000,829.500000,830.820007,820.615112,2511300
2024-07-25,835.789978,836.650024,814.280029,815.950012,805.927795,2183700
2024-07-26,818.000000,822.280029,809.010010,817.599976,808.707214,1441500
2024-07-29,822.559998,823.739990,814.090027,815.559998,806.689392,1320400
2024-07-30,818.000000,822.000000,803.280029,810.030029,801.219604,2017200
2024-07-31,820.419983,825.479980,811.270020,822.000000,813.059387,2135000
2024-08-01,818.549988,824.169983,809.679993,816.890015,808.004944,1861400
2024-08-02,816.200012,830.289978,805.010010,822.080017,813.138550,2598500
2024-08-05,798.000000,810.820007,793.000000,801.830017,793.108765,2820900
2024-08-06,805.059998,833.090027,805.059998,816.880005,807.995117,2476300
2024-08-07,824.109985,833.830017,809.260010,810.299988,801.486633,1702000
2024-08-08,821.500000,842.760010,820.450012,839.429993,830.299805,2345000
2024-08-09,838.500000,857.770020,837.630005,854.929993,845.631165,1710600
2024-08-12,857.250000,870.250000,852.400024,863.570007,854.177124,1748200
2024-08-13,864.919983,868.049988,856.159973,864.820007,855.413635,1484100
2024-08-14,864.869995,866.729980,858.500000,862.710022,853.326599,1341500
2024-08-15,872.869995,880.330017,869.000000,877.349976,867.807312,1923800
2024-08-16,877.349976,877.349976,868.619995,870.590027,861.120850,1516300
2024-08-19,870.590027,873.630005,868.700012,872.349976,862.861694,1318400
2024-08-20,872.000000,876.760010,871.169983,876.200012,866.669861,1104600
2024-08-21,880.739990,891.119995,877.219971,881.419983,871.833008,1465500
2024-08-22,882.299988,884.000000,873.179993,877.559998,868.015076,1440900
2024-08-23,882.489990,884.559998,871.669983,879.210022,869.647156,1305800
2024-08-26,883.169983,893.250000,881.440002,892.510010,882.802429,1737000
2024-08-27,892.690002,918.929993,887.070007,908.900024,899.014221,2098900
2024-08-28,910.960022,912.219971,881.659973,888.049988,878.390991,1668400
2024-08-29,891.000000,900.460022,885.169983,886.630005,876.986389,1709900
2024-08-30,890.500000,896.330017,883.099976,892.380005,882.673889,1933500
2024-09-03,896.679993,896.890015,874.440002,878.570007,869.013916,1784200
2024-09-04,877.450012,891.760010,876.590027,890.020020,880.339539,1425200
2024-09-05,888.630005,888.630005,868.700012,885.979980,876.343384,1998800
2024-09-06,891.260010,893.200012,871.000000,876.679993,867.144531,2074600
2024-09-09,884.739990,898.830017,881.700012,896.489990,886.739075,1954000
2024-09-10,892.599976,900.690002,887.520020,894.289978,884.563049,1360800
2024-09-11,895.000000,902.000000,877.869995,900.400024,890.606750,1796100
2024-09-12,900.419983,915.700012,896.510010,915.030029,905.077576,1867300
2024-09-13,913.630005,923.830017,909.359985,916.000000,906.036926,1327500
2024-09-16,922.000000,922.630005,905.349976,907.869995,897.995422,1661000
2024-09-17,908.429993,908.599976,895.450012,897.270020,887.510742,1387000
2024-09-18,899.940002,904.979980,890.950012,892.520020,882.812317,1338200
2024-09-19,904.260010,905.130005,895.500000,900.739990,890.942932,1747500
2024-09-20,901.570007,907.809998,895.700012,906.979980,897.114990,4658200
2024-09-23,906.979980,919.500000,900.780029,917.080017,907.105225,1697600
2024-09-24,912.010010,912.770020,897.530029,901.539978,891.734070,2432600
2024-09-25,903.000000,910.359985,901.130005,908.419983,898.539307,1728100
2024-09-26,905.299988,909.239990,898.130005,901.440002,891.635315,2738600
2024-09-27,893.260010,893.489990,874.000000,885.619995,875.987427,3459100
2024-09-30,891.369995,910.000000,881.409973,886.520020,876.877563,2142900
2024-10-01,885.250000,886.989990,872.750000,877.380005,867.836975,1836700
2024-10-02,874.650024,881.229980,867.159973,878.530029,868.974426,1317100
2024-10-03,874.440002,881.179993,872.669983,875.669983,866.145569,1451900
2024-10-04,877.989990,884.289978,875.669983,883.109985,873.504700,1516400
2024-10-07,881.599976,887.710022,872.330017,873.590027,864.088135,1963200
2024-10-08,876.700012,891.309998,876.700012,890.419983,880.735107,1697900
2024-10-09,892.239990,910.000000,887.869995,909.099976,899.211914,1956500
2024-10-10,910.000000,910.000000,891.840027,893.630005,883.910278,1765800
2024-10-11,894.500000,894.500000,885.500000,889.030029,879.360229,1527300
2024-10-14,892.450012,895.169983,886.260010,889.760010,880.082458,1431500
2024-10-15,892.090027,900.650024,889.549988,894.609985,884.879578,1613900
2024-10-16,889.919983,891.330017,879.500000,887.380005,877.728271,1475500
2024-10-17,891.559998,895.330017,882.799988,885.289978,875.660950,1321500
2024-10-18,885.760010,890.609985,883.750000,889.559998,879.884521,1654000
2024-10-21,889.000000,891.400024,883.700012,886.770020,877.124878,1184900
2024-10-22,890.979980,894.890015,884.309998,893.489990,883.771729,1189700
2024-10-23,896.020020,905.679993,894.989990,899.169983,889.390076,2193500
2024-10-24,901.500000,903.500000,888.260010,893.419983,883.702515,1649600
2024-10-25,895.650024,901.619995,890.000000,891.219971,881.526489,1425800
2024-10-28,895.989990,895.989990,890.000000,890.960022,881.269348,912500
2024-10-29,890.000000,891.169983,874.090027,886.989990,877.342468,1361700
2024-10-30,886.380005,886.570007,877.369995,879.090027,869.528442,1412200
2024-10-31,877.200012,877.650024,868.650024,874.179993,864.671814,1771900
2024-11-01,874.270020,879.409973,867.340027,877.309998,868.920776,1625200
2024-11-04,881.340027,887.000000,876.729980,886.070007,877.597046,1576700
2024-11-05,888.000000,895.580017,886.799988,890.169983,881.657837,1622300
2024-11-06,898.280029,899.900024,886.280029,899.250000,890.651062,2437400
2024-11-07,898.619995,919.479980,894.369995,913.929993,905.190613,2145500
2024-11-08,914.000000,962.000000,913.750000,943.799988,934.774963,3277100
2024-11-11,943.799988,951.280029,931.440002,932.880005,923.959473,2181800
2024-11-12,935.950012,939.559998,927.000000,932.380005,923.464294,1691400
2024-11-13,930.000000,937.590027,923.200012,933.729980,924.801270,1757600
2024-11-14,927.000000,931.150024,922.169983,923.890015,915.055420,1859900
2024-11-15,917.739990,920.549988,905.559998,907.070007,898.396240,2269900
2024-11-18,910.640015,925.940002,907.109985,919.510010,910.717224,1797300
2024-11-19,928.000000,934.000000,916.359985,930.150024,921.255493,1690500
2024-11-20,925.080017,928.799988,916.500000,928.080017,919.205322,1452100
2024-11-21,935.000000,958.489990,930.000000,955.650024,946.511719,2320500
2024-11-22,962.739990,976.299988,958.520020,964.010010,954.791687,2078700
2024-11-25,975.000000,975.000000,949.690002,960.890015,951.701599,3240900
2024-11-26,964.000000,974.369995,960.890015,971.500000,962.210083,1438000
2024-11-27,971.460022,972.289978,958.590027,961.549988,952.355225,1499500
2024-11-29,968.090027,973.270020,962.469971,971.880005,962.586487,1095900
2024-12-02,971.359985,976.500000,964.760010,975.000000,965.676636,1955800
2024-12-03,974.690002,983.000000,970.760010,982.150024,972.758362,1653900
2024-12-04,982.000000,991.150024,977.549988,990.919983,981.444397,1784700
2024-12-05,986.659973,990.130005,978.200012,982.260010,972.867249,2089400
2024-12-06,982.260010,997.710022,982.260010,992.609985,983.118286,1737300
2024-12-09,997.010010,997.010010,980.500000,987.859985,978.413635,1855500
2024-12-10,989.729980,994.989990,985.880005,993.400024,983.900757,1556800
2024-12-11,995.000000,1007.799988,993.590027,994.690002,985.178406,1903600
2024-12-12,1001.679993,1002.469971,987.210022,988.390015,978.938599,2344300
2024-12-13,981.000000,1006.679993,965.729980,989.349976,979.889404,2951900
2024-12-16,989.049988,1008.250000,986.369995,992.869995,983.375793,2581300
2024-12-17,994.000000,996.919983,980.760010,982.080017,972.689026,2050200
2024-12-18,982.000000,985.599976,964.000000,964.739990,955.514771,2725300
2024-12-19,974.510010,974.640015,953.510010,954.799988,945.669800,2610800
2024-12-20,949.390015,961.940002,943.049988,954.070007,944.946777,5373800
2024-12-23,953.880005,954.260010,937.000000,949.909973,940.826477,1856800
2024-12-24,950.739990,959.380005,945.450012,958.820007,949.651306,939000
2024-12-26,956.820007,959.409973,954.000000,956.140015,946.996948,969000
2024-12-27,948.719971,950.450012,932.000000,939.700012,930.714172,1943400
2024-12-30,931.000000,934.169983,915.500000,922.210022,913.391418,1881200
2024-12-31,923.650024,924.739990,912.539978,916.270020,907.508240,1742900
2025-01-02,915.000000,925.770020,902.000000,909.809998,901.109985,1765100
2025-01-03,914.330017,924.210022,911.000000,916.580017,907.815308,1612200
2025-01-06,917.979980,927.409973,913.270020,922.710022,913.886719,1970400
2025-01-07,923.840027,931.309998,916.429993,921.369995,912.559448,1888000
2025-01-08,922.979980,930.500000,915.419983,927.369995,918.502075,1774800
2025-01-10,933.359985,944.280029,923.500000,936.940002,927.980530,2765800
2025-01-13,934.000000,934.989990,921.000000,924.700012,915.857727,1693800
2025-01-14,924.299988,927.760010,909.919983,917.229980,908.459106,1683800
2025-01-15,927.260010,932.869995,918.299988,923.500000,914.669067,1839400
2025-01-16,924.729980,927.400024,917.820007,919.750000,910.954956,1353000
2025-01-17,930.000000,943.799988,924.570007,943.190002,934.170837,2375000
2025-01-21,945.250000,956.549988,943.500000,947.729980,938.667358,2042400
2025-01-22,951.229980,951.940002,939.239990,944.700012,935.666382,2155000
2025-01-23,941.690002,943.390015,936.489990,942.159973,933.150635,1352400
2025-01-24,942.159973,946.039978,933.559998,939.679993,930.694397,1562400
2025-01-27,930.000000,966.989990,927.179993,965.250000,956.019897,3044700
2025-01-28,961.830017,965.710022,954.070007,958.669983,949.502808,2166400
2025-01-29,957.799988,968.260010,955.000000,964.020020,954.801697,1713700
2025-01-30,970.299988,986.750000,970.099976,979.010010,969.648315,1788200
2025-01-31,976.239990,991.000000,975.780029,979.880005,970.509949,1873800
2025-02-03,972.390015,1009.609985,968.940002,1005.830017,996.211853,2751000
2025-02-04,1005.400024,1024.349976,999.650024,1021.859985,1012.088562,2001600
2025-02-05,1020.000000,1043.089966,1020.000000,1042.880005,1032.907471,2047600
2025-02-06,1050.000000,1063.000000,1044.199951,1050.989990,1040.939941,2218000
2025-02-07,1047.000000,1056.709961,1035.510010,1043.810059,1034.970825,1632900
2025-02-10,1052.000000,1063.000000,1046.000000,1061.920044,1052.927612,2036900
2025-02-11,1059.910034,1066.000000,1049.040039,1058.339966,1049.377808,1748500
2025-02-12,1054.150024,1067.000000,1051.000000,1065.119995,1056.100342,1662300
2025-02-13,1067.010010,1078.229980,1064.650024,1076.859985,1067.740967,1623300
2025-02-14,1076.479980,1077.489990,1068.010010,1071.849976,1062.773438,1410700
2025-02-18,1069.209961,1071.000000,1045.239990,1056.030029,1047.087402,2090600
2025-02-19,1056.060059,1063.180054,1053.000000,1062.540039,1053.542480,1349600
2025-02-20,1053.640015,1053.640015,1033.849976,1034.829956,1026.066895,2000500
2025-02-21,1034.609985,1036.209961,1024.680054,1035.030029,1026.265259,1816300
2025-02-24,1028.540039,1038.189941,1025.219971,1035.599976,1026.830444,1759700
2025-02-25,1040.729980,1057.020020,1037.459961,1055.660034,1046.720703,2083800
2025-02-26,1050.140015,1058.890015,1030.180054,1031.969971,1023.231201,1555700
2025-02-27,1034.000000,1042.530029,1018.830017,1021.710022,1013.058167,1629100
2025-02-28,1030.609985,1049.380005,1023.989990,1048.609985,1039.730347,3307100
2025-03-03,1051.739990,1066.000000,1041.140015,1046.849976,1037.985229,2422500
2025-03-04,1045.729980,1047.930054,1028.729980,1036.869995,1028.089722,2536800
2025-03-05,1033.079956,1050.979980,1028.500000,1047.750000,1038.877441,1898600
2025-03-06,1032.949951,1045.890015,1019.049988,1026.619995,1017.926514,2594600
2025-03-07,995.150024,1002.419983,942.780029,964.309998,956.144104,5510700
2025-03-10,955.469971,959.659973,924.030029,934.409973,926.497375,4459900
2025-03-11,931.000000,938.000000,921.200012,930.489990,922.610535,3204900
2025-03-12,938.000000,944.380005,923.250000,927.080017,919.229492,2331600
2025-03-13,922.000000,923.500000,887.469971,890.619995,883.078186,3447200
2025-03-14,891.809998,906.950012,881.559998,903.919983,896.265564,3186400
2025-03-17,901.630005,923.390015,898.000000,916.609985,908.848083,2256100
2025-03-18,913.000000,917.559998,896.840027,898.049988,890.445251,2182000
2025-03-19,902.859985,910.159973,896.000000,904.049988,896.394409,1908500
2025-03-20,901.500000,907.479980,894.099976,895.400024,887.817688,1891800
2025-03-21,888.750000,909.770020,883.960022,909.260010,901.560364,3447600
2025-03-24,920.000000,928.650024,920.000000,926.039978,918.198181,2208100
2025-03-25,926.630005,932.289978,922.489990,930.260010,922.382568,1623000
2025-03-26,934.330017,939.419983,923.450012,929.750000,921.876831,1644700
2025-03-27,929.559998,942.900024,928.000000,938.750000,930.800476,1547000
2025-03-28,937.500000,938.750000,926.000000,929.659973,921.787537,2100500
2025-03-31,922.359985,995.000000,922.039978,945.780029,937.771118,3102000
2025-04-01,942.419983,957.719971,938.750000,954.400024,946.318237,2041500
2025-04-02,950.840027,970.890015,950.000000,965.080017,956.907715,1719900
2025-04-03,931.080017,981.349976,928.000000,967.080017,958.890747,3096900
2025-04-04,955.000000,964.520020,914.140015,916.479980,908.719116,5167000
2025-04-07,887.750000,937.820007,871.710022,908.130005,900.439880,4626600
2025-04-08,932.049988,942.989990,899.570007,908.750000,901.054626,3545400
2025-04-09,908.000000,967.460022,897.669983,965.190002,957.016724,5084500
2025-04-10,966.500000,993.409973,942.890015,964.309998,956.144104,4209100
2025-04-11,963.960022,970.210022,943.159973,963.409973,955.251770,2721800
2025-04-14,970.000000,987.130005,965.000000,979.320007,971.027100,2219900
2025-04-15,985.349976,994.000000,974.250000,976.919983,968.647339,1788200
2025-04-16,972.130005,978.650024,959.239990,967.750000,959.555054,2531700
2025-04-17,973.280029,999.919983,971.989990,994.500000,986.078613,2711100
2025-04-21,993.000000,996.989990,942.969971,957.770020,949.659546,2841300
2025-04-22,969.750000,987.450012,966.780029,979.229980,970.937866,2230600
2025-04-23,994.520020,995.750000,969.000000,975.840027,967.576538,2109700
2025-04-24,973.599976,978.000000,960.710022,975.479980,967.219604,2468500
2025-04-25,973.969971,978.320007,962.880005,977.159973,968.885315,1780900
2025-04-28,978.500000,985.299988,968.780029,978.539978,970.253601,1616200
2025-04-29,978.000000,993.210022,971.059998,991.700012,983.302185,1523100
2025-04-30,990.000000,997.760010,976.549988,994.500000,986.078613,2212400
2025-05-01,990.099976,1006.380005,985.000000,999.039978,990.580078,1829900
2025-05-02,1007.830017,1018.000000,1004.609985,1008.299988,1001.064331,1547400
2025-05-05,1007.510010,1017.780029,1002.500000,1014.890015,1007.606934,1952600
2025-05-06,1008.450012,1016.229980,1003.510010,1010.500000,1003.248535,1381200
2025-05-07,1011.179993,1014.099976,1001.469971,1007.150024,999.922485,1316000
2025-05-08,1013.500000,1017.000000,991.400024,1007.710022,1000.478516,1882600
2025-05-09,1004.609985,1010.710022,998.049988,1008.090027,1000.855835,1176700
2025-05-12,1009.789978,1016.909973,992.239990,1016.150024,1008.857971,2069000
2025-05-13,1013.719971,1023.830017,987.599976,999.030029,991.860840,2917000
2025-05-14,998.760010,999.859985,990.520020,991.539978,984.424561,2215000
2025-05-15,992.650024,1014.000000,983.000000,1010.469971,1003.218689,2470700
2025-05-16,1012.489990,1028.260010,1009.000000,1025.829956,1018.468384,2033700
2025-05-19,1018.599976,1034.989990,1012.890015,1034.339966,1026.917358,1879800
2025-05-20,1030.010010,1038.000000,1030.010010,1036.819946,1029.379517,2271200
2025-05-21,1030.939941,1039.469971,1023.799988,1025.300049,1017.942383,1438900
2025-05-22,1027.719971,1028.780029,1014.119995,1018.130005,1010.823730,1660900
2025-05-23,1012.000000,1015.109985,1007.000000,1008.500000,1001.262756,1413900
2025-05-27,1015.000000,1018.950012,1010.929993,1017.789978,1010.486084,1868200
2025-05-28,1017.049988,1024.619995,1012.960022,1013.140015,1005.869568,1674700
2025-05-29,1016.010010,1017.539978,1003.599976,1008.739990,1001.501160,2016700
2025-05-30,1002.299988,1052.489990,1002.000000,1040.180054,1032.715454,5403800
2025-06-02,1034.270020,1060.500000,1034.270020,1056.849976,1049.265869,2148000
2025-06-03,1054.150024,1067.079956,1043.260010,1055.589966,1048.014771,1992900
2025-06-04,1055.000000,1057.829956,1049.369995,1051.689941,1044.142700,1422100
2025-06-05,1050.000000,1051.050049,1006.010010,1010.809998,1003.556335,3289400
2025-06-06,1020.630005,1020.630005,1008.609985,1014.940002,1007.656555,1855400
2025-06-09,1012.419983,1013.349976,996.969971,1006.179993,998.959534,1696700
2025-06-10,1006.929993,1011.510010,997.719971,1007.270020,1000.041626,2255000
2025-06-11,1002.440002,1005.440002,993.380005,996.780029,989.626953,2459800
2025-06-12,999.000000,1003.250000,995.359985,1002.710022,995.514465,1720100
2025-06-13,999.080017,1003.590027,988.669983,990.210022,983.104126,1786000
2025-06-16,992.330017,1001.849976,981.440002,984.359985,977.296021,2109300
2025-06-17,983.000000,986.099976,976.200012,977.719971,970.703735,1668200
2025-06-18,980.000000,982.650024,974.070007,974.900024,967.903992,1509600
2025-06-20,983.989990,988.659973,973.900024,980.289978,973.255249,3255700
2025-06-23,983.150024,1004.869995,981.260010,1004.479980,997.271667,2082900
2025-06-24,1005.840027,1005.840027,992.070007,1001.919983,994.730042,2385100
2025-06-25,1003.000000,1004.979980,986.000000,986.539978,979.460449,1827700
2025-06-26,987.729980,987.729980,976.500000,982.909973,975.856445,2262800
2025-06-27,982.239990,993.140015,980.299988,985.140015,978.070496,2129200
2025-06-30,985.159973,991.739990,979.750000,989.940002,982.835999,2127600
2025-07-01,990.000000,996.840027,974.500000,985.960022,978.884583,2200600
2025-07-02,983.869995,985.700012,976.869995,982.359985,975.310364,1606100
2025-07-03,982.409973,987.669983,977.330017,987.020020,979.936951,1101400
2025-07-07,985.000000,992.890015,976.200012,992.179993,985.059875,1832600
2025-07-08,989.500000,995.869995,983.929993,985.840027,978.765442,1716200
2025-07-09,988.390015,988.390015,972.280029,982.090027,975.042419,2922600
2025-07-10,987.000000,988.000000,969.070007,970.169983,963.207886,2897000
2025-07-11,973.289978,978.979980,965.700012,970.330017,963.366760,1942000
2025-07-14,971.099976,981.489990,969.619995,980.909973,973.870789,1679300
2025-07-15,979.250000,980.250000,966.659973,967.679993,960.735840,1878000
2025-07-16,967.989990,969.590027,950.130005,951.369995,944.542847,2950300
2025-07-17,950.359985,954.750000,947.510010,953.909973,947.064575,2280600
2025-07-18,959.950012,960.260010,949.650024,950.950012,944.125854,2115500
2025-07-21,951.510010,955.760010,946.599976,947.559998,940.760193,1742400
2025-07-22,948.799988,957.700012,941.250000,941.609985,934.852844,1799900
2025-07-23,942.380005,948.500000,936.000000,941.190002,934.435852,2401600
2025-07-24,941.330017,942.900024,933.489990,933.799988,927.098938,2057100
2025-07-25,936.299988,941.289978,934.349976,935.479980,928.766785,1827700
2025-07-28,935.500000,940.239990,930.890015,933.989990,927.287476,2006300
2025-07-29,933.989990,941.789978,927.380005,934.570007,927.863342,2065900
2025-07-30,935.000000,937.750000,925.140015,927.510010,920.854065,1699600
2025-07-31,925.359985,945.950012,925.000000,939.640015,932.897034,2564400
2025-08-01,939.500000,956.719971,939.500000,952.520020,946.994751,2934500
2025-08-04,952.599976,960.179993,948.659973,955.369995,949.828186,2389900
2025-08-05,951.330017,951.500000,935.679993,943.630005,938.156311,2462300
2025-08-06,943.630005,970.549988,942.659973,968.559998,962.941589,2753000
2025-08-07,974.679993,982.000000,970.960022,977.450012,971.780090,1893300
2025-08-08,977.150024,988.200012,977.000000,980.979980,975.289612,2189700
2025-08-11,983.159973,989.580017,976.320007,988.739990,983.004517,2290100
2025-08-12,988.500000,991.750000,980.049988,991.250000,985.500000,1588500
2025-08-13,983.960022,986.400024,970.099976,978.849976,973.171936,2352600
2025-08-14,980.599976,988.289978,975.179993,975.390015,969.732056,1808700
2025-08-15,979.140015,980.000000,967.219971,972.039978,966.401489,1638300
2025-08-18,973.299988,981.280029,970.000000,979.349976,973.669006,2078500
2025-08-19,978.619995,988.530029,976.789978,980.849976,975.160339,1673400
2025-08-20,979.000000,999.299988,979.000000,994.570007,988.800781,2229600
2025-08-21,988.900024,989.320007,967.520020,969.679993,964.055115,2145600
2025-08-22,971.539978,973.500000,953.109985,958.539978,952.979736,3136000
2025-08-25,954.960022,958.299988,940.559998,941.580017,936.118164,2284300
2025-08-26,941.340027,944.049988,933.250000,941.340027,935.879578,4341300
2025-08-27,940.489990,952.000000,937.219971,949.520020,944.012085,1893600
2025-08-28,950.289978,951.000000,944.130005,944.960022,939.478516,2067900
2025-08-29,945.000000,948.609985,940.460022,943.320007,937.848083,1609000
2025-09-02,938.659973,944.510010,936.580017,938.820007,933.374207,1793900
2025-09-03,939.000000,950.090027,936.500000,949.780029,944.270630,1670500
2025-09-04,953.400024,959.500000,951.109985,955.900024,950.355103,1471900
2025-09-05,958.710022,969.549988,956.219971,963.479980,957.891052,1928500
2025-09-08,963.729980,972.340027,958.590027,971.849976,966.212585,1737000
2025-09-09,970.000000,979.869995,963.109985,979.250000,973.569702,1496800
2025-09-10,976.390015,981.000000,953.960022,956.289978,950.742798,2277500
2025-09-11,957.799988,965.159973,954.280029,964.320007,958.726318,1532000
2025-09-12,960.289978,969.570007,960.000000,967.900024,962.285583,1461600
2025-09-15,967.820007,969.739990,959.710022,960.099976,954.530701,2199400
2025-09-16,959.099976,959.580017,950.799988,952.070007,946.547363,2012600
2025-09-17,953.489990,963.979980,953.489990,963.030029,957.443726,1556800
2025-09-18,957.369995,962.539978,950.669983,952.359985,946.835571,1860900
2025-09-19,955.000000,957.440002,943.789978,951.159973,945.642578,4606000
2025-09-22,947.380005,950.000000,939.609985,943.260010,937.788452,2794300
2025-09-23,942.760010,944.989990,933.500000,943.599976,938.126404,3258500
2025-09-24,944.280029,953.659973,943.109985,945.270020,939.786743,2149800
2025-09-25,952.450012,953.000000,935.619995,943.309998,937.838135,2991500
2025-09-26,925.549988,927.630005,905.049988,915.950012,910.636902,4812900
2025-09-29,916.340027,917.219971,903.289978,916.869995,911.551514,4107000
2025-09-30,916.250000,930.510010,913.369995,925.630005,920.260681,3096700
2025-10-01,923.000000,924.000000,911.169983,917.340027,912.018860,2642100
2025-10-02,912.559998,918.510010,910.010010,916.770020,911.452087,2063800
2025-10-03,915.590027,918.099976,911.200012,915.380005,910.070129,2319200
2025-10-06,915.500000,915.780029,904.250000,910.940002,905.655884,2504000
2025-10-07,908.729980,917.640015,903.880005,914.799988,909.493530,2601800
2025-10-08,912.539978,916.380005,910.960022,914.799988,909.493530,2376900
2025-10-09,932.309998,943.770020,927.280029,942.890015,937.420532,3742900
2025-10-10,944.419983,945.450012,929.000000,930.010010,924.615295,3142500
2025-10-13,929.000000,935.979980,923.000000,935.559998,930.133118,2169600
2025-10-14,940.260010,947.419983,935.950012,946.510010,941.019592,1925900
2025-10-15,946.000000,964.000000,945.260010,954.989990,949.450378,2009800
2025-10-16,955.539978,957.900024,921.159973,925.619995,920.250732,2721400
2025-10-17,929.580017,938.820007,928.150024,936.330017,930.898621,2502200
2025-10-20,936.190002,939.799988,931.500000,936.109985,930.679810,1523700
2025-10-21,936.109985,943.369995,935.000000,937.500000,932.061768,1448200
2025-10-22,940.000000,953.000000,932.500000,944.679993,939.200195,2372400
2025-10-23,945.469971,945.469971,934.489990,942.049988,936.585449,1974800
2025-10-24,940.000000,943.000000,930.150024,932.140015,926.732910,1639400
2025-10-27,930.210022,933.200012,925.119995,929.849976,924.456177,1967600
2025-10-28,926.869995,930.719971,920.200012,924.159973,918.799255,2090800
2025-10-29,919.000000,919.880005,909.299988,912.419983,907.127258,2449600
2025-10-30,912.690002,923.000000,910.369995,920.179993,914.842285,2677100
2025-10-31,916.210022,920.000000,909.679993,911.450012,907.444946,2456300
2025-11-03,912.400024,929.190002,908.380005,928.039978,923.962036,3206600
2025-11-04,933.210022,941.169983,928.969971,940.739990,936.606140,2554500
2025-11-05,940.000000,945.280029,927.440002,935.030029,930.921387,2974800
2025-11-06,924.359985,925.000000,908.299988,923.580017,919.521667,3247700
2025-11-07,929.530029,937.000000,920.789978,922.739990,918.685303,2584000
2025-11-10,919.000000,922.000000,909.070007,915.559998,911.536804,2612700
2025-11-11,916.500000,918.890015,913.000000,913.859985,909.844360,1663400
2025-11-12,915.469971,918.099976,911.669983,914.000000,909.983704,1829700
2025-11-13,916.349976,926.750000,911.719971,925.080017,921.015076,2430600
2025-11-14,927.130005,928.890015,915.099976,922.979980,918.924255,1739100
2025-11-17,922.020020,924.900024,908.809998,912.590027,908.580017,2481900
2025-11-18,912.590027,918.909973,894.169983,895.080017,891.146851,2984700
2025-11-19,895.000000,895.000000,873.969971,890.599976,886.686462,3462300
2025-11-20,893.500000,904.570007,891.000000,893.289978,889.364685,2648300
2025-11-21,894.520020,905.320007,892.130005,899.010010,895.059631,2870100
2025-11-24,899.000000,901.359985,881.320007,886.119995,882.226196,3661200
2025-11-25,886.659973,895.719971,885.130005,894.330017,890.400146,2534700
2025-11-26,896.020020,912.000000,895.619995,908.260010,904.268921,1936200
2025-11-28,905.020020,914.200012,903.000000,913.590027,909.575562,1092600
2025-12-01,913.200012,918.580017,906.210022,911.960022,907.952759,2149400
2025-12-02,911.960022,923.000000,905.000000,922.030029,917.978455,2160600
2025-12-03,920.809998,926.320007,916.020020,922.260010,918.207458,1886800
2025-12-04,907.030029,907.960022,888.080017,895.859985,891.923462,3787800
2025-12-05,897.250000,905.890015,893.000000,894.679993,890.748596,2359800
2025-12-08,893.500000,894.000000,882.900024,887.520020,883.620117,2407900
2025-12-09,886.849976,889.020020,881.510010,888.440002,884.536072,1899500
2025-12-10,887.820007,889.580017,871.090027,874.409973,870.567688,3318300
2025-12-11,875.859985,886.000000,872.549988,884.479980,880.593445,3041600
2025-12-12,883.299988,888.619995,867.119995,884.469971,880.583435,4808900
2025-12-15,882.109985,887.489990,851.400024,860.559998,856.778564,4771400
2025-12-16,857.440002,863.590027,844.059998,860.390015,856.609314,3843300
2025-12-17,858.500000,868.580017,858.229980,862.650024,858.859375,2363700
2025-12-18,860.299988,863.150024,852.510010,857.590027,853.821594,2467500
2025-12-19,856.570007,858.450012,849.320007,855.619995,851.860229,10097600
2025-12-22,854.000000,855.500000,847.309998,850.000000,846.264954,2373300
2025-12-23,849.099976,854.979980,846.799988,854.789978,851.033936,1903300
2025-12-24,858.599976,876.000000,858.349976,871.859985,868.028931,1822200
2025-12-26,870.640015,877.590027,869.000000,873.349976,869.512268,1324100
2025-12-29,873.289978,874.500000,865.690002,867.840027,864.026550,1792500
2025-12-30,864.000000,867.820007,861.429993,865.650024,861.846191,1680800