Date,Open,High,Low,Close,Adj Close,Volume
2020-01-02,48.060001,48.419998,47.880001,48.419998,40.104191,16708100
2020-01-03,47.910000,48.139999,47.480000,47.630001,39.449867,15577400
2020-01-06,47.139999,47.820000,47.009998,47.799999,39.590672,22183600
2020-01-07,47.720001,47.720001,47.099998,47.490002,39.333904,16501900
2020-01-08,46.970001,47.790001,46.810001,47.520000,39.358761,25175900
2020-01-09,47.790001,47.880001,47.070000,47.320000,39.193104,18203600
2020-01-10,47.480000,47.560001,47.060001,47.130001,39.035740,13502600
2020-01-13,47.310001,47.980000,47.299999,47.970001,39.731476,18237400
2020-01-14,47.959999,47.990002,47.619999,47.790001,39.582397,17948700
2020-01-15,47.919998,48.400002,47.759998,48.009998,39.764603,16289400
2020-01-16,48.380001,49.080002,48.230000,49.049999,40.625999,20094900
2020-01-17,49.310001,49.540001,48.869999,49.020000,40.601139,27176200
2020-01-21,48.959999,49.200001,48.669998,48.799999,40.418926,21771800
2020-01-22,49.279999,49.529999,49.040001,49.070000,40.642563,15186000
2020-01-23,49.000000,49.180000,48.410000,49.000000,40.584579,16767700
2020-01-24,49.220001,49.480000,48.540001,48.849998,40.460331,14066700
2020-01-27,47.889999,48.070000,47.270000,47.470001,39.317341,20666000
2020-01-28,47.520000,47.970001,47.500000,47.770000,39.565826,14035100
2020-01-29,47.970001,47.980000,46.930000,47.049999,38.969471,14273600
2020-01-30,46.540001,47.270000,46.259998,47.240002,39.126835,14822600
2020-01-31,46.990002,47.000000,45.840000,45.970001,38.074959,20069900
2020-02-03,46.400002,46.830002,46.209999,46.529999,38.538784,15374900
2020-02-04,47.220001,47.709999,47.110001,47.619999,39.441589,13947300
2020-02-05,48.330002,48.599998,48.150002,48.450001,40.129036,17042300
2020-02-06,48.689999,48.820000,48.220001,48.689999,40.327824,9814800
2020-02-07,48.599998,48.770000,47.869999,47.970001,39.731476,16807500
2020-02-10,47.990002,48.889999,47.880001,48.869999,40.476906,19012700
2020-02-11,49.389999,49.709999,48.860001,49.130001,40.692245,23168300
2020-02-12,49.430000,50.279999,49.400002,49.930000,41.354866,31686200
2020-02-13,47.150002,47.669998,46.580002,47.320000,39.193104,47044700
2020-02-14,47.160000,47.220001,46.480000,46.970001,38.903221,26747200
2020-02-18,46.820000,46.849998,46.290001,46.590000,38.588482,18546300
2020-02-19,46.689999,46.810001,45.900002,46.290001,38.340008,27626400
2020-02-20,46.090000,46.959999,45.900002,46.849998,38.803829,20416700
2020-02-21,46.730000,46.849998,46.049999,46.299999,38.348286,20028700
2020-02-24,45.000000,45.680000,44.000000,44.000000,36.443295,35295900
2020-02-25,44.049999,44.209999,42.070000,42.740002,35.399689,48024700
2020-02-26,42.970001,43.380001,41.939999,42.160000,34.919308,38513200
2020-02-27,41.279999,42.099998,40.009998,40.040001,33.163399,51442900
2020-02-28,38.700001,40.549999,38.349998,39.930000,33.072292,80188000
2020-03-02,40.150002,41.189999,38.919998,41.169998,34.099323,48864300
2020-03-03,41.259998,41.900002,39.709999,40.040001,33.163399,49294700
2020-03-04,40.720001,41.450001,39.799999,41.389999,34.281548,30022100
2020-03-05,40.169998,40.509998,39.290001,39.570000,32.774120,30255900
2020-03-06,38.000000,39.950001,37.799999,39.680000,32.865215,48605600
2020-03-09,36.900002,39.560001,36.290001,37.959999,31.440630,61535300
2020-03-10,39.250000,40.150002,37.869999,40.080002,33.196529,50536500
2020-03-11,39.020000,39.160000,36.369999,37.049999,30.686907,63594300
2020-03-12,34.500000,35.820000,33.000000,33.200001,27.498121,51855300
2020-03-13,35.180000,37.680000,33.330002,37.639999,31.175587,53859600
2020-03-16,33.230000,36.990002,32.400002,33.709999,27.920538,44211300
2020-03-17,34.700001,36.250000,33.599998,35.500000,29.403109,41572400
2020-03-18,33.759998,37.709999,33.310001,37.119999,30.744886,56904300
2020-03-19,37.049999,39.320000,36.150002,37.709999,31.233551,58319700
2020-03-20,38.270000,38.470001,35.400002,35.599998,29.485928,48582500
2020-03-23,35.509998,35.820000,33.740002,34.599998,28.657684,39823400
2020-03-24,36.410000,38.680000,35.540001,38.599998,31.970709,48235600
2020-03-25,38.650002,39.950001,37.500000,37.669998,31.200424,42873900
2020-03-26,37.970001,40.919998,37.369999,40.580002,33.610657,38473300
2020-03-27,39.209999,40.150002,38.410000,38.820000,32.152927,31278600
2020-03-30,39.450001,40.490002,38.959999,40.320000,33.395306,27120300
2020-03-31,40.130001,40.419998,39.110001,39.310001,32.558769,26014200
2020-04-01,38.169998,38.860001,37.869999,38.330002,31.747082,26790700
2020-04-02,37.840000,39.950001,37.470001,39.799999,33.277161,28180500
2020-04-03,39.820000,40.290001,38.540001,39.060001,32.658443,21235200
2020-04-06,40.459999,41.680000,39.779999,41.430000,34.640018,31641400
2020-04-07,42.660000,42.740002,40.590000,40.639999,33.979488,30366100
2020-04-08,41.169998,42.200001,40.869999,41.740002,34.899220,22683500
2020-04-09,42.090000,42.200001,40.849998,41.200001,34.447708,27643900
2020-04-13,41.040001,41.459999,40.529999,41.220001,34.464432,19592000
2020-04-14,41.910000,42.820000,41.529999,42.779999,35.768768,22882400
2020-04-15,42.200001,42.369999,41.230000,41.520000,34.715271,18428800
2020-04-16,41.759998,41.790001,40.680000,41.500000,34.698544,26178000
2020-04-17,42.250000,42.639999,41.740002,42.480000,35.517937,30701500
2020-04-20,41.919998,43.290001,41.790001,42.540001,35.568104,23438800
2020-04-21,41.830002,41.990002,40.410000,40.549999,33.904243,31661000
2020-04-22,41.270000,42.090000,41.110001,41.759998,34.915939,18330700
2020-04-23,41.889999,42.549999,41.529999,41.619999,34.798885,16100200
2020-04-24,41.840000,42.660000,41.650002,42.520000,35.551373,14639200
2020-04-27,42.700001,43.220001,42.580002,43.060001,36.002880,17937900
2020-04-28,43.500000,43.630001,42.410000,42.490002,35.526295,16427700
2020-04-29,43.349998,43.480000,42.930000,43.340000,36.237000,17430100
2020-04-30,43.169998,43.169998,42.169998,42.380001,35.434330,26679900
2020-05-01,41.720001,41.810001,40.770000,40.919998,34.213600,22095300
2020-05-04,40.950001,41.410000,40.490002,41.349998,34.573128,15997700
2020-05-05,41.610001,41.930000,41.389999,41.459999,34.665104,15060200
2020-05-06,41.560001,41.689999,40.970001,41.150002,34.405914,16040300
2020-05-07,41.590000,41.770000,41.220001,41.369999,34.589840,20173600
2020-05-08,42.020000,43.020000,41.700001,42.990002,35.944347,21959100
2020-05-11,42.779999,43.650002,42.610001,43.320000,36.220268,26182700
2020-05-12,43.939999,44.299999,43.189999,43.220001,36.136650,25817100
2020-05-13,43.410000,43.570000,41.310001,41.950001,35.074802,36986700
2020-05-14,43.430000,44.580002,43.259998,43.849998,36.663403,50417700
2020-05-15,42.930000,44.380001,42.849998,44.270000,37.014568,30573000
2020-05-18,45.209999,45.299999,44.330002,45.060001,37.675095,26966500
2020-05-19,44.830002,44.980000,44.410000,44.610001,37.298851,24345400
2020-05-20,45.049999,45.820000,45.029999,45.439999,37.992805,20184500
2020-05-21,45.450001,45.660000,44.560001,44.639999,37.323929,18674900
2020-05-22,44.669998,44.950001,44.119999,44.900002,37.541321,12592800
2020-05-26,45.779999,45.799999,44.680000,44.840000,37.491161,21776900
2020-05-27,45.040001,45.980000,44.799999,45.959999,38.427601,22157200
2020-05-28,45.900002,46.459999,45.369999,45.599998,38.126598,20013000
2020-05-29,46.040001,47.820000,45.410000,47.820000,39.982769,43553600
2020-06-01,47.150002,47.290001,46.230000,46.299999,38.711872,18712400
2020-06-02,46.400002,46.900002,45.880001,46.889999,39.205177,17285900
2020-06-03,46.980000,47.200001,46.540001,46.939999,39.246983,17492000
2020-06-04,46.770000,47.250000,46.529999,46.860001,39.180096,14100700
2020-06-05,47.270000,48.290001,47.200001,47.830002,39.991127,22591100
2020-06-08,47.459999,48.160000,47.119999,48.130001,40.241955,17820900
2020-06-09,48.020000,48.240002,47.490002,48.049999,40.175068,18597300
2020-06-10,47.660000,47.830002,47.119999,47.419998,39.648308,18462400
2020-06-11,46.990002,47.000000,43.639999,43.669998,36.512901,35582000
2020-06-12,44.959999,45.860001,44.110001,45.070000,37.683456,26125600
2020-06-15,44.119999,45.759998,43.930000,45.349998,37.917572,21300100
2020-06-16,47.410000,47.490002,45.910000,46.480000,38.862377,28074600
2020-06-17,46.750000,46.820000,45.900002,46.169998,38.603176,20399100
2020-06-18,45.790001,46.049999,45.349998,45.830002,38.318897,22423500
2020-06-19,46.259998,46.509998,45.049999,45.320000,37.892494,36103200
2020-06-22,45.110001,45.459999,44.810001,45.160000,37.758713,18398600
2020-06-23,45.919998,46.150002,45.320000,45.470001,38.017902,23222400
2020-06-24,45.290001,45.470001,44.389999,44.750000,37.415901,22840100
2020-06-25,44.770000,45.320000,44.200001,45.220001,37.808884,19114900
2020-06-26,45.119999,46.509998,44.630001,46.310001,38.720230,106928300
2020-06-29,46.340000,46.450001,45.669998,46.150002,38.586456,23875400
2020-06-30,46.150002,47.009998,46.099998,46.639999,38.996140,21888800
2020-07-01,46.540001,46.720001,46.000000,46.060001,38.511204,17129500
2020-07-02,46.070000,46.220001,45.480000,45.630001,38.452213,19632000
2020-07-06,46.070000,46.490002,45.869999,46.419998,39.117950,16152900
2020-07-07,46.119999,46.290001,45.560001,45.630001,38.452213,17102800
2020-07-08,45.590000,46.070000,45.320000,45.810001,38.603909,15020800
2020-07-09,46.599998,47.200001,46.220001,46.700001,39.353897,26027700
2020-07-10,46.730000,46.919998,46.240002,46.660000,39.320198,13775700
2020-07-13,46.869999,46.990002,45.779999,45.930000,38.705025,17965500
2020-07-14,45.490002,46.500000,45.410000,46.259998,38.983116,19303500
2020-07-15,46.500000,46.830002,45.990002,46.400002,39.101097,15705000
2020-07-16,45.700001,45.830002,45.200001,45.779999,38.578625,17709400
2020-07-17,46.040001,46.930000,45.880001,46.750000,39.396038,20389700
2020-07-20,46.669998,47.099998,46.259998,46.970001,39.581425,15966500
2020-07-21,47.279999,47.330002,46.849998,47.020000,39.623562,16044700
2020-07-22,47.020000,47.110001,46.529999,46.900002,39.522442,27218300
2020-07-23,46.980000,47.700001,46.680000,47.410000,39.952213,23750200
2020-07-24,47.490002,47.639999,46.110001,46.400002,39.101097,16983600
2020-07-27,46.660000,47.259998,46.150002,47.189999,39.766838,15576000
2020-07-28,46.980000,47.080002,46.209999,46.279999,38.999969,13975300
2020-07-29,46.400002,46.880001,46.369999,46.709999,39.362328,11618200
2020-07-30,46.130001,46.459999,45.380001,46.439999,39.134804,15385100
2020-07-31,46.389999,47.110001,45.860001,47.099998,39.690987,17701100
2020-08-03,47.139999,47.360001,46.680000,47.160000,39.741547,14141100
2020-08-04,47.009998,47.669998,46.910000,47.669998,40.171326,12839500
2020-08-05,47.669998,47.730000,47.049999,47.330002,39.884800,13075600
2020-08-06,47.230000,47.830002,47.099998,47.770000,40.255577,14190900
2020-08-07,47.330002,47.599998,47.029999,47.430000,39.969070,17054300
2020-08-10,47.160000,48.000000,47.160000,47.730000,40.221882,14999200
2020-08-11,47.900002,48.450001,47.090000,47.189999,39.766838,18859600
2020-08-12,47.279999,48.130001,47.270000,48.099998,40.533676,26823700
2020-08-13,43.790001,43.840000,42.380001,42.720001,35.999973,91849500
2020-08-14,42.490002,42.880001,42.270000,42.500000,35.814579,32539500
2020-08-17,42.549999,42.759998,41.860001,42.090000,35.469082,30511700
2020-08-18,42.130001,42.290001,41.810001,41.980000,35.376381,23344600
2020-08-19,42.099998,42.349998,41.779999,41.869999,35.283676,20097400
2020-08-20,41.869999,42.419998,41.730000,42.310001,35.654469,18443900
2020-08-21,42.049999,42.299999,41.810001,42.250000,35.603912,17389600
2020-08-24,42.070000,42.470001,42.000000,42.180000,35.544926,17742900
2020-08-25,42.230000,42.299999,41.779999,41.959999,35.359524,15417400
2020-08-26,41.650002,42.279999,41.450001,42.250000,35.603912,21625800
2020-08-27,42.400002,42.470001,42.020000,42.290001,35.637619,22456800
2020-08-28,42.139999,42.299999,42.000000,42.200001,35.561775,16573600
2020-08-31,42.099998,42.349998,41.939999,42.220001,35.578629,21298000
2020-09-01,42.000000,42.070000,41.500000,42.029999,35.418518,23325100
2020-09-02,42.040001,42.689999,42.029999,42.419998,35.747158,30045700
2020-09-03,41.750000,41.830002,40.669998,40.950001,34.508396,39288100
2020-09-04,41.200001,41.430000,40.439999,40.820000,34.398846,34867400
2020-09-08,40.049999,40.610001,39.970001,40.000000,33.707840,29101800
2020-09-09,40.099998,40.480000,39.720001,40.130001,33.817387,23351600
2020-09-10,40.029999,40.639999,39.419998,39.570000,33.345478,25108800
2020-09-11,39.770000,40.049999,39.520000,39.880001,33.606716,21853000
2020-09-14,40.220001,40.639999,40.049999,40.369999,34.019634,19866700
2020-09-15,40.509998,40.840000,40.380001,40.599998,34.213459,19024100
2020-09-16,40.720001,41.169998,40.389999,40.419998,34.061768,24310200
2020-09-17,39.660000,40.400002,39.509998,40.369999,34.019634,22225900
2020-09-18,40.180000,40.320000,39.580002,39.810001,33.547733,44450800
2020-09-21,39.310001,39.470001,38.689999,39.040001,32.898853,28495000
2020-09-22,39.180000,39.459999,38.880001,39.320000,33.134811,17656800
2020-09-23,39.230000,39.389999,38.180000,38.279999,32.258400,24843200
2020-09-24,38.000000,38.160000,37.599998,37.849998,31.896036,30910400
2020-09-25,37.759998,38.540001,37.619999,38.450001,32.401661,22966600
2020-09-28,39.200001,39.290001,38.790001,39.130001,32.974689,24275700
2020-09-29,39.070000,39.380001,38.830002,39.060001,32.915707,16353700
2020-09-30,39.090000,39.700001,39.020000,39.389999,33.193787,27113200
2020-10-01,39.099998,39.310001,38.570000,38.799999,32.998184,20763500
2020-10-02,38.049999,38.549999,37.970001,38.270000,32.547436,24493000
2020-10-05,38.480000,38.790001,38.279999,38.570000,32.802582,26929100
2020-10-06,38.500000,39.349998,38.400002,38.570000,32.802582,28430800
2020-10-07,38.980000,39.580002,38.779999,39.400002,33.508465,20593700
2020-10-08,39.799999,40.180000,39.660000,39.790001,33.840157,19031300
2020-10-09,40.150002,40.230000,39.720001,39.849998,33.891174,16167500
2020-10-12,39.930000,40.529999,39.630001,40.360001,34.324917,22757200
2020-10-13,40.540001,40.610001,39.709999,39.810001,33.857166,23438300
2020-10-14,39.849998,40.419998,39.759998,39.889999,33.925201,16439100
2020-10-15,39.470001,40.000000,39.349998,39.970001,33.993233,15451400
2020-10-16,39.880001,40.299999,39.549999,40.160000,34.154827,21292500
2020-10-19,40.150002,40.380001,39.160000,39.299999,33.423431,19600500
2020-10-20,39.439999,39.509998,39.029999,39.200001,33.338375,16564900
2020-10-21,39.310001,39.570000,38.980000,39.060001,33.219311,17016300
2020-10-22,38.849998,38.959999,38.380001,38.820000,33.015205,20399000
2020-10-23,38.930000,38.970001,38.650002,38.820000,33.015205,15556100
2020-10-26,38.400002,38.430000,37.150002,37.669998,32.037159,29146500
2020-10-27,37.380001,37.500000,36.590000,36.869999,31.356787,37911500
2020-10-28,36.320000,36.509998,35.680000,35.709999,30.370239,34561500
2020-10-29,35.509998,36.070000,35.279999,35.689999,30.353224,35332000
2020-10-30,35.599998,35.930000,35.490002,35.900002,30.531834,29151200
2020-11-02,36.189999,36.349998,35.669998,35.900002,30.531834,23483100
2020-11-03,36.360001,37.330002,36.299999,36.680000,31.195189,27342900
2020-11-04,37.029999,37.299999,36.500000,36.570000,31.101645,30121900
2020-11-05,37.020000,37.299999,36.910000,37.230000,31.662949,23149700
2020-11-06,37.560001,37.599998,37.080002,37.529999,31.918097,19475300
2020-11-09,39.919998,40.230000,38.119999,38.200001,32.487904,42649500
2020-11-10,38.209999,39.029999,38.169998,38.720001,32.930149,31514500
2020-11-11,39.009998,39.450001,38.439999,39.330002,33.448933,27332800
2020-11-12,38.980000,39.389999,38.400002,38.669998,32.887627,29368300
2020-11-13,41.200001,41.520000,40.560001,41.400002,35.209412,49106400
2020-11-16,41.740002,42.590000,41.349998,42.540001,36.178936,34572600
2020-11-17,41.919998,42.349998,41.619999,41.880001,35.617638,23140900
2020-11-18,41.900002,42.240002,41.259998,41.320000,35.141369,21327700
2020-11-19,41.000000,41.369999,40.770000,41.169998,35.013798,22177700
2020-11-20,41.049999,41.389999,40.919998,40.970001,34.843708,19776300
2020-11-23,41.029999,41.799999,41.020000,41.639999,35.413513,19651400
2020-11-24,42.139999,42.709999,41.900002,42.610001,36.238472,22849700
2020-11-25,42.779999,42.799999,42.209999,42.500000,36.144920,22617700
2020-11-27,42.860001,42.980000,42.639999,42.700001,36.315014,10769500
2020-11-30,42.439999,43.049999,42.410000,43.020000,36.587162,34741600
2020-12-01,43.009998,44.070000,43.009998,43.540001,37.029408,23942500
2020-12-02,43.389999,43.959999,43.349998,43.889999,37.327072,17422200
2020-12-03,43.779999,44.139999,43.599998,44.110001,37.514187,27710700
2020-12-04,43.889999,44.509998,43.889999,44.380001,37.743805,17319800
2020-12-07,44.290001,44.490002,43.910000,44.349998,37.718288,14086800
2020-12-08,44.209999,44.529999,43.930000,44.369999,37.735302,13348500
2020-12-09,44.470001,44.830002,44.360001,44.689999,38.007446,22679800
2020-12-10,44.540001,44.610001,44.110001,44.320000,37.692776,17741500
2020-12-11,43.939999,44.330002,43.720001,44.320000,37.692776,14577700
2020-12-14,44.270000,44.910000,44.150002,44.240002,37.624737,16112300
2020-12-15,44.389999,44.799999,44.139999,44.720001,38.032959,18159400
2020-12-16,44.700001,45.139999,44.529999,44.720001,38.032959,16192000
2020-12-17,44.910000,44.930000,44.599998,44.820000,38.118008,16141600
2020-12-18,44.900002,45.570000,44.770000,45.439999,38.645294,41027000
2020-12-21,44.470001,44.959999,44.070000,44.880001,38.169025,19865300
2020-12-22,44.439999,45.070000,44.439999,44.689999,38.007446,16024000
2020-12-23,44.650002,44.799999,44.349998,44.380001,37.743805,12032600
2020-12-24,44.450001,44.590000,44.230000,44.540001,37.879875,5720500
2020-12-28,44.930000,45.340000,44.720001,44.919998,38.203053,13458400
2020-12-29,44.970001,45.250000,44.529999,44.639999,37.964924,11829000
2020-12-30,44.740002,45.060001,44.439999,44.480000,37.828842,11043100
2020-12-31,44.380001,44.840000,44.160000,44.750000,38.058479,15105500
2021-01-04,44.310001,44.369999,43.349998,43.959999,37.689808,24392500
2021-01-05,43.680000,44.070000,43.380001,43.980000,37.706963,17763700
2021-01-06,44.130001,44.869999,43.889999,44.400002,38.067051,21823100
2021-01-07,44.200001,45.110001,44.169998,44.959999,38.547184,18218800
2021-01-08,44.480000,45.410000,44.250000,45.060001,38.632915,20936300
2021-01-11,45.150002,45.950001,45.020000,45.360001,38.890125,25058200
2021-01-12,45.299999,45.930000,44.959999,45.790001,39.258793,20145000
2021-01-13,45.290001,45.970001,45.180000,45.360001,38.890125,19367300
2021-01-14,44.869999,45.599998,44.849998,45.150002,38.710072,22333500
2021-01-15,44.959999,45.650002,44.880001,45.430000,38.950138,30271700
2021-01-19,45.330002,45.630001,44.770000,45.189999,38.744362,28868800
2021-01-20,45.330002,45.500000,45.139999,45.340000,38.872974,16499400
2021-01-21,45.200001,45.240002,44.720001,45.110001,38.675785,17488400
2021-01-22,44.750000,44.889999,44.230000,44.770000,38.384270,14643400
2021-01-25,45.040001,45.169998,44.709999,45.029999,38.607189,16581300
2021-01-26,44.889999,45.349998,44.770000,45.259998,38.804386,13087800
2021-01-27,45.240002,46.459999,45.080002,45.700001,39.181625,29634500
2021-01-28,45.910000,46.270000,45.299999,45.340000,38.872974,21166000
2021-01-29,44.849998,45.369999,44.480000,44.580002,38.221371,22608100
2021-02-01,44.919998,45.630001,44.660000,45.400002,38.924419,16776900
2021-02-02,45.520000,45.939999,45.430000,45.830002,39.293087,16520900
2021-02-03,45.750000,46.160000,45.540001,45.770000,39.241638,13173600
2021-02-04,45.869999,47.320000,45.770000,47.250000,40.510544,22285700
2021-02-05,47.570000,48.340000,47.500000,48.080002,41.222157,25488600
2021-02-08,48.560001,49.340000,48.560001,48.939999,41.959484,25215400
2021-02-09,48.770000,48.830002,48.410000,48.500000,41.582256,24795000
2021-02-10,46.150002,47.410000,45.830002,47.240002,40.501968,44540900
2021-02-11,47.349998,47.910000,47.200001,47.580002,40.793476,18589900
2021-02-12,47.430000,47.689999,46.910000,47.290001,40.544842,15239800
2021-02-16,47.259998,47.259998,46.400002,46.509998,39.876091,18539000
2021-02-17,46.320000,46.400002,45.869999,46.250000,39.653187,13296300
2021-02-18,46.389999,46.400002,45.689999,46.340000,39.730343,16867500
2021-02-19,46.540001,46.610001,45.580002,45.680000,39.164474,25117700
2021-02-22,45.290001,45.680000,44.820000,45.430000,38.950138,21435800
2021-02-23,45.259998,45.779999,45.099998,45.509998,39.018726,19714900
2021-02-24,45.240002,45.799999,45.040001,45.740002,39.215923,17823600
2021-02-25,45.590000,46.240002,45.240002,45.520000,39.027306,21916700
2021-02-26,45.580002,45.779999,44.759998,44.869999,38.470016,22144900
2021-03-01,45.220001,46.220001,45.220001,45.919998,39.370243,17394100
2021-03-02,45.930000,46.080002,45.419998,45.520000,39.027306,14833000
2021-03-03,45.430000,45.529999,45.000000,45.130001,38.692936,16851100
2021-03-04,45.139999,45.470001,44.150002,44.560001,38.204227,24653500
2021-03-05,45.450001,46.740002,45.270000,46.250000,39.653187,33197600
2021-03-08,46.240002,48.400002,46.200001,47.509998,40.733459,34824500
2021-03-09,47.820000,48.369999,47.720001,47.889999,41.059261,26512700
2021-03-10,48.470001,48.790001,48.189999,48.290001,41.402210,19841500
2021-03-11,48.509998,49.080002,48.230000,48.799999,41.839455,21976600
2021-03-12,48.810001,48.990002,48.470001,48.820000,41.856609,15196500
2021-03-15,48.900002,49.439999,48.900002,49.410000,42.362453,15523600
2021-03-16,49.189999,49.740002,49.189999,49.669998,42.585354,17282300
2021-03-17,49.610001,49.610001,48.889999,49.419998,42.371029,18326900
2021-03-18,48.520000,49.570000,48.520000,48.799999,41.839455,18416900
2021-03-19,48.709999,49.220001,48.320000,48.980000,41.993786,65366800
2021-03-22,48.939999,50.380001,48.939999,50.299999,43.125500,28813900
2021-03-23,50.020000,50.680000,49.900002,50.009998,42.876881,28328200
2021-03-24,49.939999,50.450001,49.619999,49.650002,42.568222,26444700
2021-03-25,50.580002,51.400002,50.290001,50.509998,43.305561,34537700
2021-03-26,50.599998,52.639999,50.560001,52.570000,45.071743,31997000
2021-03-29,52.400002,52.939999,52.279999,52.520000,45.028862,25032800
2021-03-30,52.110001,52.290001,51.180000,51.770000,44.385841,22465100
2021-03-31,51.830002,52.049999,51.549999,51.709999,44.334396,22212400
2021-04-01,51.750000,52.070000,51.349998,51.980000,44.565887,17896200
2021-04-05,51.630001,52.919998,51.630001,52.410000,45.256695,19860900
2021-04-06,51.980000,52.220001,51.779999,52.029999,44.928562,15126100
2021-04-07,52.009998,52.139999,51.580002,51.770000,44.704052,15783600
2021-04-08,51.939999,52.000000,51.450001,51.910000,44.824936,15111300
2021-04-09,51.830002,52.150002,51.680000,52.090000,44.980373,13135800
2021-04-12,52.070000,52.160000,51.470001,51.570000,44.531345,16441700
2021-04-13,51.639999,51.880001,51.340000,51.660000,44.609058,13353200
2021-04-14,51.509998,51.680000,51.139999,51.369999,44.358646,15376600
2021-04-15,51.759998,51.939999,51.369999,51.639999,44.591789,17869800
2021-04-16,52.450001,53.180000,52.259998,52.799999,45.593460,28327900
2021-04-19,52.529999,52.959999,52.490002,52.849998,45.636631,20245600
2021-04-20,52.590000,52.790001,51.599998,51.790001,44.721317,21257500
2021-04-21,51.840000,52.070000,51.480000,51.930000,44.842201,14015500
2021-04-22,51.810001,52.090000,51.380001,51.500000,44.470901,15564800
2021-04-23,51.500000,52.130001,51.180000,51.910000,44.824936,14016800
2021-04-26,51.650002,51.770000,51.500000,51.639999,44.591789,13778200
2021-04-27,51.580002,51.669998,51.349998,51.369999,44.358646,13601000
2021-04-28,51.560001,51.770000,50.919998,51.110001,44.134136,14984000
2021-04-29,51.180000,51.599998,50.980000,51.459999,44.436348,13916600
2021-04-30,51.220001,51.230000,50.410000,50.910000,43.961426,19930200
2021-05-03,51.209999,51.400002,50.810001,51.169998,44.185936,13465900
2021-05-04,51.110001,51.230000,50.299999,50.709999,43.788727,18164800
2021-05-05,50.990002,51.250000,50.680000,51.130001,44.151394,16205300
2021-05-06,51.070000,52.709999,50.950001,52.439999,45.282600,27106800
2021-05-07,52.480000,53.680000,52.220001,53.430000,46.137486,24146000
2021-05-10,53.970001,54.139999,53.160000,53.160000,45.904327,23845600
2021-05-11,53.099998,53.110001,52.110001,52.830002,45.619370,20220900
2021-05-12,52.180000,52.430000,51.470001,51.599998,44.557251,22123300
2021-05-13,52.110001,52.810001,51.880001,52.490002,45.325771,15864000
2021-05-14,52.930000,53.220001,52.599998,52.900002,45.679810,14789400
2021-05-17,52.759998,53.150002,52.680000,52.939999,45.714355,15731000
2021-05-18,52.799999,53.340000,52.740002,52.930000,45.705723,20177200
2021-05-19,51.880001,52.660000,51.860001,52.470001,45.308495,29187900
2021-05-20,50.410000,52.970001,50.099998,52.849998,45.636631,48830800
2021-05-21,52.770000,52.930000,52.240002,52.430000,45.273975,24468400
2021-05-24,52.959999,53.770000,52.790001,53.389999,46.102932,21128900
2021-05-25,53.369999,53.580002,53.139999,53.310001,46.033855,20657200
2021-05-26,53.349998,53.610001,52.820000,52.910000,45.688457,18671200
2021-05-27,52.930000,53.349998,52.580002,52.919998,45.697086,56216100
2021-05-28,53.180000,53.220001,52.840000,52.900002,45.679810,14863500
2021-06-01,52.959999,53.320000,52.430000,52.619999,45.438030,15741700
2021-06-02,52.650002,52.990002,52.400002,52.959999,45.731625,14529300
2021-06-03,52.799999,53.560001,52.619999,53.330002,46.051128,17593100
2021-06-04,53.439999,54.169998,53.439999,54.070000,46.690121,11676700
2021-06-07,54.320000,54.439999,53.790001,53.919998,46.560608,14899800
2021-06-08,53.970001,54.389999,53.889999,54.130001,46.741936,15329700
2021-06-09,54.180000,54.419998,53.939999,54.020000,46.646946,14860900
2021-06-10,54.430000,55.080002,54.270000,55.029999,47.519093,22183500
2021-06-11,55.189999,55.349998,54.540001,54.770000,47.294575,17134000
2021-06-14,54.389999,54.529999,53.529999,54.169998,46.776482,15131400
2021-06-15,54.230000,54.320000,53.730000,53.790001,46.448345,12542600
2021-06-16,53.849998,53.919998,53.130001,53.470001,46.172020,15477900
2021-06-17,53.410000,53.549999,53.009998,53.130001,45.878418,18288400
2021-06-18,52.810001,52.840000,51.880001,52.070000,44.963100,35758300
2021-06-21,52.369999,53.410000,52.290001,53.180000,45.921593,17682200
2021-06-22,53.299999,53.360001,52.810001,53.259998,45.990673,16451200
2021-06-23,53.270000,53.290001,52.590000,52.759998,45.558922,14749800
2021-06-24,52.939999,53.049999,52.610001,52.779999,45.576187,13974300
2021-06-25,52.770000,53.200001,52.650002,53.060001,45.817978,16682700
2021-06-28,53.160000,53.290001,52.919998,52.959999,45.731625,14008700
2021-06-29,52.889999,53.189999,52.770000,52.910000,45.688457,10926100
2021-06-30,52.950001,53.070000,52.619999,53.000000,45.766163,15826400
2021-07-01,53.049999,53.599998,53.000000,53.439999,46.146099,15074800
2021-07-02,53.189999,53.619999,52.840000,53.540001,46.554790,15066000
2021-07-06,53.220001,53.360001,52.340000,52.980000,46.067863,19394500
2021-07-07,53.070000,53.299999,52.669998,53.259998,46.311317,14411600
2021-07-08,53.160000,53.720001,52.910000,53.259998,46.311317,15691800
2021-07-09,53.360001,53.930000,53.290001,53.740002,46.728710,14673400
2021-07-12,54.040001,54.040001,53.130001,53.230000,46.285240,14000600
2021-07-13,53.340000,53.580002,53.200001,53.320000,46.363491,9927400
2021-07-14,53.500000,54.200001,53.340000,54.090000,47.033031,17113700
2021-07-15,53.840000,53.869999,53.240002,53.650002,46.650448,14952400
2021-07-16,53.880001,54.410000,53.650002,53.700001,46.693916,14144900
2021-07-19,53.669998,53.700001,52.730000,53.060001,46.137424,19925300
2021-07-20,53.279999,53.930000,53.189999,53.580002,46.589569,17250200
2021-07-21,53.820000,53.900002,53.419998,53.880001,46.850433,14068600
2021-07-22,53.910000,54.549999,53.779999,54.540001,47.424332,15729800
2021-07-23,54.889999,55.340000,54.509998,55.230000,48.024300,13042500
2021-07-26,55.130001,55.650002,55.130001,55.470001,48.232994,10097400
2021-07-27,55.380001,55.410000,54.790001,55.279999,48.067780,14738700
2021-07-28,55.459999,55.520000,54.410000,54.770000,47.624313,18835700
2021-07-29,55.000000,55.349998,54.900002,55.070000,47.885170,10680200
2021-07-30,55.080002,55.490002,55.009998,55.369999,48.146046,13438800
2021-08-02,55.599998,55.939999,55.259998,55.450001,48.215599,12468800
2021-08-03,55.540001,56.419998,55.270000,56.250000,48.911224,17357400
2021-08-04,56.369999,56.369999,55.470001,55.689999,48.424294,11662400
2021-08-05,55.520000,55.980000,55.500000,55.759998,48.485149,10785200
2021-08-06,55.470001,55.950001,55.150002,55.590000,48.337334,18386100
2021-08-09,55.820000,56.070000,55.400002,55.470001,48.232994,8707200
2021-08-10,55.500000,55.669998,55.250000,55.610001,48.354725,10441900
2021-08-11,55.889999,56.009998,55.599998,55.860001,48.572113,12604500
2021-08-12,55.849998,56.450001,55.660000,56.389999,49.032963,11209700
2021-08-13,56.389999,56.619999,56.259998,56.470001,49.102528,10841700
2021-08-16,56.299999,56.430000,55.930000,56.279999,48.937317,14407400
2021-08-17,55.869999,56.020000,55.630001,56.009998,48.702538,11987500
2021-08-18,55.790001,56.139999,55.029999,55.150002,47.954739,17111700
2021-08-19,54.759998,57.490002,54.590000,57.270000,49.798153,39881600
2021-08-20,57.250000,58.340000,56.849998,58.220001,50.624207,21876500
2021-08-23,57.849998,58.700001,57.740002,58.540001,50.902458,16225400
2021-08-24,58.490002,59.430000,58.430000,59.320000,51.580696,17658300
2021-08-25,59.540001,60.270000,59.169998,59.349998,51.606777,18069600
2021-08-26,59.419998,59.630001,58.990002,59.200001,51.476353,13729400
2021-08-27,59.270000,59.349998,58.860001,59.020000,51.319836,14795200
2021-08-30,58.980000,59.220001,58.799999,59.130001,51.415485,11798600
2021-08-31,59.110001,59.180000,58.580002,59.020000,51.319836,19873900
2021-09-01,59.020000,59.139999,58.660000,59.040001,51.337227,11629700
2021-09-02,59.349998,59.720001,59.060001,59.529999,51.763298,12855700
2021-09-03,59.330002,59.660000,59.279999,59.419998,51.667641,9732200
2021-09-07,59.240002,59.369999,58.750000,58.880001,51.198105,15503600
2021-09-08,58.549999,58.930000,58.490002,58.680000,51.024185,13124500
2021-09-09,58.450001,58.939999,58.250000,58.599998,50.954632,14958800
2021-09-10,58.750000,58.950001,57.820000,57.889999,50.337257,13622100
2021-09-13,58.160000,58.529999,57.730000,58.099998,50.519863,13553200
2021-09-14,58.240002,58.470001,57.660000,57.869999,50.319870,12810300
2021-09-15,57.779999,59.599998,57.060001,57.560001,50.050312,37524600
2021-09-16,58.310001,58.820000,57.130001,57.330002,49.850327,24029600
2021-09-17,57.389999,57.450001,56.470001,56.849998,49.432945,40262700
2021-09-20,56.380001,56.400002,55.290001,55.889999,48.598198,21897000
2021-09-21,55.959999,56.369999,55.230000,55.259998,48.050396,18700600
2021-09-22,55.759998,56.130001,55.369999,55.520000,48.276466,17940600
2021-09-23,55.700001,56.900002,55.599998,56.689999,49.293819,16262500
2021-09-24,56.450001,56.810001,56.220001,56.730000,49.328594,13156400
2021-09-27,56.459999,56.669998,56.049999,56.220001,48.885132,13859500
2021-09-28,55.779999,55.990002,55.410000,55.520000,48.276466,17803200
2021-09-29,55.619999,55.980000,55.340000,55.480000,48.241692,14051700
2021-09-30,55.799999,55.900002,54.410000,54.430000,47.328682,18538000
2021-10-01,54.599998,55.410000,54.040001,55.139999,47.946045,18338000
2021-10-04,54.500000,54.680000,53.950001,54.230000,47.473320,17084100
2021-10-05,54.130001,55.029999,54.130001,54.689999,47.876011,14135000
2021-10-06,54.349998,54.380001,52.980000,53.939999,47.219452,26339200
2021-10-07,54.490002,55.410000,54.349998,55.020000,48.164898,14725500
2021-10-08,55.200001,55.299999,54.750000,55.080002,48.217426,9255500
2021-10-11,55.250000,55.380001,54.900002,54.930000,48.086113,8117600
2021-10-12,54.990002,55.060001,54.070000,54.279999,47.517094,14241900
2021-10-13,54.320000,54.750000,54.080002,54.619999,47.814732,13737100
2021-10-14,55.090000,55.849998,54.980000,55.650002,48.716404,14455900
2021-10-15,55.889999,55.889999,54.959999,55.250000,48.366238,15202200
2021-10-18,55.040001,55.490002,54.570000,55.189999,48.313709,10989600
2021-10-19,55.290001,55.779999,55.029999,55.740002,48.795193,13258400
2021-10-20,55.799999,56.230000,55.799999,56.200001,49.197876,11613600
2021-10-21,56.040001,56.119999,55.529999,55.689999,48.751423,12619900
2021-10-22,55.549999,55.860001,54.939999,55.110001,48.243687,15026600
2021-10-25,55.110001,55.419998,54.810001,55.139999,48.269939,10218900
2021-10-26,55.560001,56.349998,55.400002,55.810001,48.856480,15250000
2021-10-27,56.130001,56.720001,55.930000,56.180000,49.180370,16279000
2021-10-28,56.230000,56.689999,55.889999,56.240002,49.232895,11209200
2021-10-29,56.320000,56.580002,55.860001,55.970001,48.996529,13550400
2021-11-01,55.869999,56.250000,55.500000,56.099998,49.110336,14341400
2021-11-02,56.369999,57.869999,56.279999,57.619999,50.440960,22097900
2021-11-03,57.580002,57.930000,57.119999,57.650002,50.467224,13219400
2021-11-04,57.599998,57.689999,56.560001,57.119999,50.003254,18070400
2021-11-05,57.380001,57.799999,56.930000,57.070000,49.959488,15637700
2021-11-08,57.099998,57.520000,56.590000,57.000000,49.898205,15045300
2021-11-09,57.070000,57.630001,56.900002,57.439999,50.283386,14459800
2021-11-10,57.900002,58.630001,57.689999,57.770000,50.572266,17876300
2021-11-11,57.570000,57.770000,56.689999,56.759998,49.688107,17440700
2021-11-12,56.970001,57.150002,56.310001,56.820000,49.740631,16663600
2021-11-15,56.930000,57.700001,56.830002,57.270000,50.134560,19041800
2021-11-16,57.240002,58.080002,56.930000,57.000000,49.898205,21136900
2021-11-17,56.610001,57.139999,56.270000,56.759998,49.688107,31496300
2021-11-18,52.730000,53.930000,51.080002,53.630001,46.948086,70834000
2021-11-19,53.549999,53.689999,52.779999,53.250000,46.615421,30030800
2021-11-22,53.349998,55.529999,53.299999,54.599998,47.797218,39949300
2021-11-23,54.610001,55.580002,54.470001,55.299999,48.410011,25653100
2021-11-24,55.150002,55.750000,55.150002,55.540001,48.620110,19328700
2021-11-26,54.459999,55.189999,54.459999,54.669998,47.858505,16730300
2021-11-29,55.139999,56.189999,54.830002,55.759998,48.812691,25724500
2021-11-30,55.580002,55.599998,54.150002,54.840000,48.007320,45141300
2021-12-01,55.529999,56.380001,54.930000,55.029999,48.173656,24120500
2021-12-02,55.150002,56.610001,55.080002,56.150002,49.154102,22384700
2021-12-03,56.299999,56.820000,55.669998,56.230000,49.224140,26235400
2021-12-06,56.700001,57.169998,56.470001,56.959999,49.863178,23172800
2021-12-07,57.099998,58.220001,57.009998,58.080002,50.843647,24254800
2021-12-08,58.080002,58.130001,56.630001,57.020000,49.915714,23631300
2021-12-09,57.200001,57.830002,56.930000,57.549999,50.379673,16480200
2021-12-10,57.910000,59.340000,57.910000,59.250000,51.867863,19901500
2021-12-13,59.099998,59.509998,58.540001,58.610001,51.307610,18496300
2021-12-14,58.340000,58.529999,57.369999,57.770000,50.572266,19114200
2021-12-15,57.919998,60.029999,57.900002,59.930000,52.463146,27953900
2021-12-16,60.049999,60.759998,59.869999,60.310001,52.795803,24599300
2021-12-17,60.270000,60.799999,59.790001,60.459999,52.927109,62171000
2021-12-20,59.669998,60.410000,59.299999,60.360001,52.839569,21342100
2021-12-21,60.439999,61.240002,60.000000,61.029999,53.426090,20761100
2021-12-22,60.970001,61.599998,60.619999,61.529999,53.863792,17095500
2021-12-23,61.790001,62.900002,61.790001,62.279999,54.520351,17771400
2021-12-27,62.410000,63.470001,62.279999,63.419998,55.518314,14779700
2021-12-28,63.419998,63.840000,63.230000,63.529999,55.614609,12865000
2021-12-29,63.650002,64.290001,63.549999,63.959999,55.991039,15069900
2021-12-30,64.040001,64.139999,63.470001,63.619999,55.693401,9076700
2021-12-31,63.549999,63.820000,63.320000,63.369999,55.474548,10359100
2022-01-03,62.900002,63.349998,62.500000,63.160000,55.290707,17184300
2022-01-04,62.439999,62.810001,61.110001,61.250000,53.934635,29682500
2022-01-05,61.189999,61.639999,60.250000,60.279999,53.080490,30317900
2022-01-06,60.000000,61.130001,59.910000,60.919998,53.644043,19616600
2022-01-07,60.869999,61.500000,60.669998,61.130001,53.828976,20152400
2022-01-10,60.869999,61.900002,60.520000,61.820000,54.436562,24715300
2022-01-11,61.599998,62.430000,61.439999,62.369999,54.920876,22804200
2022-01-12,62.400002,62.820000,61.919998,62.119999,54.700733,13405400
2022-01-13,62.080002,62.150002,61.209999,61.500000,54.154781,14871600
2022-01-14,61.470001,61.500000,60.939999,61.360001,54.031498,18831900
2022-01-18,59.980000,60.220001,59.490002,59.730000,52.596176,26545800
2022-01-19,58.000000,59.490002,57.779999,58.900002,51.865311,24333900
2022-01-20,58.990002,59.340000,58.020000,58.080002,51.143253,17726500
2022-01-21,58.070000,58.340000,56.610001,56.680000,49.910454,25914000
2022-01-24,56.160000,57.000000,54.869999,56.900002,50.104179,34180100
2022-01-25,56.090000,56.689999,55.070000,56.110001,49.408539,25156400
2022-01-26,56.110001,56.450001,54.860001,55.330002,48.721687,28632700
2022-01-27,55.509998,56.529999,54.400002,54.619999,48.096485,25967400
2022-01-28,54.500000,55.660000,53.450001,55.610001,48.968243,30976600
2022-01-31,55.430000,55.860001,54.869999,55.669998,49.021080,29925300
2022-02-01,55.450001,55.500000,54.740002,55.369999,48.756912,22438500
2022-02-02,55.230000,56.320000,55.169998,56.169998,49.461361,23316700
2022-02-03,55.869999,56.150002,55.060001,55.200001,48.607208,19260500
2022-02-04,54.889999,55.619999,54.389999,55.150002,48.563190,19675900
2022-02-07,55.330002,55.529999,54.700001,55.169998,48.580799,14450200
2022-02-08,55.060001,55.490002,54.709999,55.340000,48.730499,15219900
2022-02-09,55.820000,56.380001,55.480000,56.290001,49.567032,19136700
2022-02-10,55.240002,56.029999,54.740002,54.869999,48.316628,19730600
2022-02-11,54.869999,55.090000,53.770000,53.900002,47.462482,20132500
2022-02-14,53.410000,53.650002,52.700001,53.180000,46.828476,21868400
2022-02-15,53.720001,54.299999,53.639999,54.270000,47.788284,17678000
2022-02-16,54.130001,54.439999,53.389999,54.250000,47.770679,20388700
2022-02-17,55.500000,57.060001,55.400002,55.770000,49.109138,32884700
2022-02-18,55.459999,57.689999,55.380001,57.209999,50.377151,35626200
2022-02-22,56.930000,57.139999,55.740002,56.299999,49.575840,25188300
2022-02-23,56.610001,56.990002,54.369999,54.439999,47.937984,22033700
2022-02-24,54.070000,54.830002,53.209999,54.730000,48.193348,27739300
2022-02-25,54.980000,56.220001,54.490002,56.040001,49.346893,18963700
2022-02-28,55.410000,56.000000,54.750000,55.770000,49.109138,23868700
2022-03-01,55.529999,55.849998,54.259998,54.619999,48.096485,17799600
2022-03-02,54.770000,56.380001,54.709999,56.150002,49.443752,18660000
2022-03-03,56.740002,57.000000,55.840000,56.070000,49.373310,16794600
2022-03-04,55.669998,56.900002,55.250000,56.509998,49.760750,16729000
2022-03-07,56.310001,56.439999,55.520000,55.590000,48.950642,21350900
2022-03-08,55.700001,55.860001,54.070000,54.400002,47.902763,23642400
2022-03-09,55.639999,56.250000,55.250000,55.919998,49.241226,19150900
2022-03-10,54.400002,55.160000,53.970001,54.709999,48.175739,18550900
2022-03-11,55.290001,56.209999,54.599998,54.689999,48.158131,20330300
2022-03-14,54.730000,55.400002,54.000000,54.299999,47.814709,17977500
2022-03-15,54.419998,55.730000,54.419998,55.599998,48.959446,18829100
2022-03-16,55.930000,56.000000,54.599998,55.810001,49.144375,21821800
2022-03-17,55.490002,56.299999,55.349998,56.169998,49.461361,18830500
2022-03-18,56.029999,56.419998,55.540001,55.970001,49.285252,51807200
2022-03-21,56.060001,56.549999,55.520000,56.000000,49.311665,29174600
2022-03-22,56.360001,56.720001,56.090000,56.169998,49.461361,29287900
2022-03-23,55.900002,56.090000,54.450001,54.480000,47.973213,19742100
2022-03-24,54.669998,54.689999,53.680000,54.500000,47.990818,20551500
2022-03-25,54.610001,55.180000,54.400002,54.970001,48.404694,18090600
2022-03-28,54.799999,55.160000,54.419998,55.139999,48.554379,17164600
2022-03-29,55.669998,56.310001,55.040001,55.669998,49.021080,20036500
2022-03-30,55.750000,56.939999,55.590000,56.049999,49.355705,16125400
2022-03-31,56.040001,56.880001,55.720001,55.759998,49.100334,27587700
2022-04-01,56.169998,56.189999,54.889999,55.660000,49.012280,17465100
2022-04-04,55.459999,56.119999,54.990002,55.869999,49.197189,19629200
2022-04-05,55.200001,55.590000,54.669998,54.919998,48.691837,16063600
2022-04-06,54.689999,54.759998,53.840000,54.369999,48.204205,19644100
2022-04-07,54.430000,54.849998,53.740002,54.630001,48.434719,15739000
2022-04-08,54.840000,54.910000,54.009998,54.279999,48.124420,18148200
2022-04-11,53.919998,53.950001,52.790001,52.880001,46.883175,20992100
2022-04-12,51.700001,52.950001,51.480000,51.820000,45.943382,25254200
2022-04-13,51.840000,52.360001,51.410000,52.150002,46.235966,17004600
2022-04-14,52.080002,52.380001,51.119999,51.169998,45.367100,18024800
2022-04-18,50.880001,51.560001,50.799999,51.110001,45.313904,13990700
2022-04-19,51.000000,51.939999,50.919998,51.830002,45.952263,15490900
2022-04-20,52.220001,53.669998,52.150002,53.020000,47.007309,19526200
2022-04-21,53.340000,53.830002,52.730000,52.779999,46.794514,17147300
2022-04-22,52.919998,52.959999,51.290001,51.360001,45.535557,17693000
2022-04-25,51.450001,51.980000,50.540001,51.939999,46.049774,18677000
2022-04-26,51.880001,51.939999,50.869999,50.900002,45.127724,19238300
2022-04-27,50.910000,51.110001,49.250000,49.310001,43.718037,33668600
2022-04-28,49.529999,50.779999,49.209999,50.630001,44.888340,20170700
2022-04-29,50.509998,50.639999,48.869999,48.980000,43.425461,20281400
2022-05-02,49.340000,49.910000,48.930000,49.860001,44.205662,22499200
2022-05-03,49.770000,50.360001,49.529999,49.919998,44.258858,15828200
2022-05-04,50.029999,51.660000,49.669998,51.580002,45.730614,23942300
2022-05-05,51.150002,51.209999,49.160000,49.610001,43.984009,24846500
2022-05-06,49.150002,49.840000,48.849998,49.330002,43.735771,21743900
2022-05-09,49.000000,49.419998,48.669998,48.959999,43.407722,22421200
2022-05-10,49.709999,50.240002,49.150002,49.549999,43.930824,21741100
2022-05-11,49.090000,49.639999,48.580002,48.650002,43.132881,23872100
2022-05-12,48.630001,48.779999,47.470001,48.290001,42.813705,25951000
2022-05-13,48.709999,49.630001,48.529999,49.560001,43.939682,18954500
2022-05-16,49.660000,49.660000,48.880001,49.000000,43.443184,20254500
2022-05-17,49.680000,50.720001,49.509998,50.599998,44.861736,18780600
2022-05-18,50.470001,50.470001,48.209999,48.360001,42.875771,40672700
2022-05-19,43.060001,43.930000,41.020000,41.720001,36.988773,97674600
2022-05-20,41.860001,43.000000,41.520000,42.939999,38.070419,46148700
2022-05-23,43.340000,43.820000,42.939999,43.349998,38.433926,27366600
2022-05-24,43.400002,44.060001,42.500000,43.770000,38.806297,30053900
2022-05-25,43.750000,44.419998,43.189999,44.000000,39.010208,25504600
2022-05-26,44.049999,45.529999,44.049999,44.990002,39.887943,28294700
2022-05-27,45.119999,45.639999,44.950001,45.619999,40.446499,23882100
2022-05-31,45.270000,45.610001,44.740002,45.049999,39.941135,64821200
2022-06-01,45.549999,45.799999,44.770000,45.230000,40.100727,20666000
2022-06-02,45.180000,45.799999,44.900002,45.790001,40.597214,20546800
2022-06-03,45.549999,45.740002,45.119999,45.250000,40.118454,17947000
2022-06-06,45.599998,46.090000,45.130001,45.330002,40.189381,12641900
2022-06-07,44.820000,45.650002,44.720001,45.570000,40.402164,14667200
2022-06-08,45.450001,45.630001,44.880001,44.919998,39.825874,16263800
2022-06-09,44.830002,45.270000,44.240002,44.259998,39.240723,18417700
2022-06-10,43.799999,43.990002,43.290001,43.490002,38.558048,20262400
2022-06-13,43.060001,43.840000,42.889999,43.240002,38.336391,29050800
2022-06-14,43.630001,43.700001,42.570000,42.910000,38.043819,22499100
2022-06-15,43.369999,44.430000,43.099998,43.799999,38.832890,22525100
2022-06-16,42.810001,43.410000,42.810001,43.320000,38.407330,27049000
2022-06-17,43.360001,44.000000,43.240002,43.389999,38.469387,59678600
2022-06-21,43.810001,44.279999,43.700001,44.139999,39.134331,23277900
2022-06-22,43.470001,44.119999,43.169998,43.570000,38.628986,19942300
2022-06-23,43.410000,43.459999,42.720001,42.930000,38.061554,33801700
2022-06-24,43.439999,44.220001,43.240002,44.099998,39.098866,30543800
2022-06-27,44.290001,44.290001,43.630001,43.770000,38.806297,22755300
2022-06-28,43.910000,44.470001,42.990002,43.060001,38.176811,20091300
2022-06-29,43.139999,43.259998,42.689999,42.880001,38.017220,13450800
2022-06-30,42.369999,43.139999,42.189999,42.639999,37.804440,24947900
2022-07-01,42.520000,42.700001,41.570000,42.599998,37.768978,24338500
2022-07-05,41.520000,41.970001,40.820000,41.959999,37.536385,24442600
2022-07-06,42.119999,42.930000,42.009998,42.689999,38.189430,17250400
2022-07-07,42.880001,43.360001,42.790001,43.220001,38.663559,22316700
2022-07-08,43.029999,43.610001,42.939999,43.389999,38.815628,11817000
2022-07-11,43.340000,43.680000,43.070000,43.250000,38.690384,15245200
2022-07-12,43.580002,43.830002,42.660000,42.860001,38.341496,17385300
2022-07-13,41.849998,43.049999,41.799999,42.700001,38.198376,16854200
2022-07-14,41.790001,42.470001,41.349998,42.330002,37.867386,17336200
2022-07-15,42.500000,43.130001,42.500000,43.070000,38.529369,19897800
2022-07-18,43.299999,43.320000,42.410000,42.599998,38.108917,16743800
2022-07-19,42.820000,44.090000,42.650002,44.029999,39.388153,22861400
2022-07-20,44.080002,44.320000,43.660000,44.130001,39.477612,15599200
2022-07-21,44.290001,44.689999,44.070000,44.580002,39.880177,15364600
2022-07-22,44.779999,44.919998,44.250000,44.459999,39.772827,14854600
2022-07-25,44.660000,44.660000,44.110001,44.340000,39.665474,12954700
2022-07-26,44.369999,44.540001,43.750000,43.830002,39.209248,19513000
2022-07-27,44.189999,44.790001,43.830002,44.639999,39.933846,22349000
2022-07-28,44.880001,45.869999,44.709999,45.619999,40.810539,17576200
2022-07-29,45.110001,45.490002,44.830002,45.369999,40.586895,23701700
2022-08-01,45.060001,45.430000,44.759998,45.279999,40.506374,14153400
2022-08-02,45.520000,45.700001,44.900002,44.919998,40.184326,15005400
2022-08-03,44.900002,45.820000,44.790001,45.709999,40.891048,14943800
2022-08-04,45.900002,45.930000,45.009998,45.380001,40.595840,15249300
2022-08-05,44.910000,45.070000,44.540001,45.009998,40.264843,19533900
2022-08-08,45.490002,45.520000,44.860001,45.020000,40.273792,15465600
2022-08-09,45.150002,45.180000,44.720001,44.919998,40.184326,12826200
2022-08-10,45.709999,46.060001,45.430000,46.020000,41.168365,18935400
2022-08-11,46.110001,46.430000,45.770000,45.900002,41.061012,15849000
2022-08-12,46.090000,46.610001,45.970001,46.610001,41.696159,16967600
2022-08-15,46.389999,46.619999,46.029999,46.590000,41.678276,15456100
2022-08-16,46.570000,47.009998,46.439999,46.770000,41.839291,21153700
2022-08-17,46.360001,47.099998,46.230000,46.660000,41.740898,27975600
2022-08-18,49.799999,50.000000,49.110001,49.369999,44.165195,39999900
2022-08-19,49.009998,49.459999,48.540001,48.700001,43.565823,23130400
2022-08-22,48.470001,48.500000,47.520000,47.709999,42.680199,20534100
2022-08-23,47.590000,48.040001,47.389999,47.410000,42.411819,13764600
2022-08-24,47.090000,47.410000,46.869999,47.070000,42.107658,14946500
2022-08-25,47.250000,47.430000,46.840000,47.270000,42.286579,23039300
2022-08-26,47.080002,47.270000,45.880001,45.889999,41.052067,20309800
2022-08-29,45.720001,46.000000,45.490002,45.709999,40.891048,13425700
2022-08-30,45.750000,45.869999,44.959999,45.240002,40.470600,14279100
2022-08-31,45.779999,45.830002,44.590000,44.720001,40.005417,23006100
2022-09-01,44.570000,45.340000,44.400002,45.290001,40.515327,16236400
2022-09-02,45.709999,45.919998,44.279999,44.590000,39.889126,14720900
2022-09-06,44.660000,44.790001,43.980000,44.470001,39.781776,14366100
2022-09-07,44.750000,45.169998,44.349998,45.020000,40.273792,18297400
2022-09-08,44.759998,45.470001,44.619999,45.369999,40.586895,14231500
2022-09-09,45.660000,45.889999,45.400002,45.770000,40.944717,15499300
2022-09-12,46.110001,46.730000,45.970001,46.400002,41.508297,17923000
2022-09-13,45.720001,45.910000,44.020000,44.110001,39.459724,23028600
2022-09-14,44.040001,44.270000,43.560001,43.959999,39.325542,27551500
2022-09-15,43.810001,43.869999,43.090000,43.290001,38.726173,18148600
2022-09-16,43.110001,43.580002,42.790001,43.299999,38.735119,32696100
2022-09-19,42.900002,43.439999,42.759998,43.299999,38.735119,13667500
2022-09-20,43.009998,43.020000,42.259998,42.580002,38.091026,16813900
2022-09-21,42.320000,42.869999,41.570000,41.590000,37.205399,21415900
2022-09-22,41.340000,41.549999,41.139999,41.150002,36.811779,16691000
2022-09-23,41.250000,41.250000,40.119999,40.660000,36.373440,19067700
2022-09-26,40.660000,41.189999,40.369999,40.580002,36.301876,22694800
2022-09-27,41.139999,41.459999,40.230000,40.520000,36.248188,15027900
2022-09-28,40.849998,41.570000,40.590000,41.340000,36.981754,23217700
2022-09-29,41.049999,41.099998,40.150002,40.570000,36.292931,19496400
2022-09-30,40.660000,41.040001,39.959999,40.000000,35.783016,27989900
2022-10-03,40.669998,41.529999,40.470001,41.290001,36.937023,22203600
2022-10-04,41.560001,42.040001,41.389999,41.820000,37.758644,22889400
2022-10-05,41.590000,42.250000,41.400002,41.990002,37.912140,14289700
2022-10-06,41.650002,42.090000,41.369999,41.520000,37.487774,18198800
2022-10-07,41.250000,41.250000,40.080002,40.270000,36.359177,19055400
2022-10-10,40.630001,40.810001,39.599998,39.889999,36.016079,16628400
2022-10-11,39.810001,40.110001,39.270000,39.580002,35.736187,19386400
2022-10-12,39.700001,39.860001,39.250000,39.270000,35.456291,17279900
2022-10-13,39.029999,40.799999,38.599998,40.610001,36.666149,26328300
2022-10-14,40.840000,40.959999,39.919998,40.200001,36.295975,19571000
2022-10-17,41.040001,41.529999,40.950001,41.299999,37.289146,27845200
2022-10-18,41.919998,42.220001,41.259998,41.790001,37.731564,18223300
2022-10-19,41.630001,42.240002,41.470001,41.880001,37.812824,19071700
2022-10-20,41.560001,42.619999,41.459999,41.709999,37.659332,16830500
2022-10-21,41.849998,42.970001,41.810001,42.799999,38.643471,25035000
2022-10-24,43.119999,43.730000,42.900002,43.540001,39.311615,18785300
2022-10-25,43.340000,44.400002,43.200001,44.360001,40.051975,19165200
2022-10-26,44.930000,45.230000,44.279999,44.380001,40.070038,20051000
2022-10-27,44.770000,45.090000,44.360001,44.419998,40.106144,18102500
2022-10-28,44.689999,45.709999,44.650002,45.639999,41.207664,17978300
2022-10-31,45.310001,45.639999,45.060001,45.430000,41.018059,17793700
2022-11-01,45.580002,45.790001,45.060001,45.459999,41.045147,12088700
2022-11-02,45.470001,46.209999,44.549999,44.570000,40.241585,15308800
2022-11-03,44.029999,44.150002,43.389999,43.849998,39.591499,17895600
2022-11-04,44.500000,45.080002,43.830002,44.520000,40.196434,19648700
2022-11-07,44.830002,44.980000,44.410000,44.549999,40.223518,21383000
2022-11-08,44.689999,45.349998,44.180000,44.610001,40.277699,17503100
2022-11-09,44.509998,44.720001,43.889999,43.910000,39.645679,19311700
2022-11-10,45.700001,45.810001,44.650002,45.660000,41.225727,27190100
2022-11-11,45.180000,45.320000,43.919998,44.790001,40.440216,25961800
2022-11-14,44.830002,45.439999,44.680000,44.740002,40.395065,21091300
2022-11-15,45.040001,45.240002,44.450001,44.900002,40.539536,19318000
2022-11-16,44.939999,44.980000,44.299999,44.389999,40.079063,24939600
2022-11-17,46.189999,46.849998,45.160000,46.590000,42.065411,38887800
2022-11-18,46.910000,48.040001,46.860001,47.790001,43.148872,30843200
2022-11-21,47.610001,48.290001,47.560001,47.619999,42.995377,17049500
2022-11-22,48.000000,48.419998,47.759998,48.380001,43.681572,16367800
2022-11-23,48.400002,48.990002,48.320000,48.570000,43.853119,12065600
2022-11-25,48.750000,49.049999,48.349998,48.400002,43.699631,8492600
2022-11-28,48.290001,48.470001,47.919998,48.080002,43.410713,14976600
2022-11-29,48.250000,48.410000,47.840000,48.279999,43.591286,13779300
2022-11-30,48.169998,49.830002,47.959999,49.720001,44.891438,29919700
2022-12-01,49.880001,50.459999,49.689999,49.970001,45.117168,18559500
2022-12-02,49.230000,49.840000,48.919998,49.700001,44.873383,12325100
2022-12-05,49.549999,49.639999,49.169998,49.330002,44.539310,13795900
2022-12-06,49.439999,49.439999,48.259998,48.590000,43.871174,15443800
2022-12-07,48.400002,48.549999,48.060001,48.180000,43.500996,15171700
2022-12-08,48.660000,49.200001,48.619999,48.990002,44.232334,16015800
2022-12-09,49.099998,49.169998,48.439999,48.459999,43.753807,14303200
2022-12-12,48.799999,49.320000,48.369999,49.299999,44.512218,15425300
2022-12-13,50.330002,50.709999,49.230000,49.639999,44.819199,22705900
2022-12-14,49.740002,50.060001,48.820000,49.299999,44.512218,19050400
2022-12-15,48.959999,49.049999,47.740002,48.150002,43.473915,19372500
2022-12-16,47.410000,48.000000,47.080002,47.810001,43.166924,66125400
2022-12-19,47.660000,47.959999,47.139999,47.400002,42.796745,17986300
2022-12-20,47.410000,47.560001,46.790001,47.369999,42.769661,15086200
2022-12-21,47.689999,47.959999,47.419998,47.660000,43.031498,15599400
2022-12-22,47.490002,47.490002,46.689999,47.320000,42.724514,23118500
2022-12-23,47.250000,47.490002,47.009998,47.480000,42.868973,9554400
2022-12-27,47.669998,47.709999,47.220001,47.529999,42.914116,12066200
2022-12-28,47.689999,47.770000,46.980000,47.070000,42.498787,9847400
2022-12-29,47.259998,47.740002,47.259998,47.500000,42.887028,11396500
2022-12-30,47.270000,47.669998,46.950001,47.639999,43.013439,13199800
2023-01-03,47.860001,48.049999,47.310001,47.939999,43.284306,17718900
2023-01-04,48.279999,48.480000,47.169998,47.549999,43.275196,18339800
2023-01-05,47.490002,47.490002,46.759998,46.880001,42.665440,17372100
2023-01-06,47.459999,48.590000,47.279999,48.320000,43.975979,20823000
2023-01-09,48.259998,49.209999,48.220001,48.580002,44.212608,13938000
2023-01-10,48.799999,49.209999,48.590000,48.810001,44.421928,12474400
2023-01-11,48.830002,49.230000,48.700001,49.209999,44.785965,12530900
2023-01-12,49.209999,49.430000,48.849998,49.000000,44.594845,14241700
2023-01-13,48.560001,49.020000,48.419998,48.880001,44.485630,12649300
2023-01-17,48.919998,48.939999,47.950001,48.080002,43.757565,19290800
2023-01-18,48.189999,48.270000,46.889999,46.900002,42.683632,19882200
2023-01-19,46.950001,47.049999,46.389999,46.459999,42.283195,19118600
2023-01-20,46.060001,46.830002,45.669998,46.779999,42.574429,21847200
2023-01-23,46.900002,47.869999,46.810001,47.500000,43.229687,15180500
2023-01-24,47.490002,48.020000,47.060001,47.810001,43.511826,14872700
2023-01-25,47.980000,48.080002,47.230000,47.980000,43.666550,14638700
2023-01-26,48.150002,48.470001,47.830002,48.340000,43.994179,12952700
2023-01-27,48.099998,48.730000,47.970001,48.509998,44.148899,13414800
2023-01-30,48.139999,48.500000,48.119999,48.220001,43.884964,19261900
2023-01-31,48.119999,48.689999,48.049999,48.669998,44.294506,16821600
2023-02-01,48.389999,48.900002,47.509998,48.570000,44.203503,19639400
2023-02-02,48.529999,49.560001,48.360001,49.320000,44.886082,17883800
2023-02-03,49.299999,49.299999,48.509998,48.630001,44.258114,17980000
2023-02-06,48.070000,48.279999,47.520000,47.570000,43.293407,13991600
2023-02-07,47.240002,48.150002,46.970001,47.840000,43.539127,16675200
2023-02-08,47.380001,47.540001,46.770000,46.959999,42.738243,18905500
2023-02-09,47.230000,47.410000,46.430000,46.730000,42.528915,18598400
2023-02-10,46.700001,47.320000,46.639999,47.259998,43.011276,17397300
2023-02-13,47.450001,47.990002,47.389999,47.860001,43.557335,19422100
2023-02-14,47.779999,48.000000,47.180000,47.700001,43.411716,19134400
2023-02-15,47.500000,48.520000,47.330002,48.450001,44.094288,27071200
2023-02-16,49.990002,51.740002,49.799999,50.990002,46.405945,48125300
2023-02-17,51.330002,51.439999,50.599998,50.770000,46.205719,25321400
2023-02-21,50.709999,50.759998,49.619999,49.689999,45.222816,25100500
2023-02-22,49.849998,49.849998,48.889999,49.310001,44.876984,20301900
2023-02-23,49.540001,49.680000,48.549999,49.209999,44.785965,14066200
2023-02-24,48.810001,48.900002,48.169998,48.480000,44.121597,17251600
2023-02-27,48.950001,49.340000,48.549999,48.730000,44.349121,14776400
2023-02-28,48.810001,48.930000,48.380001,48.419998,44.066986,16622400
2023-03-01,48.439999,48.590000,48.020000,48.340000,43.994179,13449300
2023-03-02,48.320000,48.630001,48.119999,48.529999,44.167099,18281800
2023-03-03,48.990002,49.360001,48.820000,49.279999,44.849667,15969900
2023-03-06,49.459999,49.810001,49.240002,49.419998,44.977085,13878400
2023-03-07,49.570000,49.759998,48.630001,48.910000,44.512932,17506600
2023-03-08,49.020000,49.270000,48.740002,49.110001,44.694958,12055500
2023-03-09,49.299999,49.689999,48.709999,48.810001,44.421928,12497700
2023-03-10,48.889999,49.169998,48.299999,48.560001,44.194405,16338200
2023-03-13,48.529999,48.880001,48.119999,48.410000,44.057884,20280800
2023-03-14,48.680000,49.259998,48.509998,49.049999,44.640347,17679600
2023-03-15,48.369999,49.110001,48.369999,49.060001,44.649456,17354900
2023-03-16,48.680000,50.290001,48.509998,50.119999,45.614159,21425100
2023-03-17,50.259998,50.549999,49.740002,50.189999,45.677856,47642700
2023-03-20,50.220001,51.040001,50.009998,50.939999,46.360439,22699700
2023-03-21,51.209999,51.330002,50.330002,50.669998,46.114716,23334000
2023-03-22,50.740002,50.750000,49.419998,49.459999,45.013493,21399400
2023-03-23,49.560001,50.250000,49.410000,49.730000,45.259220,17775400
2023-03-24,49.900002,50.549999,49.500000,50.509998,45.969097,19438800
2023-03-27,50.700001,50.950001,50.480000,50.540001,45.996395,15857200
2023-03-28,50.320000,50.599998,50.270000,50.389999,45.859875,11124300
2023-03-29,50.730000,51.270000,50.639999,51.169998,46.569767,18463400
2023-03-30,51.580002,51.680000,51.130001,51.430000,46.806381,11754600
2023-03-31,51.439999,52.349998,51.389999,52.279999,47.579971,20588800
2023-04-03,52.060001,52.560001,51.990002,52.310001,47.607277,16884600
2023-04-04,52.029999,52.119999,51.430000,51.820000,47.515579,13599900
2023-04-05,52.070000,52.290001,51.680000,51.820000,47.515579,13797900
2023-04-06,50.919998,51.560001,50.730000,51.270000,47.011269,14749000
2023-04-10,51.110001,51.400002,50.880001,51.330002,47.066280,10177700
2023-04-11,51.119999,51.299999,50.520000,50.619999,46.415257,15957900
2023-04-12,50.820000,50.950001,50.049999,50.110001,45.947617,16100700
2023-04-13,50.209999,50.830002,50.090000,50.799999,46.580307,15451700
2023-04-14,50.520000,50.849998,50.200001,50.540001,46.341900,12360100
2023-04-17,50.560001,50.680000,50.049999,50.279999,46.103497,12042300
2023-04-18,50.380001,50.689999,50.070000,50.310001,46.131008,15203600
2023-04-19,49.230000,49.270000,47.990002,48.040001,44.049568,30466700
2023-04-20,47.610001,47.650002,46.360001,46.580002,42.710846,39769400
2023-04-21,46.570000,47.119999,46.240002,47.029999,43.123463,20861000
2023-04-24,47.049999,47.450001,47.000000,47.389999,43.453560,17359900
2023-04-25,47.369999,47.430000,46.810001,47.090000,43.178471,20281600
2023-04-26,46.759998,46.849998,46.430000,46.540001,42.674160,22390500
2023-04-27,46.779999,46.799999,45.970001,46.560001,42.692505,22845400
2023-04-28,46.689999,47.259998,46.610001,47.250000,43.325180,19665000
2023-05-01,47.200001,47.520000,47.130001,47.340000,43.407715,13122300
2023-05-02,46.910000,47.080002,46.060001,46.360001,42.509106,20175100
2023-05-03,46.419998,46.549999,45.860001,45.959999,42.142338,20765700
2023-05-04,45.770000,45.930000,45.560001,45.700001,41.903938,17748900
2023-05-05,46.119999,46.360001,45.919998,46.250000,42.408257,14317400
2023-05-08,46.439999,46.520000,46.090000,46.340000,42.490776,12000000
2023-05-09,45.980000,46.520000,45.919998,46.470001,42.609978,15221900
2023-05-10,46.700001,46.930000,46.150002,46.709999,42.830040,15625100
2023-05-11,46.830002,46.849998,46.200001,46.369999,42.518284,12521900
2023-05-12,46.279999,46.810001,46.279999,46.709999,42.830040,14097500
2023-05-15,46.799999,47.259998,46.560001,47.099998,43.187645,13204400
2023-05-16,47.240002,47.330002,46.799999,46.919998,43.022587,16496300
2023-05-17,47.150002,47.759998,47.009998,47.630001,43.673622,29326000
2023-05-18,45.759998,48.250000,45.700001,48.200001,44.196270,41475700
2023-05-19,48.430000,49.340000,48.400002,49.130001,45.049026,28564100
2023-05-22,49.110001,49.230000,48.770000,48.820000,44.764774,18667500
2023-05-23,48.610001,49.349998,48.599998,48.910000,44.847294,17645900
2023-05-24,48.950001,49.000000,48.169998,48.410000,44.388832,15452900
2023-05-25,47.770000,49.230000,47.720001,49.029999,44.957329,21717000
2023-05-26,49.110001,50.090000,49.110001,49.860001,45.718380,19825600
2023-05-30,49.990002,50.490002,49.740002,50.169998,46.002632,19074800
2023-05-31,49.910000,50.029999,49.610001,49.669998,45.544167,51990300
2023-06-01,49.759998,50.090000,49.259998,49.740002,45.608353,17817000
2023-06-02,49.869999,50.250000,49.730000,50.020000,45.865101,19155400
2023-06-05,50.220001,50.580002,50.040001,50.209999,46.039314,13964100
2023-06-06,49.790001,49.910000,49.139999,49.810001,45.672543,16029600
2023-06-07,49.700001,50.139999,49.650002,49.779999,45.645020,15950600
2023-06-08,49.919998,50.000000,49.570000,49.680000,45.553326,13289100
2023-06-09,49.529999,49.970001,49.369999,49.660000,45.535000,12173400
2023-06-12,49.919998,50.509998,49.669998,50.480000,46.286888,15495000
2023-06-13,50.689999,50.939999,50.450001,50.799999,46.580307,24035500
2023-06-14,50.799999,51.220001,50.630001,50.959999,46.727013,16630700
2023-06-15,50.910000,52.070000,50.830002,51.930000,47.616444,22496900
2023-06-16,52.200001,52.410000,51.930000,52.070000,47.744812,37134400
2023-06-20,51.939999,52.080002,51.470001,51.549999,47.268005,20138000
2023-06-21,51.380001,51.400002,50.820000,50.849998,46.626144,16939600
2023-06-22,50.650002,51.139999,50.430000,51.119999,46.873726,14993800
2023-06-23,50.639999,50.720001,50.090000,50.330002,46.149345,16544600
2023-06-26,50.310001,50.799999,50.180000,50.209999,46.039314,13032100
2023-06-27,50.310001,51.040001,50.250000,50.860001,46.635319,12981000
2023-06-28,50.779999,51.020000,50.439999,50.869999,46.644485,11387600
2023-06-29,50.860001,51.270000,50.820000,51.209999,46.956253,14246000
2023-06-30,51.880001,52.259998,51.520000,51.740002,47.442226,18188300
2023-07-03,51.360001,51.830002,51.330002,51.820000,47.515579,7338300
2023-07-05,50.970001,51.570000,50.930000,51.509998,47.589485,14950500
2023-07-06,51.070000,51.189999,50.650002,51.110001,47.219933,13931100
2023-07-07,51.000000,51.650002,50.740002,50.990002,47.109074,15580400
2023-07-10,51.070000,51.500000,51.020000,51.400002,47.487862,19046500
2023-07-11,51.570000,52.150002,51.540001,52.119999,48.153057,14998300
2023-07-12,51.560001,51.930000,50.529999,50.740002,46.878101,26332500
2023-07-13,50.689999,51.619999,50.650002,51.529999,47.607964,17864800
2023-07-14,50.419998,50.970001,50.060001,50.380001,46.545490,19566600
2023-07-17,50.200001,50.950001,50.139999,50.810001,46.942768,16140700
2023-07-18,50.980000,51.369999,50.849998,51.240002,47.340038,16430800
2023-07-19,52.209999,52.439999,51.700001,52.430000,48.439465,21745000
2023-07-20,52.060001,52.869999,51.919998,52.369999,48.384029,22784400
2023-07-21,52.750000,53.000000,52.529999,52.630001,48.624245,51284800
2023-07-24,52.689999,53.310001,52.669998,53.110001,49.067703,18390200
2023-07-25,53.189999,53.759998,53.110001,53.599998,49.520416,16136600
2023-07-26,53.540001,53.650002,52.959999,53.220001,49.169342,13563700
2023-07-27,53.599998,53.889999,52.860001,53.000000,48.966080,15795500
2023-07-28,52.060001,52.419998,51.770000,52.090000,48.125351,27491300
2023-07-31,51.840000,52.180000,51.740002,52.040001,48.079144,14193500
2023-08-01,52.570000,52.779999,52.310001,52.660000,48.651955,15286200
2023-08-02,52.380001,53.110001,52.320000,52.580002,48.578045,17693700
2023-08-03,52.490002,53.270000,52.240002,53.150002,49.104664,15186400
2023-08-04,52.880001,53.320000,52.540001,52.630001,48.624245,12266700
2023-08-07,52.970001,53.070000,52.680000,53.009998,48.975319,11327900
2023-08-08,52.660000,53.130001,52.360001,53.060001,49.021519,12224800
2023-08-09,52.900002,53.450001,52.660000,52.990002,48.956848,18765500
2023-08-10,53.410000,54.139999,53.169998,53.369999,49.307919,16329500
2023-08-11,53.349998,53.950001,53.189999,53.790001,49.695950,14344500
2023-08-14,53.799999,54.130001,53.720001,53.880001,49.779106,20707300
2023-08-15,53.619999,53.730000,53.180000,53.349998,49.289448,20173400
2023-08-16,53.189999,53.520000,52.869999,52.959999,48.929127,26470200
2023-08-17,54.439999,55.840000,54.369999,54.730000,50.564404,45278000
2023-08-18,54.630001,55.459999,54.619999,55.040001,50.850815,28839800
2023-08-21,55.200001,55.790001,55.150002,55.439999,51.220371,18283200
2023-08-22,55.480000,55.820000,55.279999,55.459999,51.238850,15661300
2023-08-23,55.610001,56.200001,55.400002,55.980000,51.719273,18250000
2023-08-24,56.320000,56.480000,55.209999,55.240002,51.035591,17586400
2023-08-25,55.250000,55.869999,55.250000,55.700001,51.460579,15731800
2023-08-28,55.889999,56.279999,55.680000,56.200001,51.922523,15189900
2023-08-29,56.349998,56.799999,56.110001,56.560001,52.255127,17859100
2023-08-30,56.630001,56.910000,56.540001,56.810001,52.486095,12145400
2023-08-31,57.099998,57.529999,56.889999,57.349998,52.984997,22619700
2023-09-01,57.389999,58.189999,57.389999,57.840000,53.437706,14080400
2023-09-05,57.820000,57.820000,57.230000,57.259998,52.901840,13885000
2023-09-06,57.099998,57.470001,57.070000,57.160000,52.809452,11380400
2023-09-07,56.970001,57.090000,56.660000,56.790001,52.467621,14762000
2023-09-08,56.759998,57.070000,56.560001,56.669998,52.356750,13992000
2023-09-11,56.720001,56.970001,56.439999,56.840000,52.513824,15842300
2023-09-12,56.650002,56.860001,56.340000,56.389999,52.098064,13916100
2023-09-13,56.320000,56.529999,56.080002,56.279999,51.996433,13092200
2023-09-14,56.419998,56.470001,56.080002,56.369999,52.079582,15760300
2023-09-15,56.310001,56.389999,55.540001,56.040001,51.774708,44029200
2023-09-18,56.009998,56.279999,55.830002,56.110001,51.839371,11825000
2023-09-19,56.180000,56.209999,55.459999,55.840000,51.589920,10748500
2023-09-20,55.950001,56.049999,55.439999,55.500000,51.275803,12219900
2023-09-21,53.410000,54.099998,52.849998,53.340000,49.280201,37436100
2023-09-22,53.400002,53.830002,53.200001,53.570000,49.492699,17869500
2023-09-25,53.459999,53.680000,53.160000,53.480000,49.409546,14224400
2023-09-26,53.180000,53.299999,52.580002,52.709999,48.698154,15618400
2023-09-27,52.889999,53.369999,52.529999,53.200001,49.150864,15845500
2023-09-28,53.369999,54.189999,53.349998,53.880001,49.779106,17204400
2023-09-29,54.160000,54.200001,53.500000,53.759998,49.668240,13951200
2023-10-02,53.840000,54.400002,53.810001,54.389999,50.250286,13934000
2023-10-03,53.860001,53.889999,53.349998,53.650002,49.924595,15700600
2023-10-04,53.660000,53.849998,53.220001,53.450001,49.738480,17009000
2023-10-05,53.400002,53.470001,52.580002,53.070000,49.384857,14929400
2023-10-06,52.990002,53.750000,52.740002,53.450001,49.738480,15665500
2023-10-09,53.349998,53.959999,53.250000,53.919998,50.175842,10163600
2023-10-10,53.959999,54.090000,53.650002,53.869999,50.129311,13105600
2023-10-11,53.930000,54.130001,53.349998,53.660000,49.933887,12658000
2023-10-12,54.020000,54.220001,53.509998,53.849998,50.110706,11846100
2023-10-13,53.880001,54.119999,53.439999,53.770000,50.036259,14413800
2023-10-16,54.070000,54.590000,54.040001,54.160000,50.399174,11736600
2023-10-17,53.790001,53.980000,53.169998,53.939999,50.194454,17105900
2023-10-18,53.790001,54.189999,53.599998,53.770000,50.036259,13087300
2023-10-19,53.759998,53.930000,53.200001,53.320000,49.617500,16325600
2023-10-20,53.389999,53.590000,52.799999,52.930000,49.254585,23888700
2023-10-23,52.820000,52.849998,52.160000,52.200001,48.575279,17760000
2023-10-24,52.259998,53.049999,52.060001,53.009998,49.329037,14824200
2023-10-25,53.110001,53.369999,52.330002,52.400002,48.761387,14384700
2023-10-26,51.869999,52.130001,51.310001,51.369999,47.802910,17594500
2023-10-27,51.639999,52.150002,51.400002,51.560001,47.979725,13333900
2023-10-30,51.349998,51.639999,51.090000,51.570000,47.989029,13322400
2023-10-31,51.750000,52.169998,51.680000,52.130001,48.510143,13509300
2023-11-01,52.040001,52.279999,51.799999,52.189999,48.565971,14300700
2023-11-02,52.320000,52.799999,52.180000,52.750000,49.087086,17459700
2023-11-03,53.259998,53.450001,52.630001,53.009998,49.329037,17644900
2023-11-06,52.970001,53.299999,52.880001,53.290001,49.589588,15429600
2023-11-07,53.340000,53.439999,52.970001,53.130001,49.440701,15153100
2023-11-08,53.389999,53.500000,52.770000,53.000000,49.319725,13633800
2023-11-09,52.119999,52.570000,51.750000,52.000000,48.389164,21039400
2023-11-10,52.250000,52.630001,51.930000,52.590000,48.938198,17369000
2023-11-13,52.480000,52.639999,52.090000,52.230000,48.603188,14931600
2023-11-14,52.470001,53.369999,52.470001,53.169998,49.477924,18331000
2023-11-15,53.270000,53.430000,53.040001,53.279999,49.580276,32188200
2023-11-16,47.410000,48.060001,46.200001,48.040001,44.704144,79057800
2023-11-17,48.049999,48.360001,47.730000,47.759998,44.443588,32593700
2023-11-20,47.560001,48.369999,47.549999,48.270000,44.918175,27421000
2023-11-21,48.270000,48.349998,47.660000,47.799999,44.480808,21510500
2023-11-22,48.080002,48.349998,47.950001,48.080002,44.741364,17308400
2023-11-24,48.090000,48.400002,48.049999,48.360001,45.001923,8209500
2023-11-27,48.330002,48.369999,47.910000,47.930000,44.601784,17651600
2023-11-28,47.950001,48.189999,47.810001,47.849998,44.527332,16360900
2023-11-29,48.110001,48.439999,48.029999,48.049999,44.713455,16700500
2023-11-30,48.189999,48.500000,47.939999,48.380001,45.020538,37165000
2023-12-01,48.279999,48.779999,48.020000,48.470001,45.104279,18744700
2023-12-04,48.060001,48.180000,47.779999,48.049999,44.713455,17812900
2023-12-05,47.750000,47.959999,47.590000,47.930000,44.601784,20985000
2023-12-06,48.070000,48.209999,47.650002,47.700001,44.387753,19535500
2023-12-07,47.910000,48.360001,47.799999,48.259998,44.908867,20478500
2023-12-08,48.279999,48.590000,48.209999,48.380001,45.020538,16039900
2023-12-11,48.939999,49.439999,48.849998,49.389999,45.960400,25618900
2023-12-12,49.580002,49.590000,49.110001,49.330002,45.904568,18712200
2023-12-13,49.240002,49.700001,48.810001,49.689999,46.239571,18689200
2023-12-14,50.000000,50.009998,49.169998,49.439999,46.006924,28418700
2023-12-15,49.490002,49.930000,49.430000,49.869999,46.407070,58860100
2023-12-18,49.919998,50.299999,49.400002,50.240002,46.751385,20453100
2023-12-19,50.369999,50.459999,49.840000,50.180000,46.695545,17035800
2023-12-20,50.119999,50.330002,49.790001,49.799999,46.341927,17812200
2023-12-21,49.930000,49.980000,49.380001,49.700001,46.248875,18772300
2023-12-22,49.840000,50.389999,49.840000,50.090000,46.611794,12903800
2023-12-26,50.110001,50.400002,50.049999,50.279999,46.788597,9721200
2023-12-27,50.299999,50.560001,50.279999,50.439999,46.937489,10414300
2023-12-28,50.580002,50.630001,50.419998,50.480000,46.974705,8549900
2023-12-29,50.450001,50.590000,50.220001,50.520000,47.011936,12492900
2024-01-02,50.490002,50.860001,50.250000,50.509998,47.002625,20242900
2024-01-03,50.169998,50.680000,49.939999,50.509998,47.368366,20303900
2024-01-04,50.439999,50.509998,49.990002,50.080002,46.965122,18134100
2024-01-05,50.180000,50.369999,49.869999,50.090000,46.974499,13989300
2024-01-08,49.750000,50.500000,49.689999,50.459999,47.321480,18070300
2024-01-09,49.959999,50.040001,49.430000,49.910000,46.805695,20489200
2024-01-10,50.000000,50.320000,49.820000,50.240002,47.115170,15174200
2024-01-11,50.450001,50.500000,50.040001,50.439999,47.302723,16458300
2024-01-12,50.500000,50.820000,50.299999,50.340000,47.208942,18785700
2024-01-16,50.250000,50.590000,50.070000,50.590000,47.443394,17015900
2024-01-17,50.240002,50.430000,49.910000,50.299999,47.171429,17370600
2024-01-18,50.299999,50.799999,50.279999,50.750000,47.593441,18487500
2024-01-19,50.750000,51.389999,50.730000,51.270000,48.081104,23015300
2024-01-22,51.549999,51.779999,51.410000,51.570000,48.362442,20298700
2024-01-23,51.389999,51.820000,51.299999,51.759998,48.540627,15044300
2024-01-24,52.000000,52.000000,51.209999,51.310001,48.118614,19458500
2024-01-25,51.750000,52.560001,51.750000,52.330002,49.075180,18936600
2024-01-26,52.419998,52.619999,51.990002,52.139999,48.896992,13160300
2024-01-29,51.840000,52.389999,51.830002,52.290001,49.037655,13492400
2024-01-30,52.299999,52.419998,52.000000,52.240002,48.990772,14322100
2024-01-31,51.849998,51.939999,50.070000,50.180000,47.058899,29311800
2024-02-01,50.230000,50.459999,49.820000,50.180000,47.058899,20635700
2024-02-02,50.139999,50.380001,49.619999,50.180000,47.058899,20533100
2024-02-05,49.939999,50.150002,49.259998,49.509998,46.430569,19602000
2024-02-06,50.310001,50.610001,49.790001,49.980000,46.871334,19265800
2024-02-07,50.299999,50.349998,49.459999,49.770000,46.674400,16794400
2024-02-08,49.900002,49.990002,49.549999,49.950001,46.843208,19599000
2024-02-09,49.930000,50.259998,49.630001,50.130001,47.012009,24076900
2024-02-12,50.029999,50.200001,49.529999,49.990002,46.880722,19046300
2024-02-13,49.619999,49.939999,49.139999,49.639999,46.552483,23633700
2024-02-14,49.570000,50.340000,49.549999,50.279999,47.152676,31176400
2024-02-15,48.259998,49.689999,48.189999,49.060001,46.008568,42766500
2024-02-16,48.750000,49.080002,48.389999,48.439999,45.427120,24912300
2024-02-20,47.970001,48.470001,47.849998,48.279999,45.277077,26402500
2024-02-21,48.450001,48.520000,47.900002,48.480000,45.464634,15981300
2024-02-22,48.270000,48.700001,48.150002,48.570000,45.549034,22020300
2024-02-23,48.619999,49.139999,48.500000,48.860001,45.821003,13141900
2024-02-26,48.849998,48.900002,48.360001,48.400002,45.389606,13018700
2024-02-27,48.150002,48.450001,48.020000,48.310001,45.305210,12515400
2024-02-28,48.200001,48.480000,48.009998,48.060001,45.070759,14635100
2024-02-29,48.189999,48.480000,48.130001,48.369999,45.361477,22962500
2024-03-01,48.110001,48.419998,47.660000,48.400002,45.389606,18508100
2024-03-04,48.369999,49.470001,48.230000,49.130001,46.074207,25214500
2024-03-05,49.040001,49.070000,48.570000,48.950001,45.905403,18101300
2024-03-06,48.980000,49.410000,48.970001,49.169998,46.111717,20903600
2024-03-07,49.439999,49.480000,48.830002,48.900002,45.858513,21224700
2024-03-08,48.869999,49.779999,48.849998,49.500000,46.421196,19316200
2024-03-11,49.720001,50.299999,49.580002,50.220001,47.096413,17715100
2024-03-12,50.540001,50.549999,49.889999,50.070000,46.955742,17590400
2024-03-13,50.029999,50.150002,49.830002,50.110001,46.993256,16669900
2024-03-14,50.270000,50.349998,49.599998,49.790001,46.693153,17239400
2024-03-15,49.790001,49.959999,48.900002,48.930000,45.886650,57049200
2024-03-18,49.220001,49.660000,48.980000,49.270000,46.205502,17406700
2024-03-19,49.119999,49.599998,48.970001,49.139999,46.083584,19601100
2024-03-20,49.040001,49.580002,48.939999,49.549999,46.468082,18554100
2024-03-21,49.709999,50.189999,49.560001,49.880001,46.777561,26102900
2024-03-22,50.049999,50.099998,49.720001,49.779999,46.683777,15022900
2024-03-25,49.560001,49.759998,49.290001,49.680000,46.589996,16191200
2024-03-26,49.549999,49.810001,49.480000,49.549999,46.468082,13842900
2024-03-27,49.770000,49.900002,49.410000,49.770000,46.674400,17231000
2024-03-28,49.889999,50.200001,49.810001,49.910000,46.805695,18139700
2024-04-01,49.959999,50.200001,49.869999,50.040001,46.927608,15138100
2024-04-02,49.959999,50.090000,49.150002,49.360001,46.289902,16414400
2024-04-03,48.799999,49.220001,48.660000,48.740002,46.081894,22210000
2024-04-04,49.090000,49.549999,48.040001,48.110001,45.486256,17374000
2024-04-05,47.959999,48.669998,47.889999,48.549999,45.902260,18661300
2024-04-08,48.189999,48.660000,48.160000,48.240002,45.609169,15375700
2024-04-09,48.840000,50.200001,48.520000,50.009998,47.282635,26686600
2024-04-10,49.730000,49.770000,48.810001,49.209999,46.526264,20026400
2024-04-11,49.320000,49.590000,49.000000,49.529999,46.828812,15703900
2024-04-12,49.209999,49.230000,48.439999,48.490002,45.845535,16418100
2024-04-15,49.720001,49.790001,48.200001,48.240002,45.609169,20310800
2024-04-16,48.470001,48.509998,47.840000,47.919998,45.306618,14233400
2024-04-17,48.000000,48.279999,47.709999,47.790001,45.183704,14407600
2024-04-18,48.410000,48.410000,47.880001,48.110001,45.486256,13080900
2024-04-19,48.389999,48.430000,48.029999,48.320000,45.684803,20964400
2024-04-22,48.490002,48.590000,48.000000,48.139999,45.514626,20135700
2024-04-23,48.139999,48.459999,48.060001,48.320000,45.684803,16261700
2024-04-24,48.049999,48.380001,47.919998,48.349998,45.713169,14828500
2024-04-25,48.779999,48.930000,47.849998,48.099998,45.476795,18790900
2024-04-26,47.639999,48.279999,47.610001,47.860001,45.249897,14658900
2024-04-29,47.990002,48.310001,47.580002,47.779999,45.174252,11599500
2024-04-30,47.610001,47.689999,46.970001,46.980000,44.417881,18535400
2024-05-01,46.700001,47.570000,46.680000,46.840000,44.285515,18266400
2024-05-02,47.029999,47.119999,46.599998,46.790001,44.238243,15441700
2024-05-03,47.099998,47.400002,46.840000,47.119999,44.550247,17935300
2024-05-06,47.220001,47.439999,46.970001,47.110001,44.540791,14163000
2024-05-07,47.209999,47.459999,47.009998,47.279999,44.701515,14308200
2024-05-08,47.439999,48.139999,47.250000,48.000000,45.382256,15130200
2024-05-09,48.000000,48.090000,47.650002,47.790001,45.183704,12449300
2024-05-10,48.000000,48.099998,47.700001,48.060001,45.438984,12096900
2024-05-13,48.310001,48.820000,48.230000,48.680000,46.025166,15149100
2024-05-14,48.980000,49.180000,48.349998,48.950001,46.280445,17379700
2024-05-15,49.189999,49.730000,48.730000,49.669998,46.961182,37342100
2024-05-16,50.080002,50.110001,48.169998,48.340000,45.703709,47829400
2024-05-17,48.259998,48.560001,48.110001,48.169998,45.542980,22020300
2024-05-20,48.000000,48.070000,47.009998,47.130001,44.559704,22040700
2024-05-21,47.119999,47.150002,46.610001,46.939999,44.380058,25172200
2024-05-22,47.099998,47.840000,47.040001,47.430000,44.843338,19940600
2024-05-23,47.150002,47.189999,46.509998,46.599998,44.058605,18837500
2024-05-24,46.630001,46.799999,46.380001,46.419998,43.888424,11941100
2024-05-28,46.150002,46.889999,45.980000,46.279999,43.756058,18178800
2024-05-29,45.900002,46.330002,45.849998,46.080002,43.566971,16001100
2024-05-30,46.099998,46.459999,46.000000,46.119999,43.604782,19894200
2024-05-31,46.139999,46.570000,46.009998,46.500000,43.964058,39269100
2024-06-03,46.720001,46.770000,46.279999,46.650002,44.105877,23295000
2024-06-04,46.650002,47.599998,46.509998,47.419998,44.833893,23330300
2024-06-05,47.520000,47.630001,45.639999,46.020000,43.510239,28746400
2024-06-06,45.939999,46.389999,45.779999,46.230000,43.708778,15456100
2024-06-07,45.950001,46.290001,45.790001,45.840000,43.340057,15734600
2024-06-10,45.799999,45.860001,45.270000,45.849998,43.349506,13400400
2024-06-11,45.689999,45.930000,45.360001,45.770000,43.273869,17450700
2024-06-12,45.990002,46.080002,45.389999,45.619999,43.132050,16803100
2024-06-13,45.419998,45.549999,45.119999,45.520000,43.037506,16149000
2024-06-14,45.320000,45.709999,44.970001,45.680000,43.188774,15274200
2024-06-17,45.400002,45.709999,44.950001,45.689999,43.198231,16382000
2024-06-18,45.500000,45.990002,45.500000,45.970001,43.462963,17627000
2024-06-20,45.910000,46.869999,45.860001,46.720001,44.172066,25613200
2024-06-21,47.099998,47.840000,47.049999,47.290001,44.710979,64967000
2024-06-24,47.490002,47.779999,47.020000,47.279999,44.701515,19136200
2024-06-25,47.270000,47.820000,46.990002,47.380001,44.796070,17615800
2024-06-26,47.060001,47.410000,46.799999,46.860001,44.304424,13981300
2024-06-27,46.779999,47.509998,46.770000,47.450001,44.862251,16541900
2024-06-28,47.549999,47.860001,47.340000,47.509998,44.918976,23921100
2024-07-01,47.480000,47.840000,47.349998,47.520000,44.928429,17776000
2024-07-02,47.400002,47.790001,46.959999,47.279999,44.701515,19794200
2024-07-03,47.150002,47.520000,47.040001,47.090000,44.521885,8118300
2024-07-05,46.430000,46.759998,46.310001,46.650002,44.483742,14692600
2024-07-08,46.349998,46.779999,45.950001,46.060001,43.921139,19320900
2024-07-09,46.000000,46.099998,45.650002,45.799999,43.673210,17343400
2024-07-10,46.060001,46.290001,45.830002,46.270000,44.121387,18737300
2024-07-11,46.180000,46.910000,46.180000,46.759998,44.588631,19741200
2024-07-12,46.779999,47.860001,46.650002,47.380001,45.179844,20936100
2024-07-15,47.410000,47.490002,46.790001,47.400002,45.198910,15925900
2024-07-16,47.450001,47.970001,47.220001,47.419998,45.217987,17037300
2024-07-17,47.459999,48.740002,47.349998,48.520000,46.266903,26638700
2024-07-18,48.150002,48.639999,47.980000,48.040001,45.809196,18462500
2024-07-19,48.090000,48.099998,47.139999,47.320000,45.122627,18289200
2024-07-22,47.320000,47.380001,46.770000,46.820000,44.645851,19899400
2024-07-23,46.750000,46.779999,46.340000,46.360001,44.207211,16372000
2024-07-24,46.540001,47.040001,46.240002,46.849998,44.674454,25318200
2024-07-25,47.369999,48.189999,47.060001,47.240002,45.046345,20631200
2024-07-26,47.320000,48.009998,47.240002,47.880001,45.656628,16104900
2024-07-29,47.820000,48.209999,47.439999,47.990002,45.761524,11475700
2024-07-30,48.189999,48.549999,47.889999,48.139999,45.904556,20166000
2024-07-31,48.410000,48.770000,48.240002,48.450001,46.200153,19953600
2024-08-01,48.619999,48.720001,47.200001,47.389999,45.189377,18837500
2024-08-02,47.680000,47.750000,46.349998,46.660000,44.493275,24000200
2024-08-05,46.549999,46.680000,44.689999,44.740002,42.662434,29669600
2024-08-06,44.750000,45.740002,44.639999,45.160000,43.062927,20524000
2024-08-07,45.419998,46.209999,45.090000,45.119999,43.024788,18301100
2024-08-08,45.279999,46.270000,45.279999,45.830002,43.701820,18369100
2024-08-09,45.700001,46.060001,45.240002,45.470001,43.358536,21217600
2024-08-12,45.529999,45.740002,44.500000,44.860001,42.776867,20289500
2024-08-13,44.980000,45.389999,44.889999,45.369999,43.263180,20976900
2024-08-14,45.139999,45.740002,45.040001,45.439999,43.329926,30675600
2024-08-15,48.750000,50.279999,48.160000,48.529999,46.276440,45976400
2024-08-16,48.639999,49.730000,48.500000,49.459999,47.163254,27424900
2024-08-19,49.330002,49.990002,49.299999,49.980000,47.659111,16436600
2024-08-20,49.980000,50.369999,49.599998,50.240002,47.907040,18697300
2024-08-21,50.290001,50.549999,50.029999,50.450001,48.107288,21177600
2024-08-22,50.720001,50.930000,50.180000,50.220001,47.887966,19143100
2024-08-23,50.509998,50.770000,50.320000,50.740002,48.383820,16474100
2024-08-26,50.790001,51.020000,50.720001,50.790001,48.431496,12016800
2024-08-27,50.669998,50.840000,50.400002,50.709999,48.355206,10243900
2024-08-28,50.450001,50.570000,49.410000,49.849998,47.535141,14571400
2024-08-29,49.970001,50.820000,49.880001,50.389999,48.050064,16324100
2024-08-30,50.549999,50.689999,50.070000,50.540001,48.193100,15615800
2024-09-03,50.310001,50.500000,49.900002,50.060001,47.735397,14918600
2024-09-04,49.820000,50.040001,49.580002,49.700001,47.392109,16411700
2024-09-05,49.500000,49.650002,48.939999,49.130001,46.848583,16312000
2024-09-06,48.869999,49.230000,48.200001,48.500000,46.247833,21040500
2024-09-09,48.470001,49.150002,48.259998,48.700001,46.438549,18677600
2024-09-10,48.790001,48.970001,48.439999,48.790001,46.524364,11754700
2024-09-11,48.750000,49.209999,47.849998,49.110001,46.829498,15106600
2024-09-12,49.090000,49.639999,48.860001,49.610001,47.306293,13229500
2024-09-13,49.740002,50.060001,49.669998,49.799999,47.487469,10168900
2024-09-16,49.880001,51.070000,49.779999,51.029999,48.660347,16668200
2024-09-17,51.020000,51.419998,50.570000,50.610001,48.259857,13230300
2024-09-18,50.389999,51.139999,50.270000,50.570000,48.221710,12697700
2024-09-19,51.410000,51.720001,51.150002,51.439999,49.051311,16274000
2024-09-20,51.450001,52.330002,51.419998,51.970001,49.556698,44096600
2024-09-23,52.060001,52.439999,51.889999,52.189999,49.766483,18343400
2024-09-24,52.209999,52.570000,52.009998,52.520000,50.081161,26479300
2024-09-25,52.570000,52.730000,52.369999,52.650002,50.205124,22422200
2024-09-26,53.000000,53.290001,52.759998,52.849998,50.395836,18374000
2024-09-27,53.040001,53.220001,52.860001,53.020000,50.557941,13868300
2024-09-30,53.020000,53.310001,52.650002,53.220001,50.748653,17807500
2024-10-01,53.110001,53.200001,52.310001,52.740002,50.290939,16621800
2024-10-02,52.400002,52.840000,52.130001,52.619999,50.559982,11071300
2024-10-03,52.189999,52.660000,52.160000,52.430000,50.377419,11029100
2024-10-04,52.799999,52.910000,52.410000,52.750000,50.684895,11724100
2024-10-07,52.580002,52.849998,52.369999,52.509998,50.454288,10941700
2024-10-08,52.639999,52.770000,52.200001,52.730000,50.665676,12365000
2024-10-09,52.650002,53.680000,52.540001,53.560001,51.463181,10586100
2024-10-10,53.700001,53.810001,53.419998,53.540001,51.443962,9377500
2024-10-11,53.520000,54.330002,53.520000,54.250000,52.126171,12704500
2024-10-14,54.310001,54.410000,53.790001,54.270000,52.145390,11428600
2024-10-15,54.419998,54.610001,53.919998,54.080002,51.962833,20066300
2024-10-16,55.000000,56.410000,54.830002,56.380001,54.172783,32382300
2024-10-17,56.380001,56.580002,55.849998,56.400002,54.191998,18383400
2024-10-18,56.410000,56.869999,56.209999,56.759998,54.537903,17679800
2024-10-21,56.689999,57.060001,56.509998,56.590000,54.374561,14083600
2024-10-22,56.000000,56.900002,55.860001,56.599998,54.384167,14956300
2024-10-23,56.160000,56.590000,55.990002,56.279999,54.076698,18723000
2024-10-24,56.380001,56.549999,55.810001,55.959999,53.769222,14699600
2024-10-25,56.250000,56.630001,55.669998,55.740002,53.557842,14680500
2024-10-28,55.900002,55.980000,55.209999,55.279999,53.115849,12912300
2024-10-29,55.369999,56.110001,55.270000,55.680000,53.500191,18810100
2024-10-30,55.570000,56.040001,55.369999,55.590000,53.413708,13284300
2024-10-31,55.430000,55.509998,54.709999,54.770000,52.625816,22023400
2024-11-01,54.740002,55.810001,54.529999,55.500000,53.327232,19235600
2024-11-04,55.450001,55.910000,55.119999,55.830002,53.644314,13269900
2024-11-05,55.900002,56.270000,55.500000,56.160000,53.961391,10183600
2024-11-06,57.189999,58.090000,56.959999,57.869999,55.604446,20506000
2024-11-07,57.799999,58.299999,57.540001,58.080002,55.806229,17880200
2024-11-08,58.090000,58.200001,57.660000,58.060001,55.787010,17517700
2024-11-11,59.000000,59.380001,58.360001,58.630001,56.334694,17827000
2024-11-12,58.759998,59.040001,58.430000,58.709999,56.411568,16609400
2024-11-13,58.150002,59.279999,57.840000,59.180000,56.863163,36350600
2024-11-14,58.990002,58.990002,57.520000,57.919998,55.652493,33747700
2024-11-15,57.450001,58.099998,57.230000,57.459999,55.210499,28173700
2024-11-18,57.549999,57.990002,57.230000,57.310001,55.066372,23769300
2024-11-19,56.680000,57.040001,56.349998,57.009998,54.778114,17476200
2024-11-20,56.840000,57.500000,56.610001,57.500000,55.248936,15345000
2024-11-21,57.290001,57.930000,57.099998,57.560001,55.306587,16162400
2024-11-22,57.590000,58.700001,57.459999,58.549999,56.257828,14952100
2024-11-25,58.650002,58.959999,58.259998,58.740002,56.440392,52408200
2024-11-26,59.000000,59.639999,58.939999,59.590000,57.257114,14209700
2024-11-27,59.610001,59.869999,58.930000,59.290001,56.968861,12703300
2024-11-29,59.070000,59.590000,59.040001,59.209999,56.891987,11618400
2024-12-02,59.250000,59.700001,59.139999,59.430000,57.103382,15977400
2024-12-03,59.430000,59.529999,59.169998,59.480000,57.151417,11746000
2024-12-04,59.639999,59.840000,59.270000,59.619999,57.285942,16872100
2024-12-05,59.790001,60.230000,59.700001,60.020000,57.670280,19121700
2024-12-06,60.000000,60.080002,59.770000,59.889999,57.545372,14622700
2024-12-09,59.830002,59.880001,58.860001,58.950001,56.642174,16517500
2024-12-10,58.500000,58.860001,58.130001,58.720001,56.421177,14480200
2024-12-11,58.880001,58.959999,58.310001,58.590000,56.296265,26842900
2024-12-12,58.689999,59.740002,58.630001,58.849998,56.546085,17704600
2024-12-13,58.619999,58.939999,58.380001,58.619999,56.325092,14129700
2024-12-16,58.470001,58.490002,57.849998,58.349998,56.065655,26883200
2024-12-17,58.380001,59.070000,58.169998,58.520000,56.229000,24912500
2024-12-18,58.709999,58.709999,57.480000,57.529999,55.277760,24195100
2024-12-19,57.389999,58.139999,57.340000,57.630001,55.373844,21947800
2024-12-20,57.570000,58.779999,57.270000,58.520000,56.229000,69544600
2024-12-23,58.130001,59.020000,58.119999,58.980000,56.670998,18671200
2024-12-24,58.799999,59.849998,58.799999,59.849998,57.506931,9922300
2024-12-26,59.619999,60.060001,59.400002,59.980000,57.631844,8524500
2024-12-27,59.570000,60.020000,59.139999,59.610001,57.276329,13021400
2024-12-30,59.090000,59.389999,58.410000,59.189999,56.872776,12948100
2024-12-31,59.220001,59.380001,58.770000,59.200001,56.882385,14173000
2025-01-02,59.270000,59.680000,58.570000,59.099998,56.786297,16144300
2025-01-03,58.840000,59.169998,58.360001,58.860001,56.941082,18859000
2025-01-06,58.910000,59.580002,58.590000,58.770000,56.854015,18543300
2025-01-07,58.970001,59.250000,58.650002,58.930000,57.008797,16863800
2025-01-08,58.889999,59.240002,58.270000,59.200001,57.269997,14400300
2025-01-10,58.790001,59.060001,58.540001,58.740002,56.824997,17274500
2025-01-13,58.919998,58.930000,58.169998,58.759998,56.844341,19340700
2025-01-14,58.970001,59.340000,58.750000,59.330002,57.395760,16715500
2025-01-15,59.860001,60.340000,59.590000,59.980000,58.024570,19185100
2025-01-16,60.180000,60.450001,59.779999,59.820000,57.869785,18445700
2025-01-17,60.759998,60.950001,60.200001,60.230000,58.266415,23876400
2025-01-21,60.470001,61.330002,60.279999,61.029999,59.040337,18623800
2025-01-22,61.040001,61.759998,60.990002,61.630001,59.620773,19436600
2025-01-23,61.799999,62.320000,61.380001,62.230000,60.201210,14212000
2025-01-24,62.060001,62.290001,61.860001,62.230000,60.201210,17232900
2025-01-27,61.389999,61.459999,58.759998,59.080002,57.153912,33730300
2025-01-28,59.020000,59.560001,58.919998,59.430000,57.492496,25473300
2025-01-29,59.950001,60.540001,59.509998,59.549999,57.608589,17925300
2025-01-30,60.470001,61.080002,60.250000,60.470001,58.498592,17079000
2025-01-31,60.529999,61.189999,60.459999,60.599998,58.624348,16554200
2025-02-03,60.189999,61.259998,59.549999,61.040001,59.050011,20375700
2025-02-04,60.840000,61.590000,60.730000,61.340000,59.340229,12742700
2025-02-05,61.450001,62.709999,61.299999,62.570000,60.530128,18997400
2025-02-06,62.820000,62.910000,62.070000,62.270000,60.239910,15521800
2025-02-07,62.740002,63.250000,62.209999,62.270000,60.239910,23861000
2025-02-10,63.119999,63.150002,62.380001,62.810001,60.762306,15816200
2025-02-11,62.529999,62.799999,62.180000,62.430000,60.394695,17702500
2025-02-12,61.439999,62.560001,61.200001,62.529999,60.491432,30116300
2025-02-13,66.099998,66.500000,62.720001,63.840000,61.758724,43257700
2025-02-14,63.790001,65.070000,63.439999,64.870003,62.755142,23693300
2025-02-18,65.300003,66.250000,64.430000,64.589996,62.484276,22047500
2025-02-19,64.519997,64.959999,64.290001,64.839996,62.726116,14164100
2025-02-20,64.959999,65.230003,64.269997,64.669998,62.561665,14836600
2025-02-21,64.680000,64.959999,63.880001,63.980000,61.894161,18905800
2025-02-24,64.430000,64.580002,63.150002,63.240002,61.178284,17287500
2025-02-25,64.599998,64.639999,63.320000,64.269997,62.174706,22100100
2025-02-26,64.050003,64.779999,63.939999,64.080002,61.990898,13452300
2025-02-27,64.769997,65.290001,63.750000,63.810001,61.729702,24695600
2025-02-28,63.930000,64.160004,62.830002,64.110001,62.019920,26711800
2025-03-03,64.389999,64.879997,63.189999,63.480000,61.410458,21810700
2025-03-04,63.740002,63.910000,62.610001,63.259998,61.197636,24588300
2025-03-05,63.230000,64.180000,62.799999,63.959999,61.874813,14931500
2025-03-06,63.799999,64.019997,62.759998,63.410000,61.342743,23155100
2025-03-07,62.900002,64.169998,62.189999,63.939999,61.855461,21154800
2025-03-10,63.480000,63.689999,61.680000,62.060001,60.036755,27417600
2025-03-11,62.279999,62.380001,60.529999,60.669998,58.692070,25787400
2025-03-12,60.959999,61.180000,60.250000,60.459999,58.488918,18935300
2025-03-13,60.410000,60.490002,59.230000,59.669998,57.724674,16463300
2025-03-14,60.320000,60.619999,59.919998,60.500000,58.527615,16250700
2025-03-17,60.400002,61.209999,60.340000,60.889999,58.904896,15335800
2025-03-18,60.669998,60.799999,59.669998,60.299999,58.334129,16669000
2025-03-19,60.630001,61.580002,60.500000,61.119999,59.127399,15488800
2025-03-20,60.480000,61.020000,60.340000,60.619999,58.643696,16528600
2025-03-21,60.169998,60.400002,59.430000,60.299999,58.334129,65935200
2025-03-24,61.040001,61.380001,60.880001,60.970001,58.982292,28335600
2025-03-25,60.840000,61.209999,60.700001,60.990002,59.001640,20877600
2025-03-26,61.029999,61.840000,61.009998,61.799999,59.785233,30621200
2025-03-27,61.889999,61.980000,61.330002,61.400002,59.398273,25720200
2025-03-28,61.660000,61.779999,60.509998,60.860001,58.875874,24931700
2025-03-31,60.630001,61.900002,60.240002,61.709999,59.698162,29335700
2025-04-01,61.380001,62.040001,61.060001,61.799999,59.785233,17381400
2025-04-02,61.200001,61.869999,61.099998,61.820000,59.804581,18610700
2025-04-03,59.380001,59.919998,57.259998,57.310001,55.811764,40006300
2025-04-04,56.660000,57.470001,54.439999,54.540001,53.114178,42924400
2025-04-07,53.380001,56.119999,52.110001,54.410000,52.987579,46816200
2025-04-08,54.740002,55.869999,52.720001,53.189999,51.799473,37377000
2025-04-09,53.080002,58.430000,52.669998,58.130001,56.610329,53380800
2025-04-10,57.820000,57.939999,55.000000,56.590000,55.110584,31964600
2025-04-11,56.669998,57.799999,56.279999,57.330002,55.831242,23036900
2025-04-14,57.889999,58.209999,57.099998,57.410000,55.909145,15657700
2025-04-15,57.869999,57.910000,57.060001,57.200001,55.704643,18543600
2025-04-16,56.570000,57.080002,55.419998,55.759998,54.302288,20551300
2025-04-17,56.200001,56.410000,55.689999,55.759998,54.302288,15910400
2025-04-21,55.160000,55.330002,53.830002,54.369999,52.948620,15578800
2025-04-22,55.220001,55.279999,54.590000,55.040001,53.601109,19961800
2025-04-23,56.150002,56.980000,55.500000,55.630001,54.175682,30231500
2025-04-24,55.299999,56.570000,55.160000,56.290001,54.818432,22782300
2025-04-25,56.209999,56.779999,56.070000,56.709999,55.227444,16493500
2025-04-28,56.529999,57.330002,56.419998,56.840000,55.354053,23140600
2025-04-29,56.689999,57.490002,56.630001,57.340000,55.840977,13466000
2025-04-30,57.099998,57.910000,56.459999,57.730000,56.220783,19921200
2025-05-01,57.779999,58.470001,57.680000,58.119999,56.600586,16420800
2025-05-02,59.060001,59.419998,58.740002,59.330002,57.778957,18753200
2025-05-05,59.000000,59.650002,58.880001,59.320000,57.769215,14758500
2025-05-06,58.630001,59.509998,58.580002,59.220001,57.671829,13766500
2025-05-07,59.200001,59.900002,59.070000,59.570000,58.012680,14078300
2025-05-08,59.959999,60.279999,59.430000,59.709999,58.149025,16196700
2025-05-09,60.660000,60.830002,59.439999,59.770000,58.207455,17480700
2025-05-12,61.610001,61.849998,61.119999,61.669998,60.057777,23700000
2025-05-13,61.680000,62.240002,61.610001,61.779999,60.164902,18591200
2025-05-14,61.630001,61.869999,60.849998,61.290001,59.687717,34509200
2025-05-15,63.070000,65.750000,62.919998,64.260002,62.580078,60718000
2025-05-16,63.910000,64.029999,62.980000,63.619999,61.956802,30289900
2025-05-19,63.430000,64.129997,63.180000,63.919998,62.248959,16249000
2025-05-20,63.740002,63.849998,63.070000,63.419998,61.762024,14995200
2025-05-21,62.990002,63.910000,62.970001,63.200001,61.547787,15595900
2025-05-22,63.410000,63.720001,62.950001,63.360001,61.703602,15641100
2025-05-23,62.709999,63.220001,62.529999,63.110001,61.460133,15645400
2025-05-27,63.759998,63.990002,63.340000,63.750000,62.083405,17429400
2025-05-28,63.889999,63.990002,63.250000,63.340000,61.684120,13814500
2025-05-29,63.730000,63.740002,62.490002,63.049999,61.401703,13982800
2025-05-30,62.919998,63.180000,62.299999,63.040001,61.391968,25829000
2025-06-02,62.730000,63.880001,62.709999,63.849998,62.180790,15816000
2025-06-03,63.799999,64.459999,63.720001,64.360001,62.677456,15156900
2025-06-04,64.660004,64.889999,64.349998,64.389999,62.706676,14770900
2025-06-05,64.480003,64.910004,64.279999,64.620003,62.930664,17025200
2025-06-06,65.320000,66.160004,65.230003,66.059998,64.333008,20943800
2025-06-09,66.110001,66.360001,65.589996,65.900002,64.177200,13689800
2025-06-10,66.010002,66.080002,64.809998,65.150002,63.446812,17214900
2025-06-11,65.110001,65.150002,63.869999,64.190002,62.511902,20442600
2025-06-12,64.320000,65.209999,64.110001,65.099998,63.398117,15160800
2025-06-13,64.589996,64.720001,63.930000,64.089996,62.414516,14635000
2025-06-16,65.190002,65.610001,64.849998,65.510002,63.797398,16957700
2025-06-17,65.639999,66.150002,65.019997,65.330002,63.622101,18845200
2025-06-18,65.690002,66.339996,65.379997,65.839996,64.118759,22664200
2025-06-20,66.489998,66.650002,65.720001,66.320000,64.586212,50421700
2025-06-23,66.349998,67.489998,66.209999,67.379997,65.618500,34030000
2025-06-24,67.779999,68.040001,67.360001,67.889999,66.115173,23162700
2025-06-25,67.849998,68.529999,67.779999,68.190002,66.407333,19395700
2025-06-26,68.720001,69.160004,68.419998,68.949997,67.147453,23154000
2025-06-27,68.870003,69.220001,68.339996,68.650002,66.855301,26224600
2025-06-30,68.830002,69.779999,68.750000,69.379997,67.566216,32561200
2025-07-01,69.379997,69.550003,68.639999,69.099998,67.293533,21939500
2025-07-02,68.680000,68.940002,68.180000,68.589996,66.796875,16655200
2025-07-03,68.180000,69.470001,68.180000,69.370003,67.962746,17973500
2025-07-07,69.080002,69.300003,68.610001,68.930000,67.531662,23985200
2025-07-08,68.800003,68.919998,68.349998,68.589996,67.198555,21182600
2025-07-09,68.540001,69.320000,68.309998,69.269997,67.864754,23765900
2025-07-10,69.260002,69.389999,68.559998,68.760002,67.365120,15005300
2025-07-11,68.290001,68.500000,67.690002,67.949997,66.571548,14699400
2025-07-14,67.830002,68.029999,67.199997,67.820000,66.444183,16451400
2025-07-15,67.680000,67.879997,67.150002,67.180000,65.817169,13944600
2025-07-16,67.150002,67.559998,66.980003,67.370003,66.003304,15156100
2025-07-17,67.550003,68.470001,67.510002,68.300003,66.914444,20400000
2025-07-18,68.779999,68.839996,67.959999,68.050003,66.669510,16145100
2025-07-21,67.900002,68.620003,67.790001,68.339996,66.953621,14674200
2025-07-22,68.339996,68.599998,68.080002,68.160004,66.777283,14527200
2025-07-23,68.349998,68.830002,68.059998,68.620003,67.227943,13042300
2025-07-24,68.360001,68.589996,67.919998,68.290001,66.904648,13534000
2025-07-25,68.379997,68.820000,68.070000,68.690002,67.296532,11590000
2025-07-28,67.750000,67.959999,67.370003,67.919998,66.542145,20558400
2025-07-29,68.230003,68.720001,67.830002,67.959999,66.581345,15261800
2025-07-30,67.839996,68.580002,67.349998,68.279999,66.894844,15518200
2025-07-31,68.309998,69.150002,67.879997,68.080002,66.698914,18529200
2025-08-01,67.510002,67.610001,66.519997,67.110001,65.748581,21650000
2025-08-04,67.769997,68.510002,67.610001,68.489998,67.100578,17052200
2025-08-05,68.690002,68.870003,67.440002,67.519997,66.150261,15434500
2025-08-06,67.959999,69.349998,67.769997,69.209999,67.805984,23107800
2025-08-07,69.800003,70.139999,69.209999,69.900002,68.481987,22579600
2025-08-08,70.239998,72.019997,70.220001,71.790001,70.333641,31662400
2025-08-11,72.300003,72.550003,70.339996,70.669998,69.236359,28911400
2025-08-12,70.790001,71.500000,70.559998,71.379997,69.931953,21912100
2025-08-13,71.860001,72.029999,70.250000,70.400002,68.971840,38096400
2025-08-14,68.000000,70.610001,67.480003,69.300003,67.894157,39317300
2025-08-15,68.449997,68.650002,65.860001,66.199997,64.857040,40877300
2025-08-18,66.080002,67.110001,65.750000,66.949997,65.591827,20903400
2025-08-19,66.760002,67.519997,66.480003,66.760002,65.405678,18746600
2025-08-20,66.820000,67.190002,66.540001,67.110001,65.748581,14946400
2025-08-21,67.099998,67.220001,66.470001,67.019997,65.660408,12456600
2025-08-22,67.330002,68.040001,67.010002,67.320000,65.954323,16830600
2025-08-25,67.279999,67.500000,67.110001,67.139999,65.777969,11724500
2025-08-26,67.169998,68.750000,67.110001,68.389999,67.002617,28307900
2025-08-27,68.320000,68.750000,68.150002,68.440002,67.051613,13876700
2025-08-28,68.360001,69.580002,68.349998,69.430000,68.021515,15256000
2025-08-29,69.110001,69.459999,68.830002,69.089996,67.688408,14953000
2025-09-02,68.110001,68.320000,67.379997,67.800003,66.424591,18928800
2025-09-03,68.050003,68.129997,67.330002,67.669998,66.297218,14320100
2025-09-04,68.099998,68.410004,67.410004,67.989998,66.610725,14388500
2025-09-05,67.720001,68.099998,66.480003,66.900002,65.542839,21050800
2025-09-08,66.720001,67.010002,66.349998,66.879997,65.523247,14038000
2025-09-09,66.739998,67.440002,66.639999,67.339996,65.973915,11649400
2025-09-10,67.589996,68.320000,67.120003,68.129997,66.747887,14689500
2025-09-11,68.309998,68.570000,67.510002,67.690002,66.316811,17560800
2025-09-12,66.879997,67.339996,66.129997,66.529999,65.180351,18529200
2025-09-15,66.510002,67.199997,66.349998,67.019997,65.660408,16203100
2025-09-16,67.019997,67.379997,66.550003,66.930000,65.572235,18019300
2025-09-17,67.000000,67.879997,66.379997,67.720001,66.346214,18652100
2025-09-18,67.900002,68.760002,67.480003,68.680000,67.286736,20279000
2025-09-19,68.919998,68.919998,67.180000,68.209999,66.826263,47822500
2025-09-22,67.860001,68.000000,67.300003,67.750000,66.375603,20396700
2025-09-23,67.580002,68.220001,67.070000,67.540001,66.169861,22240000
2025-09-24,67.699997,67.860001,66.889999,67.320000,65.954323,17433100
2025-09-25,67.320000,68.239998,67.110001,67.849998,66.473564,22351700
2025-09-26,67.870003,67.910004,66.849998,67.220001,65.856346,15077400
2025-09-29,67.720001,67.949997,67.440002,67.720001,66.346214,14358300
2025-09-30,67.709999,68.769997,67.690002,68.419998,67.032005,20498900
2025-10-01,67.900002,68.820000,67.690002,68.750000,67.355309,15530700
2025-10-02,69.180000,69.489998,68.260002,68.309998,66.924240,15708300
2025-10-03,67.949997,68.580002,67.650002,67.919998,66.943947,11113200
2025-10-06,68.440002,68.949997,67.809998,68.910004,67.919731,21952700
2025-10-07,68.919998,69.220001,68.440002,68.989998,67.998573,16493200
2025-10-08,69.809998,70.760002,69.000000,70.330002,69.319313,34246300
2025-10-09,70.309998,70.620003,69.029999,69.959999,68.954636,21209500
2025-10-10,70.410004,70.809998,67.889999,67.940002,66.963669,20961500
2025-10-13,68.550003,68.889999,67.129997,67.459999,66.490562,14127900
2025-10-14,67.110001,69.160004,66.809998,68.660004,67.673325,15402000
2025-10-15,69.309998,70.300003,68.820000,69.519997,68.520958,16260500
2025-10-16,69.779999,70.070000,68.570000,69.089996,68.097130,13950600
2025-10-17,69.059998,70.769997,68.949997,70.129997,69.122200,16286900
2025-10-20,70.120003,70.970001,70.120003,70.650002,69.634720,12183500
2025-10-21,70.580002,71.239998,70.379997,70.720001,69.703720,15763300
2025-10-22,70.860001,70.970001,69.849998,70.660004,69.644577,14967200
2025-10-23,70.599998,71.239998,70.230003,70.269997,69.260185,14614100
2025-10-24,70.639999,70.940002,70.059998,70.629997,69.615013,13075600
2025-10-27,70.540001,71.459999,70.430000,71.389999,70.364082,15986800
2025-10-28,71.199997,72.680000,71.029999,72.620003,71.576416,19896800
2025-10-29,72.680000,72.820000,70.919998,71.330002,70.304955,18020600
2025-10-30,71.370003,73.110001,71.339996,72.910004,71.862251,18101800
2025-10-31,72.720001,73.480003,72.430000,73.110001,72.059372,24008000
2025-11-03,74.610001,74.839996,73.620003,74.449997,73.380112,21733400
2025-11-04,73.900002,73.989998,71.980003,72.320000,71.280731,22345000
2025-11-05,72.220001,72.580002,71.339996,72.099998,71.063881,16113500
2025-11-06,71.709999,72.230003,70.690002,71.040001,70.019112,16469900
2025-11-07,71.389999,71.589996,70.540001,71.070000,70.048691,16913700
2025-11-10,71.760002,72.500000,71.150002,72.089996,71.054024,22201200
2025-11-11,71.739998,72.250000,71.099998,71.709999,70.679489,21412900
2025-11-12,71.910004,74.209999,71.720001,73.959999,72.897156,57591600
2025-11-13,77.949997,79.500000,76.650002,77.379997,76.268005,57638500
2025-11-14,76.580002,78.669998,75.839996,78.000000,76.879097,38819600
2025-11-17,77.889999,79.389999,77.470001,77.779999,76.662262,28720100
2025-11-18,77.550003,78.199997,76.449997,77.370003,76.258156,26025500
2025-11-19,77.300003,78.930000,77.160004,78.389999,77.263489,24759700
2025-11-20,79.120003,80.059998,75.320000,75.440002,74.355896,27381900
2025-11-21,75.639999,76.940002,75.470001,76.099998,75.006393,24428800
2025-11-24,76.489998,76.879997,75.680000,76.239998,75.144394,26691500
2025-11-25,76.489998,77.059998,76.080002,76.320000,75.223236,18818800
2025-11-26,76.459999,76.599998,75.339996,76.070000,74.976830,15972600
2025-11-28,76.139999,76.959999,75.809998,76.940002,75.834335,7320900
2025-12-01,76.669998,76.820000,75.930000,76.040001,74.947266,15529600
2025-12-02,76.160004,77.000000,75.760002,76.870003,75.765343,14619100
2025-12-03,76.589996,77.820000,75.650002,77.750000,76.632690,16088400
2025-12-04,77.690002,77.860001,77.169998,77.760002,76.642548,12572600
2025-12-05,77.970001,78.190002,77.400002,77.970001,76.849533,12579400
2025-12-08,78.209999,79.379997,78.120003,78.860001,77.726746,17454500
2025-12-09,78.790001,79.879997,78.510002,79.510002,78.367401,15737500
2025-12-10,78.830002,80.820000,78.800003,80.250000,79.096771,21302700
2025-12-11,80.239998,80.370003,78.830002,79.269997,78.130844,18652300
2025-12-12,79.459999,79.559998,77.720001,77.800003,76.681976,16672300
2025-12-15,78.209999,78.709999,77.540001,78.250000,77.125504,17646000
2025-12-16,78.110001,78.610001,77.379997,77.550003,76.435562,17737200
2025-12-17,77.900002,78.199997,75.919998,76.000000,74.907837,26094400
2025-12-18,76.330002,77.809998,76.260002,76.949997,75.844185,19249400
2025-12-19,76.970001,79.169998,76.790001,78.419998,77.293068,84881900
2025-12-22,79.019997,79.150002,77.959999,78.110001,76.987518,18016100
2025-12-23,77.610001,78.120003,77.589996,78.019997,76.898804,16712600
2025-12-24,78.019997,78.290001,77.849998,78.019997,76.898804,9104400
2025-12-26,78.099998,78.279999,77.930000,78.160004,77.036797,10158000
2025-12-29,78.029999,78.300003,77.519997,77.790001,76.672119,17941800
2025-12-30,77.809998,77.809998,77.169998,77.410004,76.297577,13952200