Date,Open,High,Low,Close,Adj Close,Volume
2020-01-02,120.809998,121.629997,120.769997,121.430000,91.182564,5205000
2020-01-03,121.779999,122.720001,120.739998,121.010002,90.867180,6360900
2020-01-06,121.239998,121.669998,120.330002,120.599998,90.559319,9953000
2020-01-07,119.019997,119.730003,117.769997,119.059998,89.402916,7856900
2020-01-08,118.550003,119.089996,117.650002,117.699997,88.381683,7295900
2020-01-09,117.589996,117.919998,116.180000,117.510002,88.239021,7345300
2020-01-10,117.519997,117.690002,116.400002,116.440002,87.435555,6393800
2020-01-13,116.470001,116.910004,116.080002,116.660004,87.600739,6846700
2020-01-14,116.500000,116.879997,115.709999,116.300003,87.330421,7189100
2020-01-15,116.300003,116.410004,115.650002,116.129997,87.202751,5808800
2020-01-16,116.559998,117.279999,116.449997,116.889999,87.773453,7022000
2020-01-17,117.010002,117.290001,115.519997,115.580002,86.789780,7885900
2020-01-21,115.099998,115.150002,113.169998,113.309998,85.085205,8470300
2020-01-22,113.099998,113.529999,112.459999,112.900002,84.777328,5589900
2020-01-23,112.400002,113.489998,111.860001,113.099998,84.927521,8007800
2020-01-24,112.790001,112.980003,111.339996,111.849998,83.988884,6920000
2020-01-27,110.250000,110.830002,109.980003,110.389999,82.892563,7609800
2020-01-28,110.980003,111.620003,110.769997,111.120003,83.440712,5771900
2020-01-29,111.449997,111.839996,110.180000,110.370003,82.877548,4772800
2020-01-30,109.809998,111.580002,109.059998,111.400002,83.650978,8382700
2020-01-31,109.809998,110.000000,106.400002,107.139999,80.452110,13699600
2020-02-03,106.949997,107.250000,105.400002,106.279999,79.806335,8785500
2020-02-04,107.680000,108.339996,106.599998,106.849998,80.234329,9909000
2020-02-05,108.269997,110.650002,108.110001,110.279999,82.809959,6914100
2020-02-06,110.629997,110.669998,109.110001,109.489998,82.216728,6274000
2020-02-07,108.930000,109.440002,108.470001,108.940002,81.803741,4830100
2020-02-10,108.540001,109.800003,108.320000,109.790001,82.442024,6011800
2020-02-11,110.779999,111.370003,110.059998,111.209999,83.508308,6072700
2020-02-12,112.510002,112.599998,111.610001,112.040001,84.131561,5725700
2020-02-13,111.370003,112.330002,111.230003,111.660004,83.846222,5991900
2020-02-14,110.839996,110.970001,109.580002,110.080002,83.625908,5148700
2020-02-18,109.000000,110.269997,108.830002,110.239998,83.747452,4975800
2020-02-19,110.519997,111.099998,109.889999,110.739998,84.127289,5887500
2020-02-20,110.779999,111.070000,109.699997,109.809998,83.420792,4466600
2020-02-21,108.989998,109.190002,107.650002,109.010002,82.813057,6443900
2020-02-24,105.709999,106.959999,104.419998,104.709999,79.546402,9539800
2020-02-25,104.800003,104.919998,100.000000,100.709999,76.507683,12871900
2020-02-26,100.860001,101.610001,98.000000,98.040001,74.479332,11990400
2020-02-27,95.949997,98.199997,94.080002,94.129997,71.508949,15783700
2020-02-28,90.629997,93.440002,90.110001,93.339996,70.908791,20835100
2020-03-02,94.019997,96.680000,92.209999,96.589996,73.377769,15050800
2020-03-03,96.790001,98.480003,93.370003,94.389999,71.706467,16525500
2020-03-04,96.370003,99.019997,95.669998,98.529999,74.851563,14753000
2020-03-05,95.709999,97.389999,94.940002,97.190002,73.833595,12814400
2020-03-06,93.919998,96.059998,93.419998,95.320000,72.412994,16861900
2020-03-09,82.230003,88.010002,80.000000,80.669998,61.283634,30595500
2020-03-10,86.239998,86.300003,81.040001,84.980003,64.557869,22642900
2020-03-11,82.230003,84.839996,81.750000,83.029999,63.076492,18412800
2020-03-12,77.230003,78.129997,72.860001,76.260002,57.933422,25768200
2020-03-13,79.980003,83.500000,74.110001,83.419998,63.372772,23497500
2020-03-16,72.570000,78.489998,69.690002,69.699997,52.949894,17535300
2020-03-17,70.400002,72.980003,65.489998,70.690002,53.701996,22684200
2020-03-18,66.209999,66.230003,54.570000,55.049999,41.820549,24947300
2020-03-19,55.259998,58.490002,51.599998,57.389999,43.598198,29871000
2020-03-20,59.529999,60.650002,56.360001,59.389999,45.117569,26960400
2020-03-23,58.259998,59.400002,52.970001,54.220001,41.190014,23764000
2020-03-24,61.480000,67.650002,60.320000,66.550003,50.556904,29198800
2020-03-25,68.290001,73.139999,66.639999,69.269997,52.623245,22560100
2020-03-26,70.300003,77.099998,67.889999,76.379997,58.024586,24129100
2020-03-27,72.120003,73.540001,68.500000,68.779999,52.250999,20411500
2020-03-30,68.010002,72.930000,67.019997,71.949997,54.659187,18486800
2020-03-31,73.269997,75.040001,70.809998,72.459999,55.046627,18514200
2020-04-01,69.510002,72.290001,67.610001,68.559998,52.083866,14362000
2020-04-02,71.750000,78.699997,69.580002,76.120003,57.827057,23220600
2020-04-03,78.000000,78.989998,73.029999,75.110001,57.059792,14905400
2020-04-06,77.000000,80.949997,75.510002,80.389999,61.070919,17334900
2020-04-07,84.260002,85.690002,80.849998,80.919998,61.473537,16394800
2020-04-08,82.290001,86.300003,81.519997,85.980003,65.317551,12284800
2020-04-09,88.739998,89.910004,81.519997,84.309998,64.048874,17023800
2020-04-13,87.180000,87.360001,83.400002,84.910004,64.504684,13854700
2020-04-14,85.459999,87.080002,84.330002,84.610001,64.276764,14797600
2020-04-15,80.459999,83.379997,79.320000,82.489998,62.666241,13982300
2020-04-16,81.309998,82.190002,78.809998,79.989998,60.767048,12291900
2020-04-17,81.330002,87.500000,81.320000,87.169998,66.221565,16130100
2020-04-20,82.660004,87.000000,82.089996,83.570000,63.486713,15749000
2020-04-21,80.279999,83.790001,79.250000,81.639999,62.020500,19620600
2020-04-22,84.949997,85.250000,82.970001,84.440002,64.147636,10320700
2020-04-23,86.300003,88.779999,85.389999,86.800003,65.940468,14226500
2020-04-24,88.480003,88.790001,85.769997,87.010002,66.100021,9175500
2020-04-27,86.750000,90.620003,85.870003,89.709999,68.151161,12037100
2020-04-28,89.550003,90.959999,88.830002,89.910004,68.303085,10645200
2020-04-29,92.480003,95.139999,92.290001,94.620003,71.881210,12342800
2020-04-30,93.720001,95.739998,90.580002,92.000000,69.890831,12222000
2020-05-01,91.510002,92.050003,87.040001,89.440002,67.946060,13250100
2020-05-04,88.760002,91.620003,87.690002,91.440002,69.465424,11192400
2020-05-05,94.500000,95.300003,92.680000,92.889999,70.566956,13608700
2020-05-06,92.849998,93.459999,89.769997,90.050003,68.409454,11145900
2020-05-07,92.980003,94.059998,91.910004,92.639999,70.377037,9749600
2020-05-08,95.000000,95.559998,94.070000,95.470001,72.526924,8585900
2020-05-11,94.209999,94.599998,93.180000,93.370003,70.931602,7101000
2020-05-12,93.129997,94.029999,91.000000,91.099998,69.207123,8749100
2020-05-13,89.900002,90.000000,87.320000,88.699997,67.383888,12215100
2020-05-14,87.290001,90.930000,86.019997,90.050003,68.409454,10678200
2020-05-15,90.650002,92.059998,88.830002,89.160004,67.733337,10113000
2020-05-18,92.400002,93.400002,91.459999,92.550003,71.340828,12304300
2020-05-19,92.529999,92.629997,89.529999,89.620003,69.082314,7749300
2020-05-20,91.000000,93.470001,90.180000,93.000000,71.687721,9160000
2020-05-21,92.769997,93.370003,91.279999,92.040001,70.947731,8830900
2020-05-22,91.449997,91.599998,89.470001,90.279999,69.591034,8563100
2020-05-26,92.489998,94.339996,92.029999,93.300003,71.918976,9430000
2020-05-27,94.680000,94.690002,92.110001,93.900002,72.381485,7822600
2020-05-28,93.610001,93.900002,90.790001,90.870003,70.045830,9633300
2020-05-29,90.190002,91.889999,89.260002,91.699997,70.685638,17010000
2020-06-01,90.940002,93.849998,90.110001,92.790001,71.525841,7344000
2020-06-02,93.779999,95.220001,93.290001,94.690002,72.990425,7880300
2020-06-03,95.970001,97.730003,95.750000,97.180000,74.909821,8440200
2020-06-04,96.779999,96.889999,95.160004,96.279999,74.216072,6371700
2020-06-05,99.080002,102.050003,99.050003,100.809998,77.707947,12760100
2020-06-08,102.629997,103.589996,100.870003,103.239998,79.581070,11090700
2020-06-09,100.699997,102.930000,99.830002,101.529999,78.262962,10745400
2020-06-10,101.000000,101.500000,97.559998,97.580002,75.218155,10486300
2020-06-11,92.300003,94.190002,89.120003,89.370003,68.889595,14944800
2020-06-12,93.620003,93.650002,90.010002,92.389999,71.217522,9532400
2020-06-15,89.089996,92.080002,88.209999,91.230003,70.323341,12289500
2020-06-16,94.989998,95.580002,91.489998,94.029999,72.481674,8726700
2020-06-17,93.830002,94.000000,91.500000,91.540001,70.562294,6019900
2020-06-18,91.000000,93.230003,90.099998,91.940002,70.870621,7064100
2020-06-19,94.410004,94.410004,90.550003,90.629997,69.860855,14838800
2020-06-22,90.320000,91.690002,89.589996,91.589996,70.600845,5939200
2020-06-23,92.500000,93.089996,91.180000,91.440002,70.485229,6317700
2020-06-24,89.989998,90.129997,86.860001,87.639999,67.556053,8974500
2020-06-25,87.309998,89.510002,87.160004,89.209999,68.766235,7398000
2020-06-26,88.779999,88.830002,86.180000,86.459999,66.646454,13766000
2020-06-29,86.910004,88.570000,86.599998,87.669998,67.579155,7022200
2020-06-30,86.599998,89.989998,86.360001,89.230003,68.781685,8263600
2020-07-01,89.279999,90.769997,87.550003,87.620003,67.540642,6379400
2020-07-02,89.370003,90.360001,88.160004,88.309998,68.072495,5832800
2020-07-06,89.500000,90.250000,87.820000,88.570000,68.272926,6747500
2020-07-07,87.820000,88.080002,86.150002,86.309998,66.530823,5898000
2020-07-08,86.389999,87.800003,85.889999,86.349998,66.561668,6736400
2020-07-09,85.970001,86.320000,82.690002,82.739998,63.778957,8833600
2020-07-10,82.500000,85.419998,82.500000,85.230003,65.698318,6218100
2020-07-13,86.040001,86.930000,84.809998,85.400002,65.829384,7074000
2020-07-14,85.389999,88.599998,85.040001,88.349998,68.103348,7440500
2020-07-15,90.180000,90.190002,88.209999,88.889999,68.519585,5935200
2020-07-16,88.440002,89.480003,87.349998,88.360001,68.111053,4795700
2020-07-17,88.410004,89.110001,86.910004,87.190002,67.209175,5964000
2020-07-20,86.830002,87.489998,84.800003,85.269997,65.729156,14974800
2020-07-21,86.470001,91.730003,86.360001,91.389999,70.446671,15115000
2020-07-22,89.949997,91.250000,88.900002,91.040001,70.176865,10317500
2020-07-23,90.500000,91.379997,90.019997,91.010002,70.153755,6586300
2020-07-24,91.480003,92.739998,89.980003,90.129997,69.475426,6620500
2020-07-27,89.760002,91.089996,88.800003,91.040001,70.176865,7599700
2020-07-28,90.470001,91.169998,88.769997,89.110001,68.689178,6787300
2020-07-29,89.480003,90.080002,88.580002,90.070000,69.429184,6386900
2020-07-30,88.430000,88.500000,85.699997,86.269997,66.500008,10112800
2020-07-31,83.250000,84.099998,81.510002,83.940002,64.703957,19119800
2020-08-03,83.980003,85.139999,83.800003,84.809998,65.374588,11220100
2020-08-04,84.480003,86.720001,84.279999,86.489998,66.669594,9077900
2020-08-05,88.139999,88.430000,86.410004,87.199997,67.216873,7324200
2020-08-06,86.430000,87.900002,86.099998,87.470001,67.424995,7035600
2020-08-07,86.879997,87.110001,85.739998,86.800003,66.908539,7185000
2020-08-10,87.940002,89.760002,87.599998,89.730003,69.167084,8150200
2020-08-11,91.949997,93.010002,89.169998,89.620003,69.082314,9074300
2020-08-12,90.800003,91.660004,89.449997,90.720001,69.930206,9057400
2020-08-13,89.870003,91.279999,89.760002,89.820000,69.236458,7314600
2020-08-14,89.000000,90.589996,88.849998,90.349998,69.645004,6343000
2020-08-17,90.349998,91.580002,89.720001,90.769997,69.968758,10473800
2020-08-18,88.970001,89.370003,87.320000,87.629997,68.522163,7981500
2020-08-19,87.300003,87.900002,86.199997,86.389999,67.552544,9120300
2020-08-20,85.419998,86.889999,84.730003,84.809998,66.317062,7872300
2020-08-21,84.669998,85.089996,83.510002,85.080002,66.528191,9003600
2020-08-24,85.599998,87.339996,84.889999,87.199997,68.185928,8738700
2020-08-25,88.010002,88.040001,85.760002,86.129997,67.349228,6835800
2020-08-26,85.709999,85.839996,84.660004,84.779999,66.293594,7486500
2020-08-27,85.160004,85.629997,83.970001,84.910004,66.395264,7438200
2020-08-28,85.050003,85.730003,84.320000,85.629997,66.958244,7307900
2020-08-31,85.830002,85.900002,83.870003,83.930000,65.628944,9437500
2020-09-01,83.260002,83.629997,82.449997,83.080002,64.964272,8990600
2020-09-02,83.059998,83.959999,82.699997,83.190002,65.050301,10821900
2020-09-03,83.050003,84.489998,81.709999,82.279999,64.338730,16179900
2020-09-04,82.459999,83.639999,80.900002,81.930000,64.065041,10516600
2020-09-08,80.500000,80.580002,78.040001,78.970001,61.750492,14942500
2020-09-09,79.970001,81.070000,79.680000,80.029999,62.579369,9269800
2020-09-10,80.629997,80.889999,78.050003,78.150002,61.109276,11845900
2020-09-11,78.239998,78.690002,77.070000,77.690002,60.749580,13732400
2020-09-14,77.480003,77.980003,76.919998,77.290001,60.436817,8182800
2020-09-15,77.559998,78.480003,75.959999,76.349998,59.701763,11732000
2020-09-16,76.349998,79.480003,75.959999,78.559998,61.429901,13019000
2020-09-17,77.529999,78.849998,76.370003,78.790001,61.609730,10515100
2020-09-18,77.879997,79.150002,77.500000,78.209999,61.156197,14517800
2020-09-21,76.239998,76.650002,74.680000,76.300003,59.662697,16199100
2020-09-22,76.150002,77.529999,75.349998,75.529999,59.060574,9155000
2020-09-23,75.589996,75.910004,71.849998,71.949997,56.261208,16649200
2020-09-24,71.250000,73.029999,70.500000,71.800003,56.143913,15203500
2020-09-25,71.010002,72.480003,70.769997,71.830002,56.167370,11070500
2020-09-28,73.639999,74.760002,73.150002,73.930000,57.809456,12863800
2020-09-29,74.000000,74.139999,71.110001,71.900002,56.222111,10553000
2020-09-30,72.250000,72.889999,71.610001,72.000000,56.300301,10466500
2020-10-01,71.510002,71.879997,70.029999,70.419998,55.064819,14930700
2020-10-02,68.919998,71.669998,68.820000,71.190002,55.666927,9854800
2020-10-05,71.519997,72.730003,70.709999,72.699997,56.847649,12049800
2020-10-06,73.839996,74.320000,72.250000,72.300003,56.534882,15294500
2020-10-07,72.169998,73.919998,71.559998,73.779999,57.692173,15410300
2020-10-08,74.389999,75.550003,73.989998,75.220001,58.818172,11590900
2020-10-09,75.860001,76.089996,73.980003,74.000000,57.864212,12260900
2020-10-12,73.629997,74.949997,73.199997,74.510002,58.262985,9056900
2020-10-13,74.739998,74.739998,72.779999,73.400002,57.395020,10440300
2020-10-14,73.279999,74.430000,72.910004,72.949997,57.043148,7057500
2020-10-15,71.820000,73.720001,71.389999,73.510002,57.481045,10052100
2020-10-16,73.519997,74.029999,72.269997,72.889999,56.996227,9305600
2020-10-19,73.110001,73.339996,71.190002,71.279999,55.737305,8357100
2020-10-20,71.910004,72.290001,71.040001,71.680000,56.050072,7753200
2020-10-21,71.129997,71.580002,70.730003,70.870003,55.416702,9800600
2020-10-22,70.879997,73.489998,70.570000,73.400002,57.395020,9810100
2020-10-23,73.930000,74.360001,71.830002,72.570000,56.746014,8727200
2020-10-26,71.730003,71.889999,70.239998,70.940002,55.471432,9710900
2020-10-27,70.419998,70.599998,69.489998,69.510002,54.353249,14251700
2020-10-28,67.690002,68.080002,66.330002,66.879997,52.296730,15961900
2020-10-29,66.129997,69.139999,65.160004,68.800003,53.798058,12292200
2020-10-30,69.900002,70.110001,68.080002,69.500000,54.345432,17191600
2020-11-02,70.699997,73.080002,69.400002,72.150002,56.417606,11475500
2020-11-03,73.160004,73.300003,71.050003,71.739998,56.096989,8608000
2020-11-04,70.779999,73.589996,69.889999,71.769997,56.120434,10925700
2020-11-05,71.900002,72.970001,71.760002,72.139999,56.409771,10627700
2020-11-06,72.500000,73.269997,70.830002,71.150002,55.635647,8366900
2020-11-09,80.000000,84.269997,78.260002,79.400002,62.086716,24015200
2020-11-10,81.139999,83.150002,79.709999,83.070000,64.956474,15039700
2020-11-11,84.099998,84.489998,81.800003,82.459999,64.479477,11640600
2020-11-12,80.980003,82.239998,79.910004,80.669998,63.079784,8920700
2020-11-13,81.150002,83.349998,81.029999,83.029999,64.925217,10890300
2020-11-16,86.239998,89.180000,85.540001,88.959999,69.562141,18980200
2020-11-17,86.400002,87.529999,84.830002,87.040001,69.062279,14329000
2020-11-18,87.370003,87.900002,84.250000,84.279999,66.872353,10583700
2020-11-19,83.550003,85.959999,83.059998,85.730003,68.022865,8820200
2020-11-20,85.720001,86.309998,84.879997,85.790001,68.070450,8294600
2020-11-23,87.449997,91.580002,86.760002,91.029999,72.228165,13379300
2020-11-24,93.389999,95.820000,93.000000,95.620003,75.870132,17257400
2020-11-25,94.680000,94.680000,92.139999,92.139999,73.108894,10556600
2020-11-27,91.330002,92.589996,90.540001,91.309998,72.450317,4627700
2020-11-30,90.010002,90.849998,86.900002,87.180000,69.173363,14288400
2020-12-01,89.279999,89.709999,87.070000,87.449997,69.387589,9913600
2020-12-02,87.260002,91.309998,87.099998,89.870003,71.307755,10509600
2020-12-03,90.580002,91.110001,89.070000,89.800003,71.252213,8249800
2020-12-04,91.220001,93.449997,90.919998,93.279999,74.013420,10791100
2020-12-07,91.820000,92.379997,89.879997,90.760002,72.013924,9398400
2020-12-08,90.339996,92.459999,90.190002,91.540001,72.632813,7627300
2020-12-09,92.199997,93.019997,89.370003,90.440002,71.760025,11129400
2020-12-10,91.550003,94.559998,90.779999,93.349998,74.068970,11992100
2020-12-11,92.529999,93.279999,91.029999,92.449997,73.354874,9584500
2020-12-14,93.400002,93.699997,89.239998,89.440002,70.966576,12198400
2020-12-15,89.419998,90.480003,88.769997,89.370003,70.911034,11775300
2020-12-16,89.199997,89.349998,87.849998,88.690002,70.371468,9892900
2020-12-17,89.540001,89.550003,87.550003,88.410004,70.149300,11748900
2020-12-18,87.980003,88.709999,86.260002,87.190002,69.181305,27427600
2020-12-21,84.349998,86.839996,83.529999,86.089996,68.308487,11430500
2020-12-22,85.440002,85.800003,84.300003,84.360001,66.935814,8585800
2020-12-23,85.000000,86.660004,85.000000,85.690002,67.991104,7223100
2020-12-24,85.930000,85.930000,84.809998,85.330002,67.705460,3335600
2020-12-28,85.610001,86.629997,84.620003,84.900002,67.364281,8051900
2020-12-29,85.260002,85.720001,84.050003,84.610001,67.134178,7670800
2020-12-30,84.610001,86.580002,84.540001,85.330002,67.705460,7901800
2020-12-31,84.900002,85.199997,83.959999,84.449997,67.007240,8350700
2021-01-04,85.150002,85.949997,83.889999,84.709999,67.213547,9234900
2021-01-05,85.489998,89.220001,85.320000,87.000000,69.030525,13414800
2021-01-06,89.000000,90.779999,87.820000,89.800003,71.252213,13916800
2021-01-07,90.389999,90.820000,89.309998,90.220001,71.585480,9286600
2021-01-08,92.080002,92.430000,90.449997,91.080002,72.267830,11152100
2021-01-11,89.120003,92.099998,88.570000,91.599998,72.680412,10635000
2021-01-12,92.660004,93.919998,91.709999,93.339996,74.061028,10923900
2021-01-13,93.199997,93.519997,91.940002,93.250000,73.989632,9723300
2021-01-14,93.940002,96.320000,93.790001,95.489998,75.766960,13950200
2021-01-15,94.220001,94.309998,91.709999,92.089996,73.069214,10244600
2021-01-19,93.500000,95.029999,93.290001,94.510002,74.989372,9574800
2021-01-20,95.000000,95.559998,94.300003,95.379997,75.679672,8735400
2021-01-21,93.860001,94.660004,91.220001,92.010002,73.005745,10393100
2021-01-22,90.400002,92.029999,89.830002,91.730003,72.783577,7810600
2021-01-25,90.620003,91.029999,89.330002,90.900002,72.125015,7689400
2021-01-26,92.199997,92.910004,89.269997,89.360001,70.903084,7827800
2021-01-27,87.529999,90.349998,86.750000,88.199997,69.982681,10178500
2021-01-28,88.669998,90.150002,88.250000,89.019997,70.633316,8155500
2021-01-29,86.830002,87.339996,84.919998,85.199997,67.602318,14699800
2021-02-01,85.989998,87.300003,84.570000,86.410004,68.562386,8073600
2021-02-02,88.010002,88.370003,86.529999,87.059998,69.078148,9233100
2021-02-03,87.050003,89.389999,86.889999,88.959999,70.585686,9256500
2021-02-04,89.510002,89.650002,87.949997,89.000000,70.617447,7917600
2021-02-05,89.940002,90.470001,88.639999,89.260002,70.823746,8017300
2021-02-08,90.290001,92.040001,90.010002,91.480003,72.585220,9886600
2021-02-09,91.099998,91.269997,89.809998,90.959999,72.172630,7605500
2021-02-10,91.379997,92.589996,90.599998,92.519997,73.410393,8778800
2021-02-11,92.370003,92.440002,90.080002,92.019997,73.013664,8572400
2021-02-12,91.529999,92.730003,91.349998,92.550003,73.434212,7858300
2021-02-16,93.050003,93.860001,92.610001,93.129997,74.938942,14006000
2021-02-17,95.419998,96.720001,94.199997,95.919998,77.183968,14342300
2021-02-18,95.750000,95.779999,94.300003,95.000000,76.443680,9030600
2021-02-19,95.129997,96.379997,94.650002,95.800003,77.087425,8913900
2021-02-22,96.989998,99.639999,96.459999,98.389999,79.171494,13178700
2021-02-23,99.970001,100.160004,96.800003,99.629997,80.169296,14874000
2021-02-24,100.330002,104.040001,99.809998,103.309998,83.130493,16116000
2021-02-25,104.900002,104.959999,101.589996,102.349998,82.358009,13219200
2021-02-26,100.300003,101.059998,97.610001,100.000000,80.467033,14454100
2021-03-01,102.459999,103.800003,101.400002,102.050003,82.116600,10439900
2021-03-02,101.889999,103.309998,101.709999,102.440002,82.430420,10643500
2021-03-03,103.410004,105.750000,103.400002,103.589996,83.355797,14958200
2021-03-04,104.519997,107.580002,103.129997,104.500000,84.088036,22994200
2021-03-05,106.959999,109.129997,106.150002,109.000000,87.709061,23638200
2021-03-08,109.860001,110.430000,108.059998,109.750000,88.312576,18033600
2021-03-09,109.070000,110.690002,107.879997,109.500000,88.111389,19010700
2021-03-10,110.199997,112.010002,109.699997,111.370003,89.616119,17389900
2021-03-11,111.650002,112.550003,110.889999,111.190002,89.471275,10989500
2021-03-12,111.639999,112.699997,110.720001,111.559998,89.768997,10930300
2021-03-15,111.529999,111.910004,108.889999,110.250000,88.714890,10488000
2021-03-16,108.529999,108.879997,107.080002,107.639999,86.614716,11698400
2021-03-17,107.209999,108.559998,106.599998,108.029999,86.928528,9168600
2021-03-18,107.010002,107.529999,103.709999,104.120003,83.782265,13246600
2021-03-19,103.940002,104.889999,102.739998,103.379997,83.186829,18491000
2021-03-22,103.059998,104.500000,102.309998,102.540001,82.510902,12508500
2021-03-23,101.449997,104.300003,100.690002,101.970001,82.052246,14781700
2021-03-24,102.989998,105.760002,102.910004,104.699997,84.248993,11026800
2021-03-25,102.849998,105.260002,102.070000,105.070000,84.546707,11138200
2021-03-26,106.540001,107.540001,105.360001,107.480003,86.485954,9820200
2021-03-29,106.400002,107.529999,105.699997,106.919998,86.035355,7542300
2021-03-30,106.059998,106.830002,105.589996,105.930000,85.238708,6284600
2021-03-31,105.550003,106.220001,104.599998,104.790001,84.321396,8954400
2021-04-01,105.260002,105.860001,104.209999,105.750000,85.093887,8515800
2021-04-05,105.730003,105.830002,104.169998,104.510002,84.096085,8692700
2021-04-06,104.250000,105.080002,103.449997,103.580002,83.347763,8125100
2021-04-07,103.470001,104.570000,103.260002,104.190002,83.838585,7699300
2021-04-08,103.519997,103.620003,102.070000,103.019997,82.897133,8283000
2021-04-09,103.120003,103.680000,102.099998,102.919998,82.816650,7163700
2021-04-12,103.669998,103.860001,101.510002,101.779999,81.899330,7845900
2021-04-13,101.559998,102.599998,101.290001,102.239998,82.269485,6829900
2021-04-14,102.650002,105.330002,102.599998,104.269997,83.902969,10194800
2021-04-15,104.010002,104.269997,102.930000,103.419998,83.219002,7860500
2021-04-16,103.800003,104.360001,102.430000,102.959999,82.848869,7459700
2021-04-19,103.269997,103.830002,102.209999,103.260002,83.090248,7068700
2021-04-20,102.830002,102.989998,100.510002,101.330002,81.537239,9783800
2021-04-21,100.330002,102.989998,100.139999,102.730003,82.663780,8264400
2021-04-22,102.870003,102.870003,100.870003,100.949997,81.231453,9899400
2021-04-23,101.099998,102.169998,100.720001,101.550003,81.714264,6756000
2021-04-26,101.269997,102.669998,101.260002,101.519997,81.690109,5639700
2021-04-27,101.809998,103.099998,101.510002,102.699997,82.639641,6898900
2021-04-28,103.540001,105.860001,103.370003,105.220001,84.667404,8718400
2021-04-29,106.419998,107.650002,105.750000,106.900002,86.019249,9740300
2021-04-30,104.980003,105.389999,102.970001,103.070000,82.937363,13730000
2021-05-03,103.980003,105.720001,103.220001,105.529999,84.916847,7938100
2021-05-04,105.959999,106.510002,104.849998,106.110001,85.383553,8704300
2021-05-05,107.089996,109.540001,106.820000,108.959999,87.676872,12872400
2021-05-06,108.949997,109.129997,107.419998,109.019997,87.725166,9654900
2021-05-07,108.089996,110.669998,107.699997,110.019997,88.529839,10273000
2021-05-10,111.440002,113.110001,109.519997,109.570000,88.167709,13586500
2021-05-11,109.059998,109.580002,106.209999,106.699997,85.858315,12754800
2021-05-12,107.000000,110.150002,106.720001,107.370003,86.397438,11661900
2021-05-13,106.070000,107.870003,105.440002,106.680000,85.842216,9706300
2021-05-14,107.800003,109.820000,107.800003,109.470001,88.087250,9124100
2021-05-17,109.089996,110.879997,108.970001,110.809998,89.165497,12692900
2021-05-18,108.940002,109.059998,105.970001,106.180000,86.485733,12759900
2021-05-19,103.820000,104.290001,101.970001,103.199997,84.058464,14762700
2021-05-20,103.070000,104.070000,101.970001,103.559998,84.351700,9706300
2021-05-21,104.099998,105.199997,103.680000,104.120003,84.807816,10352800
2021-05-24,104.949997,105.839996,104.000000,105.599998,86.013298,6785600
2021-05-25,105.430000,105.620003,103.610001,103.870003,84.604210,7884000
2021-05-26,104.519997,104.910004,103.660004,104.120003,84.807816,9232400
2021-05-27,104.120003,104.910004,102.570000,103.010002,83.903717,11703400
2021-05-28,103.620003,104.120003,102.949997,103.790001,84.539032,7278200
2021-06-01,105.300003,107.430000,105.300003,106.650002,86.868561,10260600
2021-06-02,107.209999,108.559998,106.209999,108.080002,88.033340,9141800
2021-06-03,107.559998,108.089996,106.559998,107.589996,87.634216,8809300
2021-06-04,108.239998,108.669998,107.209999,108.449997,88.334702,6699300
2021-06-07,108.370003,108.699997,107.570000,107.750000,87.764534,6748600
2021-06-08,107.650002,108.980003,106.300003,108.730003,88.562767,10559500
2021-06-09,109.059998,109.529999,107.650002,107.779999,87.788971,10146900
2021-06-10,109.059998,110.250000,107.250000,108.410004,88.302147,13526200
2021-06-11,108.839996,108.970001,107.860001,107.910004,87.894867,7731700
2021-06-14,108.180000,108.959999,106.830002,107.970001,87.943733,9051900
2021-06-15,108.410004,110.480003,108.389999,110.300003,89.841560,10540200
2021-06-16,110.029999,110.510002,108.900002,109.669998,89.328415,9283300
2021-06-17,109.239998,109.980003,96.309998,107.070000,87.210655,14337800
2021-06-18,105.250000,106.269997,102.910004,103.029999,83.920013,22284500
2021-06-21,104.099998,106.440002,103.930000,106.050003,86.379852,13591500
2021-06-22,105.330002,106.959999,104.309998,106.400002,86.664940,10230100
2021-06-23,107.360001,108.129997,106.230003,106.269997,86.559052,7792800
2021-06-24,107.139999,107.779999,106.360001,107.139999,87.267693,8724600
2021-06-25,107.589996,108.059998,106.779999,107.300003,87.398003,8102300
2021-06-28,106.949997,107.000000,103.660004,103.989998,84.701942,11348400
2021-06-29,104.589996,104.970001,103.610001,103.760002,84.514603,7225500
2021-06-30,103.839996,104.879997,103.720001,104.739998,85.312843,7927500
2021-07-01,106.949997,107.099998,105.739998,106.209999,86.510178,10873200
2021-07-02,105.699997,106.400002,105.040001,106.070000,86.396149,7107700
2021-07-06,105.970001,105.970001,103.389999,103.989998,84.701942,10162800
2021-07-07,103.959999,104.900002,102.120003,102.930000,83.838554,8245000
2021-07-08,101.500000,103.089996,101.220001,102.599998,83.569748,8695500
2021-07-09,103.459999,104.230003,102.360001,104.070000,84.767113,8567900
2021-07-12,103.559998,105.019997,103.239998,104.279999,84.938171,9898600
2021-07-13,104.000000,104.580002,103.220001,103.930000,84.653069,6738000
2021-07-14,104.480003,105.320000,101.720001,101.970001,83.056625,9216600
2021-07-15,101.050003,102.250000,100.849998,101.300003,82.510887,9665700
2021-07-16,101.629997,101.690002,98.330002,98.620003,80.327972,12199100
2021-07-19,95.820000,96.949997,94.519997,95.959999,78.161331,17385500
2021-07-20,95.889999,98.040001,95.050003,96.529999,78.625618,12114600
2021-07-21,97.980003,100.470001,97.699997,99.820000,81.305374,11478100
2021-07-22,99.400002,99.410004,97.889999,98.820000,80.490868,7694300
2021-07-23,98.800003,99.120003,97.940002,98.860001,80.523438,7570800
2021-07-26,99.459999,101.260002,99.440002,100.949997,82.225800,10227500
2021-07-27,100.050003,100.720001,98.940002,100.610001,81.948868,8332100
2021-07-28,100.900002,101.809998,100.279999,101.180000,82.413162,8546100
2021-07-29,102.379997,102.879997,101.940002,102.570000,83.545326,8681300
2021-07-30,103.059998,104.050003,100.769997,101.809998,82.926292,12295300
2021-08-02,102.080002,103.980003,101.559998,101.629997,82.779678,8911800
2021-08-03,101.589996,102.910004,100.669998,102.599998,83.569748,8437300
2021-08-04,100.440002,101.900002,100.099998,100.300003,81.696381,10389800
2021-08-05,100.940002,102.430000,100.669998,101.230003,82.453857,7986100
2021-08-06,102.019997,102.580002,101.599998,101.949997,83.040321,6475600
2021-08-09,100.910004,101.379997,99.930000,100.250000,81.655624,9243100
2021-08-10,100.739998,102.320000,100.580002,102.080002,83.146202,9762600
2021-08-11,102.040001,102.970001,101.599998,102.849998,83.773392,7079800
2021-08-12,102.860001,103.250000,101.779999,102.639999,83.602341,7377600
2021-08-13,102.230003,102.540001,101.639999,101.959999,83.048454,6572600
2021-08-16,100.830002,101.199997,99.910004,100.919998,82.201363,9476600
2021-08-17,100.199997,101.680000,99.629997,100.730003,82.046616,10937500
2021-08-18,98.690002,99.419998,96.550003,96.699997,79.825996,12893600
2021-08-19,94.809998,95.309998,92.860001,94.290001,77.836563,17423400
2021-08-20,93.519997,94.879997,93.209999,94.300003,77.844803,9707600
2021-08-23,96.089996,97.000000,96.059998,96.730003,79.850777,10277800
2021-08-24,97.500000,98.610001,97.389999,97.839996,80.767067,8924900
2021-08-25,97.220001,98.720001,96.720001,98.510002,81.320168,9342300
2021-08-26,98.110001,98.730003,97.199997,97.220001,80.255264,8124800
2021-08-27,98.139999,99.459999,98.050003,98.639999,81.427475,10281200
2021-08-30,99.089996,99.309998,97.970001,98.389999,81.221107,8127200
2021-08-31,98.139999,98.410004,96.639999,96.769997,79.883797,15676900
2021-09-01,96.860001,97.070000,95.470001,95.709999,79.008759,10557300
2021-09-02,96.639999,98.389999,96.550003,97.709999,80.659760,12340100
2021-09-03,97.400002,98.430000,97.379997,97.489998,80.478149,9097000
2021-09-07,97.019997,97.980003,96.739998,97.059998,80.123184,9237800
2021-09-08,97.500000,98.470001,96.349998,96.389999,79.570107,10775900
2021-09-09,95.889999,97.620003,95.349998,96.000000,79.248161,10219400
2021-09-10,97.599998,97.699997,95.889999,96.070000,79.305939,11006000
2021-09-13,97.209999,98.709999,97.059998,97.970001,80.874390,11500900
2021-09-14,98.379997,98.739998,95.980003,96.199997,79.413261,15294100
2021-09-15,96.989998,98.529999,96.989998,98.239998,81.097267,11623400
2021-09-16,98.320000,98.589996,96.910004,97.320000,80.337830,10616700
2021-09-17,97.110001,98.379997,96.370003,96.760002,79.875534,16006100
2021-09-20,94.639999,95.250000,93.309998,94.779999,78.241051,15796100
2021-09-21,95.570000,95.889999,94.029999,94.849998,78.298836,10958400
2021-09-22,96.239998,98.779999,96.239998,97.639999,80.601967,13292800
2021-09-23,98.239998,100.269997,97.750000,100.059998,82.599686,10094900
2021-09-24,99.650002,100.970001,99.650002,100.599998,83.045471,8225300
2021-09-27,102.589996,103.779999,102.589996,102.970001,85.001900,12697500
2021-09-28,103.910004,104.889999,102.879997,103.360001,85.323845,15560800
2021-09-29,103.209999,104.239998,102.339996,103.330002,85.299072,10268100
2021-09-30,103.419998,103.449997,101.449997,101.449997,83.747131,15319800
2021-10-01,102.220001,104.540001,101.879997,104.330002,86.124580,10854900
2021-10-04,105.000000,105.860001,104.110001,104.720001,86.446533,13305400
2021-10-05,106.040001,107.769997,105.419998,105.860001,87.387611,13017300
2021-10-06,104.180000,105.349998,103.580002,104.930000,86.619881,10630100
2021-10-07,105.610001,106.300003,105.220001,105.680000,87.238998,8830900
2021-10-08,106.809998,108.430000,106.599998,108.050003,89.195450,10586700
2021-10-11,109.559998,109.629997,106.919998,107.129997,88.435982,9794800
2021-10-12,106.989998,107.580002,106.169998,107.150002,88.452507,9085000
2021-10-13,106.769997,108.339996,106.480003,107.790001,88.980797,9220700
2021-10-14,108.879997,109.160004,108.110001,108.809998,89.822830,7648600
2021-10-15,109.769997,110.029999,109.430000,109.610001,90.483231,9968100
2021-10-18,110.220001,110.410004,108.959999,109.559998,90.441948,10677400
2021-10-19,110.160004,111.699997,109.800003,111.699997,92.208527,10362800
2021-10-20,111.089996,113.169998,110.779999,113.160004,93.413757,10811400
2021-10-21,112.709999,112.809998,110.870003,111.739998,92.241554,9372600
2021-10-22,112.220001,112.879997,111.449997,112.800003,93.116585,8673800
2021-10-25,113.529999,114.349998,113.300003,113.849998,93.983360,9579800
2021-10-26,113.980003,114.599998,113.510002,114.099998,94.189735,7463000
2021-10-27,113.220001,113.580002,111.650002,112.070000,92.513962,9096100
2021-10-28,111.580002,113.269997,111.580002,113.120003,93.380745,7538200
2021-10-29,114.830002,115.290001,113.150002,114.489998,94.511688,15294200
2021-11-01,115.029999,115.089996,114.050003,114.529999,94.544693,11213800
2021-11-02,114.180000,114.190002,113.209999,113.830002,93.966843,9189700
2021-11-03,112.269997,113.269997,111.970001,113.010002,93.289940,10416000
2021-11-04,114.220001,114.260002,112.910004,113.510002,93.702698,9673000
2021-11-05,114.269997,115.050003,113.930000,114.739998,94.718040,8102100
2021-11-08,115.089996,115.989998,114.690002,115.150002,95.056519,7695900
2021-11-09,115.269997,116.120003,114.459999,116.000000,95.758186,10945900
2021-11-10,115.760002,116.209999,113.660004,114.150002,94.231010,10305100
2021-11-11,113.599998,114.669998,113.570000,114.160004,94.239273,7317500
2021-11-12,113.800003,114.309998,113.589996,114.230003,94.297050,8682800
2021-11-15,114.949997,116.949997,114.269997,116.820000,96.435089,11050400
2021-11-16,117.110001,118.080002,116.860001,117.279999,96.814835,10566300
2021-11-17,114.870003,116.529999,114.660004,115.419998,96.380608,11108000
2021-11-18,114.849998,115.379997,113.410004,114.449997,95.570625,8368600
2021-11-19,112.510002,113.150002,111.099998,111.910004,93.449608,13532600
2021-11-22,112.019997,115.190002,111.849998,113.910004,95.119698,9947100
2021-11-23,115.190002,116.839996,115.059998,116.300003,97.115463,10366800
2021-11-24,116.809998,118.000000,116.680000,117.190002,97.858650,8500900
2021-11-26,113.349998,114.830002,112.629997,114.510002,95.620728,11861800
2021-11-29,116.339996,117.169998,114.709999,114.849998,95.904640,12003800
2021-11-30,113.449997,115.860001,112.440002,112.870003,94.251244,24451200
2021-12-01,114.949997,116.059998,112.089996,112.099998,93.608261,12302700
2021-12-02,113.250000,115.699997,111.930000,115.139999,96.146797,11392400
2021-12-03,116.739998,117.000000,113.589996,114.410004,95.537224,10445100
2021-12-06,115.959999,117.449997,115.050003,116.199997,97.031960,9833900
2021-12-07,117.239998,118.660004,117.239998,117.919998,98.468208,11419600
2021-12-08,118.389999,119.260002,117.660004,118.449997,98.910782,8827900
2021-12-09,117.849998,118.599998,117.580002,118.139999,98.651917,8334700
2021-12-10,118.930000,119.199997,116.870003,118.339996,98.818932,9090700
2021-12-13,117.459999,117.849998,115.610001,115.879997,96.764717,8533000
2021-12-14,115.739998,116.919998,115.470001,116.220001,97.048653,12245300
2021-12-15,116.320000,116.320000,113.949997,115.559998,96.497513,11069500
2021-12-16,116.190002,118.190002,115.919998,116.639999,97.399361,11344700
2021-12-17,115.919998,116.459999,113.529999,113.599998,94.860840,22727900
2021-12-20,111.860001,113.709999,110.730003,113.650002,94.902580,13464400
2021-12-21,114.430000,116.070000,114.290001,115.470001,96.422363,11368200
2021-12-22,115.419998,116.680000,114.410004,116.129997,96.973488,8345200
2021-12-23,116.510002,117.919998,116.400002,116.410004,97.207298,7416600
2021-12-27,116.070000,118.820000,115.410004,118.790001,99.194710,7745500
2021-12-28,118.660004,119.339996,118.040001,118.559998,99.002647,6516000
2021-12-29,118.080002,118.650002,117.290001,117.949997,98.493263,6957400
2021-12-30,118.129997,118.690002,117.339996,117.430000,98.059029,6016000
2021-12-31,117.379997,118.089996,117.129997,117.349998,97.992241,5706600
2022-01-03,117.419998,119.690002,117.290001,119.260002,99.587181,10717700
2022-01-04,119.949997,121.980003,119.660004,121.430000,101.399216,16413100
2022-01-05,122.239998,123.839996,122.070000,122.220001,102.058907,15487100
2022-01-06,123.620003,124.320000,121.639999,123.260002,102.927338,13318500
2022-01-07,123.550003,125.540001,122.949997,125.029999,104.405365,14164600
2022-01-10,125.150002,125.690002,123.860001,125.110001,104.472176,12626100
2022-01-11,125.860001,128.000000,124.830002,127.970001,106.860397,14609000
2022-01-12,127.989998,128.429993,126.470001,127.330002,106.325974,12469200
2022-01-13,127.139999,128.100006,126.449997,126.800003,105.883385,9691300
2022-01-14,126.760002,129.199997,126.760002,128.960007,107.687080,13281000
2022-01-18,129.690002,130.000000,127.870003,129.380005,108.037811,12905500
2022-01-19,129.949997,130.149994,128.539993,128.910004,107.645332,12064300
2022-01-20,128.270004,130.860001,127.879997,128.449997,107.261215,11370400
2022-01-21,127.760002,128.399994,126.230003,126.910004,105.975258,13055700
2022-01-24,124.449997,127.730003,122.839996,127.180000,106.200699,19513700
2022-01-25,127.120003,132.740005,125.269997,132.589996,110.718307,19984500
2022-01-26,132.899994,134.710007,131.589996,132.690002,110.801796,17266500
2022-01-27,134.449997,137.000000,133.589996,135.369995,113.039688,20654100
2022-01-28,130.000000,132.059998,128.070007,130.610001,109.064919,24817800
2022-01-31,130.190002,131.860001,129.330002,131.330002,109.666138,16401800
2022-02-01,130.830002,135.740005,130.509995,134.789993,112.555374,16169700
2022-02-02,134.350006,135.800003,132.800003,135.410004,113.073097,10906700
2022-02-03,134.850006,135.350006,133.190002,134.199997,112.062714,9447700
2022-02-04,135.009995,137.000000,135.009995,135.880005,113.465576,13034700
2022-02-07,135.339996,139.429993,134.830002,138.550003,115.695160,18422500
2022-02-08,138.179993,138.429993,135.009995,136.440002,113.933197,11021600
2022-02-09,136.720001,138.339996,136.100006,137.789993,115.060509,10140800
2022-02-10,137.559998,138.789993,135.389999,136.039993,113.599152,11012700
2022-02-11,136.860001,139.440002,136.279999,138.809998,115.912254,12821200
2022-02-14,137.940002,138.050003,135.050003,136.669998,114.125244,15945000
2022-02-15,133.080002,134.839996,132.179993,134.259995,113.289894,11746800
2022-02-16,134.949997,136.160004,133.759995,134.300003,113.323631,11348800
2022-02-17,134.169998,134.580002,132.449997,133.610001,112.741409,10073900
2022-02-18,132.820007,133.910004,132.050003,133.419998,112.581100,10691800
2022-02-22,137.000000,137.000000,130.520004,132.399994,111.720413,19428700
2022-02-23,132.929993,136.080002,132.559998,135.550003,114.378410,16134200
2022-02-24,137.929993,138.229996,131.720001,134.850006,113.787750,22108900
2022-02-25,135.960007,140.500000,135.429993,140.380005,118.453987,28028000
2022-02-28,139.270004,144.000000,138.649994,144.000000,121.508614,24394300
2022-03-01,145.009995,149.960007,144.699997,149.720001,126.335167,31159900
2022-03-02,150.199997,155.750000,150.050003,154.139999,130.064850,31329500
2022-03-03,152.259995,157.119995,151.750000,156.220001,131.819946,22492900
2022-03-04,155.789993,159.949997,155.089996,158.649994,133.870422,29034400
2022-03-07,159.899994,162.100006,155.720001,162.039993,136.730927,34824700
2022-03-08,164.309998,174.000000,164.100006,170.529999,143.894836,57231000
2022-03-09,162.770004,169.770004,161.210007,166.270004,140.300247,43430000
2022-03-10,168.740005,174.759995,168.289993,170.820007,144.139557,34913600
2022-03-11,165.889999,172.979996,165.880005,170.899994,144.207062,28423600
2022-03-14,166.210007,168.350006,164.300003,166.720001,140.679947,25156200
2022-03-15,159.110001,160.190002,155.259995,158.279999,133.558182,28534400
2022-03-16,158.789993,160.500000,156.210007,157.710007,133.077209,22299700
2022-03-17,159.949997,160.990005,157.919998,160.440002,135.380798,15750700
2022-03-18,160.889999,161.729996,158.779999,161.729996,136.469330,23214700
2022-03-21,163.020004,165.580002,162.720001,164.639999,138.924835,13180600
2022-03-22,163.690002,165.259995,162.580002,164.089996,138.460724,11063900
2022-03-23,166.000000,167.350006,164.940002,165.860001,139.954285,10755000
2022-03-24,166.429993,167.399994,165.000000,166.300003,140.325546,9024800
2022-03-25,165.220001,169.690002,165.160004,169.309998,142.865402,10254700
2022-03-28,165.899994,166.630005,165.130005,166.350006,140.367752,9992000
2022-03-29,163.509995,164.479996,160.500000,164.320007,138.654816,15102600
2022-03-30,165.240005,166.350006,163.660004,165.479996,139.633636,9906000
2022-03-31,163.470001,166.160004,162.720001,162.830002,137.397537,10395900
2022-04-01,162.779999,165.949997,162.330002,164.220001,138.570435,8795300
2022-04-04,165.000000,165.449997,163.000000,164.369995,138.697006,8718600
2022-04-05,165.029999,167.720001,163.100006,163.360001,137.844757,9538200
2022-04-06,164.830002,167.009995,164.330002,164.809998,139.068314,9269000
2022-04-07,165.100006,167.699997,163.419998,167.100006,141.000610,8018400
2022-04-08,167.050003,171.100006,167.020004,169.929993,143.388611,10801200
2022-04-11,168.570007,168.779999,164.910004,165.559998,139.701157,10206100
2022-04-12,168.970001,172.679993,168.149994,169.009995,142.612274,9528400
2022-04-13,170.929993,172.080002,168.289993,171.669998,144.856796,7330700
2022-04-14,170.690002,172.940002,170.559998,171.589996,144.789322,9421100
2022-04-18,173.000000,174.539993,171.869995,173.889999,146.730072,7639000
2022-04-19,173.080002,173.690002,171.029999,171.830002,144.991806,6970200
2022-04-20,171.619995,173.580002,171.460007,172.529999,145.582489,7495000
2022-04-21,171.740005,172.440002,163.830002,164.580002,138.874207,14594800
2022-04-22,164.380005,165.470001,160.860001,160.949997,135.811188,12160100
2022-04-25,155.729996,158.360001,151.360001,157.490005,132.891617,15449800
2022-04-26,158.820007,160.369995,156.389999,156.529999,132.081528,9810600
2022-04-27,157.080002,157.919998,154.520004,156.240005,131.836807,10396600
2022-04-28,157.449997,163.000000,154.929993,161.789993,136.519958,9366400
2022-04-29,161.279999,162.440002,156.289993,156.669998,132.199661,14713200
2022-05-02,156.309998,160.000000,155.149994,159.750000,134.798584,11559000
2022-05-03,159.570007,163.429993,159.259995,162.490005,137.110657,8827200
2022-05-04,164.970001,167.889999,163.470001,167.589996,141.414032,9183200
2022-05-05,169.259995,169.500000,162.649994,166.259995,140.291809,9807600
2022-05-06,168.270004,170.970001,165.419998,170.690002,144.029877,10418100
2022-05-09,167.750000,167.750000,158.479996,159.250000,134.376678,14110700
2022-05-10,162.210007,164.190002,157.869995,160.779999,135.667740,11636000
2022-05-11,163.580002,167.460007,162.509995,163.160004,137.675964,9105500
2022-05-12,163.220001,164.850006,158.860001,164.710007,138.983917,8936400
2022-05-13,166.500000,168.789993,164.880005,167.869995,141.650345,9229900
2022-05-16,169.000000,174.970001,168.860001,173.009995,145.987503,13296300
2022-05-17,174.839996,175.649994,172.610001,174.029999,146.848221,12827600
2022-05-18,174.119995,174.130005,165.789993,168.059998,142.977280,13107500
2022-05-19,164.630005,169.639999,162.830002,166.860001,141.956390,10958700
2022-05-20,168.880005,171.039993,164.089996,167.820007,142.773148,9615000
2022-05-23,169.429993,172.960007,169.110001,171.720001,146.091034,10216400
2022-05-24,170.690002,173.580002,169.809998,172.639999,146.873734,9782700
2022-05-25,173.139999,175.990005,172.970001,175.410004,149.230331,10174500
2022-05-26,176.490005,177.929993,175.009995,176.589996,150.234192,11213900
2022-05-27,176.520004,178.350006,175.690002,178.279999,151.671982,10512300
2022-05-31,179.960007,180.960007,173.470001,174.660004,148.592255,20547600
2022-06-01,176.729996,178.130005,174.940002,176.320007,150.004501,8824100
2022-06-02,174.740005,176.509995,174.100006,176.000000,149.732254,7441900
2022-06-03,176.000000,178.250000,176.000000,177.600006,151.093460,8435300
2022-06-06,177.899994,178.000000,175.509995,176.830002,150.438385,6734200
2022-06-07,177.470001,180.660004,176.919998,180.199997,153.305389,9668300
2022-06-08,180.949997,182.399994,180.250000,181.130005,154.096634,8715200
2022-06-09,180.029999,180.639999,177.389999,177.520004,151.025391,9764600
2022-06-10,176.369995,178.570007,173.649994,175.399994,149.221802,9529700
2022-06-13,171.610001,172.000000,164.059998,167.330002,142.356232,14614900
2022-06-14,169.369995,172.289993,165.839996,167.550003,142.543381,10269300
2022-06-15,166.779999,167.850006,161.940002,164.259995,139.744431,11565300
2022-06-16,159.940002,160.539993,153.750000,155.479996,132.274826,18125900
2022-06-17,154.880005,155.470001,145.789993,148.380005,126.234520,35575100
2022-06-21,152.050003,156.020004,151.440002,154.589996,131.517670,13772000
2022-06-22,148.070007,150.800003,146.330002,147.869995,125.800591,13735800
2022-06-23,148.789993,149.229996,140.149994,142.429993,121.172523,15713700
2022-06-24,145.199997,147.089996,142.600006,144.770004,123.163307,11108300
2022-06-27,145.860001,148.820007,145.600006,147.570007,125.545418,9242400
2022-06-28,150.880005,152.190002,148.110001,149.940002,127.561661,9183300
2022-06-29,151.630005,152.110001,146.089996,146.979996,125.043442,9082900
2022-06-30,144.550003,147.919998,143.410004,144.779999,123.171799,10685000
2022-07-01,146.600006,146.960007,142.470001,146.509995,124.643585,7684600
2022-07-05,143.649994,144.539993,139.410004,142.660004,121.368202,11513100
2022-07-06,141.660004,143.259995,136.800003,140.779999,119.768776,12421200
2022-07-07,144.100006,145.300003,143.080002,143.520004,122.099854,12741800
2022-07-08,144.880005,145.449997,141.089996,142.770004,121.461800,7915500
2022-07-11,141.910004,142.850006,139.929993,141.509995,120.389847,7056800
2022-07-12,138.500000,139.619995,137.259995,138.919998,118.186378,8653900
2022-07-13,137.610001,140.729996,137.139999,137.990005,117.395187,9414600
2022-07-14,134.309998,136.160004,132.539993,135.940002,115.651161,10150200
2022-07-15,138.960007,138.960007,136.429993,137.649994,117.105919,7051900
2022-07-18,140.559998,142.139999,139.080002,139.580002,118.747902,7943900
2022-07-19,139.690002,145.009995,139.419998,144.610001,123.027168,9152100
2022-07-20,144.500000,147.259995,143.320007,146.520004,124.652115,7856600
2022-07-21,143.119995,145.470001,141.500000,145.399994,123.699226,6724200
2022-07-22,145.559998,146.300003,143.419998,144.190002,122.669853,5889500
2022-07-25,145.699997,148.610001,144.179993,148.479996,126.319565,6210900
2022-07-26,149.500000,150.679993,146.529999,147.320007,125.332703,6112800
2022-07-27,148.339996,150.199997,146.660004,149.259995,126.983154,6223000
2022-07-28,150.690002,151.470001,148.029999,150.389999,127.944489,6574300
2022-07-29,156.539993,164.660004,155.899994,163.779999,139.336060,17143700
2022-08-01,161.179993,161.860001,159.149994,160.509995,136.554092,8017800
2022-08-02,160.889999,161.470001,158.300003,159.139999,135.388565,5928300
2022-08-03,159.309998,159.960007,154.350006,155.360001,132.172745,8751400
2022-08-04,155.320007,155.440002,150.729996,151.139999,128.582565,10640000
2022-08-05,149.639999,155.009995,149.020004,153.639999,130.709457,7170200
2022-08-08,153.589996,154.979996,153.149994,153.410004,130.513779,5966900
2022-08-09,155.940002,157.800003,154.600006,155.410004,132.215271,5842200
2022-08-10,156.000000,156.470001,152.929993,155.820007,132.564117,6145800
2022-08-11,158.110001,161.160004,157.619995,159.619995,135.796921,7888600
2022-08-12,158.250000,159.910004,157.139999,159.850006,135.992615,7244700
2022-08-15,155.179993,157.789993,153.440002,156.809998,133.406311,8975200
2022-08-16,157.410004,157.919998,155.820007,156.410004,133.066025,7218400
2022-08-17,156.630005,159.339996,155.509995,157.699997,134.163467,6741100
2022-08-18,157.149994,159.660004,157.089996,159.020004,136.515747,6477500
2022-08-19,158.460007,159.740005,157.619995,157.690002,135.373947,6834200
2022-08-22,156.690002,157.740005,154.419998,156.899994,134.695755,9147000
2022-08-23,159.100006,162.339996,158.710007,161.990005,139.065445,10354800
2022-08-24,161.660004,163.350006,160.669998,163.190002,140.095612,9468100
2022-08-25,163.919998,164.899994,162.610001,164.619995,141.323227,8050700
2022-08-26,164.179993,166.130005,162.460007,163.410004,140.284470,7765800
2022-08-29,163.889999,166.830002,163.639999,164.630005,141.331818,8462600
2022-08-30,162.320007,162.559998,158.759995,160.619995,137.889297,8814300
2022-08-31,157.610001,161.410004,156.149994,158.059998,135.691589,13582700
2022-09-01,156.479996,156.880005,153.229996,155.539993,133.528198,8244400
2022-09-02,158.240005,159.130005,156.720001,157.850006,135.511307,7526600
2022-09-06,159.889999,159.990005,155.710007,157.119995,134.884628,8550000
2022-09-07,154.059998,155.820007,152.619995,155.110001,133.159073,9442100
2022-09-08,155.589996,156.380005,153.380005,155.949997,133.880173,9232500
2022-09-09,158.410004,160.649994,157.529999,159.970001,137.331284,8261100
2022-09-12,162.809998,164.529999,161.250000,162.500000,139.503265,8920800
2022-09-13,161.410004,162.660004,158.740005,159.410004,136.850525,10308300
2022-09-14,160.940002,163.570007,160.350006,163.270004,140.164291,11160800
2022-09-15,160.679993,161.699997,159.580002,160.619995,137.889297,9665000
2022-09-16,160.520004,161.139999,155.610001,156.449997,134.309433,43741600
2022-09-19,152.929993,156.949997,152.800003,156.899994,134.695755,6813800
2022-09-20,156.039993,156.850006,154.339996,156.279999,134.163467,8955200
2022-09-21,158.309998,158.779999,154.949997,155.009995,133.073227,6877000
2022-09-22,157.600006,158.279999,154.740005,154.889999,132.970215,6981100
2022-09-23,149.750000,150.179993,143.660004,144.770004,124.282372,13919700
2022-09-26,143.570007,145.050003,140.889999,140.960007,121.011566,9444000
2022-09-27,142.289993,143.770004,140.460007,141.020004,121.063095,10121000
2022-09-28,142.080002,146.440002,141.399994,145.779999,125.149422,8279800
2022-09-29,144.509995,145.410004,142.270004,144.770004,124.282372,8197600
2022-09-30,144.029999,145.139999,142.490005,143.669998,123.338043,9402700
2022-10-03,148.970001,152.339996,148.300003,151.729996,130.257401,9597400
2022-10-04,154.429993,157.880005,153.630005,157.630005,135.322464,9520200
2022-10-05,155.839996,159.729996,154.800003,158.529999,136.095093,10633100
2022-10-06,157.339996,161.940002,157.199997,161.419998,138.576096,9498300
2022-10-07,162.509995,163.929993,159.059998,160.029999,137.382797,9972500
2022-10-10,161.000000,161.470001,156.440002,157.139999,134.901764,5904500
2022-10-11,154.750000,159.929993,154.110001,157.169998,134.927551,7533300
2022-10-12,156.139999,158.809998,155.520004,157.639999,135.331055,4942000
2022-10-13,156.350006,165.990005,156.350006,165.279999,141.889832,10227500
2022-10-14,164.039993,165.460007,159.929993,160.139999,137.477249,7327900
2022-10-17,163.289993,164.910004,161.100006,161.309998,138.481644,5890400
2022-10-18,162.360001,163.309998,158.960007,162.720001,139.692108,5631200
2022-10-19,163.589996,169.210007,163.589996,168.000000,144.224899,9766800
2022-10-20,169.300003,171.820007,167.940002,168.960007,145.049057,8871500
2022-10-21,169.149994,173.839996,168.850006,173.190002,148.680420,7971300
2022-10-24,172.080002,174.669998,171.610001,173.130005,148.628937,7007700
2022-10-25,173.059998,175.000000,172.169998,174.929993,150.174179,7280600
2022-10-26,175.320007,178.479996,175.169998,177.089996,152.028503,6865300
2022-10-27,179.889999,181.399994,177.479996,177.899994,152.723877,9177400
2022-10-28,181.470001,182.860001,176.529999,179.979996,154.509521,10773900
2022-10-31,178.059998,183.839996,178.059998,180.899994,155.299301,13281000
2022-11-01,183.869995,184.500000,181.899994,182.220001,156.432495,9185600
2022-11-02,180.929993,182.899994,178.270004,178.500000,153.238953,8087500
2022-11-03,177.970001,182.190002,177.410004,181.130005,155.496765,6607800
2022-11-04,184.839996,185.399994,180.600006,183.419998,157.462677,7491900
2022-11-07,182.500000,186.380005,182.110001,185.610001,159.342758,7578000
2022-11-08,185.320007,186.250000,183.860001,185.339996,159.110962,6308200
2022-11-09,183.610001,183.809998,177.220001,177.929993,152.749634,8021700
2022-11-10,182.229996,182.330002,178.039993,181.300003,155.642715,6981500
2022-11-11,184.050003,187.100006,183.889999,186.460007,160.072479,8428300
2022-11-14,186.309998,189.679993,186.179993,186.550003,160.149750,9722400
2022-11-15,187.119995,188.440002,185.270004,188.050003,161.437454,7747300
2022-11-16,186.539993,187.820007,183.679993,184.990005,158.810501,7941100
2022-11-17,181.509995,184.229996,180.270004,184.089996,159.260345,6550500
2022-11-18,180.960007,183.410004,179.649994,182.990005,158.308731,7661500
2022-11-21,179.729996,181.699997,175.820007,181.240005,156.794724,8432900
2022-11-22,183.750000,186.559998,183.080002,185.889999,160.817581,9018000
2022-11-23,183.210007,185.149994,182.580002,184.240005,159.390137,5831200
2022-11-25,184.889999,185.300003,183.309998,183.699997,158.922928,2796400
2022-11-28,180.279999,181.470001,177.960007,178.360001,154.303223,9365500
2022-11-29,180.259995,181.850006,179.649994,181.029999,156.613098,6985400
2022-11-30,182.850006,183.339996,179.619995,183.309998,158.585587,10936700
2022-12-01,184.259995,184.550003,181.440002,182.490005,157.876175,5217400
2022-12-02,181.529999,183.630005,179.929993,181.029999,156.613098,6852300
2022-12-05,182.669998,182.949997,174.630005,176.559998,152.745972,8162200
2022-12-06,175.509995,178.059998,171.119995,172.009995,148.809677,8765000
2022-12-07,171.059998,174.580002,170.850006,172.520004,149.250916,6936300
2022-12-08,176.250000,176.399994,172.029999,173.539993,150.133347,8076600
2022-12-09,172.300003,173.190002,167.929993,168.000000,145.340561,10754300
2022-12-12,168.929993,170.520004,167.710007,169.750000,146.854492,9364900
2022-12-13,173.570007,174.460007,172.479996,173.529999,150.124680,7838800
2022-12-14,174.490005,174.919998,171.270004,172.330002,149.086502,7045500
2022-12-15,170.600006,171.369995,168.059998,171.039993,147.970490,7272900
2022-12-16,168.529999,170.149994,167.100006,168.720001,145.963425,23876000
2022-12-19,170.110001,170.820007,168.250000,169.880005,146.966995,7131600
2022-12-20,169.809998,173.289993,169.600006,172.669998,149.380676,6199100
2022-12-21,175.190002,175.960007,173.160004,174.699997,151.136871,5479400
2022-12-22,175.160004,175.210007,168.330002,172.080002,148.870239,5755000
2022-12-23,174.100006,177.580002,173.690002,177.399994,153.472702,6079100
2022-12-27,178.360001,180.229996,177.399994,179.630005,155.401901,5168000
2022-12-28,178.860001,179.300003,175.929993,176.979996,153.109375,4494400
2022-12-29,176.649994,179.199997,176.649994,178.320007,154.268600,4142100
2022-12-30,178.029999,179.949997,177.699997,179.490005,155.280823,5005100
2023-01-03,178.039993,179.000000,171.509995,173.990005,150.522644,7565400
2023-01-04,170.949997,174.289993,170.850006,172.139999,148.922165,7684500
2023-01-05,171.500000,176.190002,171.240005,175.240005,151.604034,6088200
2023-01-06,177.020004,179.389999,175.699997,176.559998,152.745972,7191200
2023-01-09,178.259995,178.330002,174.380005,175.179993,151.552124,8385600
2023-01-10,176.399994,176.710007,173.720001,176.039993,152.296112,8307000
2023-01-11,177.889999,178.139999,174.300003,175.199997,151.569412,6962600
2023-01-12,175.990005,178.369995,175.899994,177.080002,153.195862,6891400
2023-01-13,177.089996,177.990005,175.679993,177.559998,153.611145,5726300
2023-01-17,178.440002,181.320007,178.179993,180.490005,156.145920,10697700
2023-01-18,180.820007,182.380005,176.940002,177.229996,153.325607,8899200
2023-01-19,176.610001,179.949997,176.160004,179.000000,154.856888,5907200
2023-01-20,178.809998,181.360001,177.520004,180.899994,156.500610,10477900
2023-01-23,181.210007,182.550003,180.029999,180.660004,156.292999,8381300
2023-01-24,181.089996,182.000000,178.699997,180.830002,156.440063,5989000
2023-01-25,179.289993,180.029999,176.350006,179.080002,154.926086,6727500
2023-01-26,184.990005,187.809998,183.479996,187.789993,162.461288,14307800
2023-01-27,184.229996,184.229996,177.919998,179.449997,155.246185,19654700
2023-01-30,178.000000,178.339996,173.669998,174.199997,150.704285,11476000
2023-01-31,172.750000,174.630005,171.419998,174.020004,150.548584,14481300
2023-02-01,173.309998,173.660004,169.539993,171.360001,148.247330,11526400
2023-02-02,171.130005,171.429993,166.820007,169.009995,146.214294,10463400
2023-02-03,169.860001,171.550003,168.490005,169.449997,146.594971,8404900
2023-02-06,169.559998,170.119995,167.369995,169.639999,146.759338,7659500
2023-02-07,170.070007,174.389999,169.610001,174.089996,150.609146,10256500
2023-02-08,172.479996,174.070007,169.470001,170.000000,147.070786,9784700
2023-02-09,170.229996,170.660004,168.000000,168.440002,145.721191,10123400
2023-02-10,170.800003,172.729996,170.779999,171.970001,148.775101,11602400
2023-02-13,171.320007,171.899994,169.770004,171.009995,147.944550,9442900
2023-02-14,170.479996,173.509995,169.979996,172.320007,149.077896,8077300
2023-02-15,169.399994,169.520004,167.500000,169.009995,147.506882,8885700
2023-02-16,168.190002,168.660004,166.399994,166.570007,145.377335,6727500
2023-02-17,164.729996,164.839996,161.850006,162.850006,142.130630,9612100
2023-02-21,162.179993,163.750000,160.699997,161.000000,140.515976,7259700
2023-02-22,160.279999,161.660004,158.910004,160.350006,139.948700,6205900
2023-02-23,162.250000,162.839996,160.559998,161.929993,141.327667,6445500
2023-02-24,160.770004,162.600006,159.149994,162.410004,141.746628,5330200
2023-02-27,163.009995,163.369995,161.919998,162.820007,142.104446,6386800
2023-02-28,164.320007,164.320007,160.279999,160.770004,140.315277,10854200
2023-03-01,160.919998,163.589996,160.589996,162.050003,141.432388,7470400
2023-03-02,161.979996,163.490005,161.589996,162.559998,141.877502,5582000
2023-03-03,160.869995,165.580002,160.419998,164.960007,143.972153,6007500
2023-03-06,164.339996,166.800003,163.809998,166.169998,145.028198,7703600
2023-03-07,165.699997,166.600006,163.580002,164.029999,143.160492,7393000
2023-03-08,163.229996,165.289993,161.380005,162.990005,142.252808,5435800
2023-03-09,163.789993,165.490005,160.190002,160.509995,140.088318,6214700
2023-03-10,160.940002,164.669998,158.669998,159.669998,139.355209,7385800
2023-03-13,156.440002,160.949997,153.800003,158.710007,138.517365,10106100
2023-03-14,158.259995,164.020004,157.880005,160.759995,140.306519,10035200
2023-03-15,155.589996,157.949997,152.009995,153.800003,134.232056,14063100
2023-03-16,150.160004,155.470001,149.910004,154.289993,134.659698,12849600
2023-03-17,153.619995,155.380005,150.600006,152.339996,132.957809,33161800
2023-03-20,151.740005,155.779999,151.289993,154.580002,134.912811,8469200
2023-03-21,157.160004,159.570007,156.470001,159.309998,139.041000,9753500
2023-03-22,159.869995,160.059998,155.929993,156.070007,136.213242,6315000
2023-03-23,157.020004,158.759995,153.139999,154.520004,134.860443,7859400
2023-03-24,152.100006,156.649994,151.830002,156.059998,136.204498,6600100
2023-03-27,157.399994,158.479996,155.690002,157.649994,137.592224,7006800
2023-03-28,157.279999,160.190002,156.679993,159.490005,139.198105,5605400
2023-03-29,160.619995,161.320007,159.330002,160.860001,140.393814,7569700
2023-03-30,162.250000,163.009995,161.580002,162.389999,141.729141,6322400
2023-03-31,162.699997,163.720001,162.149994,163.160004,142.401169,7041400
2023-04-03,169.800003,171.100006,168.919998,169.949997,148.327301,12868200
2023-04-04,171.139999,171.139999,167.720001,169.039993,147.533051,7521400
2023-04-05,169.259995,170.440002,167.740005,169.880005,148.266205,6478100
2023-04-06,169.350006,169.410004,167.130005,167.649994,146.319931,5803200
2023-04-10,168.490005,169.679993,167.309998,168.289993,146.878479,5923500
2023-04-11,169.070007,170.339996,168.070007,169.220001,147.690170,5469600
2023-04-12,170.449997,171.119995,169.470001,169.820007,148.213837,6157900
2023-04-13,170.250000,172.470001,169.820007,172.089996,150.195038,6856600
2023-04-14,172.500000,172.880005,171.220001,172.440002,150.500488,4930700
2023-04-17,172.389999,172.539993,170.220001,170.919998,149.173889,7006000
2023-04-18,170.820007,172.389999,170.130005,170.520004,148.824768,8045600
2023-04-19,169.460007,170.740005,169.100006,170.679993,148.964447,5506800
2023-04-20,168.759995,170.059998,168.020004,169.850006,148.239975,5851100
2023-04-21,169.830002,170.589996,168.839996,169.119995,147.602890,7179000
2023-04-24,169.100006,172.380005,168.580002,171.479996,149.662613,7177600
2023-04-25,170.320007,170.399994,168.429993,168.990005,147.489441,5807200
2023-04-26,168.210007,168.949997,165.229996,165.979996,144.862396,5927400
2023-04-27,166.429993,167.389999,165.070007,166.949997,145.709000,6417200
2023-04-28,164.500000,168.940002,164.050003,168.580002,147.131592,10036300
2023-05-01,167.710007,168.729996,166.360001,167.240005,145.962097,6099800
2023-05-02,165.320007,165.380005,158.449997,160.039993,139.678116,10701700
2023-05-03,158.149994,159.570007,156.740005,156.830002,136.876556,7538100
2023-05-04,157.110001,158.199997,155.419998,156.220001,136.344162,7500400
2023-05-05,159.300003,161.119995,158.779999,160.210007,139.826523,5802000
2023-05-08,161.570007,162.300003,159.520004,159.580002,139.276657,5028200
2023-05-09,158.110001,160.419998,157.910004,159.119995,138.875198,5019800
2023-05-10,160.440002,160.440002,155.880005,157.089996,137.103455,6161200
2023-05-11,155.380005,156.320007,153.889999,156.220001,136.344162,6666100
2023-05-12,157.000000,157.929993,155.559998,156.619995,136.693253,4898900
2023-05-15,157.229996,158.160004,156.229996,157.199997,137.199463,5096700
2023-05-16,156.479996,157.020004,153.330002,153.509995,133.978928,7007700
2023-05-17,154.789993,156.419998,153.960007,155.710007,135.899063,6169600
2023-05-18,152.869995,154.240005,151.529999,154.009995,135.731583,7477700
2023-05-19,154.889999,156.440002,153.990005,155.229996,136.806808,8100900
2023-05-22,153.789993,154.830002,152.089996,152.440002,134.347916,11661000
2023-05-23,154.139999,157.679993,153.839996,156.850006,138.234528,10436200
2023-05-24,157.949997,158.570007,156.289993,157.270004,138.604691,7064000
2023-05-25,154.679993,155.630005,153.500000,154.559998,136.216293,7037700
2023-05-26,155.289993,155.630005,153.460007,154.080002,135.793274,7736200
2023-05-30,151.669998,153.259995,151.210007,153.119995,134.947205,7814800
2023-05-31,151.539993,152.419998,150.360001,150.619995,132.743927,13346400
2023-06-01,151.300003,153.740005,149.740005,152.160004,134.101151,9887700
2023-06-02,154.580002,156.750000,153.610001,156.259995,137.714539,9464300
2023-06-05,158.449997,158.449997,155.240005,155.509995,137.053558,6443800
2023-06-06,153.330002,156.160004,153.199997,155.789993,137.300339,6176400
2023-06-07,156.550003,160.210007,156.500000,159.830002,140.860840,9900000
2023-06-08,160.160004,160.490005,157.089996,159.240005,140.340866,7142200
2023-06-09,159.279999,160.389999,158.619995,158.860001,140.005966,6669500
2023-06-12,157.059998,159.330002,156.229996,157.330002,138.657547,7159600
2023-06-13,158.520004,160.580002,158.270004,158.509995,139.697510,7660800
2023-06-14,159.979996,160.770004,156.149994,157.089996,138.446030,7721100
2023-06-15,157.320007,159.789993,157.320007,158.279999,139.494812,7705400
2023-06-16,158.570007,159.240005,157.259995,157.259995,138.595871,22908100
2023-06-20,156.149994,156.570007,152.240005,153.679993,135.440750,10438700
2023-06-21,152.669998,155.960007,152.500000,154.880005,136.498337,7328200
2023-06-22,153.350006,153.589996,151.970001,152.639999,134.524200,7088600
2023-06-23,151.009995,151.699997,150.130005,151.350006,133.387299,15172700
2023-06-26,151.619995,154.970001,151.539993,154.009995,135.731583,7371800
2023-06-27,153.500000,154.710007,152.820007,153.529999,135.308548,6581700
2023-06-28,153.440002,155.020004,152.190002,154.919998,136.533615,5773800
2023-06-29,155.429993,156.270004,154.440002,156.240005,137.696960,5633500
2023-06-30,157.460007,157.919998,156.600006,157.350006,138.675186,6346600
2023-07-03,157.179993,158.100006,156.699997,157.210007,138.551819,3272600
2023-07-05,157.699997,157.699997,155.119995,156.309998,137.758606,6318700
2023-07-06,155.199997,155.830002,151.630005,152.880005,134.735703,9203000
2023-07-07,152.139999,155.990005,151.960007,154.220001,135.916672,6602200
2023-07-10,153.929993,155.789993,153.919998,155.250000,136.824432,5167900
2023-07-11,156.000000,158.410004,155.660004,158.119995,139.353790,5060500
2023-07-12,159.220001,160.339996,158.330002,159.639999,140.693405,6464000
2023-07-13,159.839996,160.600006,156.570007,157.509995,138.816193,8143900
2023-07-14,157.009995,157.020004,153.300003,153.580002,135.352615,7065700
2023-07-17,153.350006,154.139999,152.639999,153.440002,135.229233,4351700
2023-07-18,152.669998,156.070007,152.369995,153.750000,135.502441,6798300
2023-07-19,153.830002,155.779999,153.279999,154.690002,136.330917,5653100
2023-07-20,156.160004,157.190002,155.710007,156.399994,137.837921,5866600
2023-07-21,157.529999,158.830002,157.059998,158.690002,139.856171,8760100
2023-07-24,160.470001,164.039993,160.009995,161.820007,142.614670,9722100
2023-07-25,161.910004,163.509995,160.660004,162.559998,143.266815,6767600
2023-07-26,160.880005,162.089996,160.550003,161.339996,142.191650,6056400
2023-07-27,162.089996,162.470001,159.220001,159.660004,140.711029,6470100
2023-07-28,158.410004,159.000000,156.509995,158.869995,140.014771,6542300
2023-07-31,161.130005,163.979996,160.619995,163.660004,144.236298,13056300
2023-08-01,163.639999,163.639999,160.550003,162.300003,143.037689,7531400
2023-08-02,161.169998,161.220001,158.059998,159.729996,140.772705,7067100
2023-08-03,159.910004,161.699997,158.850006,159.669998,140.719849,6680700
2023-08-04,160.660004,163.020004,159.039993,159.309998,140.402573,10185400
2023-08-07,161.009995,161.380005,159.080002,159.889999,140.913757,13927400
2023-08-08,157.940002,159.789993,156.220001,159.649994,140.702209,6451300
2023-08-09,160.860001,161.440002,159.309998,159.860001,140.887314,10531500
2023-08-10,160.330002,162.479996,159.619995,160.830002,141.742172,8647100
2023-08-11,160.500000,164.169998,160.179993,164.149994,144.668106,6682600
2023-08-14,163.770004,164.250000,162.610001,164.029999,144.562393,6060100
2023-08-15,163.399994,163.410004,159.100006,159.240005,140.340866,7876500
2023-08-16,160.520004,161.830002,158.470001,158.630005,139.803284,7920500
2023-08-17,159.179993,162.139999,158.970001,159.750000,142.143433,8270500
2023-08-18,158.380005,161.320007,158.160004,160.899994,143.166672,5999200
2023-08-21,161.199997,162.070007,159.449997,160.360001,142.686188,6802300
2023-08-22,160.490005,161.250000,158.970001,159.039993,141.511642,6080800
2023-08-23,158.139999,159.410004,156.699997,159.250000,141.698517,4975600
2023-08-24,157.729996,159.889999,157.559998,157.940002,140.532883,5989600
2023-08-25,159.070007,159.910004,157.649994,159.119995,141.582840,5291800
2023-08-28,159.529999,161.800003,159.220001,160.210007,142.552719,4386100
2023-08-29,160.910004,160.949997,159.100006,159.960007,142.330276,5374800
2023-08-30,160.589996,161.250000,159.929993,160.179993,142.526001,5534900
2023-08-31,161.009995,161.240005,159.929993,161.100006,143.344620,7003700
2023-09-01,162.639999,164.690002,162.639999,164.300003,146.191940,6663000
2023-09-05,165.279999,167.559998,165.199997,166.460007,148.113876,9755800
2023-09-06,166.279999,167.440002,165.580002,166.630005,148.265152,7195500
2023-09-07,167.139999,167.899994,166.279999,166.639999,148.274048,7925900
2023-09-08,167.419998,168.490005,166.710007,167.210007,148.781219,7434400
2023-09-11,168.080002,168.589996,162.869995,163.759995,145.711456,7155100
2023-09-12,165.300003,167.190002,165.100006,166.809998,148.425308,7521100
2023-09-13,167.410004,167.750000,165.580002,166.199997,147.882523,5759500
2023-09-14,167.699997,168.500000,167.119995,167.229996,148.798996,8822800
2023-09-15,166.210007,168.369995,165.880005,166.500000,148.149460,17439700
2023-09-18,167.869995,168.360001,166.399994,167.220001,148.790146,7027600
2023-09-19,168.690002,168.960007,166.429993,167.199997,148.772339,6615100
2023-09-20,167.070007,168.509995,166.600006,166.690002,148.318558,5939100
2023-09-21,167.119995,167.869995,165.050003,165.190002,146.983856,7150000
2023-09-22,166.229996,167.419998,165.940002,166.279999,147.953705,5963000
2023-09-25,166.330002,168.779999,165.990005,168.710007,150.115921,5510000
2023-09-26,167.440002,168.410004,166.979996,167.800003,149.306198,5659200
2023-09-27,169.369995,171.229996,168.809998,171.039993,152.189117,9124400
2023-09-28,170.550003,171.699997,169.429993,170.589996,151.788696,7151800
2023-09-29,170.490005,170.500000,167.820007,168.619995,150.035828,7396100
2023-10-02,168.339996,168.570007,165.229996,166.539993,148.185028,6839600
2023-10-03,165.919998,167.360001,165.509995,166.929993,148.532043,6168600
2023-10-04,164.699997,164.979996,161.490005,163.039993,145.070801,9664700
2023-10-05,161.419998,164.750000,161.389999,163.899994,145.835999,8073000
2023-10-06,164.309998,164.369995,158.990005,162.229996,144.350082,10190400
2023-10-09,166.380005,168.190002,164.949997,166.720001,148.345230,8183500
2023-10-10,166.770004,167.399994,165.679993,166.539993,148.185028,6512900
2023-10-11,165.070007,165.080002,160.479996,161.100006,143.344620,12570700
2023-10-12,163.259995,163.259995,160.899994,161.229996,143.460297,7397000
2023-10-13,163.410004,164.839996,162.300003,164.059998,145.978378,8042800
2023-10-16,165.339996,165.809998,163.850006,165.399994,147.170700,5446000
2023-10-17,164.830002,168.199997,164.649994,167.589996,149.119354,7538300
2023-10-18,168.470001,169.699997,167.580002,168.919998,150.302750,6893500
2023-10-19,168.699997,170.169998,167.509995,169.100006,150.462921,6580200
2023-10-20,168.410004,169.100006,166.100006,166.830002,148.443100,7458300
2023-10-23,163.300003,164.429993,160.250000,160.679993,142.970886,16232400
2023-10-24,160.889999,161.080002,156.470001,156.649994,139.385071,17689900
2023-10-25,156.940002,157.410004,155.169998,155.869995,138.691040,10502400
2023-10-26,155.009995,155.179993,153.630005,154.750000,137.694458,10830400
2023-10-27,150.720001,151.250000,143.960007,144.350006,128.440704,24524300
2023-10-30,145.660004,146.440002,144.320007,146.089996,129.988937,13857100
2023-10-31,146.100006,146.520004,144.229996,145.729996,129.668564,14261300
2023-11-01,145.979996,146.009995,143.820007,143.979996,128.111481,10819600
2023-11-02,144.539993,149.000000,143.830002,148.759995,132.364655,11099100
2023-11-03,148.300003,148.559998,146.149994,147.610001,131.341415,13160000
2023-11-06,148.729996,149.330002,146.690002,147.000000,130.798615,10634200
2023-11-07,145.160004,145.610001,143.240005,144.410004,128.494064,15054600
2023-11-08,143.880005,144.649994,142.250000,142.399994,126.705589,12654100
2023-11-09,143.050003,143.910004,141.779999,141.940002,126.296310,10359500
2023-11-10,143.289993,143.440002,141.729996,142.949997,127.195015,11988200
2023-11-13,143.149994,144.300003,142.850006,144.000000,128.129272,8747700
2023-11-14,144.479996,145.500000,143.860001,145.050003,129.063538,11224400
2023-11-15,144.860001,146.639999,144.410004,145.559998,129.517334,10052100
2023-11-16,143.020004,143.509995,140.740005,141.770004,127.467346,14031300
2023-11-17,142.949997,145.190002,142.399994,144.460007,129.885956,11075600
2023-11-20,144.630005,145.690002,144.270004,144.380005,129.814056,8062400
2023-11-21,143.830002,144.300003,142.699997,144.039993,129.508347,6783300
2023-11-22,141.740005,144.389999,140.720001,144.330002,129.769073,7216100
2023-11-24,144.300003,145.940002,144.199997,144.899994,130.281601,3861000
2023-11-27,144.649994,144.820007,142.850006,144.360001,129.796051,9850800
2023-11-28,144.779999,146.520004,144.059998,145.509995,130.830063,9746500
2023-11-29,146.389999,146.490005,143.059998,143.910004,129.391464,16417100
2023-11-30,144.979996,146.009995,142.029999,143.600006,129.112732,16276000
2023-12-01,143.490005,146.509995,142.600006,144.809998,130.200653,11906500
2023-12-04,144.000000,145.699997,143.250000,144.869995,130.254608,11842800
2023-12-05,144.759995,145.070007,142.630005,142.860001,128.447388,9597600
2023-12-06,141.899994,144.029999,141.350006,142.529999,128.150681,18079700
2023-12-07,143.509995,144.009995,140.990005,142.419998,128.051758,14786700
2023-12-08,143.509995,144.669998,143.119995,144.309998,129.751099,10821700
2023-12-11,144.839996,145.399994,143.820007,144.350006,129.787048,9849600
2023-12-12,143.169998,143.589996,141.750000,142.500000,128.123718,9863900
2023-12-13,142.169998,144.679993,141.649994,144.610001,130.020828,10641300
2023-12-14,145.850006,149.929993,145.850006,149.929993,134.804138,14960500
2023-12-15,147.320007,149.820007,147.320007,149.350006,134.282639,30850900
2023-12-18,150.830002,152.119995,149.320007,149.679993,134.579361,11561700
2023-12-19,149.960007,151.830002,149.490005,151.639999,136.341614,8738100
2023-12-20,152.149994,153.059998,150.059998,150.250000,135.091858,9370000
2023-12-21,150.779999,150.800003,149.220001,150.710007,135.505447,7264700
2023-12-22,151.740005,152.389999,150.750000,151.050003,135.811127,6396100
2023-12-26,152.070007,153.009995,151.899994,152.410004,137.033920,5165600
2023-12-27,152.270004,152.970001,151.339996,151.910004,136.584381,5337200
2023-12-28,151.179993,152.020004,149.399994,149.770004,134.660278,8148000
2023-12-29,150.029999,150.229996,148.669998,149.160004,134.111816,7658600
2024-01-02,149.990005,151.479996,149.240005,149.479996,134.399506,8879700
2024-01-03,149.389999,153.190002,148.679993,152.330002,136.961990,10255300
2024-01-04,153.660004,154.350006,150.589996,150.660004,135.460480,8220300
2024-01-05,151.979996,152.029999,149.830002,150.399994,135.226700,7455400
2024-01-08,148.419998,149.699997,146.580002,149.500000,134.417511,10038200
2024-01-09,149.949997,149.949997,145.589996,145.699997,131.000854,11784700
2024-01-10,146.020004,146.020004,144.110001,144.500000,129.921951,8490400
2024-01-11,145.559998,146.169998,144.619995,145.279999,130.623245,8612500
2024-01-12,147.830002,148.500000,146.169998,147.270004,132.412460,9386900
2024-01-16,146.509995,146.580002,143.580002,143.690002,129.193665,9380400
2024-01-17,142.419998,144.020004,142.039993,143.119995,128.681152,8167000
2024-01-18,143.000000,143.190002,139.619995,141.820007,127.512314,11187800
2024-01-19,141.729996,142.250000,141.009995,142.240005,127.889946,11192500
2024-01-22,141.910004,142.660004,140.919998,142.490005,128.114746,9184600
2024-01-23,141.990005,143.330002,141.899994,142.089996,127.755066,6767200
2024-01-24,142.699997,144.979996,142.220001,144.919998,130.299591,8100000
2024-01-25,146.220001,148.690002,145.229996,148.570007,133.581360,9773600
2024-01-26,148.029999,149.259995,146.979996,149.139999,134.093826,9151900
2024-01-29,149.089996,149.220001,147.110001,149.080002,134.039871,10494800
2024-01-30,148.179993,150.309998,147.710007,150.119995,134.974960,9902900
2024-01-31,150.369995,150.380005,147.339996,147.429993,132.556320,10428000
2024-02-01,148.190002,149.020004,146.520004,147.889999,132.969940,8641100
2024-02-02,150.860001,153.380005,149.550003,152.240005,136.881088,12839100
2024-02-05,151.619995,153.509995,150.789993,152.330002,136.961990,8277800
2024-02-06,152.500000,153.539993,151.809998,152.350006,136.979996,6198200
2024-02-07,153.020004,153.779999,151.169998,152.130005,136.782135,6252000
2024-02-08,151.949997,154.300003,151.649994,154.059998,138.517471,9237000
2024-02-09,154.419998,155.320007,150.979996,151.039993,135.802139,9194500
2024-02-12,151.619995,152.610001,151.389999,152.080002,136.737228,6713000
2024-02-13,152.619995,153.070007,149.600006,150.600006,135.406525,6987100
2024-02-14,151.279999,152.199997,150.080002,151.009995,135.775146,5995100
2024-02-15,149.910004,155.089996,149.669998,154.460007,140.392502,8950300
2024-02-16,155.369995,155.770004,154.089996,154.630005,140.547028,7570200
2024-02-20,155.470001,155.610001,153.830002,154.000000,139.974380,6977900
2024-02-21,154.570007,155.570007,154.100006,155.440002,141.283264,6628900
2024-02-22,154.820007,156.630005,153.830002,155.429993,141.274139,8874900
2024-02-23,154.869995,154.919998,153.250000,154.660004,140.574280,6561600
2024-02-26,154.539993,155.550003,153.830002,154.449997,140.383408,6900800
2024-02-27,153.199997,153.880005,149.899994,152.160004,138.302002,15093800
2024-02-28,152.360001,153.860001,151.779999,152.339996,138.465591,6715900
2024-02-29,152.910004,153.240005,151.479996,152.009995,138.165634,9334400
2024-03-01,153.050003,154.350006,152.250000,152.809998,138.892792,7459100
2024-03-04,152.500000,152.589996,147.669998,148.880005,135.320724,12503200
2024-03-05,148.830002,150.619995,148.300003,149.589996,135.966034,6985500
2024-03-06,150.830002,152.410004,148.139999,148.330002,134.820786,14692100
2024-03-07,148.500000,150.750000,148.449997,149.369995,135.766068,8739300
2024-03-08,149.369995,149.990005,148.389999,149.880005,136.229630,7528400
2024-03-11,150.500000,152.080002,149.589996,152.000000,138.156570,7577100
2024-03-12,151.830002,152.570007,150.789993,151.889999,138.056564,6432900
2024-03-13,153.240005,154.880005,153.149994,153.889999,139.874405,8065600
2024-03-14,153.770004,155.729996,152.759995,155.699997,141.519577,9047200
2024-03-15,155.190002,157.039993,154.419998,155.550003,141.383224,20387200
2024-03-18,156.029999,156.669998,154.940002,155.410004,141.255981,7242700
2024-03-19,155.300003,156.839996,155.009995,156.619995,142.355789,7736700
2024-03-20,155.759995,156.429993,154.229996,154.550003,140.474319,8449100
2024-03-21,154.949997,155.690002,154.410004,154.860001,140.756088,7899100
2024-03-22,155.080002,155.279999,154.160004,154.660004,140.574280,5974700
2024-03-25,155.479996,157.309998,155.270004,156.470001,142.219452,6058700
2024-03-26,156.520004,156.860001,154.649994,155.270004,141.128723,6677900
2024-03-27,154.869995,156.440002,154.850006,156.350006,142.110382,7416900
2024-03-28,157.149994,158.190002,156.369995,157.740005,143.373779,8331600
2024-04-01,158.270004,159.589996,156.940002,159.080002,144.591751,6285700
2024-04-02,160.050003,161.220001,159.020004,159.779999,145.227982,8815400
2024-04-03,160.100006,160.949997,159.720001,160.440002,145.827866,7819700
2024-04-04,160.800003,161.949997,159.820007,160.690002,146.055084,9269700
2024-04-05,161.330002,162.169998,159.860001,161.600006,146.882233,7432800
2024-04-08,161.649994,162.500000,160.330002,161.270004,146.582306,7253200
2024-04-09,161.850006,162.529999,160.460007,162.000000,147.245804,6576200
2024-04-10,162.210007,162.770004,161.009995,162.669998,147.854782,7525800
2024-04-11,163.619995,163.619995,159.800003,161.889999,147.145813,7682500
2024-04-12,162.289993,163.869995,158.039993,158.960007,144.482651,11071000
2024-04-15,159.940002,160.490005,157.360001,157.589996,143.237457,7236900
2024-04-16,157.300003,157.809998,155.419998,156.279999,142.046753,5541900
2024-04-17,155.990005,157.710007,155.639999,156.399994,142.155777,6733900
2024-04-18,157.139999,158.039993,156.389999,157.570007,143.219254,4979200
2024-04-19,158.750000,160.750000,158.149994,160.000000,145.427963,7734700
2024-04-22,159.949997,162.699997,158.440002,161.919998,147.173065,6779200
2024-04-23,161.309998,162.850006,160.600006,162.850006,148.018387,5597600
2024-04-24,161.880005,163.839996,161.449997,163.570007,148.672806,7610300
2024-04-25,163.699997,165.600006,162.669998,165.279999,150.227066,9702600
2024-04-26,165.229996,166.979996,163.300003,165.889999,150.781540,9736400
2024-04-29,165.910004,167.110001,164.690002,166.330002,151.181427,6364000
2024-04-30,165.970001,166.119995,160.949997,161.270004,146.582306,8457300
2024-05-01,160.779999,161.449997,158.899994,159.630005,145.091644,7713700
2024-05-02,160.410004,161.779999,159.889999,160.729996,146.091461,8597100
2024-05-03,160.660004,160.660004,157.039993,160.250000,145.655212,11664500
2024-05-06,160.729996,164.020004,160.729996,162.300003,147.518494,8430300
2024-05-07,162.309998,163.149994,162.020004,162.669998,147.854782,6869900
2024-05-08,161.949997,163.080002,161.539993,162.539993,147.736618,6706400
2024-05-09,163.020004,165.509995,162.729996,165.449997,150.381577,6683300
2024-05-10,166.039993,166.419998,165.020004,165.820007,150.717896,5490900
2024-05-13,166.479996,166.910004,162.979996,164.529999,149.545380,6848300
2024-05-14,164.339996,165.199997,163.020004,163.610001,148.709167,4924000
2024-05-15,163.130005,163.800003,160.169998,163.050003,148.200150,7603100
2024-05-16,161.529999,162.000000,160.479996,161.089996,147.897186,6409400
2024-05-17,161.750000,162.970001,161.190002,162.669998,149.347809,5497900
2024-05-20,162.720001,163.000000,161.070007,161.139999,147.943100,4913800
2024-05-21,160.580002,161.460007,159.740005,159.970001,146.868942,4783300
2024-05-22,159.520004,159.520004,156.520004,157.570007,144.665466,6260500
2024-05-23,157.919998,158.600006,156.330002,156.940002,144.087082,6718400
2024-05-24,158.080002,158.970001,157.300003,157.750000,144.830750,4477700
2024-05-28,158.119995,159.419998,157.949997,159.039993,146.015060,6928300
2024-05-29,158.020004,158.490005,156.440002,156.899994,144.050323,5909600
2024-05-30,156.850006,158.460007,156.809998,158.259995,145.298965,6369600
2024-05-31,158.630005,162.580002,158.509995,162.300003,149.008118,10334200
2024-06-03,161.490005,161.679993,156.460007,157.460007,144.564484,9009900
2024-06-04,155.720001,156.350006,154.110001,156.130005,143.343414,6360500
2024-06-05,156.160004,157.020004,154.529999,154.979996,142.287582,7058500
2024-06-06,154.500000,156.020004,153.389999,155.929993,143.159790,5215100
2024-06-07,155.710007,157.690002,155.130005,156.080002,143.297501,5887700
2024-06-10,156.410004,158.199997,156.320007,156.740005,143.903458,7074700
2024-06-11,156.169998,156.750000,154.479996,156.490005,143.673935,5132000
2024-06-12,157.490005,157.630005,152.399994,154.220001,141.589844,10017400
2024-06-13,153.770004,154.089996,152.229996,152.839996,140.322845,6163000
2024-06-14,153.130005,153.289993,151.970001,152.570007,140.074982,6159100
2024-06-17,152.500000,153.929993,151.929993,153.190002,140.644180,6321400
2024-06-18,153.550003,155.949997,152.839996,153.330002,140.772720,6942900
2024-06-20,153.710007,157.410004,153.250000,156.639999,143.811630,8336000
2024-06-21,156.800003,157.669998,155.220001,155.279999,142.563019,21289800
2024-06-24,156.270004,159.539993,156.190002,159.309998,146.262970,7971600
2024-06-25,159.119995,159.360001,157.669998,158.460007,145.482590,5985400
2024-06-26,158.460007,158.460007,155.789993,155.949997,143.178131,8637800
2024-06-27,156.699997,156.940002,155.639999,156.320007,143.517868,5568700
2024-06-28,157.520004,158.580002,156.169998,156.419998,143.609650,11283400
2024-07-01,157.160004,158.699997,155.979996,156.520004,143.701477,5584100
2024-07-02,157.679993,157.720001,155.449997,156.750000,143.912628,7216800
2024-07-03,156.940002,157.740005,156.559998,156.710007,143.875916,3264200
2024-07-05,156.550003,156.550003,153.679993,154.309998,141.672455,6183100
2024-07-08,153.320007,155.279999,153.320007,154.330002,141.690826,4990700
2024-07-09,153.000000,154.759995,152.350006,152.979996,140.451385,5301600
2024-07-10,152.500000,155.440002,152.300003,155.130005,142.425293,5416600
2024-07-11,155.000000,156.679993,154.220001,155.259995,142.544647,8322500
2024-07-12,156.160004,156.440002,154.559998,155.589996,142.847626,6446300
2024-07-15,156.949997,159.520004,156.369995,158.039993,145.096954,5661200
2024-07-16,157.009995,158.309998,156.149994,157.770004,144.849091,6924200
2024-07-17,158.500000,161.479996,158.289993,161.229996,148.025742,7296600
2024-07-18,161.229996,164.279999,160.240005,161.970001,148.705124,6577700
2024-07-19,162.479996,162.699997,158.410004,159.149994,146.116058,6427700
2024-07-22,158.220001,158.979996,156.850006,156.990005,144.132965,5577300
2024-07-23,156.350006,156.600006,153.839996,154.089996,141.470474,6238700
2024-07-24,154.690002,155.699997,153.419998,155.070007,142.370239,5971700
2024-07-25,155.369995,158.259995,154.619995,157.539993,144.637924,5432100
2024-07-26,157.729996,159.039993,157.059998,157.839996,144.913345,5232500
2024-07-29,158.250000,158.250000,154.860001,156.600006,143.774948,5072000
2024-07-30,156.460007,160.089996,156.440002,159.570007,146.501678,5740900
2024-07-31,161.690002,161.690002,160.050003,160.470001,147.327957,6209200
2024-08-01,158.710007,159.500000,152.029999,152.619995,140.120850,16689900
2024-08-02,151.130005,152.039993,147.020004,148.550003,136.384201,13278600
2024-08-05,145.520004,145.770004,143.410004,144.660004,132.812775,13037200
2024-08-06,144.490005,145.089996,143.119995,143.229996,131.499878,9692700
2024-08-07,144.580002,145.729996,142.279999,142.410004,130.747009,8867900
2024-08-08,143.070007,144.820007,142.710007,144.490005,132.656708,7531100
2024-08-09,144.210007,146.110001,143.190002,144.990005,133.115738,7653100
2024-08-12,145.839996,146.740005,139.690002,145.020004,133.143295,8442200
2024-08-13,144.080002,144.550003,143.050003,144.149994,132.344528,7794800
2024-08-14,144.389999,145.240005,143.429993,144.669998,132.821960,5874200
2024-08-15,145.589996,147.520004,145.479996,146.800003,134.777512,6304200
2024-08-16,146.050003,147.619995,145.639999,147.270004,135.209000,6874400
2024-08-19,146.009995,147.729996,145.889999,146.830002,136.313782,5967400
2024-08-20,146.330002,146.509995,144.559998,144.690002,134.327042,7497600
2024-08-21,145.429993,146.639999,144.550003,145.320007,134.911942,5985000
2024-08-22,145.350006,146.330002,145.130005,145.729996,135.292542,4027000
2024-08-23,146.529999,148.089996,146.320007,147.619995,137.047211,4824100
2024-08-26,148.970001,150.089996,147.550003,148.500000,137.864166,5780300
2024-08-27,148.669998,149.550003,146.740005,146.949997,136.425186,5100000
2024-08-28,146.440002,147.139999,145.479996,146.000000,135.543228,5614400
2024-08-29,146.460007,148.179993,145.440002,147.419998,136.861511,4466700
2024-08-30,146.220001,148.080002,145.699997,147.949997,137.353546,6414800
2024-09-03,145.550003,145.770004,144.279999,144.660004,134.299210,7944700
2024-09-04,144.639999,145.529999,141.669998,142.070007,131.894730,9820700
2024-09-05,143.169998,143.169998,140.600006,140.929993,130.836319,9371100
2024-09-06,141.070007,142.110001,137.869995,138.559998,128.636078,7836400
2024-09-09,138.639999,142.020004,138.539993,140.300003,130.251465,9892300
2024-09-10,140.899994,141.080002,137.089996,138.229996,128.329727,8202500
2024-09-11,138.210007,138.479996,135.369995,137.880005,128.004791,9534000
2024-09-12,138.229996,139.470001,137.419998,139.210007,129.239548,6591500
2024-09-13,139.869995,141.529999,139.710007,140.610001,130.539261,5900700
2024-09-16,141.690002,143.169998,141.070007,142.089996,131.913254,6864300
2024-09-17,141.800003,144.139999,141.740005,143.410004,133.138733,7338800
2024-09-18,143.320007,145.600006,143.190002,143.960007,133.649353,6180300
2024-09-19,145.809998,146.779999,144.929993,144.990005,134.605560,7247400
2024-09-20,145.229996,145.910004,143.440002,145.679993,135.246155,23162900
2024-09-23,146.250000,148.419998,145.949997,147.539993,136.972931,6960600
2024-09-24,148.880005,149.100006,146.910004,147.449997,136.889374,6014200
2024-09-25,146.949997,147.410004,143.500000,143.970001,133.658630,7888400
2024-09-26,140.899994,143.220001,140.630005,141.990005,131.820435,8046200
2024-09-27,142.979996,145.770004,142.839996,145.490005,135.069763,8049200
2024-09-30,145.369995,147.479996,144.279999,147.270004,136.722260,7491700
2024-10-01,146.350006,150.520004,145.449997,149.699997,138.978226,9489100
2024-10-02,151.679993,152.279999,149.259995,150.949997,140.138718,8105400
2024-10-03,151.309998,152.169998,150.020004,151.250000,140.417206,6553300
2024-10-04,152.479996,152.500000,150.139999,150.740005,139.943756,7892400
2024-10-07,151.500000,152.750000,150.690002,151.119995,140.296494,5895900
2024-10-08,149.199997,149.600006,147.729996,148.750000,138.096283,5892700
2024-10-09,147.509995,150.369995,147.360001,149.649994,138.931793,4973500
2024-10-10,150.679993,151.550003,149.850006,150.619995,139.832336,4420900
2024-10-11,150.380005,152.330002,150.250000,151.419998,140.575043,5051300
2024-10-14,150.520004,151.899994,150.179993,151.779999,140.909241,4214700
2024-10-15,148.800003,149.960007,147.559998,147.729996,137.149323,6704600
2024-10-16,148.350006,149.029999,148.210007,148.729996,138.077698,4303700
2024-10-17,149.259995,151.330002,148.970001,151.199997,140.370804,6593100
2024-10-18,150.820007,151.080002,149.380005,150.750000,139.953018,5208200
2024-10-21,152.000000,152.479996,150.490005,150.880005,140.073730,5074000
2024-10-22,151.250000,151.679993,150.220001,150.919998,140.110840,4416400
2024-10-23,150.360001,151.000000,149.289993,150.479996,139.702362,5248600
2024-10-24,151.130005,151.449997,149.380005,150.449997,139.674515,5474300
2024-10-25,151.389999,152.119995,150.460007,150.809998,140.008713,6839900
2024-10-28,148.250000,150.699997,148.160004,150.539993,139.758057,8892000
2024-10-29,150.039993,150.419998,147.869995,148.520004,137.882751,6014700
2024-10-30,149.080002,149.649994,147.660004,148.050003,137.446411,5784000
2024-10-31,148.759995,149.570007,147.889999,148.820007,138.161270,8400900
2024-11-01,152.479996,155.929993,151.699997,153.070007,142.106873,11728000
2024-11-04,154.419998,154.419998,152.619995,153.970001,142.942413,6130000
2024-11-05,154.529999,154.669998,152.550003,153.410004,142.422501,5978900
2024-11-06,157.100006,158.610001,156.119995,157.720001,146.423798,12118900
2024-11-07,157.940002,158.009995,156.399994,156.770004,145.541870,8143200
2024-11-08,156.600006,157.580002,155.669998,156.929993,145.690384,6041500
2024-11-11,157.139999,157.940002,155.899994,156.500000,145.291229,7771700
2024-11-12,157.300003,157.470001,155.119995,155.289993,144.167831,5681900
2024-11-13,156.070007,159.020004,154.529999,158.720001,147.352203,8824000
2024-11-14,159.839996,161.830002,159.679993,161.800003,150.211609,10111200
2024-11-15,161.520004,162.380005,160.759995,161.419998,149.858810,9022800
2024-11-18,160.559998,161.520004,159.070007,160.759995,150.768555,6075400
2024-11-19,159.979996,160.429993,158.750000,159.600006,149.680634,4657400
2024-11-20,159.910004,161.440002,159.779999,161.330002,151.303101,6391300
2024-11-21,162.020004,162.649994,161.289993,161.630005,151.584473,7945200
2024-11-22,161.509995,162.610001,161.149994,162.360001,152.269104,7005900
2024-11-25,162.149994,163.169998,159.830002,160.360001,150.393387,10702400
2024-11-26,162.309998,162.940002,161.399994,162.529999,152.428528,7369500
2024-11-27,162.759995,164.679993,161.610001,162.110001,152.034622,7674500
2024-11-29,162.250000,162.750000,160.660004,161.929993,151.865799,5077000
2024-12-02,162.289993,162.949997,160.110001,162.210007,152.128403,6229600
2024-12-03,162.979996,163.199997,161.389999,161.919998,151.856430,5900100
2024-12-04,161.830002,161.839996,157.860001,158.320007,148.480194,7862700
2024-12-05,159.289993,160.669998,158.690002,159.330002,149.427414,6358400
2024-12-06,158.750000,158.830002,155.169998,155.240005,145.591614,9701700
2024-12-09,157.000000,160.080002,156.820007,157.080002,147.317245,9404500
2024-12-10,159.059998,159.520004,156.699997,157.000000,147.242218,9126200
2024-12-11,156.860001,157.169998,155.800003,156.210007,146.501343,13764700
2024-12-12,155.869995,156.529999,154.270004,154.710007,145.094559,7621500
2024-12-13,154.869995,154.960007,153.070007,153.869995,144.306747,5816200
2024-12-16,153.889999,153.889999,149.250000,149.360001,140.077072,11961200
2024-12-17,148.000000,148.649994,146.910004,148.110001,138.904739,11909300
2024-12-18,147.759995,148.669998,143.979996,144.080002,135.125229,10174500
2024-12-19,144.570007,144.759995,140.949997,141.149994,132.377319,16544300
2024-12-20,140.820007,142.850006,140.550003,142.850006,133.971680,32209200
2024-12-23,142.479996,143.350006,141.539993,142.970001,134.084213,8156500
2024-12-24,143.100006,144.039993,142.259995,143.839996,134.900116,3556100
2024-12-26,143.669998,144.309998,142.899994,143.979996,135.031448,4492600
2024-12-27,144.289993,145.710007,143.389999,144.000000,135.050186,5296500
2024-12-30,143.789993,143.979996,142.350006,143.070007,134.177994,6194800
2024-12-31,143.520004,145.339996,143.320007,144.839996,135.837982,6137800
2025-01-02,145.479996,148.070007,145.479996,146.710007,137.591766,7170300
2025-01-03,147.539993,148.500000,147.300003,147.850006,138.660904,5809000
2025-01-06,148.399994,150.330002,146.869995,147.259995,138.107559,5888700
2025-01-07,148.509995,150.500000,147.630005,149.589996,140.292755,7736000
2025-01-08,148.039993,151.179993,148.029999,150.300003,140.958633,7640900
2025-01-10,153.410004,154.339996,150.869995,153.139999,143.622101,11074700
2025-01-13,154.100006,157.350006,154.000000,155.350006,145.694778,11774100
2025-01-14,155.210007,156.910004,154.460007,156.899994,147.148422,6830200
2025-01-15,156.880005,158.690002,156.380005,158.330002,148.489563,7900000
2025-01-16,158.029999,159.899994,158.029999,159.380005,149.474319,5578900
2025-01-17,159.130005,161.770004,158.800003,161.470001,151.434402,9260400
2025-01-21,161.149994,161.399994,157.490005,158.240005,148.405167,10131400
2025-01-22,157.679993,158.440002,156.270004,156.410004,146.688904,7232200
2025-01-23,157.630005,157.940002,155.619995,156.009995,146.313751,5979800
2025-01-24,156.460007,157.470001,155.270004,155.649994,145.976135,8003800
2025-01-27,156.330002,157.889999,155.520004,157.229996,147.457932,7141000
2025-01-28,157.710007,158.919998,155.179993,156.210007,146.501343,6425400
2025-01-29,155.720001,156.580002,154.809998,155.690002,146.013641,5630600
2025-01-30,156.559998,157.449997,155.520004,156.320007,146.604507,6931900
2025-01-31,153.759995,154.369995,148.649994,149.190002,139.917648,16726800
2025-02-03,149.000000,150.860001,147.800003,149.339996,140.058289,7605000
2025-02-04,148.720001,153.389999,148.720001,153.220001,143.697174,8458100
2025-02-05,152.990005,153.800003,152.289993,152.990005,143.481445,6533700
2025-02-06,154.220001,155.259995,151.059998,151.899994,142.459198,6420500
2025-02-07,152.479996,153.809998,151.919998,152.619995,143.134430,4724900
2025-02-10,154.289993,155.800003,154.059998,155.770004,146.088669,5653800
2025-02-11,156.350006,158.710007,156.119995,157.440002,147.654877,6011800
2025-02-12,156.750000,157.470001,154.570007,154.899994,145.272736,6693500
2025-02-13,154.779999,156.419998,153.320007,155.880005,146.191833,7836400
2025-02-14,155.080002,157.449997,154.880005,155.339996,147.301270,5828800
2025-02-18,155.339996,157.309998,154.779999,156.160004,148.078857,5981500
2025-02-19,156.520004,158.360001,156.000000,157.229996,149.093491,4945800
2025-02-20,157.500000,158.949997,157.070007,158.789993,150.572739,6256200
2025-02-21,158.130005,158.949997,156.820007,156.919998,148.799530,6689800
2025-02-24,157.089996,158.330002,156.750000,157.889999,149.719330,5925000
2025-02-25,157.990005,158.990005,155.460007,156.419998,148.325394,6810900
2025-02-26,156.619995,156.690002,154.399994,155.139999,147.111618,6005200
2025-02-27,155.690002,158.289993,154.809998,156.669998,148.562454,7517200
2025-02-28,156.699997,158.669998,154.919998,158.619995,150.411545,8828500
2025-03-03,159.460007,160.089996,151.759995,153.089996,145.167725,9059800
2025-03-04,151.210007,154.149994,150.050003,152.000000,144.134125,8826300
2025-03-05,150.149994,151.369995,147.740005,150.809998,143.005722,9288300
2025-03-06,150.509995,153.330002,149.470001,152.949997,145.034973,7314700
2025-03-07,153.949997,157.449997,153.710007,156.339996,148.249542,8562600
2025-03-10,157.190002,160.369995,156.169998,157.570007,149.415894,11750300
2025-03-11,158.429993,158.839996,153.789993,154.080002,146.106491,10466300
2025-03-12,153.639999,154.789993,152.220001,152.669998,144.769455,9710200
2025-03-13,152.259995,154.429993,151.919998,153.610001,145.660812,9022800
2025-03-14,153.990005,157.240005,153.009995,157.020004,148.894348,6671500
2025-03-17,157.220001,159.449997,156.759995,158.720001,150.506378,7615200
2025-03-18,159.740005,161.089996,158.820007,160.809998,152.488220,9289500
2025-03-19,160.970001,164.539993,160.899994,164.050003,155.560562,11503900
2025-03-20,163.130005,165.309998,162.410004,164.770004,156.243286,9545900
2025-03-21,164.490005,164.889999,163.110001,164.750000,156.224319,21625500
2025-03-24,164.690002,166.429993,164.320007,165.020004,156.480362,8068000
2025-03-25,166.080002,167.820007,165.110001,165.940002,157.352737,7869200
2025-03-26,167.369995,168.960007,167.250000,167.970001,159.277710,10076100
2025-03-27,167.250000,168.220001,165.850006,166.649994,158.026001,6862700
2025-03-28,166.699997,167.130005,165.300003,166.089996,157.494965,4923000
2025-03-31,166.190002,168.919998,166.130005,167.289993,158.632874,10675300
2025-04-01,167.289993,168.600006,166.160004,168.509995,159.789749,6378600
2025-04-02,167.399994,167.979996,165.850006,166.470001,157.855316,7044900
2025-04-03,160.119995,161.350006,155.800003,156.119995,148.040924,15501000
2025-04-04,151.759995,152.460007,142.750000,143.279999,135.865372,20374700
2025-04-07,138.729996,146.190002,137.289993,140.149994,132.897354,17817000
2025-04-08,144.149994,144.490005,134.869995,136.929993,129.843994,12904400
2025-04-09,135.020004,147.470001,133.880005,146.029999,138.473068,16846800
2025-04-10,143.220001,143.630005,133.449997,134.979996,127.994888,20991200
2025-04-11,135.009995,137.119995,132.039993,135.630005,128.611267,17224400
2025-04-14,138.479996,138.539993,134.100006,135.320007,128.317291,9628200
2025-04-15,134.320007,136.630005,134.250000,134.539993,127.577660,9334800
2025-04-16,135.399994,137.550003,134.800003,135.360001,128.355240,8637200
2025-04-17,136.690002,140.240005,136.449997,137.869995,130.735336,8434400
2025-04-21,136.020004,136.289993,132.330002,133.729996,126.809586,9967500
2025-04-22,135.259995,138.240005,134.940002,137.300003,130.194839,7984700
2025-04-23,137.210007,138.550003,135.149994,136.679993,129.606918,10002000
2025-04-24,137.919998,139.399994,137.220001,139.070007,131.873260,7745800
2025-04-25,138.330002,139.050003,137.250000,138.729996,131.550827,6878500
2025-04-28,138.970001,140.460007,138.679993,140.100006,132.849945,6715500
2025-04-29,138.690002,140.009995,138.570007,139.300003,132.091354,7343800
2025-04-30,138.000000,138.149994,134.139999,136.059998,129.018997,13858000
2025-05-01,135.419998,137.949997,135.119995,136.259995,129.208664,10199800
2025-05-02,137.880005,139.779999,135.289993,138.500000,131.332748,12393200
2025-05-05,136.770004,137.000000,135.179993,135.500000,128.487976,9665000
2025-05-06,136.350006,137.309998,135.039993,135.600006,128.582825,9916200
2025-05-07,136.070007,136.300003,134.619995,135.789993,128.762970,8422100
2025-05-08,136.690002,138.889999,136.470001,137.039993,129.948288,8669300
2025-05-09,138.899994,139.369995,137.699997,138.490005,131.323273,5965700
2025-05-12,142.449997,143.710007,140.570007,141.619995,134.291290,8028200
2025-05-13,141.529999,143.229996,140.919998,142.350006,134.983521,8536800
2025-05-14,141.759995,142.229996,140.729996,141.669998,134.338699,6453600
2025-05-15,140.000000,142.460007,139.509995,142.259995,134.898163,7545400
2025-05-16,142.699997,143.000000,140.699997,142.100006,134.746460,8200100
2025-05-19,139.470001,139.520004,137.119995,138.490005,132.922836,7713600
2025-05-20,138.289993,138.750000,137.029999,137.270004,131.751877,6503900
2025-05-21,136.619995,137.130005,135.490005,135.559998,130.110611,9073200
2025-05-22,134.990005,135.990005,133.770004,135.289993,129.851456,8877600
2025-05-23,134.389999,136.789993,134.059998,136.539993,131.051193,7025900
2025-05-27,137.380005,137.970001,136.410004,137.830002,132.289368,8348900
2025-05-28,138.779999,138.789993,135.660004,136.020004,130.552124,6876300
2025-05-29,136.500000,137.940002,136.100006,137.910004,132.366150,7554300
2025-05-30,136.880005,137.449997,135.210007,136.699997,131.204788,12858900
2025-06-02,138.490005,138.690002,136.429993,137.839996,132.298950,9076600
2025-06-03,137.649994,140.589996,136.600006,139.550003,133.940201,9001300
2025-06-04,139.419998,140.630005,137.330002,137.369995,131.847839,8735600
2025-06-05,138.149994,138.289993,136.699997,136.899994,131.396729,6342600
2025-06-06,138.089996,140.610001,138.089996,140.210007,134.573700,6563500
2025-06-09,140.550003,142.139999,139.690002,140.759995,135.101563,7159500
2025-06-10,142.220001,144.940002,141.910004,143.350006,137.587463,9841500
2025-06-11,144.190002,145.119995,142.610001,144.779999,138.959976,9256700
2025-06-12,144.500000,145.199997,143.429993,144.970001,139.142334,6999400
2025-06-13,147.080002,147.600006,144.539993,145.910004,140.044525,14148000
2025-06-16,145.729996,146.869995,143.740005,146.029999,140.159714,10105100
2025-06-17,147.330002,149.979996,146.500000,148.850006,142.866379,11330300
2025-06-18,149.440002,150.169998,147.699997,148.190002,142.232895,9841900
2025-06-20,148.520004,149.899994,147.899994,149.550003,143.538223,23705900
2025-06-23,152.119995,152.149994,146.320007,146.860001,140.956345,10540600
2025-06-24,144.539993,146.389999,143.160004,143.550003,137.779419,10778400
2025-06-25,143.410004,144.199997,142.509995,143.229996,137.472290,7386100
2025-06-26,143.699997,145.080002,143.399994,144.440002,138.633652,7415700
2025-06-27,144.550003,144.669998,142.570007,143.789993,138.009750,9213500
2025-06-30,143.039993,144.100006,142.399994,143.190002,137.433884,6980300
2025-07-01,143.339996,146.270004,142.509995,145.570007,139.718216,8508200
2025-07-02,147.009995,148.009995,145.470001,147.979996,142.031326,8228700
2025-07-03,147.839996,148.979996,147.360001,148.369995,142.405655,5173300
2025-07-07,147.399994,148.169998,145.580002,147.399994,141.474640,9460900
2025-07-08,147.320007,153.240005,147.259995,153.240005,147.079910,14082100
2025-07-09,152.940002,153.960007,152.479996,153.020004,146.868744,9495900
2025-07-10,152.789993,155.279999,151.679993,154.169998,147.972488,8395100
2025-07-11,154.289993,155.889999,153.570007,155.309998,149.066666,8333200
2025-07-14,154.899994,154.899994,151.139999,151.649994,145.553787,10706300
2025-07-15,151.600006,152.309998,150.250000,150.690002,144.632385,7346300
2025-07-16,150.759995,151.479996,149.220001,149.919998,143.893326,7923400
2025-07-17,149.160004,151.839996,148.600006,151.380005,145.294662,8359600
2025-07-18,155.020004,155.910004,146.529999,150.039993,144.008514,45782600
2025-07-21,151.199997,151.669998,149.130005,149.679993,143.662979,17982200
2025-07-22,149.259995,150.940002,148.479996,150.039993,144.008514,26196500
2025-07-23,150.910004,153.139999,150.470001,153.119995,146.964706,13162800
2025-07-24,152.690002,156.000000,152.199997,155.830002,149.565765,15701000
2025-07-25,155.830002,156.199997,153.960007,154.839996,148.615555,7875500
2025-07-28,155.399994,156.550003,154.949997,156.279999,149.997665,8755400
2025-07-29,156.679993,157.210007,155.449997,157.029999,150.717529,6446000
2025-07-30,156.139999,156.309998,152.699997,153.559998,147.387024,9191700
2025-07-31,152.000000,153.929993,151.139999,151.639999,145.544189,10237100
2025-08-01,152.539993,154.649994,150.350006,151.399994,145.313858,10706500
2025-08-04,151.250000,152.080002,149.820007,151.039993,144.968323,10116600
2025-08-05,151.029999,153.100006,149.899994,153.039993,146.887909,8604100
2025-08-06,154.479996,155.160004,152.220001,152.779999,146.638382,7840900
2025-08-07,153.789993,155.149994,152.830002,153.160004,147.003113,6510400
2025-08-08,153.990005,155.750000,153.500000,155.009995,148.778732,6332800
2025-08-11,155.339996,155.929993,152.990005,153.449997,147.281448,6169700
2025-08-12,154.089996,156.050003,153.360001,154.440002,148.231644,6641600
2025-08-13,154.570007,156.009995,154.199997,155.869995,149.604141,6581900
2025-08-14,155.699997,155.699997,154.100006,155.160004,148.922699,7337300
2025-08-15,155.479996,158.539993,155.289993,156.550003,150.256836,11617000
2025-08-18,156.130005,156.490005,154.750000,155.320007,149.076279,8174300
2025-08-19,153.460007,153.940002,151.850006,152.000000,147.513779,8567500
2025-08-20,152.419998,153.490005,151.929993,153.220001,148.697769,8076300
2025-08-21,152.820007,155.669998,152.729996,155.550003,150.959030,7533600
2025-08-22,155.320007,158.789993,155.320007,158.179993,153.511368,9084300
2025-08-25,157.899994,158.320007,157.169998,158.199997,153.530792,7030000
2025-08-26,157.509995,160.000000,156.550003,157.360001,152.715591,10270000
2025-08-27,157.399994,159.990005,157.210007,159.240005,154.540115,7483000
2025-08-28,159.009995,159.520004,157.850006,159.320007,154.617752,6502000
2025-08-29,159.699997,161.100006,159.449997,160.600006,155.859985,6934800
2025-09-02,160.479996,161.860001,159.380005,161.830002,157.053650,8947300
2025-09-03,160.000000,161.850006,157.020004,158.059998,153.394928,9556100
2025-09-04,158.059998,159.649994,157.500000,157.690002,153.035858,7243000
2025-09-05,156.059998,156.720001,153.490005,153.660004,149.124786,11011700
2025-09-08,153.910004,155.029999,152.880005,154.000000,149.454758,9462000
2025-09-09,154.910004,156.990005,154.600006,154.850006,150.279678,7769200
2025-09-10,155.050003,157.919998,155.000000,157.789993,153.132889,7440800
2025-09-11,156.500000,158.919998,156.009995,158.250000,153.579330,6417400
2025-09-12,158.850006,159.779999,157.100006,157.110001,152.472977,5546300
2025-09-15,157.380005,158.320007,156.500000,157.309998,152.667068,5030500
2025-09-16,158.250000,160.100006,158.119995,159.539993,154.831238,8011000
2025-09-17,159.199997,160.669998,158.610001,160.089996,155.365005,5736800
2025-09-18,160.029999,160.289993,158.089996,158.839996,154.151917,6244200
2025-09-19,159.000000,159.000000,155.550003,156.210007,151.599533,16734000
2025-09-22,155.619995,157.119995,155.149994,156.050003,151.444244,5244000
2025-09-23,157.119995,159.830002,156.990005,157.419998,152.773804,7181400
2025-09-24,158.320007,160.490005,158.250000,159.179993,154.481857,6285200
2025-09-25,159.440002,161.009995,159.350006,160.720001,155.976410,6311000
2025-09-26,160.570007,161.300003,159.509995,160.160004,155.432938,7015200
2025-09-29,159.130005,159.130005,155.559998,156.100006,151.492767,8315100
2025-09-30,154.889999,155.729996,153.929993,155.289993,150.706665,7755700
2025-10-01,154.830002,155.089996,153.190002,154.580002,150.017639,6768400
2025-10-02,153.960007,156.600006,153.320007,153.369995,148.843338,7562400
2025-10-03,153.580002,154.279999,152.229996,153.550003,149.018036,7249300
2025-10-06,153.970001,154.649994,152.919998,154.020004,149.474167,4778900
2025-10-07,153.649994,154.960007,151.279999,154.910004,150.337906,5479600
2025-10-08,154.360001,154.679993,152.839996,153.740005,149.202438,5678000
2025-10-09,154.130005,154.970001,151.559998,151.639999,147.164398,6178600
2025-10-10,150.699997,151.350006,148.889999,148.899994,144.505280,7796600
2025-10-13,150.000000,151.979996,149.429993,151.940002,147.455566,5978800
2025-10-14,149.809998,153.460007,149.660004,152.389999,147.892273,6419400
2025-10-15,152.899994,154.210007,151.039993,152.110001,147.620544,5824900
2025-10-16,152.139999,152.729996,150.229996,151.710007,147.232361,5276800
2025-10-17,152.259995,154.190002,152.199997,153.080002,148.561905,7735500
2025-10-20,153.429993,154.720001,153.179993,154.479996,149.920578,5676500
2025-10-21,154.740005,155.289993,153.210007,153.789993,149.250946,6304900
2025-10-22,154.649994,155.979996,153.610001,155.570007,150.978424,6036700
2025-10-23,158.199997,158.589996,156.119995,156.559998,151.939194,9810900
2025-10-24,157.419998,157.630005,155.429993,155.559998,150.968719,4979900
2025-10-27,155.800003,156.500000,154.869995,155.279999,150.696976,4884400
2025-10-28,154.899994,156.229996,153.889999,154.130005,149.580917,5066500
2025-10-29,153.860001,156.149994,153.860001,155.100006,150.522308,7344400
2025-10-30,155.229996,155.229996,153.240005,153.520004,148.988937,8971200
2025-10-31,155.729996,159.179993,155.110001,157.720001,153.064957,11136100
2025-11-03,157.410004,157.720001,153.570007,154.039993,149.493576,8512200
2025-11-04,153.429993,153.759995,152.149994,153.389999,148.862747,6976800
2025-11-05,153.529999,154.399994,152.660004,152.660004,148.154327,5894700
2025-11-06,152.910004,154.789993,152.679993,152.940002,148.426041,6466300
2025-11-07,153.429993,156.169998,153.429993,155.020004,150.444656,9835900
2025-11-10,155.419998,155.979996,152.369995,155.649994,151.056046,8436800
2025-11-11,156.750000,157.990005,155.899994,156.240005,151.628647,6361400
2025-11-12,155.580002,155.789993,152.080002,153.320007,148.794830,11670900
2025-11-13,154.000000,156.199997,153.929993,155.580002,150.988129,7998700
2025-11-14,156.229996,157.949997,154.809998,157.619995,152.967911,8484800
2025-11-17,157.720001,157.889999,154.440002,154.820007,150.250565,8745000
2025-11-18,152.500000,154.279999,151.759995,153.619995,150.751038,10813400
2025-11-19,151.160004,151.960007,150.250000,151.699997,148.866898,7539900
2025-11-20,152.539993,153.039993,150.050003,150.309998,147.502838,7623400
2025-11-21,150.440002,151.009995,148.750000,149.979996,147.179016,9248400
2025-11-24,149.820007,150.119995,147.740005,149.750000,146.953308,14181100
2025-11-25,148.899994,149.899994,148.270004,148.529999,145.756088,11447900
2025-11-26,148.259995,150.460007,148.199997,149.509995,146.717789,7578900
2025-11-28,149.460007,151.520004,149.259995,151.130005,148.307541,3848600
2025-12-01,151.750000,153.949997,151.500000,152.539993,149.691193,8209000
2025-12-02,152.020004,152.460007,149.259995,150.250000,147.443970,9196300
2025-12-03,151.039993,152.500000,150.979996,151.589996,148.758942,8060200
2025-12-04,151.750000,152.940002,151.220001,152.259995,149.416428,7254700
2025-12-05,152.000000,152.630005,149.830002,150.000000,147.198639,12659800
2025-12-08,149.250000,150.070007,147.660004,148.710007,145.932739,10237200
2025-12-09,149.050003,150.100006,148.220001,148.490005,145.716843,8916700
2025-12-10,149.179993,151.800003,148.699997,151.410004,148.582306,10976300
2025-12-11,150.830002,151.940002,150.100006,150.720001,147.905182,8414200
2025-12-12,151.149994,151.550003,149.630005,149.990005,147.188843,5848100
2025-12-15,149.839996,150.100006,148.429993,149.800003,147.002380,7503000
2025-12-16,148.539993,148.820007,146.490005,146.750000,144.009338,11290500
2025-12-17,147.500000,149.869995,147.350006,149.520004,146.727600,8805300
2025-12-18,148.850006,149.270004,147.080002,147.690002,144.931793,6998800
2025-12-19,147.960007,149.009995,147.190002,147.750000,144.990662,21701400
2025-12-22,148.809998,150.490005,148.699997,149.800003,147.002380,8143600
2025-12-23,150.039993,151.080002,149.850006,150.509995,147.699097,4663700
2025-12-24,150.380005,150.990005,150.100006,150.500000,147.689301,2227600
2025-12-26,150.380005,151.139999,149.649994,150.020004,147.218277,3706900
2025-12-29,151.000000,151.639999,150.089996,150.990005,148.170151,5589100
2025-12-30,151.500000,152.669998,151.470001,152.309998,149.465500,5150500