Date,Open,High,Low,Close,Adj Close,Volume
2020-01-02,145.289993,148.199997,145.100006,148.199997,143.689255,9502100
2020-01-03,146.399994,147.899994,146.050003,146.500000,142.041000,7320200
2020-01-06,145.539993,146.029999,144.309998,145.649994,141.216873,8262500
2020-01-07,145.990005,146.869995,145.419998,145.699997,141.265350,6906500
2020-01-08,145.490005,146.130005,144.820007,145.399994,140.974472,6984200
2020-01-09,146.470001,146.630005,144.610001,144.830002,140.421844,6664200
2020-01-10,145.300003,145.500000,144.259995,144.619995,140.218216,5152500
2020-01-13,144.750000,144.750000,143.360001,143.880005,139.500763,9921300
2020-01-14,143.410004,146.720001,142.289993,145.199997,140.780563,14839100
2020-01-15,145.710007,145.710007,143.929993,144.320007,139.927368,6818200
2020-01-16,145.089996,145.429993,144.440002,145.119995,140.703018,6948400
2020-01-17,145.539993,145.639999,144.009995,144.330002,139.937057,10355300
2020-01-21,144.240005,144.589996,143.009995,143.559998,139.190491,9250200
2020-01-22,144.449997,144.789993,143.539993,144.009995,139.626801,7550000
2020-01-23,143.600006,143.610001,140.649994,142.199997,137.871887,11082000
2020-01-24,141.399994,142.250000,139.199997,140.080002,135.816422,13076300
2020-01-27,135.860001,137.729996,135.000000,135.899994,131.763641,12831800
2020-01-28,136.500000,138.929993,135.860001,138.369995,134.158447,10390000
2020-01-29,138.600006,138.679993,135.789993,136.059998,131.918762,9382700
2020-01-30,135.089996,137.850006,134.830002,137.809998,133.615524,11847300
2020-01-31,138.399994,138.669998,137.059998,138.309998,134.100281,12379100
2020-02-03,139.789993,141.820007,139.750000,141.320007,137.018677,12639900
2020-02-04,145.490005,145.589996,143.250000,144.729996,140.324860,23519700
2020-02-05,146.600006,147.300003,138.570007,141.369995,137.067123,27824100
2020-02-06,141.919998,143.949997,141.220001,142.699997,138.356659,9504600
2020-02-07,141.889999,141.990005,140.119995,141.020004,136.727798,10948900
2020-02-10,141.029999,142.589996,140.460007,142.589996,138.250015,8162100
2020-02-11,142.850006,142.990005,140.460007,141.009995,136.718094,10790100
2020-02-12,141.339996,142.220001,140.869995,141.850006,137.532532,8168200
2020-02-13,141.169998,141.899994,140.820007,140.899994,136.611450,7543100
2020-02-14,141.100006,141.279999,139.130005,139.539993,135.292847,9110500
2020-02-18,139.020004,139.660004,138.100006,139.139999,134.904999,8214900
2020-02-19,139.630005,141.869995,139.229996,141.300003,136.999283,7080900
2020-02-20,141.630005,141.630005,138.850006,140.369995,136.097580,5981700
2020-02-21,139.860001,139.880005,138.580002,138.970001,134.740204,7725800
2020-02-24,132.899994,134.440002,131.210007,133.009995,128.961578,19336500
2020-02-25,133.750000,133.940002,127.980003,128.190002,124.288315,21032500
2020-02-26,126.120003,128.369995,122.129997,123.360001,119.605316,31195900
2020-02-27,119.809998,122.900002,117.919998,118.040001,114.447235,30827500
2020-02-28,114.510002,118.309998,113.209999,117.650002,114.069107,35389900
2020-03-02,119.129997,119.980003,116.029999,119.980003,116.328194,21775900
2020-03-03,121.150002,121.779999,115.150002,116.449997,112.905632,19529700
2020-03-04,118.959999,119.239998,115.480003,119.180000,115.552536,13842100
2020-03-05,116.860001,116.959999,112.110001,113.980003,110.510818,22397200
2020-03-06,110.760002,115.870003,110.320000,115.269997,111.761543,22899600
2020-03-09,108.690002,110.430000,104.279999,104.349998,101.173904,26233600
2020-03-10,108.099998,111.580002,102.430000,111.459999,108.067520,24083700
2020-03-11,108.419998,108.900002,102.860001,105.510002,102.298615,24771300
2020-03-12,97.620003,100.000000,91.639999,91.809998,89.015602,40392900
2020-03-13,100.779999,102.870003,92.250000,102.519997,99.399620,40960100
2020-03-16,91.800003,98.279999,90.000000,95.010002,92.118195,35379500
2020-03-17,95.800003,97.459999,91.150002,93.529999,90.683243,27526200
2020-03-18,87.589996,89.339996,79.070000,88.800003,86.097214,43592500
2020-03-19,88.000000,97.400002,85.110001,94.930000,92.040634,30866800
2020-03-20,95.989998,96.989998,85.839996,85.980003,83.363052,31957800
2020-03-23,84.489998,87.279999,81.089996,85.760002,83.149742,32246600
2020-03-24,92.330002,99.169998,91.800003,98.120003,95.133537,32538100
2020-03-25,100.660004,105.919998,95.510002,100.730003,97.664101,28533000
2020-03-26,100.830002,107.730003,100.800003,105.360001,102.153175,24520300
2020-03-27,100.449997,101.489998,95.540001,96.400002,93.465897,30591500
2020-03-30,96.000000,100.459999,92.099998,99.800003,96.762405,23119200
2020-03-31,100.220001,103.160004,96.160004,96.599998,93.659790,21563200
2020-04-01,93.500000,97.400002,92.559998,94.919998,92.030937,18303900
2020-04-02,94.199997,97.260002,94.199997,96.970001,94.018547,13936500
2020-04-03,96.309998,96.919998,92.709999,93.879997,91.022598,14814600
2020-04-06,97.260002,100.190002,94.519997,99.580002,96.549110,20407400
2020-04-07,104.860001,105.889999,100.250000,101.239998,98.158569,22899600
2020-04-08,100.529999,102.349998,98.650002,101.070000,97.993752,22562500
2020-04-09,107.919998,107.989998,103.529999,104.500000,101.319359,31453600
2020-04-13,104.709999,104.870003,99.610001,103.500000,100.349792,17306000
2020-04-14,105.500000,107.639999,103.900002,106.029999,102.802773,19866900
2020-04-15,104.389999,104.879997,102.699997,103.370003,100.223747,14157600
2020-04-16,103.529999,103.720001,100.889999,102.019997,98.914833,18029300
2020-04-17,106.209999,106.790001,104.349998,106.629997,103.384514,17926900
2020-04-20,103.580002,104.860001,102.000000,102.260002,99.147530,17021000
2020-04-21,100.010002,101.510002,99.129997,100.540001,97.479874,16101400
2020-04-22,101.800003,102.629997,100.889999,100.989998,97.916183,11463800
2020-04-23,100.650002,102.529999,99.459999,101.000000,97.925880,17132200
2020-04-24,101.779999,101.919998,99.519997,101.190002,98.110107,13614100
2020-04-27,102.000000,106.519997,101.610001,106.059998,102.831863,15518300
2020-04-28,108.790001,110.059998,105.980003,106.209999,102.977310,16503700
2020-04-29,109.940002,112.699997,108.559998,112.250000,108.833473,20139800
2020-04-30,109.440002,110.309998,106.860001,108.150002,104.858269,18638700
2020-05-01,106.360001,106.910004,104.470001,105.500000,102.288925,13209100
2020-05-04,102.010002,103.830002,100.550003,103.180000,100.039528,19514800
2020-05-05,101.510002,105.180000,100.900002,101.059998,97.984055,30169800
2020-05-06,101.480003,105.269997,98.860001,100.879997,97.809532,51992400
2020-05-07,101.849998,105.610001,101.830002,105.570000,102.356789,20868800
2020-05-08,109.050003,109.180000,106.629997,109.160004,105.837517,24079700
2020-05-11,108.400002,108.809998,106.410004,107.769997,104.489815,20555900
2020-05-12,109.059998,109.440002,104.489998,104.559998,101.377518,17049700
2020-05-13,104.500000,104.540001,101.599998,102.919998,99.787445,21085800
2020-05-14,101.980003,105.919998,99.660004,105.910004,102.686440,22002200
2020-05-15,104.980003,109.379997,104.269997,109.050003,105.730865,29766000
2020-05-18,114.470001,119.779999,114.470001,116.849998,113.293442,40044600
2020-05-19,115.099998,116.470001,113.419998,114.370003,110.888939,20332600
2020-05-20,116.419998,120.870003,116.040001,119.919998,116.270020,25749900
2020-05-21,119.339996,120.300003,116.500000,117.830002,114.243645,17578300
2020-05-22,117.500000,118.570000,116.830002,118.019997,114.427834,9288200
2020-05-26,121.050003,122.510002,120.430000,120.949997,117.268669,16466400
2020-05-27,123.680000,123.779999,119.709999,121.529999,117.831009,19345400
2020-05-28,121.599998,121.980003,116.000000,116.750000,113.196503,18606000
2020-05-29,116.190002,117.750000,114.120003,117.300003,113.729774,17745100
2020-06-01,117.260002,119.650002,116.930000,118.769997,115.155014,10538300
2020-06-02,119.000000,119.849998,117.830002,118.750000,115.135635,10753100
2020-06-03,119.989998,122.449997,119.320000,122.180000,118.461227,12584300
2020-06-04,121.949997,124.500000,121.849998,123.690002,119.925278,14195100
2020-06-05,126.309998,127.820000,124.279999,124.820000,121.020874,16581600
2020-06-08,125.099998,127.440002,123.940002,127.279999,123.405998,13858100
2020-06-09,125.629997,125.790001,123.510002,123.889999,120.119186,10882800
2020-06-10,124.019997,124.099998,120.930000,122.180000,118.461227,11497100
2020-06-11,117.599998,118.000000,112.250000,112.639999,109.211609,26078800
2020-06-12,115.169998,117.000000,112.889999,115.489998,111.974846,18361900
2020-06-15,112.080002,118.120003,111.709999,117.080002,113.516464,14156400
2020-06-16,121.239998,121.500000,116.050003,118.440002,114.835068,12951200
2020-06-17,118.639999,119.230003,117.139999,117.650002,114.069107,8921600
2020-06-18,116.879997,118.529999,115.930000,118.370003,114.767204,9577300
2020-06-19,119.980003,120.120003,114.349998,114.349998,110.869545,23496300
2020-06-22,114.190002,116.190002,113.110001,115.919998,112.391762,12868000
2020-06-23,116.959999,117.449997,115.970001,116.589996,113.041367,10187600
2020-06-24,115.849998,116.000000,110.029999,112.070000,108.658951,22252500
2020-06-25,108.989998,111.510002,108.500000,111.360001,107.970558,17240400
2020-06-26,110.949997,111.199997,108.019997,109.099998,105.779343,15270900
2020-06-29,109.000000,111.570000,108.099998,111.519997,108.125687,12584300
2020-06-30,111.500000,112.050003,109.930000,111.510002,108.115997,10565900
2020-07-01,112.820000,115.599998,112.290001,113.010002,109.570343,11930900
2020-07-02,115.000000,115.099998,112.000000,112.180000,108.765594,10312000
2020-07-06,113.830002,114.529999,112.900002,114.430000,110.947113,11933400
2020-07-07,113.629997,115.080002,112.610001,113.629997,110.171471,10836500
2020-07-08,113.480003,117.129997,112.809998,116.660004,113.109238,13629500
2020-07-09,116.510002,117.849998,115.379997,116.809998,113.254677,13582900
2020-07-10,116.830002,119.440002,116.209999,119.339996,115.707672,14207900
2020-07-13,119.940002,120.129997,115.889999,116.220001,112.682632,15620200
2020-07-14,115.230003,119.080002,114.540001,118.660004,115.048363,12425100
2020-07-15,121.629997,122.089996,119.699997,120.900002,117.220192,15314200
2020-07-16,117.720001,119.989998,117.599998,119.430000,115.794922,10210100
2020-07-17,118.900002,119.559998,117.059998,118.650002,115.038666,9843500
2020-07-20,118.050003,118.489998,116.820000,117.790001,114.204842,8947900
2020-07-21,118.050003,120.389999,117.660004,118.620003,115.009590,8946300
2020-07-22,118.190002,119.300003,117.930000,119.029999,115.407097,7063300
2020-07-23,118.860001,119.349998,117.010002,118.120003,114.524803,7255800
2020-07-24,115.699997,118.209999,115.529999,117.610001,114.030319,8233300
2020-07-27,117.199997,117.419998,115.680000,116.309998,112.769890,9413000
2020-07-28,115.459999,116.839996,114.680000,116.180000,112.643852,6821100
2020-07-29,116.220001,116.709999,115.110001,115.610001,112.091202,9496500
2020-07-30,114.910004,116.290001,113.370003,115.660004,112.139687,9713500
2020-07-31,115.220001,117.050003,114.120003,116.940002,113.380722,9601000
2020-08-03,116.169998,117.120003,115.349998,116.349998,112.808662,10229200
2020-08-04,115.959999,118.349998,115.760002,117.290001,113.720062,17293900
2020-08-05,123.370003,130.309998,123.279999,127.610001,123.725960,53000200
2020-08-06,126.959999,131.630005,125.610001,130.820007,126.838272,27238000
2020-08-07,130.220001,131.940002,128.660004,129.929993,125.975334,16088600
2020-08-10,129.750000,131.320007,128.490005,128.789993,124.870033,8529200
2020-08-11,130.529999,132.759995,130.000000,130.490005,126.518311,13885700
2020-08-12,130.669998,133.000000,130.490005,131.789993,127.778717,12204200
2020-08-13,130.639999,132.350006,130.449997,130.960007,126.973999,6468600
2020-08-14,130.009995,131.080002,129.740005,130.529999,126.557083,6507600
2020-08-17,130.100006,130.139999,128.539993,129.369995,125.432388,7492200
2020-08-18,129.440002,129.589996,128.360001,128.919998,124.996086,6714600
2020-08-19,129.250000,130.220001,127.430000,127.769997,123.881073,7624200
2020-08-20,126.800003,128.449997,126.529999,128.119995,124.220436,4918100
2020-08-21,127.720001,128.309998,127.230003,127.440002,123.561127,6064700
2020-08-24,128.149994,130.880005,127.930000,130.690002,126.712204,7613600
2020-08-25,130.830002,131.089996,129.309998,129.789993,125.839592,5494400
2020-08-26,130.000000,132.600006,129.520004,132.179993,128.156860,8447800
2020-08-27,133.000000,136.360001,132.820007,133.729996,129.659683,13667600
2020-08-28,134.500000,136.800003,133.580002,135.539993,131.414581,11020100
2020-08-31,135.250000,135.539993,131.250000,131.869995,127.856285,11617500
2020-09-01,131.919998,133.610001,130.889999,133.550003,129.485168,7351200
2020-09-02,133.630005,135.919998,133.259995,135.389999,131.269150,8187800
2020-09-03,135.240005,137.240005,132.020004,133.240005,129.184601,12079200
2020-09-04,133.750000,134.880005,129.419998,131.990005,127.972649,11248300
2020-09-08,131.990005,137.139999,130.860001,134.199997,130.115372,17257300
2020-09-09,134.279999,135.550003,132.259995,133.360001,129.300964,8891800
2020-09-10,133.580002,136.750000,132.740005,133.220001,129.165222,9853400
2020-09-11,133.740005,133.740005,131.089996,131.750000,127.739929,7165300
2020-09-14,132.529999,132.929993,130.899994,131.250000,127.255180,8391900
2020-09-15,131.460007,132.539993,131.009995,131.240005,127.245468,7289100
2020-09-16,132.169998,133.619995,131.399994,132.089996,128.069595,6601000
2020-09-17,130.550003,131.770004,128.600006,130.220001,126.256516,6723500
2020-09-18,129.500000,130.789993,128.119995,128.630005,124.714912,9916300
2020-09-21,125.980003,126.889999,123.589996,125.410004,121.592918,10352700
2020-09-22,125.260002,127.470001,124.699997,127.209999,123.338142,6978800
2020-09-23,127.070000,127.300003,122.900002,123.279999,119.527748,8323600
2020-09-24,121.930000,123.800003,120.779999,122.489998,118.761787,8480000
2020-09-25,121.360001,124.190002,120.980003,124.000000,120.225838,6851800
2020-09-28,125.750000,126.860001,125.370003,125.989998,122.155266,6283700
2020-09-29,125.919998,126.290001,123.680000,125.400002,121.583221,7405800
2020-09-30,123.239998,125.550003,123.239998,124.080002,120.303398,13642500
2020-10-01,124.940002,125.470001,122.419998,123.309998,119.556839,8908300
2020-10-02,121.989998,123.680000,121.690002,122.550003,118.819977,6490200
2020-10-05,123.260002,123.599998,122.330002,123.370003,119.615013,5919200
2020-10-06,123.129997,124.190002,120.610001,120.930000,117.249275,9052000
2020-10-07,121.949997,123.309998,120.930000,122.910004,119.169014,10187800
2020-10-08,123.580002,123.750000,122.419998,123.089996,119.343529,7404600
2020-10-09,123.849998,125.550003,123.330002,124.980003,121.176010,11502200
2020-10-12,124.900002,125.940002,123.730003,124.970001,121.166313,10958200
2020-10-13,129.800003,131.360001,127.900002,128.960007,125.034866,22389000
2020-10-14,129.139999,129.500000,125.290001,126.589996,122.737000,11531500
2020-10-15,125.000000,127.400002,124.430000,127.360001,123.483566,7744000
2020-10-16,127.809998,128.119995,126.330002,126.809998,122.950302,6291700
2020-10-19,127.370003,127.400002,123.709999,124.230003,120.448837,6576900
2020-10-20,124.580002,125.730003,123.639999,124.949997,121.146919,6161200
2020-10-21,124.360001,127.559998,123.839996,126.629997,122.775787,6591500
2020-10-22,126.669998,128.100006,125.970001,127.559998,123.677483,5177700
2020-10-23,128.100006,128.500000,126.349998,128.350006,124.443443,5439900
2020-10-26,127.110001,127.110001,122.949997,124.059998,120.284012,8578900
2020-10-27,124.029999,124.610001,123.029999,123.309998,119.556839,6813800
2020-10-28,121.010002,121.529999,118.320000,118.470001,114.864151,11654700
2020-10-29,118.160004,122.629997,117.230003,121.540001,117.840698,9583700
2020-10-30,120.639999,121.750000,119.089996,121.250000,117.559547,8090200
2020-11-02,122.239998,122.930000,119.809998,120.129997,116.473618,9186000
2020-11-03,121.610001,125.070000,121.370003,124.019997,120.245224,8144900
2020-11-04,123.580002,126.860001,123.410004,125.070000,121.263275,7483000
2020-11-05,126.779999,128.619995,125.800003,126.959999,123.095734,7654800
2020-11-06,126.260002,128.039993,124.610001,127.459999,123.580521,6259700
2020-11-09,140.259995,147.679993,138.070007,142.589996,138.250015,35634700
2020-11-10,139.970001,142.369995,137.669998,142.110001,137.784607,18115400
2020-11-11,141.470001,142.000000,136.619995,137.820007,133.625214,9600900
2020-11-12,136.339996,138.490005,134.100006,135.520004,131.395218,13768200
2020-11-13,140.899994,141.190002,136.520004,138.360001,134.148743,21062300
2020-11-16,141.570007,144.740005,141.570007,144.669998,140.266693,16382500
2020-11-17,144.399994,144.830002,142.559998,144.500000,140.101868,9354900
2020-11-18,144.500000,145.479996,143.350006,143.899994,139.520142,9456200
2020-11-19,142.570007,143.300003,141.699997,141.720001,137.406509,8892500
2020-11-20,141.710007,142.610001,140.860001,141.070007,136.776276,8481600
2020-11-23,142.449997,147.750000,141.699997,145.979996,141.536835,12887000
2020-11-24,148.160004,151.860001,147.850006,151.490005,146.879120,16711700
2020-11-25,150.270004,150.270004,147.240005,149.089996,144.552185,9552000
2020-11-27,149.000000,150.350006,146.529999,147.130005,142.651855,5306400
2020-11-30,147.059998,148.690002,146.289993,148.009995,143.505035,9710100
2020-12-01,149.570007,151.399994,149.000000,149.440002,144.891525,8825500
2020-12-02,149.490005,154.009995,148.339996,153.610001,148.934570,10601900
2020-12-03,153.449997,154.440002,152.130005,153.240005,148.575851,9063200
2020-12-04,153.690002,154.679993,152.809998,154.139999,149.448471,6033300
2020-12-07,153.179993,153.880005,152.259995,153.679993,149.002472,6815500
2020-12-08,152.419998,154.880005,152.250000,153.720001,149.041245,7900600
2020-12-09,156.289993,157.460007,153.889999,154.429993,149.729645,10804300
2020-12-10,153.320007,155.339996,152.500000,154.690002,149.981720,8993200
2020-12-11,169.679993,179.449997,165.330002,175.720001,170.371628,87410700
2020-12-14,173.800003,177.300003,168.809998,169.300003,164.147049,30939400
2020-12-15,170.490005,174.470001,167.820007,173.940002,168.645813,18802600
2020-12-16,173.990005,174.850006,171.619995,173.119995,167.850769,11105800
2020-12-17,173.820007,174.839996,171.960007,173.550003,168.267700,9004600
2020-12-18,173.600006,175.839996,172.279999,172.889999,167.627777,21172100
2020-12-21,170.089996,171.940002,168.190002,170.690002,165.494751,11424200
2020-12-22,170.000000,171.449997,169.160004,170.449997,165.262054,6419200
2020-12-23,172.960007,175.949997,172.300003,173.550003,168.267700,9994000
2020-12-24,173.990005,174.580002,172.380005,173.729996,168.442200,2721000
2020-12-28,175.750000,179.919998,175.050003,178.860001,173.416077,13145400
2020-12-29,180.009995,180.199997,176.220001,177.300003,171.903564,6875400
2020-12-30,178.500000,183.399994,178.369995,181.169998,175.655777,11680400
2020-12-31,181.220001,183.399994,180.270004,181.179993,175.665451,7073500
2021-01-04,182.259995,182.589996,174.729996,177.679993,172.271973,13426600
2021-01-05,176.199997,180.339996,176.199997,178.440002,173.008865,7771800
2021-01-06,178.320007,181.610001,177.279999,179.119995,173.668167,7517800
2021-01-07,179.500000,179.949997,177.580002,178.580002,173.144592,7300800
2021-01-08,178.809998,180.020004,176.600006,178.690002,173.251251,7894500
2021-01-11,177.750000,181.259995,177.350006,179.089996,173.639069,6461300
2021-01-12,177.300003,178.320007,174.860001,175.990005,170.633423,8349800
2021-01-13,174.399994,177.729996,173.740005,176.119995,170.759460,6839500
2021-01-14,177.009995,178.350006,173.399994,173.429993,168.151321,8951200
2021-01-15,172.949997,174.190002,170.169998,171.440002,166.221924,12232500
2021-01-19,172.100006,173.710007,171.440002,172.259995,167.016937,7834700
2021-01-20,175.220001,177.880005,173.000000,173.639999,168.354950,9809200
2021-01-21,173.240005,175.000000,171.020004,171.279999,166.066772,8416400
2021-01-22,174.000000,175.250000,171.889999,172.779999,167.521133,9517200
2021-01-25,171.889999,173.110001,168.770004,171.889999,166.658203,7833700
2021-01-26,173.000000,173.350006,169.050003,169.559998,164.399124,7523200
2021-01-27,165.009995,166.339996,160.520004,163.029999,158.067871,18239200
2021-01-28,166.169998,172.880005,165.949997,171.880005,166.648529,14449100
2021-01-29,168.800003,169.809998,165.789993,168.169998,163.051453,12848800
2021-02-01,170.839996,171.729996,168.029999,170.970001,165.766220,8140400
2021-02-02,173.770004,179.759995,172.800003,176.960007,171.573883,12215200
2021-02-03,177.000000,178.429993,175.759995,176.429993,171.060013,5508600
2021-02-04,177.589996,181.380005,176.490005,180.229996,174.744370,9035400
2021-02-05,181.710007,182.320007,179.330002,181.160004,175.646072,6640500
2021-02-08,183.850006,190.639999,183.300003,190.000000,184.216995,16085700
2021-02-09,188.169998,189.250000,186.039993,188.210007,182.481491,11270800
2021-02-10,189.979996,190.699997,185.809998,189.630005,183.858276,11464600
2021-02-11,189.179993,191.250000,188.070007,190.910004,185.099304,17507900
2021-02-12,193.000000,193.850006,186.559998,187.669998,181.957932,27233800
2021-02-16,187.300003,188.440002,184.860001,186.350006,180.678101,11630700
2021-02-17,185.360001,187.630005,182.160004,186.440002,180.765381,11391800
2021-02-18,184.789993,186.399994,182.839996,183.000000,177.430054,12380900
2021-02-19,184.270004,184.779999,182.789993,183.649994,178.060287,8834500
2021-02-22,181.740005,194.020004,181.529999,191.759995,185.923431,18799600
2021-02-23,193.589996,198.940002,188.660004,197.089996,191.091202,23191400
2021-02-24,197.580002,200.600006,195.330002,197.509995,191.498413,16205900
2021-02-25,197.729996,197.960007,190.380005,190.979996,185.167160,12712000
2021-02-26,190.070007,191.610001,185.449997,189.039993,183.286224,15844000
2021-03-01,193.229996,196.899994,191.389999,194.979996,189.045410,10709900
2021-03-02,196.100006,197.960007,193.490005,193.940002,188.037094,8371400
2021-03-03,194.630005,196.809998,192.210007,192.259995,186.408218,8750300
2021-03-04,189.899994,192.479996,184.119995,188.029999,182.306961,12542600
2021-03-05,189.149994,190.570007,183.339996,189.990005,184.207306,10266400
2021-03-08,197.309998,203.020004,193.789993,201.910004,195.764511,25093200
2021-03-09,200.190002,201.699997,194.369995,194.509995,188.589737,23331000
2021-03-10,197.309998,198.800003,194.679993,195.059998,189.123016,13662100
2021-03-11,197.380005,199.050003,195.399994,196.750000,190.761551,11933900
2021-03-12,196.529999,198.410004,195.179993,197.160004,191.159088,13249100
2021-03-15,198.539993,198.539993,194.809998,196.759995,190.771240,10311400
2021-03-16,196.100006,196.589996,192.880005,194.240005,188.327942,9680700
2021-03-17,193.440002,196.190002,191.779999,195.240005,189.297501,14418700
2021-03-18,194.949997,195.080002,191.740005,192.279999,186.427597,9644500
2021-03-19,190.919998,194.000000,189.759995,191.139999,185.322296,28354600
2021-03-22,193.259995,196.330002,192.000000,192.860001,186.989960,8838500
2021-03-23,191.589996,192.339996,187.970001,188.729996,182.985672,10701200
2021-03-24,190.059998,190.500000,184.639999,184.720001,179.097702,13549100
2021-03-25,181.850006,187.710007,181.009995,186.910004,181.221054,9609200
2021-03-26,188.830002,188.979996,182.570007,185.919998,180.261185,10196100
2021-03-29,185.240005,185.940002,183.149994,184.850006,179.223740,7544700
2021-03-30,183.830002,186.320007,183.559998,185.529999,179.883057,5929700
2021-03-31,185.830002,186.899994,184.419998,184.520004,178.903793,8478000
2021-04-01,186.429993,189.100006,185.589996,188.970001,183.218338,7749400
2021-04-05,191.470001,191.669998,188.089996,188.500000,182.762665,7405300
2021-04-06,188.500000,191.279999,187.869995,189.729996,183.955231,7926200
2021-04-07,189.800003,190.330002,186.949997,187.559998,181.851273,6238700
2021-04-08,187.199997,188.050003,185.630005,187.320007,181.618576,7763000
2021-04-09,188.169998,188.220001,186.149994,187.889999,182.171219,6089300
2021-04-12,187.750000,187.850006,185.479996,186.490005,180.813843,6662500
2021-04-13,185.589996,186.440002,184.600006,185.490005,179.844269,6826500
2021-04-14,185.970001,190.399994,185.710007,187.460007,181.754318,9089900
2021-04-15,188.089996,188.899994,185.699997,185.929993,180.270874,7262500
2021-04-16,187.570007,189.470001,186.199997,187.259995,181.560394,9453500
2021-04-19,187.509995,190.330002,185.649994,187.429993,181.725235,7625800
2021-04-20,187.289993,188.080002,181.820007,182.789993,177.226440,10765800
2021-04-21,181.289993,183.380005,178.860001,183.110001,177.536713,8400200
2021-04-22,184.220001,184.880005,181.259995,182.759995,177.197357,7378300
2021-04-23,182.350006,183.899994,181.960007,183.020004,177.449463,6075500
2021-04-26,183.960007,185.600006,183.259995,184.270004,178.661407,6178300
2021-04-27,184.990005,185.809998,184.149994,184.639999,179.020157,4870000
2021-04-28,184.789993,184.789993,182.820007,183.389999,177.808197,5199300
2021-04-29,184.800003,185.550003,182.750000,185.330002,179.689133,5958300
2021-04-30,184.289993,186.320007,183.539993,186.020004,180.358154,7866300
2021-05-03,187.690002,189.220001,185.250000,185.509995,179.863678,7542800
2021-05-04,184.869995,185.630005,182.309998,184.250000,178.642014,7069300
2021-05-05,185.009995,185.009995,181.360001,181.509995,175.985413,5901700
2021-05-06,182.779999,182.990005,179.809998,181.789993,176.256882,6944900
2021-05-07,182.000000,185.119995,181.509995,184.839996,179.214035,6888400
2021-05-10,185.699997,186.970001,184.029999,184.300003,178.690491,8260300
2021-05-11,181.800003,182.250000,178.429993,181.669998,176.140533,10865600
2021-05-12,180.699997,182.460007,177.580002,177.850006,172.436798,8988100
2021-05-13,178.369995,180.750000,175.800003,178.339996,172.911896,12332200
2021-05-14,172.929993,174.910004,168.779999,173.699997,168.413147,33149400
2021-05-17,172.699997,172.990005,168.570007,170.080002,164.903320,17771600
2021-05-18,170.259995,171.259995,169.449997,169.679993,164.515488,10401000
2021-05-19,167.710007,169.399994,167.100006,169.270004,164.117950,9251000
2021-05-20,169.210007,171.899994,168.979996,171.360001,166.144348,7400700
2021-05-21,172.220001,173.119995,171.520004,172.399994,167.152679,8105700
2021-05-24,172.449997,175.110001,171.750000,174.309998,169.004547,7346700
2021-05-25,175.600006,177.449997,175.399994,176.169998,170.807938,8089700
2021-05-26,176.619995,177.899994,176.199997,176.470001,171.098801,8086200
2021-05-27,177.199997,179.589996,176.789993,179.039993,173.590591,13567800
2021-05-28,179.509995,180.139999,178.080002,178.649994,173.212448,7124800
2021-06-01,180.179993,181.009995,178.740005,178.839996,173.396667,7475600
2021-06-02,179.039993,179.100006,176.929993,177.000000,171.612701,7851700
2021-06-03,176.270004,176.970001,175.419998,176.240005,170.875839,5583900
2021-06-04,175.929993,177.520004,175.610001,177.179993,171.787201,6343400
2021-06-07,177.970001,178.070007,176.399994,176.990005,171.602966,5178100
2021-06-08,175.970001,177.119995,175.190002,176.330002,170.963089,5356200
2021-06-09,176.309998,177.330002,175.880005,176.039993,170.681915,5082400
2021-06-10,176.440002,177.610001,175.550003,176.570007,171.195786,5253000
2021-06-11,177.449997,178.490005,176.809998,177.380005,171.981140,5476300
2021-06-14,177.649994,178.869995,176.899994,178.179993,172.756760,10170000
2021-06-15,178.179993,178.699997,175.619995,175.860001,170.507385,7895000
2021-06-16,176.009995,176.259995,173.550003,174.660004,169.343903,8336000
2021-06-17,174.589996,176.259995,173.839996,174.649994,169.334183,8906000
2021-06-18,173.139999,173.860001,172.119995,172.419998,167.172073,12357500
2021-06-21,172.130005,174.259995,171.309998,173.970001,168.674911,9196900
2021-06-22,174.369995,174.699997,172.350006,173.500000,168.219208,8097100
2021-06-23,173.619995,175.449997,172.940002,175.330002,169.993530,9174200
2021-06-24,176.130005,178.240005,175.779999,177.929993,172.514374,7549400
2021-06-25,178.830002,179.089996,177.490005,178.350006,172.921616,7431800
2021-06-28,178.500000,178.660004,174.990005,176.570007,171.195786,9881400
2021-06-29,176.639999,177.020004,173.800003,173.929993,168.636124,13498300
2021-06-30,173.889999,175.979996,173.339996,175.770004,170.420120,7481900
2021-07-01,175.350006,177.600006,174.600006,177.259995,171.864777,5887100
2021-07-02,177.860001,178.360001,174.619995,177.110001,171.719345,11099300
2021-07-06,176.759995,177.000000,172.220001,173.690002,168.403427,11557900
2021-07-07,172.860001,174.320007,171.990005,172.820007,167.559937,6757300
2021-07-08,170.179993,173.750000,169.809998,172.800003,167.540512,6960100
2021-07-09,174.699997,177.520004,173.929993,177.039993,171.651474,7873300
2021-07-12,177.710007,184.990005,177.369995,184.380005,178.768066,21835500
2021-07-13,184.089996,185.669998,181.839996,183.649994,178.060287,12534600
2021-07-14,185.199997,186.289993,182.080002,183.419998,177.837296,8787300
2021-07-15,183.449997,185.419998,183.050003,184.149994,178.545059,7867000
2021-07-16,184.940002,185.289993,178.919998,179.309998,173.852386,8348800
2021-07-19,175.710007,176.479996,172.160004,172.949997,167.685959,14651800
2021-07-20,173.699997,177.509995,172.869995,176.750000,171.370300,8372400
2021-07-21,176.500000,177.899994,175.320007,176.889999,171.506042,6302200
2021-07-22,176.699997,176.720001,173.899994,175.130005,169.799606,5713700
2021-07-23,175.660004,176.500000,174.029999,176.139999,170.778854,5126300
2021-07-26,175.619995,178.779999,175.339996,178.740005,173.299713,5641000
2021-07-27,178.250000,179.559998,176.570007,179.500000,174.036591,6684100
2021-07-28,179.690002,180.350006,177.550003,179.100006,173.648758,5926900
2021-07-29,179.809998,181.419998,178.270004,178.350006,172.921616,6209100
2021-07-30,177.529999,179.199997,175.139999,176.020004,170.662521,6813400
2021-08-02,177.220001,178.820007,175.309998,175.550003,170.206818,5847200
2021-08-03,176.020004,176.130005,170.919998,172.990005,167.724762,9931300
2021-08-04,172.500000,173.250000,171.339996,172.580002,167.327194,5665800
2021-08-05,172.490005,177.119995,172.490005,176.710007,171.331497,8864200
2021-08-06,177.429993,178.809998,176.630005,177.130005,171.738724,5505200
2021-08-09,177.000000,177.309998,175.059998,176.720001,171.341187,5339000
2021-08-10,176.250000,177.399994,175.580002,177.070007,171.680573,5185000
2021-08-11,177.360001,178.490005,176.509995,178.089996,172.669510,5359900
2021-08-12,178.089996,179.720001,176.449997,179.289993,173.832993,11081300
2021-08-13,186.289993,187.580002,180.880005,181.080002,175.568512,32504600
2021-08-16,180.509995,180.589996,176.509995,179.089996,173.639069,8746700
2021-08-17,177.149994,178.449997,174.919998,175.830002,170.478287,8534500
2021-08-18,175.899994,176.789993,174.500000,174.740005,169.421478,7063500
2021-08-19,174.000000,174.679993,172.559998,173.250000,167.976837,8478600
2021-08-20,173.000000,175.210007,172.649994,175.119995,169.789902,6239600
2021-08-23,177.080002,178.309998,175.910004,177.660004,172.252594,7395900
2021-08-24,177.919998,180.080002,177.759995,178.470001,173.037933,5886900
2021-08-25,178.160004,178.589996,176.880005,178.309998,172.882828,4842100
2021-08-26,178.339996,178.940002,176.339996,176.559998,171.186081,4563000
2021-08-27,176.279999,180.539993,176.279999,180.139999,174.657120,8697000
2021-08-30,180.500000,181.389999,178.869995,179.979996,174.501968,6421300
2021-08-31,179.250000,182.979996,178.529999,181.300003,175.781799,8620000
2021-09-01,181.960007,184.210007,181.779999,183.479996,177.895447,7302800
2021-09-02,184.160004,185.300003,181.550003,181.860001,176.324768,6492600
2021-09-03,181.820007,181.820007,179.130005,181.000000,175.490921,6847400
2021-09-07,181.020004,185.550003,180.050003,184.339996,178.729263,10702900
2021-09-08,184.339996,187.460007,183.919998,185.149994,179.514618,8634000
2021-09-09,185.149994,187.580002,184.570007,185.910004,180.251511,7190700
2021-09-10,186.360001,187.100006,184.009995,184.119995,178.515961,5572200
2021-09-13,185.119995,185.800003,183.500000,184.979996,179.349792,6818200
2021-09-14,184.960007,185.130005,182.149994,182.399994,176.848328,6185900
2021-09-15,182.059998,184.660004,181.100006,184.410004,178.797150,5933400
2021-09-16,183.970001,184.639999,182.119995,183.339996,177.759720,5678200
2021-09-17,182.910004,185.899994,182.729996,183.470001,177.885757,10035100
2021-09-20,179.740005,180.880005,176.550003,178.610001,173.173676,8056600
2021-09-21,180.320007,182.229996,169.029999,171.169998,165.960129,23216000
2021-09-22,172.940002,175.339996,171.660004,173.649994,168.364639,14214500
2021-09-23,174.940002,177.190002,174.369995,176.250000,170.885513,8052900
2021-09-24,175.300003,176.699997,175.080002,176.000000,170.643127,5712800
2021-09-27,176.630005,179.449997,175.960007,178.259995,172.834351,7755000
2021-09-28,177.750000,178.000000,173.860001,174.520004,169.208176,9133100
2021-09-29,174.250000,174.960007,172.589996,172.679993,167.424179,6240800
2021-09-30,173.100006,173.679993,169.100006,169.169998,164.021011,13978000
2021-10-01,172.279999,177.320007,171.970001,176.009995,170.652817,12165000
2021-10-04,175.559998,175.960007,172.669998,173.460007,168.180420,7200600
2021-10-05,173.830002,176.240005,173.610001,174.610001,169.295425,6798200
2021-10-06,173.000000,175.710007,171.550003,175.479996,170.138947,6005200
2021-10-07,177.699997,179.630005,177.330002,177.710007,172.301071,7780000
2021-10-08,177.929993,178.600006,176.399994,176.740005,171.360611,4132200
2021-10-11,176.020004,176.520004,173.479996,173.520004,168.238602,8046300
2021-10-12,173.619995,174.490005,172.550003,173.130005,167.860474,5188400
2021-10-13,173.630005,173.699997,170.940002,172.960007,167.695663,8914700
2021-10-14,174.070007,176.020004,174.000000,174.410004,169.101517,7450200
2021-10-15,175.690002,178.889999,174.100006,176.460007,171.089111,13943900
2021-10-18,172.360001,173.339996,169.800003,171.139999,165.931061,20494800
2021-10-19,171.440002,171.580002,170.179993,171.179993,165.969833,9669500
2021-10-20,170.970001,171.020004,169.880005,170.550003,165.359009,9737600
2021-10-21,170.199997,172.500000,170.100006,171.339996,166.124939,7509000
2021-10-22,170.570007,170.800003,168.600006,169.419998,164.263397,7854300
2021-10-25,169.899994,172.570007,169.029999,172.009995,166.774567,9798700
2021-10-26,172.949997,173.119995,170.710007,172.039993,166.803650,5850200
2021-10-27,171.770004,172.039993,169.429993,169.550003,164.389435,7054700
2021-10-28,169.479996,170.350006,168.600006,169.679993,164.515488,7884500
2021-10-29,169.020004,170.460007,168.149994,169.070007,163.924057,7598800
2021-11-01,169.210007,171.250000,169.089996,170.190002,165.009964,8182900
2021-11-02,170.029999,170.850006,168.979996,169.830002,164.660904,6777200
2021-11-03,169.699997,170.190002,168.369995,170.080002,164.903320,6829300
2021-11-04,170.029999,170.419998,168.669998,170.279999,165.097214,7505500
2021-11-05,173.500000,176.990005,172.330002,175.630005,170.284378,16859200
2021-11-08,178.690002,179.250000,176.100006,176.869995,171.486633,10584600
2021-11-09,176.949997,177.119995,173.210007,175.110001,169.780212,7293300
2021-11-10,174.690002,176.869995,173.869995,174.449997,169.140289,11045800
2021-11-11,162.889999,163.960007,158.330002,162.110001,157.175873,62366500
2021-11-12,163.520004,163.610001,158.929993,159.630005,154.771362,25638400
2021-11-15,160.089996,160.720001,157.660004,158.429993,153.607880,21285300
2021-11-16,159.059998,160.240005,158.550003,158.830002,153.995728,15516200
2021-11-17,158.729996,158.889999,156.750000,157.330002,152.541397,14695500
2021-11-18,157.089996,157.300003,153.710007,155.580002,150.844635,14487700
2021-11-19,155.020004,155.210007,152.770004,154.000000,149.312729,16776500
2021-11-22,153.229996,155.820007,152.570007,154.160004,149.467865,12790400
2021-11-23,153.839996,154.250000,150.190002,151.029999,146.433136,17382900
2021-11-24,150.690002,151.410004,148.800003,151.339996,146.733688,14123700
2021-11-26,146.800003,148.850006,145.850006,148.110001,143.602005,12027700
2021-11-29,148.809998,149.300003,144.250000,147.809998,143.311142,21231300
2021-11-30,146.720001,147.279999,143.110001,144.899994,140.489716,26011100
2021-12-01,146.699997,148.369995,142.039993,142.149994,137.823380,16469000
2021-12-02,142.839996,147.649994,142.770004,147.199997,142.719711,18177700
2021-12-03,147.809998,148.320007,144.320007,146.220001,141.769531,14975600
2021-12-06,147.279999,150.740005,146.669998,150.369995,145.793213,14333900
2021-12-07,151.839996,152.759995,149.720001,150.809998,146.219833,14661100
2021-12-08,150.910004,153.660004,150.559998,153.339996,148.672821,12886300
2021-12-09,152.270004,154.289993,151.699997,152.940002,148.285004,11862300
2021-12-10,153.580002,154.660004,151.449997,152.710007,148.062012,10247900
2021-12-13,152.119995,152.500000,149.289993,150.429993,145.851395,10195800
2021-12-14,149.259995,151.619995,148.520004,149.100006,144.561890,10872000
2021-12-15,148.759995,150.919998,147.350006,150.399994,145.822296,12231500
2021-12-16,151.350006,152.059998,148.580002,148.750000,144.222519,11145600
2021-12-17,148.509995,149.839996,146.570007,148.759995,144.232208,13785000
2021-12-20,146.979996,147.729996,145.080002,146.470001,142.011932,11201900
2021-12-21,147.559998,151.429993,147.389999,151.050003,146.452515,10781400
2021-12-22,150.419998,152.199997,149.869995,151.880005,147.257263,7820400
2021-12-23,152.320007,154.190002,151.929993,153.630005,148.953995,6572400
2021-12-27,152.880005,154.020004,151.399994,152.800003,148.149246,7762000
2021-12-28,152.619995,156.500000,152.410004,155.199997,150.476227,12198700
2021-12-29,154.559998,155.919998,154.179993,154.869995,150.156219,8737000
2021-12-30,155.710007,157.070007,155.509995,155.929993,151.183990,7228400
2021-12-31,155.869995,156.570007,154.740005,154.889999,150.175629,6410200
2022-01-03,155.830002,157.559998,155.360001,156.759995,151.988708,10222800
2022-01-04,158.589996,160.320007,155.550003,155.729996,150.990051,16582000
2022-01-05,156.520004,159.380005,155.100006,155.190002,150.466522,12272100
2022-01-06,156.240005,157.770004,153.679993,156.899994,152.124451,11095300
2022-01-07,156.899994,159.300003,156.289993,157.830002,153.026154,9554600
2022-01-10,157.979996,158.270004,154.649994,156.600006,151.833603,8672900
2022-01-11,156.619995,158.220001,155.949997,157.889999,153.084320,8042600
2022-01-12,158.500000,158.990005,156.330002,157.800003,152.997070,6995600
2022-01-13,157.699997,158.529999,155.169998,155.440002,150.708923,9680600
2022-01-14,152.350006,152.619995,148.419998,151.940002,147.315430,16832000
2022-01-18,151.110001,153.130005,149.830002,152.270004,147.635391,10419500
2022-01-19,150.839996,152.860001,149.960007,150.110001,145.541138,10413200
2022-01-20,150.910004,152.660004,147.149994,147.619995,143.126907,11760400
2022-01-21,141.229996,141.869995,136.630005,137.380005,133.198593,34491800
2022-01-24,134.820007,137.679993,129.259995,137.460007,133.276169,31419500
2022-01-25,135.289993,137.750000,132.380005,136.509995,132.355057,14694400
2022-01-26,137.710007,138.199997,132.259995,133.600006,129.533646,14569900
2022-01-27,135.070007,137.910004,134.020004,135.419998,131.298248,11913900
2022-01-28,135.210007,138.690002,133.559998,138.630005,134.410553,10011700
2022-01-31,138.860001,143.149994,138.470001,142.970001,138.618469,10185500
2022-02-01,143.020004,144.690002,142.250000,144.490005,140.092178,8573300
2022-02-02,144.190002,144.589996,141.380005,142.619995,138.279099,9529900
2022-02-03,140.000000,142.039993,139.250000,140.029999,135.767929,9820600
2022-02-04,140.039993,143.190002,139.529999,142.020004,137.697372,8061100
2022-02-07,143.389999,144.089996,141.610001,142.509995,138.172455,10937500
2022-02-08,141.789993,142.889999,140.740005,142.479996,138.143356,9231700
2022-02-09,144.369995,147.350006,143.250000,147.229996,142.748779,22877400
2022-02-10,156.020004,157.500000,151.110001,152.160004,147.528732,42500300
2022-02-11,153.539993,154.690002,148.559998,149.470001,144.920609,17975200
2022-02-14,149.369995,153.729996,149.210007,150.850006,146.258591,14694700
2022-02-15,153.539993,154.850006,152.509995,154.720001,150.010803,12726000
2022-02-16,154.979996,156.729996,153.750000,156.350006,151.591202,10656400
2022-02-17,154.690002,155.360001,152.610001,152.949997,148.294693,8110300
2022-02-18,152.910004,153.679993,150.050003,151.360001,146.753082,10785500
2022-02-22,150.190002,150.789993,147.610001,148.089996,143.582626,12227200
2022-02-23,149.500000,149.740005,145.500000,145.869995,141.430176,9300700
2022-02-24,140.000000,149.570007,140.000000,149.399994,144.852737,12475500
2022-02-25,149.559998,150.279999,147.220001,149.529999,144.978760,10149500
2022-02-28,147.830002,149.479996,146.460007,148.460007,143.941360,10834700
2022-03-01,147.860001,148.149994,143.779999,145.699997,141.265350,8944000
2022-03-02,146.309998,148.470001,145.919998,147.339996,142.855438,7851000
2022-03-03,147.309998,148.649994,144.449997,145.570007,141.139328,8048400
2022-03-04,144.009995,144.259995,139.550003,140.720001,136.436935,12913000
2022-03-07,140.279999,140.889999,133.440002,133.500000,129.436676,14549700
2022-03-08,133.020004,135.490005,129.289993,131.750000,127.739929,16552000
2022-03-09,135.490005,135.500000,133.360001,133.649994,129.582108,14673100
2022-03-10,132.360001,134.199997,131.619995,133.639999,129.572433,8447200
2022-03-11,135.080002,136.160004,131.570007,131.750000,127.739929,7058400
2022-03-14,130.979996,133.070007,128.380005,129.029999,125.102737,9971500
2022-03-15,129.740005,134.559998,129.509995,134.199997,130.115372,9834800
2022-03-16,135.649994,138.979996,134.940002,138.139999,133.935440,10638700
2022-03-17,137.440002,139.470001,136.559998,139.470001,135.224976,6816000
2022-03-18,139.550003,140.729996,138.300003,140.300003,136.029724,11308800
2022-03-21,138.899994,139.300003,136.880005,138.619995,134.400833,9090300
2022-03-22,139.059998,142.190002,138.899994,140.110001,135.845490,8511600
2022-03-23,139.070007,139.759995,137.539993,137.639999,133.450684,8761300
2022-03-24,138.580002,139.270004,137.410004,138.960007,134.730515,5858800
2022-03-25,139.279999,140.380005,138.119995,139.139999,134.904999,5949400
2022-03-28,138.880005,139.630005,136.279999,138.720001,134.497833,8456100
2022-03-29,140.960007,144.460007,140.960007,142.380005,138.046402,11280700
2022-03-30,141.309998,143.270004,140.080002,140.960007,136.669647,7922400
2022-03-31,140.139999,140.880005,137.110001,137.160004,132.985291,12306500
2022-04-01,137.339996,138.100006,135.529999,137.000000,132.830154,10341000
2022-04-04,136.970001,139.259995,136.889999,138.580002,134.362076,8174600
2022-04-05,137.740005,139.199997,135.130005,135.619995,131.492142,8694100
2022-04-06,133.750000,133.929993,130.809998,132.570007,128.534988,11679700
2022-04-07,133.009995,133.210007,130.020004,131.869995,127.856285,9858700
2022-04-08,132.000000,133.119995,130.630005,131.869995,127.856285,6702000
2022-04-11,130.039993,132.429993,130.039993,130.649994,126.673424,9915300
2022-04-12,131.809998,133.210007,130.149994,130.839996,126.857643,7885600
2022-04-13,131.050003,132.889999,130.750000,132.350006,128.321701,7694500
2022-04-14,132.809998,133.589996,130.350006,130.470001,126.498909,7283500
2022-04-18,130.070007,130.220001,126.820000,127.769997,123.881073,10571000
2022-04-19,128.089996,133.190002,127.790001,131.899994,127.885376,12767200
2022-04-20,126.050003,127.349998,124.110001,124.570000,120.778488,36465700
2022-04-21,125.540001,126.449997,121.279999,121.660004,117.957062,18688600
2022-04-22,120.010002,121.889999,118.150002,118.269997,114.670235,19472800
2022-04-25,117.660004,120.330002,116.750000,119.949997,116.299103,16491000
2022-04-26,119.150002,119.150002,115.639999,115.769997,112.246330,16116000
2022-04-27,115.430000,116.900002,113.389999,115.209999,111.703369,15553000
2022-04-28,115.220001,116.000000,112.690002,115.290001,111.780937,23192100
2022-04-29,115.199997,115.989998,111.360001,111.629997,108.232338,16907000
2022-05-02,111.709999,113.660004,111.010002,113.500000,110.045425,14300700
2022-05-03,114.050003,114.830002,112.690002,113.550003,110.093910,11149500
2022-05-04,113.370003,116.440002,111.830002,116.190002,112.653557,11488300
2022-05-05,114.739998,115.269997,111.480003,112.610001,109.182518,12720200
2022-05-06,111.769997,112.089996,108.300003,110.290001,106.933121,12525200
2022-05-09,108.110001,110.739998,106.480003,106.980003,103.723869,17941600
2022-05-10,109.839996,110.699997,106.139999,107.680000,104.402565,15657700
2022-05-11,107.900002,110.070000,104.790001,105.209999,102.007744,26933300
2022-05-12,102.900002,105.000000,99.470001,104.309998,101.135139,36298800
2022-05-13,105.360001,107.690002,105.309998,107.330002,104.063217,16782600
2022-05-16,107.459999,107.620003,104.849998,105.180000,101.978661,11993600
2022-05-17,107.730003,108.790001,106.300003,108.639999,105.333344,11847600
2022-05-18,107.379997,107.660004,103.879997,104.300003,101.125443,11794000
2022-05-19,103.430000,105.300003,102.959999,103.139999,100.000755,11285000
2022-05-20,104.489998,104.800003,100.050003,102.419998,99.302658,15650400
2022-05-23,103.760002,106.029999,101.559998,105.830002,102.608879,14402400
2022-05-24,103.709999,103.839996,100.129997,101.589996,98.497932,13970200
2022-05-25,101.430000,103.809998,101.160004,103.260002,100.117104,11026600
2022-05-26,104.220001,106.129997,103.959999,105.610001,102.395569,11297800
2022-05-27,106.889999,109.370003,106.529999,109.320000,105.992661,13671300
2022-05-31,110.000000,111.239998,107.910004,110.440002,107.078560,20274600
2022-06-01,112.010002,112.849998,108.269997,109.190002,105.866615,11829700
2022-06-02,109.430000,110.949997,107.910004,110.870003,107.495476,8829900
2022-06-03,109.169998,109.849998,107.919998,108.669998,105.362434,6767600
2022-06-06,109.750000,110.190002,107.650002,107.830002,104.548004,7575900
2022-06-07,106.790001,107.919998,106.000000,107.790001,104.509216,7279100
2022-06-08,107.430000,109.360001,106.959999,107.339996,104.072906,7019500
2022-06-09,106.529999,107.059998,103.250000,103.300003,100.155876,8261200
2022-06-10,101.430000,102.120003,99.379997,99.400002,96.374580,15369700
2022-06-13,97.610001,97.610001,94.830002,95.709999,92.796890,15239700
2022-06-14,96.269997,96.269997,93.099998,94.220001,91.352257,12443700
2022-06-15,94.610001,97.300003,94.089996,95.879997,92.961716,11751600
2022-06-16,94.010002,95.379997,93.410004,94.279999,91.410423,15298500
2022-06-17,94.010002,95.970001,93.470001,94.339996,91.468590,15403800
2022-06-21,94.900002,95.449997,93.269997,93.290001,90.450546,16649800
2022-06-22,92.169998,94.610001,92.010002,93.500000,90.654152,11403500
2022-06-23,93.959999,94.650002,92.070000,94.300003,91.429810,11348800
2022-06-24,95.449997,98.570000,95.400002,97.779999,94.803894,11681200
2022-06-27,98.220001,98.230003,95.800003,96.610001,93.669495,10793700
2022-06-28,99.739998,100.400002,95.779999,95.919998,93.000496,16812400
2022-06-29,95.949997,96.199997,94.529999,95.650002,92.738716,8653200
2022-06-30,94.419998,95.440002,92.540001,94.400002,91.526772,10983500
2022-07-01,94.239998,96.309998,93.980003,96.139999,93.213799,10543400
2022-07-05,94.260002,97.230003,92.309998,97.180000,94.222145,10660600
2022-07-06,97.529999,98.190002,95.400002,96.080002,93.155624,8640200
2022-07-07,96.900002,97.529999,95.930000,97.430000,94.464546,7813100
2022-07-08,96.570000,97.120003,95.349998,95.860001,92.942329,7717300
2022-07-11,95.000000,95.339996,93.430000,93.639999,90.789894,7643700
2022-07-12,93.580002,95.250000,93.309998,93.599998,90.751106,8665300
2022-07-13,92.120003,93.250000,91.010002,92.940002,90.111206,12006400
2022-07-14,91.480003,92.040001,90.230003,91.839996,89.044685,11146400
2022-07-15,92.910004,95.320000,92.699997,95.199997,92.302414,14946700
2022-07-18,96.360001,97.269997,95.309998,95.699997,92.787193,10430400
2022-07-19,96.680000,99.849998,96.680000,99.610001,96.578186,13683400
2022-07-20,100.250000,104.260002,99.949997,103.349998,100.204346,15112700
2022-07-21,102.709999,104.250000,101.610001,104.180000,101.009094,8611300
2022-07-22,103.279999,104.570000,102.110001,102.720001,99.593536,7803500
2022-07-25,102.779999,103.389999,101.809998,102.690002,99.564445,6726700
2022-07-26,102.139999,102.360001,99.559998,99.779999,96.743011,6346600
2022-07-27,100.970001,103.650002,100.809998,103.500000,100.349792,9684800
2022-07-28,103.250000,104.970001,102.709999,104.900002,101.707184,7970300
2022-07-29,105.139999,106.339996,103.370003,106.099998,102.870644,10320000
2022-08-01,104.870003,106.650002,103.860001,106.220001,102.987000,7769700
2022-08-02,105.739998,106.360001,104.620003,104.709999,101.522964,9093000
2022-08-03,105.730003,109.699997,105.730003,109.019997,105.701775,11243000
2022-08-04,108.919998,109.449997,107.660004,108.120003,104.829170,7322400
2022-08-05,106.809998,107.699997,105.370003,106.629997,103.384514,10100000
2022-08-08,108.209999,111.230003,107.900002,109.110001,105.789032,13025900
2022-08-09,109.220001,109.220001,107.029999,108.129997,104.838860,8776500
2022-08-10,112.480003,112.669998,109.910004,112.430000,109.007980,26398700
2022-08-11,122.209999,123.269997,117.330002,117.690002,114.107895,50375000
2022-08-12,119.000000,121.610001,118.919998,121.570000,117.869797,21964800
2022-08-15,121.000000,125.959999,120.989998,124.260002,120.477928,24628300
2022-08-16,124.730003,126.480003,123.449997,124.959999,121.156616,14607300
2022-08-17,123.449997,124.480003,122.570000,122.809998,119.072052,9140900
2022-08-18,123.010002,123.129997,121.709999,122.669998,118.936310,7343900
2022-08-19,121.250000,121.389999,119.480003,120.139999,116.483330,8702500
2022-08-22,117.699997,118.209999,115.690002,115.940002,112.411156,11575800
2022-08-23,115.980003,116.370003,114.620003,114.860001,111.364021,7180700
2022-08-24,114.669998,117.160004,114.099998,116.410004,112.866852,7840500
2022-08-25,117.019997,117.769997,116.110001,117.459999,113.884888,6920900
2022-08-26,117.470001,118.370003,113.889999,114.070000,110.598076,7807400
2022-08-29,112.540001,114.470001,112.410004,113.529999,110.074509,6882700
2022-08-30,114.279999,114.750000,111.449997,112.430000,109.007980,8060000
2022-08-31,112.870003,113.750000,111.849998,112.080002,108.668640,7353000
2022-09-01,111.790001,112.589996,110.029999,112.529999,109.104942,7718700
2022-09-02,113.050003,113.889999,110.839996,111.199997,107.815422,8465100
2022-09-06,111.769997,111.779999,108.519997,110.089996,106.739204,9537300
2022-09-07,109.870003,112.959999,109.870003,112.690002,109.260071,8193900
2022-09-08,111.070000,112.989998,110.360001,112.330002,108.911034,8443300
2022-09-09,113.269997,115.529999,113.190002,115.180000,111.674286,9563100
2022-09-12,116.139999,117.489998,115.269997,116.389999,112.847458,7923400
2022-09-13,113.050003,113.820000,111.169998,111.760002,108.358383,10504600
2022-09-14,111.849998,112.739998,109.879997,112.500000,109.075859,8610400
2022-09-15,112.389999,114.410004,110.709999,110.769997,107.398514,9739800
2022-09-16,109.209999,109.580002,106.959999,108.250000,104.955215,15978800
2022-09-19,107.529999,109.220001,107.040001,109.169998,105.847206,7979500
2022-09-20,108.279999,108.410004,106.860001,107.570000,104.295906,6957400
2022-09-21,107.389999,108.040001,104.489998,104.489998,101.309647,9776400
2022-09-22,104.209999,104.660004,102.019997,102.160004,99.050583,10953400
2022-09-23,100.620003,101.180000,98.019997,99.500000,96.471527,11976900
2022-09-26,98.949997,100.660004,98.059998,98.120003,95.133537,9760500
2022-09-27,99.529999,99.639999,95.430000,95.849998,92.932625,13360200
2022-09-28,95.790001,99.870003,95.449997,99.400002,96.374580,12895500
2022-09-29,98.529999,98.599998,96.230003,97.449997,94.483932,9435100
2022-09-30,96.500000,97.480003,94.279999,94.330002,91.458900,12094900
2022-10-03,95.730003,97.779999,94.500000,97.129997,94.173676,9468400
2022-10-04,98.680000,101.519997,98.230003,101.440002,98.352493,10229000
2022-10-05,100.040001,101.220001,98.699997,100.800003,97.731956,7562800
2022-10-06,100.430000,101.459999,99.870003,100.040001,96.995094,6728200
2022-10-07,98.510002,98.800003,96.449997,97.160004,94.202759,7051000
2022-10-10,97.589996,97.739998,94.419998,95.160004,92.263626,9532300
2022-10-11,94.809998,95.059998,92.650002,93.099998,90.266319,8900900
2022-10-12,93.160004,94.070000,92.199997,93.410004,90.566895,6156200
2022-10-13,91.570000,96.970001,90.709999,96.639999,93.698586,11025400
2022-10-14,97.470001,98.089996,94.330002,94.449997,91.575233,8202100
2022-10-17,96.379997,97.970001,96.260002,97.330002,94.367584,7083800
2022-10-18,99.870003,100.370003,97.639999,98.480003,95.482582,8533500
2022-10-19,100.440002,101.870003,98.500000,98.989998,95.977058,11731000
2022-10-20,98.230003,100.750000,98.110001,98.589996,95.589233,8212400
2022-10-21,98.349998,102.300003,97.889999,102.040001,98.934219,10193400
2022-10-24,102.120003,103.190002,100.120003,101.720001,98.623970,8221500
2022-10-25,102.160004,104.730003,102.029999,104.360001,101.183609,7687500
2022-10-26,103.529999,107.430000,103.529999,104.629997,101.445404,9203700
2022-10-27,105.809998,106.870003,104.309998,104.440002,101.261185,8673500
2022-10-28,104.080002,106.089996,103.529999,105.949997,102.725212,7250900
2022-10-31,105.660004,106.900002,104.820000,106.540001,103.297264,8814800
2022-11-01,107.699997,108.839996,105.639999,106.000000,102.773689,7955800
2022-11-02,105.449997,106.080002,101.790001,101.820000,98.720924,9583200
2022-11-03,100.199997,100.699997,98.559998,99.250000,96.229141,8978400
2022-11-04,101.150002,101.160004,98.110001,99.580002,96.549110,11035800
2022-11-07,100.879997,101.559998,98.989998,100.430000,97.373238,11355200
2022-11-08,100.739998,101.970001,98.050003,99.900002,96.859360,27130300
2022-11-09,90.550003,91.099998,86.279999,86.750000,84.109604,62029800
2022-11-10,89.750000,90.500000,87.610001,90.459999,87.706688,36968100
2022-11-11,91.580002,95.580002,91.099998,95.010002,92.118195,22373300
2022-11-14,95.849998,96.620003,94.209999,94.279999,91.410423,20598000
2022-11-15,96.000000,97.180000,93.699997,95.510002,92.602974,15801900
2022-11-16,95.220001,95.220001,93.720001,93.949997,91.090462,11137700
2022-11-17,92.120003,92.269997,90.849998,91.449997,88.666550,12306400
2022-11-18,92.860001,93.160004,90.910004,91.800003,89.005905,10011700
2022-11-21,100.120003,100.889999,96.320000,97.580002,94.609978,70273500
2022-11-22,97.000000,97.669998,94.680000,96.209999,93.281670,25753700
2022-11-23,96.000000,99.339996,95.779999,98.879997,95.870407,15503200
2022-11-25,98.809998,99.809998,98.080002,98.870003,95.860710,6664300
2022-11-28,98.209999,99.129997,95.430000,95.690002,92.777504,13660000
2022-11-29,96.000000,96.430000,93.919998,94.690002,91.807938,13205300
2022-11-30,94.949997,97.940002,93.870003,97.870003,94.891151,15368100
2022-12-01,97.870003,98.839996,96.580002,98.589996,95.589233,13855700
2022-12-02,97.459999,99.690002,97.010002,99.430000,96.403671,12608100
2022-12-05,98.239998,99.160004,95.669998,95.930000,93.010201,10764500
2022-12-06,95.730003,96.000000,91.980003,92.290001,89.480980,11492400
2022-12-07,92.660004,92.790001,91.260002,92.150002,89.345245,10353400
2022-12-08,92.500000,93.430000,91.669998,92.550003,89.733070,9351200
2022-12-09,92.370003,94.910004,91.900002,93.379997,90.537819,10111900
2022-12-12,93.730003,94.660004,92.610001,94.660004,91.778854,14140700
2022-12-13,96.489998,97.389999,93.570000,94.699997,91.817627,22882100
2022-12-14,94.540001,95.470001,92.620003,94.150002,91.284378,11505400
2022-12-15,92.470001,93.120003,90.120003,90.489998,87.735764,15957700
2022-12-16,90.190002,91.080002,88.809998,90.080002,87.338257,26383900
2022-12-19,89.440002,89.459999,85.410004,85.779999,83.169128,19225300
2022-12-20,86.080002,87.839996,85.760002,87.019997,84.371391,14918400
2022-12-21,87.190002,88.099998,86.480003,86.919998,84.274422,11004800
2022-12-22,86.029999,86.730003,84.690002,86.669998,84.032028,15487400
2022-12-23,86.059998,88.070000,85.769997,88.010002,85.331261,11171600
2022-12-27,87.419998,87.940002,85.959999,86.370003,83.741173,11561400
2022-12-28,86.080002,86.690002,84.070000,84.169998,81.608124,12399500
2022-12-29,85.250000,88.239998,84.970001,87.180000,84.526512,13045100
2022-12-30,85.730003,87.120003,85.230003,86.879997,84.235649,23231000
2023-01-03,88.980003,89.970001,87.830002,88.970001,86.262039,14997100
2023-01-04,90.000000,92.750000,89.360001,91.980003,89.180420,14957200
2023-01-05,91.660004,92.480003,90.510002,91.919998,89.122246,11622600
2023-01-06,92.660004,94.690002,91.320000,93.919998,91.061371,9828100
2023-01-09,94.430000,95.699997,93.449997,94.769997,91.885498,11675800
2023-01-10,94.279999,95.639999,93.820000,95.559998,92.651451,6914600
2023-01-11,95.919998,96.550003,95.050003,96.330002,93.398026,8757300
2023-01-12,98.500000,100.629997,97.570000,99.809998,96.772102,19764300
2023-01-13,99.379997,99.599998,98.010002,99.400002,96.374580,12230200
2023-01-17,100.320000,100.989998,99.000000,99.910004,96.869057,14914200
2023-01-18,100.279999,101.129997,98.720001,99.040001,96.025543,11384500
2023-01-19,98.120003,99.449997,97.120003,99.080002,96.064331,10973600
2023-01-20,100.339996,103.589996,99.300003,103.480003,100.330399,14549900
2023-01-23,103.290001,105.949997,102.919998,105.690002,102.473137,11479100
2023-01-24,104.699997,108.440002,102.000000,106.000000,102.773689,8606700
2023-01-25,104.959999,108.160004,104.180000,108.120003,104.829170,10008000
2023-01-26,108.169998,109.760002,107.570000,109.699997,106.361084,9204400
2023-01-27,109.260002,110.580002,109.160004,109.540001,106.205940,10249700
2023-01-30,108.260002,108.970001,107.480003,107.589996,104.315292,8548500
2023-01-31,107.580002,108.720001,107.449997,108.489998,105.187904,8251700
2023-02-01,108.500000,109.940002,106.900002,109.389999,106.060516,9975500
2023-02-02,110.669998,113.529999,109.690002,113.209999,109.764244,13093200
2023-02-03,111.470001,113.139999,110.370003,110.709999,107.340347,12472500
2023-02-06,110.169998,110.430000,108.529999,109.870003,106.525909,11956500
2023-02-07,109.300003,112.120003,108.860001,111.629997,108.232338,10844000
2023-02-08,112.199997,113.330002,110.290001,111.779999,108.377762,27719900
2023-02-09,118.040001,118.180000,109.809998,110.360001,107.000999,46137200
2023-02-10,108.959999,109.739998,107.209999,108.059998,104.770996,15566000
2023-02-13,108.099998,108.290001,106.550003,107.660004,104.383171,12341500
2023-02-14,106.820000,108.440002,105.820000,107.660004,104.383171,10768100
2023-02-15,107.089996,109.269997,106.699997,109.239998,105.915077,8156000
2023-02-16,107.550003,108.019997,105.699997,105.830002,102.608879,9479900
2023-02-17,105.029999,105.800003,103.879997,105.220001,102.017433,9492200
2023-02-21,103.550003,103.730003,101.830002,102.089996,98.982712,10648200
2023-02-22,101.330002,102.559998,101.089996,101.680000,98.585182,9885100
2023-02-23,101.449997,102.050003,99.610001,101.730003,98.633667,10974800
2023-02-24,99.529999,100.430000,98.959999,100.300003,97.247192,8523000
2023-02-27,100.730003,101.470001,100.059998,100.449997,97.392624,6641200
2023-02-28,100.449997,100.750000,99.570000,99.610001,96.578186,8233700
2023-03-01,99.190002,99.629997,98.099998,98.540001,95.540764,7898300
2023-03-02,97.739998,99.290001,97.419998,98.919998,95.909187,7776600
2023-03-03,99.669998,101.180000,98.879997,101.139999,98.061623,7434300
2023-03-06,101.610001,102.699997,100.489998,100.660004,97.596230,6773300
2023-03-07,100.400002,100.940002,98.889999,99.059998,96.044930,6951300
2023-03-08,99.000000,99.620003,98.300003,99.300003,96.277626,5668700
2023-03-09,99.449997,100.050003,95.919998,96.139999,93.213799,8275600
2023-03-10,95.599998,95.900002,92.830002,93.570000,90.722031,13978800
2023-03-13,91.889999,94.019997,90.459999,92.599998,89.781548,11915300
2023-03-14,94.000000,94.300003,92.339996,93.360001,90.518417,10323600
2023-03-15,91.629997,93.360001,91.410004,93.099998,90.266319,9543800
2023-03-16,92.669998,94.559998,91.889999,94.290001,91.420113,9931700
2023-03-17,94.050003,94.269997,92.910004,93.199997,90.363289,12943200
2023-03-20,93.430000,94.919998,93.000000,94.220001,91.352257,6657200
2023-03-21,95.169998,96.849998,95.169998,96.540001,93.601624,7285800
2023-03-22,97.449997,97.930000,94.820000,94.900002,92.011551,8811100
2023-03-23,95.279999,97.019997,94.760002,95.830002,92.913246,9527000
2023-03-24,94.809998,95.000000,93.019997,94.080002,91.216507,9534600
2023-03-27,94.779999,96.019997,94.379997,95.620003,92.709633,7487900
2023-03-28,95.510002,96.000000,94.589996,94.820000,91.933983,5426100
2023-03-29,96.080002,96.910004,95.349998,96.870003,93.921593,5889100
2023-03-30,98.730003,98.919998,97.669998,98.099998,95.114143,7669500
2023-03-31,98.889999,100.199997,98.500000,100.129997,97.082359,8920000
2023-04-03,100.209999,100.430000,99.269997,99.760002,96.723618,7313200
2023-04-04,100.300003,100.419998,98.760002,99.570000,96.539406,6794200
2023-04-05,99.699997,100.180000,98.629997,99.910004,96.869057,7747200
2023-04-06,99.440002,100.320000,98.550003,99.970001,96.927231,7042500
2023-04-10,99.300003,100.809998,98.900002,100.809998,97.741669,8016600
2023-04-11,101.160004,101.910004,100.290001,100.419998,97.363525,7504600
2023-04-12,101.250000,102.220001,97.699997,97.940002,94.959023,9289200
2023-04-13,98.510002,101.070000,98.510002,100.839996,97.770752,8745000
2023-04-14,100.500000,100.860001,98.930000,99.900002,96.859360,7337300
2023-04-17,99.570000,100.570000,99.150002,100.300003,97.247192,6705300
2023-04-18,100.610001,101.150002,99.599998,100.930000,97.858009,8180100
2023-04-19,99.779999,99.830002,98.360001,98.750000,95.744362,11523300
2023-04-20,97.750000,98.580002,97.389999,98.070000,95.085068,7762700
2023-04-21,98.160004,99.720001,97.720001,99.570000,96.539406,9468000
2023-04-24,100.150002,100.739998,98.669998,99.680000,96.646057,8540600
2023-04-25,99.379997,99.709999,98.010002,98.010002,95.026886,6511400
2023-04-26,97.839996,98.480003,96.459999,96.610001,93.669495,8634500
2023-04-27,97.129997,100.070000,96.709999,99.930000,96.888451,8166500
2023-04-28,99.370003,102.559998,99.080002,102.500000,99.380226,11329700
2023-05-01,102.410004,102.610001,101.610001,102.209999,99.099052,6909500
2023-05-02,101.330002,101.699997,99.620003,100.599998,97.538055,6955900
2023-05-03,101.059998,102.580002,100.639999,100.860001,97.790146,7772100
2023-05-04,99.540001,99.540001,96.610001,97.449997,94.483932,13260700
2023-05-05,98.589996,100.849998,98.110001,100.519997,97.460487,9300100
2023-05-08,101.699997,103.910004,101.690002,102.970001,99.835915,10810100
2023-05-09,102.910004,102.980003,102.089996,102.180000,99.069962,6829900
2023-05-10,103.000000,103.250000,100.040001,101.139999,98.061623,19525200
2023-05-11,94.800003,95.110001,91.879997,92.309998,89.500381,57127200
2023-05-12,92.339996,92.879997,91.239998,91.989998,89.190109,21837500
2023-05-15,91.540001,92.870003,90.699997,92.860001,90.033638,16792000
2023-05-16,92.040001,92.419998,90.779999,90.980003,88.210854,17013300
2023-05-17,91.019997,93.050003,90.849998,92.769997,89.946373,12461600
2023-05-18,92.849998,94.239998,92.459999,93.760002,90.906250,15014800
2023-05-19,93.000000,93.000000,91.320000,91.349998,88.569588,16429000
2023-05-22,91.330002,91.940002,89.889999,91.820000,89.025291,14150600
2023-05-23,91.099998,92.029999,89.809998,89.820000,87.086159,14778700
2023-05-24,89.440002,89.489998,88.410004,89.070000,86.358994,15350800
2023-05-25,89.559998,89.559998,87.790001,88.139999,85.457298,13605800
2023-05-26,88.489998,89.239998,88.099998,88.290001,85.602730,12892700
2023-05-30,88.970001,88.970001,87.010002,87.820000,85.147041,14800700
2023-05-31,87.580002,88.169998,87.150002,87.959999,85.282776,11440600
2023-06-01,88.400002,89.059998,87.110001,88.589996,85.893600,11993200
2023-06-02,89.629997,91.339996,89.599998,90.769997,88.007248,14350200
2023-06-05,91.199997,91.760002,89.440002,91.000000,88.230247,18506700
2023-06-06,91.099998,92.510002,91.019997,92.160004,89.354950,12109100
2023-06-07,92.779999,93.080002,91.860001,92.519997,89.703979,11082400
2023-06-08,92.519997,92.680000,91.300003,92.529999,89.713676,9030200
2023-06-09,92.779999,92.919998,91.550003,91.930000,89.131935,9625400
2023-06-12,92.250000,93.230003,91.769997,93.139999,90.305122,12341600
2023-06-13,94.120003,94.440002,93.440002,93.849998,90.993507,12964400
2023-06-14,94.260002,94.519997,91.919998,92.449997,89.636108,15877400
2023-06-15,92.059998,93.519997,91.610001,92.940002,90.111206,13354600
2023-06-16,92.879997,92.970001,90.860001,91.320000,88.540512,22683400
2023-06-20,90.290001,90.779999,89.739998,89.750000,87.018295,14939200
2023-06-21,89.550003,89.669998,88.110001,88.639999,85.942085,17873000
2023-06-22,88.440002,89.190002,88.120003,88.489998,85.796638,10915300
2023-06-23,88.019997,88.400002,87.610001,88.099998,85.418518,13538000
2023-06-26,88.040001,89.489998,87.769997,88.699997,86.000252,13132700
2023-06-27,88.900002,89.660004,88.489998,89.059998,86.349297,10032700
2023-06-28,89.389999,89.400002,88.529999,88.830002,86.126297,12118300
2023-06-29,87.800003,89.120003,87.339996,88.949997,86.242638,13402600
2023-06-30,89.180000,89.599998,88.610001,89.279999,86.562599,12837500
2023-07-03,89.120003,90.949997,88.910004,90.500000,87.745461,7979500
2023-07-05,90.110001,90.389999,89.250000,89.790001,87.057076,11028800
2023-07-06,88.669998,88.830002,87.779999,88.739998,86.039032,12084600
2023-07-07,88.309998,89.730003,88.080002,88.639999,85.942085,9705100
2023-07-10,88.250000,88.680000,87.860001,88.099998,85.418518,13642600
2023-07-11,88.199997,89.589996,88.150002,89.489998,86.766205,13735500
2023-07-12,90.110001,90.709999,89.570000,90.150002,87.406128,14912100
2023-07-13,90.550003,90.809998,89.080002,90.470001,87.716385,15325500
2023-07-14,90.410004,90.489998,88.419998,88.620003,85.922691,17770000
2023-07-17,88.419998,88.489998,85.300003,85.559998,82.955818,34503400
2023-07-18,85.510002,87.300003,85.309998,85.949997,83.333954,21885100
2023-07-19,86.199997,87.889999,86.190002,87.040001,84.390778,17177000
2023-07-20,86.839996,87.180000,86.029999,86.209999,83.586037,15277500
2023-07-21,86.300003,87.900002,85.879997,87.180000,84.526512,19901000
2023-07-24,87.489998,87.959999,86.550003,86.599998,83.964180,13911900
2023-07-25,85.730003,86.309998,85.160004,85.629997,83.023689,15335400
2023-07-26,85.669998,86.269997,85.449997,85.860001,83.246689,14983700
2023-07-27,86.599998,86.879997,85.190002,85.360001,82.761909,16691400
2023-07-28,85.860001,86.580002,85.449997,86.129997,83.508469,13638300
2023-07-31,87.000000,89.360001,86.879997,88.889999,86.184479,20837800
2023-08-01,89.120003,89.730003,88.459999,89.029999,86.320213,13717500
2023-08-02,88.260002,88.330002,86.260002,86.300003,83.673294,15162700
2023-08-03,85.820000,86.459999,85.449997,85.489998,82.887955,14145400
2023-08-04,85.940002,87.110001,85.449997,86.300003,83.673294,11533900
2023-08-07,86.660004,87.230003,85.989998,86.830002,84.187172,10818400
2023-08-08,86.500000,88.330002,86.099998,88.129997,85.447609,16767900
2023-08-09,89.199997,89.559998,87.040001,87.489998,84.827080,32517900
2023-08-10,89.970001,92.529999,87.750000,91.760002,88.967117,56716800
2023-08-11,91.320000,91.349998,88.860001,89.019997,86.310524,21998900
2023-08-14,88.989998,89.300003,87.989998,88.809998,86.106895,13676400
2023-08-15,87.989998,88.230003,86.889999,87.059998,84.410172,13677900
2023-08-16,86.540001,87.059998,86.080002,86.349998,83.721786,12182700
2023-08-17,86.919998,86.959999,85.800003,85.919998,83.304863,14206000
2023-08-18,85.370003,86.720001,85.370003,85.959999,83.343658,12364400
2023-08-21,85.809998,86.250000,85.410004,85.879997,83.266083,11215000
2023-08-22,85.709999,86.089996,85.370003,85.790001,83.178825,9835300
2023-08-23,85.809998,86.330002,85.639999,85.830002,83.217606,7576000
2023-08-24,85.510002,85.949997,82.459999,82.470001,79.959885,27531000
2023-08-25,83.070000,83.650002,82.459999,83.360001,80.822792,16050900
2023-08-28,83.830002,84.690002,83.529999,84.160004,81.598442,12166400
2023-08-29,83.790001,84.550003,83.730003,84.400002,81.831139,11210700
2023-08-30,84.400002,84.680000,83.830002,84.279999,81.714783,11816600
2023-08-31,84.459999,84.610001,83.639999,83.680000,81.133049,10448000
2023-09-01,82.110001,82.230003,80.529999,81.639999,79.155136,27701900
2023-09-05,81.419998,82.389999,81.180000,81.190002,78.718842,12741700
2023-09-06,80.790001,82.089996,80.529999,80.980003,78.515228,15518500
2023-09-07,80.820000,80.849998,79.750000,80.570000,78.117699,14768000
2023-09-08,80.540001,81.669998,80.169998,81.580002,79.096962,16220900
2023-09-11,81.940002,83.849998,81.169998,82.519997,80.008339,26579100
2023-09-12,83.029999,84.669998,82.570000,83.680000,81.133049,16594600
2023-09-13,83.349998,84.050003,83.120003,83.480003,80.939133,9772700
2023-09-14,84.000000,84.739998,83.040001,84.480003,81.908699,22371900
2023-09-15,85.220001,86.190002,84.610001,85.580002,82.975227,21631200
2023-09-18,85.239998,85.919998,84.980003,85.019997,82.432259,11894200
2023-09-19,83.919998,84.790001,81.709999,81.940002,79.446014,21478900
2023-09-20,82.029999,83.199997,81.639999,82.559998,80.047134,12715200
2023-09-21,82.059998,83.669998,81.919998,82.730003,80.211967,14378000
2023-09-22,82.910004,83.349998,81.199997,81.250000,78.777008,11495300
2023-09-25,81.559998,81.769997,80.559998,81.010002,78.544312,11034400
2023-09-26,80.500000,80.739998,79.790001,80.050003,77.613533,14867900
2023-09-27,80.120003,80.559998,79.220001,79.900002,77.468094,14662500
2023-09-28,80.279999,80.919998,79.650002,80.129997,77.691093,12229800
2023-09-29,80.660004,81.330002,80.410004,81.050003,78.583099,11261400
2023-10-02,80.919998,81.769997,80.790001,81.669998,79.184219,9128100
2023-10-03,81.250000,81.889999,79.459999,79.540001,77.119064,12586200
2023-10-04,79.610001,79.790001,78.730003,79.320000,76.905754,12010500
2023-10-05,79.099998,80.940002,78.879997,80.809998,78.350395,15466600
2023-10-06,81.050003,83.529999,80.489998,82.940002,80.415581,15391100
2023-10-09,84.300003,84.879997,83.129997,84.699997,82.122002,13604400
2023-10-10,84.790001,85.290001,83.930000,84.989998,82.403168,9450600
2023-10-11,85.370003,85.720001,84.260002,84.849998,82.267441,9499200
2023-10-12,84.830002,85.070000,83.510002,84.349998,81.782661,9554900
2023-10-13,83.940002,84.580002,83.379997,84.349998,81.782661,10808000
2023-10-16,84.309998,85.930000,84.309998,85.709999,83.101265,10275100
2023-10-17,85.349998,86.290001,85.309998,86.199997,83.576340,9985700
2023-10-18,85.690002,86.260002,84.599998,84.680000,82.102608,10047000
2023-10-19,85.260002,85.269997,83.169998,83.250000,80.716133,14316800
2023-10-20,82.900002,83.440002,82.610001,82.650002,80.134392,10437000
2023-10-23,82.080002,84.029999,80.910004,83.099998,80.570702,10772500
2023-10-24,83.410004,84.199997,81.739998,82.559998,80.047134,11499500
2023-10-25,82.129997,82.550003,80.519997,80.589996,78.137093,9372500
2023-10-26,80.080002,80.610001,79.419998,79.779999,77.351761,11651000
2023-10-27,79.750000,81.029999,79.230003,79.330002,76.915443,10300600
2023-10-30,79.720001,80.930000,79.529999,80.680000,78.224358,10291200
2023-10-31,80.690002,81.669998,80.330002,81.589996,79.106659,8672200
2023-11-01,81.529999,81.580002,80.180000,81.070000,78.602486,9093000
2023-11-02,81.849998,83.300003,81.820000,83.290001,80.754913,11518500
2023-11-03,84.169998,85.930000,84.160004,85.070000,82.480751,11331800
2023-11-06,85.080002,85.800003,83.589996,84.019997,81.462692,14160900
2023-11-07,84.160004,84.680000,83.949997,84.589996,82.015343,10540200
2023-11-08,84.139999,84.919998,83.949997,84.500000,81.928093,26942600
2023-11-09,87.839996,91.209999,87.599998,90.339996,87.590340,51062700
2023-11-10,90.129997,90.160004,86.940002,88.269997,85.583336,25175700
2023-11-13,88.419998,89.900002,87.410004,89.440002,86.717728,12834400
2023-11-14,90.029999,91.540001,89.989998,91.070000,88.298119,13152000
2023-11-15,92.989998,94.570000,92.739998,93.930000,91.071060,20593100
2023-11-16,93.889999,94.610001,93.629997,94.510002,91.633408,12923900
2023-11-17,94.750000,95.379997,93.919998,94.150002,91.284378,12189300
2023-11-20,93.980003,95.589996,93.870003,95.029999,92.137589,14105300
2023-11-21,94.730003,94.959999,93.959999,94.449997,91.575233,7654800
2023-11-22,94.910004,95.709999,94.760002,95.070000,92.176369,7328200
2023-11-24,94.900002,96.510002,94.900002,96.059998,93.136238,5440500
2023-11-27,95.739998,95.739998,94.519997,95.169998,92.273323,11049500
2023-11-28,95.000000,95.139999,92.449997,92.500000,89.684586,18660300
2023-11-29,92.599998,93.239998,91.440002,92.500000,89.684586,13857000
2023-11-30,93.550003,93.860001,92.199997,92.690002,89.868813,13396700
2023-12-01,92.739998,92.839996,91.769997,92.580002,89.762161,11898200
2023-12-04,91.900002,92.410004,91.610001,92.010002,89.209511,12602800
2023-12-05,91.610001,91.779999,89.930000,90.790001,88.026642,12357000
2023-12-06,91.110001,92.550003,90.620003,91.500000,88.715027,10462000
2023-12-07,91.800003,93.389999,91.650002,92.349998,89.539162,10264700
2023-12-08,92.059998,93.540001,92.059998,92.820000,90.288162,9498200
2023-12-11,92.730003,93.080002,91.970001,92.199997,89.685066,10811000
2023-12-12,92.120003,92.199997,90.860001,91.070000,88.585892,13218400
2023-12-13,91.169998,92.870003,90.779999,92.830002,90.297890,10173200
2023-12-14,93.209999,94.830002,93.209999,93.940002,91.377602,12439300
2023-12-15,93.050003,93.949997,92.930000,93.459999,90.910698,17551600
2023-12-18,92.699997,93.709999,92.699997,92.860001,90.327072,9083600
2023-12-19,92.639999,93.989998,92.610001,93.930000,91.367874,8804000
2023-12-20,93.239998,94.269997,91.250000,91.269997,88.780434,13060600
2023-12-21,91.930000,92.080002,91.059998,92.019997,89.509972,13037200
2023-12-22,91.620003,92.239998,90.750000,91.019997,88.537247,9419800
2023-12-26,90.839996,91.269997,90.599998,90.949997,88.469162,8086900
2023-12-27,90.910004,90.940002,90.040001,90.379997,87.914703,11123500
2023-12-28,90.089996,90.980003,89.970001,90.400002,87.934174,8479600
2023-12-29,90.120003,90.599998,89.860001,90.290001,87.827164,9211000
2024-01-02,90.099998,91.480003,89.730003,90.709999,88.235718,10587600
2024-01-03,90.230003,92.080002,90.000000,91.650002,89.150070,11929800
2024-01-04,91.940002,91.940002,90.000000,90.559998,88.089806,12087400
2024-01-05,90.410004,91.320000,90.360001,90.900002,88.420525,9092100
2024-01-08,91.550003,91.940002,91.000000,91.550003,89.052803,11103700
2024-01-09,91.050003,91.099998,89.599998,89.669998,87.224083,11255100
2024-01-10,89.820000,89.820000,88.879997,89.290001,86.854446,15091600
2024-01-11,89.389999,89.779999,88.690002,89.449997,87.010078,9642200
2024-01-12,89.650002,90.830002,89.650002,90.349998,87.885521,11919400
2024-01-16,90.290001,93.089996,89.459999,93.050003,90.511887,16780900
2024-01-17,92.580002,93.760002,90.099998,90.339996,87.875801,15735200
2024-01-18,90.660004,92.510002,90.410004,92.209999,89.694801,12203200
2024-01-19,92.320000,93.580002,91.629997,93.059998,90.521599,19790100
2024-01-22,92.870003,95.230003,92.870003,95.080002,92.486504,15119400
2024-01-23,95.430000,95.889999,93.180000,93.769997,91.212242,11559400
2024-01-24,94.419998,95.250000,93.260002,93.500000,90.949600,10454900
2024-01-25,93.919998,94.940002,93.750000,94.860001,92.272514,8661600
2024-01-26,95.000000,95.529999,94.699997,95.360001,92.758881,7812800
2024-01-29,95.419998,97.500000,95.000000,97.489998,94.830765,13422200
2024-01-30,96.519997,97.540001,96.010002,96.940002,94.295776,9139600
2024-01-31,96.419998,97.570000,95.809998,96.050003,93.430046,9592300
2024-02-01,96.370003,97.930000,95.900002,97.059998,94.412498,8484800
2024-02-02,96.279999,97.410004,95.820000,97.129997,94.480598,9321300
2024-02-05,96.699997,97.370003,96.489998,96.650002,94.013687,11679300
2024-02-06,96.919998,99.320000,96.790001,99.290001,96.581673,16455500
2024-02-07,97.389999,99.279999,96.639999,99.139999,96.435760,28886300
2024-02-08,107.080002,112.769997,106.800003,110.540001,107.524811,60558400
2024-02-09,109.599998,110.150002,107.690002,108.389999,105.433449,21509100
2024-02-12,107.879997,111.059998,107.830002,109.290001,106.308907,13424000
2024-02-13,108.279999,110.650002,108.209999,110.459999,107.446999,14594500
2024-02-14,110.580002,111.680000,109.669998,111.559998,108.516983,11405500
2024-02-15,111.080002,112.919998,111.080002,112.449997,109.382706,9961900
2024-02-16,112.019997,112.559998,111.160004,111.599998,108.555901,8782200
2024-02-20,110.849998,111.129997,109.349998,109.440002,106.454819,9770900
2024-02-21,108.480003,109.220001,107.239998,107.669998,104.733093,10427500
2024-02-22,107.989998,108.489998,107.410004,107.639999,104.703903,9266200
2024-02-23,107.570000,108.000000,105.830002,107.739998,104.801178,11724000
2024-02-26,107.519997,108.760002,107.379997,107.680000,104.742828,8694200
2024-02-27,107.779999,109.580002,107.779999,109.419998,106.435364,7595000
2024-02-28,108.779999,111.040001,108.660004,110.800003,107.777718,10773000
2024-02-29,111.139999,112.750000,110.970001,111.580002,108.536438,11658300
2024-03-01,111.440002,112.150002,111.029999,111.949997,108.896339,7242400
2024-03-04,112.669998,114.129997,111.800003,113.690002,110.588890,11558900
2024-03-05,113.610001,115.190002,112.269997,112.870003,109.791260,14929600
2024-03-06,113.080002,113.300003,109.250000,110.059998,107.057899,14743900
2024-03-07,110.699997,111.080002,109.199997,110.180000,107.174622,8609300
2024-03-08,110.180000,111.309998,109.339996,110.320000,107.310814,10009200
2024-03-11,110.089996,112.910004,110.029999,112.309998,109.246529,8794300
2024-03-12,112.519997,112.949997,111.639999,112.459999,109.392433,8085000
2024-03-13,112.739998,114.129997,112.440002,112.500000,109.431351,7267900
2024-03-14,111.739998,112.349998,109.510002,112.059998,109.003342,10520500
2024-03-15,111.599998,112.959999,111.400002,111.949997,108.896339,15364200
2024-03-18,112.290001,114.430000,112.290001,113.849998,110.744522,11820800
2024-03-19,113.410004,115.169998,113.239998,114.510002,111.386520,10999700
2024-03-20,114.610001,116.510002,114.360001,116.459999,113.283325,11699600
2024-03-21,116.989998,117.360001,115.860001,116.699997,113.516785,10353500
2024-03-22,116.919998,117.660004,115.839996,115.870003,112.709427,7144800
2024-03-25,116.970001,119.410004,116.870003,119.360001,116.104233,12103600
2024-03-26,119.629997,120.400002,118.190002,119.930000,116.658676,11870000
2024-03-27,120.959999,122.029999,120.019997,120.980003,117.680046,10782800
2024-03-28,121.250000,123.739998,121.199997,122.360001,119.022392,15367400
2024-04-01,122.059998,122.400002,120.779999,121.529999,118.215034,8419700
2024-04-02,120.220001,123.529999,120.160004,122.820000,119.469849,15517100
2024-04-03,122.269997,123.690002,118.379997,118.980003,115.734596,22480400
2024-04-04,119.220001,120.190002,116.959999,117.089996,113.896141,13815400
2024-04-05,116.599998,118.860001,116.300003,118.379997,115.150955,9653900
2024-04-08,118.019997,118.519997,116.820000,117.349998,114.149048,6266000
2024-04-09,117.379997,118.510002,116.889999,117.970001,114.752144,7451100
2024-04-10,116.599998,117.559998,116.370003,117.190002,113.993423,6746300
2024-04-11,117.589996,118.279999,116.370003,117.150002,113.954514,6559400
2024-04-12,116.389999,116.699997,113.730003,114.010002,110.900162,12155200
2024-04-15,114.879997,115.550003,112.769997,112.949997,109.869064,9637100
2024-04-16,112.820000,114.500000,112.519997,113.879997,110.773705,9291400
2024-04-17,114.000000,114.209999,112.889999,112.940002,109.859352,7379000
2024-04-18,113.180000,114.250000,112.190002,112.430000,109.363251,8235600
2024-04-19,111.720001,112.720001,111.080002,112.610001,109.538353,9436000
2024-04-22,113.099998,113.639999,111.750000,111.989998,108.935265,6901700
2024-04-23,112.830002,114.239998,112.800003,113.709999,110.608337,6839300
2024-04-24,113.139999,114.180000,113.139999,113.919998,110.812614,6157200
2024-04-25,111.220001,112.889999,110.389999,112.769997,109.693985,8045900
2024-04-26,111.849998,113.019997,111.320000,112.730003,109.655075,6304800
2024-04-29,113.040001,113.879997,110.339996,112.080002,109.022804,7151200
2024-04-30,112.000000,112.040001,110.800003,111.099998,108.069534,8156600
2024-05-01,111.290001,111.989998,110.209999,110.480003,107.466454,6338400
2024-05-02,111.430000,112.870003,110.559998,112.620003,109.548080,6799800
2024-05-03,113.540001,114.110001,112.800003,113.660004,110.559715,7411100
2024-05-06,114.800003,116.940002,114.150002,116.470001,113.293060,16303200
2024-05-07,107.250000,107.879997,104.209999,105.389999,102.515282,55084600
2024-05-08,104.900002,106.480003,104.440002,105.440002,102.563927,15238100
2024-05-09,104.620003,106.129997,104.389999,105.800003,102.914108,15096000
2024-05-10,106.919998,107.019997,105.419998,105.790001,102.904373,15884600
2024-05-13,105.589996,106.639999,105.589996,105.830002,102.943291,9666400
2024-05-14,105.300003,105.989998,104.949997,105.349998,102.476379,11278400
2024-05-15,105.620003,105.879997,101.389999,102.769997,99.966743,20745600
2024-05-16,103.040001,104.029999,102.839996,103.370003,100.550385,9476700
2024-05-17,103.629997,103.820000,103.040001,103.250000,100.433655,7356000
2024-05-20,103.330002,103.669998,102.519997,102.900002,100.093208,7667400
2024-05-21,102.989998,103.699997,102.720001,103.010002,100.200211,7333300
2024-05-22,102.980003,103.830002,102.750000,103.019997,100.209923,7190300
2024-05-23,102.980003,103.010002,100.269997,100.660004,97.914307,10504000
2024-05-24,100.849998,102.089996,100.690002,101.760002,98.984299,6451600
2024-05-28,101.360001,102.860001,100.949997,102.440002,99.645752,7813100
2024-05-29,101.760002,102.080002,100.769997,100.879997,98.128304,7376300
2024-05-30,101.139999,102.070000,100.970001,101.699997,98.925941,7300600
2024-05-31,101.519997,104.080002,101.410004,103.910004,101.075653,14735800
2024-06-03,104.169998,104.220001,102.480003,102.769997,99.966743,6908600
2024-06-04,102.110001,103.489998,101.629997,103.330002,100.511475,7269100
2024-06-05,103.000000,103.080002,101.029999,101.500000,98.731392,10796900
2024-06-06,101.050003,101.930000,100.809998,101.209999,98.449303,10294700
2024-06-07,100.860001,102.269997,100.550003,101.540001,98.770294,6047800
2024-06-10,101.250000,102.849998,100.639999,102.739998,99.937569,7621900
2024-06-11,102.639999,102.879997,100.739998,100.870003,98.118576,9134200
2024-06-12,101.199997,101.690002,100.250000,100.800003,98.050476,9041800
2024-06-13,100.610001,101.070000,99.610001,100.089996,97.359848,10164600
2024-06-14,99.809998,100.379997,99.250000,99.970001,97.243126,7087600
2024-06-17,100.980003,101.919998,100.620003,101.519997,98.750847,10389000
2024-06-18,101.120003,101.760002,100.610001,101.500000,98.731392,7044700
2024-06-20,100.570000,101.940002,100.379997,101.839996,99.062119,7886900
2024-06-21,101.800003,102.540001,101.589996,102.269997,99.480385,14137300
2024-06-24,102.250000,103.080002,101.910004,101.980003,99.198303,7393600
2024-06-25,102.660004,103.680000,101.769997,102.199997,99.412300,10296100
2024-06-26,101.900002,102.370003,101.430000,102.180000,99.392845,10122300
2024-06-27,102.040001,102.279999,101.809998,102.169998,99.383110,8365200
2024-06-28,102.019997,102.580002,98.379997,99.290001,96.581673,21439400
2024-07-01,99.400002,99.739998,97.879997,98.040001,95.365784,15299000
2024-07-02,97.940002,97.989998,96.949997,97.989998,95.317131,13340300
2024-07-03,97.839996,99.080002,97.830002,98.610001,95.920219,5030000
2024-07-05,98.309998,98.309998,97.580002,97.989998,95.317131,8550800
2024-07-08,97.690002,98.290001,96.889999,97.370003,95.151009,8167600
2024-07-09,97.470001,97.529999,96.150002,97.050003,94.838310,9044400
2024-07-10,96.949997,97.279999,96.250000,96.970001,94.760124,7761100
2024-07-11,97.010002,97.580002,96.300003,96.599998,94.398552,7422600
2024-07-12,97.099998,97.830002,96.980003,97.129997,94.916481,6465700
2024-07-15,97.330002,97.489998,96.599998,96.870003,94.662407,7417700
2024-07-16,97.019997,98.720001,96.540001,98.470001,96.225937,10755500
2024-07-17,98.300003,98.610001,96.529999,97.309998,95.092369,9456100
2024-07-18,97.360001,98.059998,96.680000,96.790001,94.584229,7529400
2024-07-19,96.820000,96.820000,95.440002,95.739998,93.558151,9301000
2024-07-22,95.110001,95.160004,93.489998,94.129997,91.984840,13377000
2024-07-23,90.699997,91.690002,89.830002,90.940002,88.867554,22534700
2024-07-24,90.220001,90.750000,89.580002,89.800003,87.753525,11768500
2024-07-25,90.080002,90.500000,89.209999,89.209999,87.176971,10765300
2024-07-26,90.000000,90.550003,89.339996,89.930000,87.880562,11301900
2024-07-29,90.389999,92.550003,90.190002,92.139999,90.040199,13024800
2024-07-30,91.669998,94.040001,91.669998,93.790001,91.652588,9896100
2024-07-31,93.790001,94.839996,93.639999,93.690002,91.554878,10241800
2024-08-01,93.860001,93.949997,92.599998,93.050003,90.929451,9263600
2024-08-02,92.160004,92.199997,89.000000,89.570000,87.528763,15433600
2024-08-05,86.889999,89.559998,86.419998,87.779999,85.779556,19103200
2024-08-06,88.230003,91.910004,87.959999,89.970001,87.919647,21717500
2024-08-07,88.000000,89.239998,85.750000,85.959999,84.001030,30581900
2024-08-08,85.150002,86.330002,83.910004,85.959999,84.001030,21890500
2024-08-09,86.129997,86.250000,84.709999,86.209999,84.245338,16008400
2024-08-12,85.860001,86.379997,85.480003,85.949997,83.991264,11754600
2024-08-13,86.459999,86.459999,85.309998,85.599998,83.649239,14615200
2024-08-14,86.010002,86.540001,85.559998,86.300003,84.333290,9475100
2024-08-15,87.250000,88.930000,87.209999,88.790001,86.766533,12401000
2024-08-16,88.959999,89.669998,88.339996,89.300003,87.264923,10277700
2024-08-19,89.410004,90.949997,89.410004,90.820000,88.750282,9723600
2024-08-20,90.389999,90.669998,89.309998,89.739998,87.694893,8863400
2024-08-21,90.220001,90.779999,89.430000,90.720001,88.652565,7637600
2024-08-22,90.989998,91.379997,89.699997,89.919998,87.870789,7613000
2024-08-23,90.150002,90.750000,89.680000,90.559998,88.496193,7369200
2024-08-26,90.919998,91.800003,90.919998,91.779999,89.688393,8043800
2024-08-27,91.430000,91.720001,90.750000,90.900002,88.828453,7237400
2024-08-28,90.330002,90.620003,88.760002,89.489998,87.450584,8569700
2024-08-29,90.449997,90.699997,89.629997,89.809998,87.763298,6181800
2024-08-30,89.980003,90.449997,89.400002,90.379997,88.320305,8403600
2024-09-03,89.610001,90.489998,88.540001,89.129997,87.098793,8465500
2024-09-04,88.949997,90.019997,88.820000,89.250000,87.216057,6317200
2024-09-05,89.669998,89.669998,88.339996,88.650002,86.629730,6234100
2024-09-06,88.449997,89.089996,87.720001,87.940002,85.935913,7791500
2024-09-09,88.220001,88.889999,87.809998,88.339996,86.326790,8750200
2024-09-10,88.330002,88.889999,87.980003,88.400002,86.385422,6858300
2024-09-11,88.050003,88.430000,86.589996,88.320000,86.307251,10779000
2024-09-12,88.220001,89.330002,88.180000,89.300003,87.264923,7173300
2024-09-13,89.449997,90.720001,89.389999,90.550003,88.486435,7084200
2024-09-16,91.099998,92.370003,90.949997,91.849998,89.756805,9028600
2024-09-17,92.370003,93.250000,92.169998,92.860001,90.743790,8193100
2024-09-18,93.519997,94.070000,92.690002,93.580002,91.447380,10289800
2024-09-19,94.820000,95.290001,93.320000,93.449997,91.320343,10912400
2024-09-20,93.199997,94.010002,92.820000,93.750000,91.613503,19251500
2024-09-23,93.699997,93.699997,92.160004,92.970001,90.851280,7338700
2024-09-24,93.339996,93.790001,92.459999,93.690002,91.554878,7860300
2024-09-25,93.639999,94.440002,93.349998,93.919998,91.779625,8408200
2024-09-26,94.459999,95.790001,94.180000,95.199997,93.030464,10061600
2024-09-27,95.489998,96.900002,95.279999,96.010002,93.821999,10155400
2024-09-30,96.849998,97.570000,95.440002,96.190002,93.997902,7982300
2024-10-01,95.190002,95.849998,93.320000,94.050003,91.906677,10099200
2024-10-02,93.589996,94.580002,93.589996,94.150002,92.004395,6144200
2024-10-03,93.610001,94.089996,93.129997,93.629997,91.496231,6180300
2024-10-04,94.300003,95.339996,93.889999,95.150002,92.981598,6308900
2024-10-07,95.089996,95.139999,91.760002,92.389999,90.284492,11043600
2024-10-08,92.519997,93.739998,91.690002,92.510002,90.401772,10209100
2024-10-09,91.860001,94.010002,91.459999,93.599998,91.466927,8654500
2024-10-10,93.720001,93.879997,92.690002,92.989998,90.870819,6698000
2024-10-11,92.849998,94.610001,92.800003,94.129997,91.984840,8089100
2024-10-14,94.180000,95.190002,93.800003,94.970001,92.805702,6262000
2024-10-15,95.250000,95.650002,93.680000,94.220001,92.072792,6535800
2024-10-16,93.730003,96.790001,93.629997,96.750000,94.545135,9936300
2024-10-17,96.930000,97.330002,95.610001,96.540001,94.339920,9542500
2024-10-18,97.010002,97.540001,96.050003,97.279999,95.063057,8609700
2024-10-21,97.199997,97.449997,95.949997,96.620003,94.418106,8189900
2024-10-22,96.199997,97.260002,96.199997,96.739998,94.535370,5344300
2024-10-23,96.930000,97.139999,95.989998,96.239998,94.046761,5388500
2024-10-24,96.599998,96.800003,95.250000,95.400002,93.225899,5015300
2024-10-25,95.809998,96.849998,95.010002,95.029999,92.864326,6638100
2024-10-28,95.220001,96.690002,95.209999,96.199997,94.007668,8146400
2024-10-29,96.260002,96.620003,95.680000,96.129997,93.939270,6834400
2024-10-30,95.699997,96.709999,94.940002,95.080002,92.913200,7718200
2024-10-31,95.269997,96.629997,95.000000,96.199997,94.007668,8147700
2024-11-01,95.699997,96.389999,94.830002,95.809998,93.626564,7944900
2024-11-04,95.830002,96.019997,95.029999,95.790001,93.607018,6088000
2024-11-05,95.599998,96.669998,95.250000,96.629997,94.427864,6561700
2024-11-06,98.209999,99.550003,98.209999,98.889999,96.636368,11325100
2024-11-07,98.779999,99.519997,98.129997,98.930000,96.675453,7805100
2024-11-08,98.730003,99.260002,97.610001,99.019997,96.763405,7982100
2024-11-11,99.000000,100.900002,99.000000,100.860001,98.561478,9137900
2024-11-12,100.550003,101.290001,99.500000,100.989998,98.688507,9366200
2024-11-13,100.790001,103.199997,100.349998,102.720001,100.379082,17701300
2024-11-14,110.330002,114.809998,108.400002,109.120003,106.633247,47436100
2024-11-15,110.250000,115.190002,110.250000,115.080002,112.457413,32048000
2024-11-18,113.330002,115.440002,112.889999,113.540001,110.952507,14226200
2024-11-19,112.050003,112.500000,110.820000,112.419998,109.858032,12166800
2024-11-20,112.260002,114.370003,111.470001,114.260002,111.656097,9319300
2024-11-21,114.150002,116.250000,113.830002,114.720001,112.105614,10261000
2024-11-22,113.849998,116.339996,113.599998,115.650002,113.014420,10098000
2024-11-25,115.680000,116.580002,114.930000,116.000000,113.356438,10397800
2024-11-26,116.000000,116.419998,115.440002,115.449997,112.818977,6808100
2024-11-27,115.449997,118.199997,115.449997,117.599998,114.919991,8142400
2024-11-29,117.260002,117.739998,116.730003,117.470001,114.792946,5095200
2024-12-02,117.779999,118.629997,116.550003,117.160004,114.490005,8390500
2024-12-03,117.000000,117.230003,115.449997,116.449997,113.796181,9194000
2024-12-04,115.970001,117.290001,115.839996,116.989998,114.323883,7996200
2024-12-05,116.550003,117.269997,116.059998,116.500000,113.845047,9823600
2024-12-06,116.550003,117.260002,116.220001,116.730003,114.069817,6677900
2024-12-09,116.389999,117.180000,113.910004,114.610001,111.998123,8666100
2024-12-10,114.650002,114.949997,113.720001,114.730003,112.115387,7526400
2024-12-11,114.639999,115.050003,113.980003,114.610001,111.998123,6426800
2024-12-12,114.699997,115.010002,114.160004,114.900002,112.281517,5285100
2024-12-13,114.320000,114.959999,113.300003,113.339996,110.757072,6864500
2024-12-16,113.000000,113.070000,111.730003,112.110001,110.040543,10528500
2024-12-17,111.029999,114.040001,110.800003,113.019997,110.933731,12238600
2024-12-18,113.339996,116.120003,111.239998,111.349998,109.294563,12292800
2024-12-19,111.660004,112.910004,111.250000,111.370003,109.314209,9468500
2024-12-20,110.610001,112.970001,110.430000,112.029999,109.962013,17955300
2024-12-23,111.610001,111.849998,110.309998,111.400002,109.343643,6037200
2024-12-24,111.250000,112.739998,111.190002,112.559998,110.482231,2475000
2024-12-26,112.120003,113.320000,111.860001,112.550003,110.472420,4781400
2024-12-27,111.820000,112.120003,110.860001,111.550003,109.490883,4523800
2024-12-30,110.430000,111.540001,109.830002,110.800003,108.754723,5716300
2024-12-31,110.779999,111.589996,110.669998,111.349998,109.294563,4757500
2025-01-02,111.699997,112.199997,110.169998,110.820000,108.774345,5688100
2025-01-03,111.370003,111.540001,110.180000,111.160004,109.108078,5393100
2025-01-06,111.470001,112.849998,110.870003,111.050003,109.000107,6274400
2025-01-07,112.150002,113.739998,111.290001,111.389999,109.333832,7878800
2025-01-08,111.000000,111.110001,108.639999,109.760002,107.733925,7805300
2025-01-10,110.000000,110.540001,107.620003,108.650002,106.644409,8835500
2025-01-13,107.930000,108.610001,106.720001,108.080002,106.084930,6690200
2025-01-14,108.680000,108.959999,107.610001,108.120003,106.124199,5501600
2025-01-15,109.169998,109.599998,107.989998,108.180000,106.183090,6296900
2025-01-16,108.290001,108.599998,106.160004,106.459999,104.494835,7872800
2025-01-17,106.830002,107.739998,106.540001,107.019997,105.044495,7144300
2025-01-21,107.099998,109.449997,106.800003,108.699997,106.693481,8643700
2025-01-22,109.550003,109.550003,108.230003,108.809998,106.801460,8781700
2025-01-23,108.500000,111.070000,108.489998,111.040001,108.990295,7608300
2025-01-24,111.160004,113.389999,110.629997,112.160004,110.089622,8304500
2025-01-27,111.680000,114.080002,111.459999,113.339996,111.247841,10176900
2025-01-28,112.849998,112.959999,111.559998,112.139999,110.069992,6516800
2025-01-29,113.500000,114.379997,112.760002,113.190002,111.100609,7607100
2025-01-30,114.089996,115.180000,113.120003,113.430000,111.336174,6236200
2025-01-31,113.300003,114.010002,112.760002,113.059998,110.973000,7793400
2025-02-03,111.349998,114.599998,110.860001,114.000000,111.895660,8870700
2025-02-04,113.800003,114.660004,112.510002,113.300003,111.208580,13521100
2025-02-05,115.699997,118.589996,110.230003,110.540001,108.499519,23310000
2025-02-06,111.879997,112.680000,109.150002,112.089996,110.020905,12470800
2025-02-07,111.610001,112.550003,110.809998,110.860001,108.813606,8669300
2025-02-10,111.139999,111.379997,108.690002,109.279999,107.262779,8239500
2025-02-11,108.379997,109.050003,107.690002,109.019997,107.007576,7456700
2025-02-12,108.250000,109.529999,107.750000,109.230003,107.213707,6521200
2025-02-13,108.919998,109.760002,108.559998,109.589996,107.567055,6553200
2025-02-14,109.860001,110.510002,109.589996,110.379997,108.342476,5964500
2025-02-18,109.779999,109.919998,108.709999,109.559998,107.537613,8362900
2025-02-19,109.139999,111.760002,109.139999,111.349998,109.294563,8452100
2025-02-20,111.239998,111.519997,109.379997,110.550003,108.509331,5970100
2025-02-21,111.000000,111.760002,107.919998,108.660004,106.654228,9082100
2025-02-24,108.839996,111.559998,108.650002,111.199997,109.147331,7093300
2025-02-25,111.430000,111.900002,109.070000,110.529999,108.489700,7289000
2025-02-26,110.059998,113.250000,110.059998,111.830002,109.765717,7831600
2025-02-27,112.320000,113.120003,111.059998,111.309998,109.255302,7854700
2025-02-28,111.459999,113.989998,111.000000,113.800003,111.699341,14609400
2025-03-03,114.070000,115.550003,112.000000,112.790001,110.707985,7884700
2025-03-04,111.699997,112.250000,108.269997,109.010002,106.997765,12658000
2025-03-05,109.339996,110.940002,108.220001,109.309998,107.292221,9956100
2025-03-06,108.379997,108.830002,105.019997,105.430000,103.483841,11618800
2025-03-07,105.000000,105.769997,103.309998,105.510002,103.562370,12715900
2025-03-10,104.430000,104.800003,102.110001,103.080002,101.177231,10947100
2025-03-11,99.790001,101.040001,97.449997,97.900002,96.092850,16906000
2025-03-12,98.680000,99.489998,96.379997,98.760002,96.936974,11891800
2025-03-13,97.769997,98.650002,95.930000,96.870003,95.081863,11059500
2025-03-14,97.440002,99.099998,97.419998,98.639999,96.819191,10199800
2025-03-17,98.739998,100.120003,98.660004,99.360001,97.525894,8332100
2025-03-18,99.269997,99.730003,98.480003,99.349998,97.516075,6727000
2025-03-19,99.660004,100.959999,99.470001,100.290001,98.438721,8614600
2025-03-20,99.570000,100.050003,98.639999,98.860001,97.035126,7836500
2025-03-21,98.379997,99.889999,97.750000,99.459999,97.624054,15089900
2025-03-24,100.220001,100.440002,98.860001,100.180000,98.330765,8224400
2025-03-25,100.650002,101.760002,100.410004,101.610001,99.734360,7365200
2025-03-26,101.699997,102.269997,100.260002,100.779999,98.919678,6314000
2025-03-27,100.709999,101.029999,99.580002,100.449997,98.595779,6598800
2025-03-28,100.050003,100.389999,97.739998,98.070000,96.259705,7679700
2025-03-31,96.830002,98.849998,95.699997,98.699997,96.878075,10554000
2025-04-01,98.320000,98.589996,96.839996,97.680000,95.876907,8762700
2025-04-02,96.620003,98.309998,96.449997,97.879997,96.073204,7959900
2025-04-03,94.510002,94.779999,88.610001,88.839996,87.200089,19353400
2025-04-04,86.000000,87.540001,83.080002,83.529999,81.988098,22580900
2025-04-07,80.989998,86.629997,80.099998,83.300003,81.762344,20456000
2025-04-08,85.949997,86.949997,80.849998,81.720001,80.211517,14845600
2025-04-09,81.290001,92.250000,81.190002,91.440002,89.752098,24970900
2025-04-10,88.919998,89.010002,83.070000,85.230003,83.656731,16377000
2025-04-11,85.110001,85.669998,83.349998,84.889999,83.322998,10204400
2025-04-14,85.830002,86.449997,84.029999,84.660004,83.097252,10841300
2025-04-15,84.750000,85.980003,84.519997,85.010002,83.440788,7840500
2025-04-16,84.279999,84.800003,82.010002,82.769997,81.242134,10144300
2025-04-17,83.370003,85.779999,83.360001,84.809998,83.244469,14810900
2025-04-21,84.910004,85.230003,82.980003,84.000000,82.449425,14166800
2025-04-22,85.010002,86.559998,84.599998,86.089996,84.500847,9578500
2025-04-23,89.029999,89.870003,87.029999,87.290001,85.678688,12089100
2025-04-24,87.449997,90.239998,86.769997,90.010002,88.348488,10310000
2025-04-25,90.070000,90.339996,89.070000,90.279999,88.613503,7749600
2025-04-28,90.449997,91.370003,89.639999,90.160004,88.495728,8491800
2025-04-29,89.830002,91.660004,89.760002,91.169998,89.487076,6359900
2025-04-30,89.889999,91.190002,88.559998,90.949997,89.271133,8474800
2025-05-01,91.269997,91.610001,90.360001,90.809998,89.133713,7790600
2025-05-02,91.839996,93.190002,91.839996,92.489998,90.782715,7594000
2025-05-05,89.699997,93.080002,89.610001,92.110001,90.409721,10231000
2025-05-06,91.199997,92.739998,91.000000,92.169998,90.468620,11839400
2025-05-07,102.419998,103.309998,100.139999,102.089996,100.205498,36155300
2025-05-08,103.970001,106.190002,103.860001,105.120003,103.179565,19265400
2025-05-09,105.260002,106.190002,104.760002,105.940002,103.984436,10438200
2025-05-12,109.870003,110.940002,108.660004,110.489998,108.450439,18366600
2025-05-13,110.250000,112.199997,110.150002,111.379997,109.324013,14076700
2025-05-14,111.379997,113.410004,110.830002,112.940002,110.855217,15352200
2025-05-15,112.230003,112.849998,111.580002,112.220001,110.148514,8322400
2025-05-16,111.919998,113.440002,111.419998,113.419998,111.326363,10961000
2025-05-19,112.120003,112.989998,111.900002,112.660004,110.580391,7209700
2025-05-20,112.440002,113.400002,111.809998,112.360001,110.285919,6433300
2025-05-21,111.690002,112.489998,110.129997,110.459999,108.420998,10150600
2025-05-22,109.980003,111.800003,109.980003,111.129997,109.078621,7903700
2025-05-23,109.599998,110.349998,108.779999,109.720001,107.694664,8086100
2025-05-27,111.029999,112.889999,110.150002,112.360001,110.285919,10201100
2025-05-28,112.199997,112.470001,111.169998,111.519997,109.461433,5787900
2025-05-29,112.010002,112.260002,110.519997,112.019997,109.952194,9682100
2025-05-30,112.010002,113.349998,111.370003,113.040001,110.953377,12881100
2025-06-02,112.680000,113.599998,112.250000,112.949997,110.865036,7546800
2025-06-03,112.730003,114.690002,112.519997,113.599998,111.503029,9738800
2025-06-04,113.860001,114.050003,112.980003,113.489998,111.395058,5614900
2025-06-05,113.730003,114.339996,111.839996,112.529999,110.452789,8547200
2025-06-06,113.360001,114.220001,113.209999,113.900002,111.797493,5790700
2025-06-09,113.980003,116.110001,113.980003,115.660004,113.525017,7960400
2025-06-10,115.529999,120.500000,115.529999,118.730003,116.538345,18948400
2025-06-11,118.379997,119.550003,117.650002,119.519997,117.313751,10439200
2025-06-12,118.870003,119.389999,117.660004,118.610001,116.420555,7980300
2025-06-13,117.309998,118.320000,117.300003,117.940002,115.762924,13204900
2025-06-16,118.019997,120.339996,117.870003,119.480003,117.274498,9592100
2025-06-17,118.989998,119.330002,117.650002,118.129997,115.949409,9241200
2025-06-18,117.879997,118.750000,116.839996,117.860001,115.684395,8181200
2025-06-20,118.250000,119.050003,116.900002,117.629997,115.458641,17180400
2025-06-23,116.660004,117.989998,115.019997,117.750000,115.576431,8348000
2025-06-24,117.750000,119.080002,117.750000,118.650002,116.956451,8350200
2025-06-25,118.769997,119.720001,118.629997,119.419998,117.715462,6976300
2025-06-26,119.980003,121.669998,119.680000,121.459999,119.726334,10439600
2025-06-27,121.849998,122.940002,121.480003,122.339996,120.593773,13435600
2025-06-30,124.309998,124.690002,123.180000,124.010002,122.239944,13456200
2025-07-01,123.500000,123.760002,122.449997,123.489998,121.727364,9815700
2025-07-02,123.320000,123.699997,122.529999,122.980003,121.224648,7317100
2025-07-03,123.070000,124.239998,122.900002,124.000000,122.230087,4252300
2025-07-07,123.209999,124.610001,122.580002,123.160004,121.402077,7023500
2025-07-08,123.220001,123.709999,121.820000,121.820000,120.081207,6622900
2025-07-09,121.839996,122.349998,120.610001,120.610001,118.888474,6724900
2025-07-10,120.620003,121.949997,120.620003,121.559998,119.824913,6888700
2025-07-11,120.639999,121.230003,119.730003,119.870003,118.159035,6112400
2025-07-14,119.779999,120.500000,119.599998,119.970001,118.257607,6853300
2025-07-15,120.230003,120.230003,118.879997,118.980003,117.281738,7943600
2025-07-16,119.360001,120.570000,118.879997,119.820000,118.109749,6747500
2025-07-17,119.750000,122.389999,119.750000,122.209999,120.465637,9933700
2025-07-18,121.970001,122.160004,120.290001,121.419998,119.686905,9486800
2025-07-21,121.070000,121.970001,120.779999,120.839996,119.115181,6392500
2025-07-22,120.750000,121.430000,120.559998,121.059998,119.332047,5614500
2025-07-23,121.519997,123.180000,121.500000,122.940002,121.185219,8258900
2025-07-24,122.849998,123.400002,121.809998,121.949997,120.209343,6702200
2025-07-25,122.260002,122.449997,120.870003,121.470001,119.736198,5656600
2025-07-28,121.029999,121.400002,119.889999,120.370003,118.651901,6042200
2025-07-29,120.580002,120.809998,119.360001,119.910004,118.198463,6283700
2025-07-30,119.949997,120.500000,119.180000,119.540001,117.833748,5281500
2025-07-31,119.459999,119.910004,118.580002,119.110001,117.409889,7235000
2025-08-01,117.589996,117.889999,115.570000,116.589996,114.925850,8637800
2025-08-04,117.730003,119.519997,117.730003,119.349998,117.646454,8845000
2025-08-05,119.250000,119.570000,117.330002,118.320000,116.631157,15365700
2025-08-06,115.779999,116.120003,112.199997,115.169998,113.526123,22153700
2025-08-07,115.750000,116.400002,111.820000,112.879997,111.268806,15484400
2025-08-08,113.300003,114.290001,112.019997,112.430000,110.825233,9491000
2025-08-11,112.910004,113.150002,111.540001,112.550003,110.943520,8532600
2025-08-12,113.309998,114.400002,112.489998,113.720001,112.096817,7274000
2025-08-13,114.230003,117.230003,114.150002,116.639999,114.975136,9025700
2025-08-14,115.480003,116.709999,114.620003,116.309998,114.649841,6800900
2025-08-15,116.570000,116.839996,115.190002,115.389999,113.742981,6768600
2025-08-18,115.190002,117.010002,115.160004,116.550003,114.886429,5798400
2025-08-19,116.500000,116.989998,115.720001,116.269997,114.610413,5914000
2025-08-20,116.080002,117.889999,116.000000,117.040001,115.369431,7046700
2025-08-21,116.570000,116.660004,115.529999,116.209999,114.551277,6337100
2025-08-22,117.589996,119.779999,117.129997,118.860001,117.163452,7161700
2025-08-25,118.489998,119.050003,117.699997,117.709999,116.029861,5424900
2025-08-26,117.430000,118.379997,117.160004,117.650002,115.970726,5787400
2025-08-27,117.529999,118.459999,117.290001,118.089996,116.404434,4378000
2025-08-28,118.099998,118.370003,116.610001,117.639999,115.960869,5687700
2025-08-29,117.389999,118.650002,117.250000,118.379997,116.690300,5212600
2025-09-02,117.019997,118.279999,116.000000,118.269997,116.581871,6015900
2025-09-03,117.830002,118.620003,116.349998,117.379997,115.704575,6288700
2025-09-04,117.080002,119.680000,116.760002,118.809998,117.114166,6949300
2025-09-05,118.910004,119.779999,117.699997,117.910004,116.227020,6669100
2025-09-08,117.959999,118.879997,116.739998,118.839996,117.143738,6450700
2025-09-09,118.529999,119.050003,117.220001,117.370003,115.694725,5444300
2025-09-10,116.849998,117.510002,114.500000,115.790001,114.137276,7484900
2025-09-11,115.449997,117.169998,114.629997,117.080002,115.408859,8399100
2025-09-12,116.260002,117.010002,115.099998,115.959999,114.304840,7640900
2025-09-15,116.110001,116.750000,115.000000,115.620003,113.969696,7150900
2025-09-16,115.449997,115.849998,114.709999,115.230003,113.585266,6844900
2025-09-17,115.239998,116.660004,115.220001,116.099998,114.442848,7333900
2025-09-18,115.330002,115.779999,114.050003,114.860001,113.220551,9460500
2025-09-19,114.599998,114.599998,111.930000,113.760002,112.136246,23398400
2025-09-22,111.760002,113.629997,111.519997,112.559998,110.953369,15479800
2025-09-23,112.720001,113.620003,111.599998,112.250000,110.647797,13145000
2025-09-24,112.410004,114.150002,112.199997,113.430000,111.810959,8755200
2025-09-25,112.709999,114.050003,112.650002,112.989998,111.377235,6365500
2025-09-26,113.129997,113.570000,112.760002,113.470001,111.850388,6145700
2025-09-29,113.470001,115.010002,113.330002,114.779999,113.141685,9304100
2025-09-30,114.529999,114.879997,113.339996,114.500000,112.865685,9303700
2025-10-01,114.080002,116.059998,112.790001,112.949997,111.337807,9736300
2025-10-02,112.980003,113.169998,110.779999,112.139999,110.539375,8695100
2025-10-03,112.040001,113.570000,111.559998,112.470001,110.864662,7148400
2025-10-06,112.690002,113.110001,111.449997,112.750000,111.140663,6141200
2025-10-07,112.629997,113.400002,111.800003,112.529999,110.923805,5409800
2025-10-08,112.809998,113.199997,111.650002,111.889999,110.292938,7074400
2025-10-09,111.820000,113.000000,110.879997,110.989998,109.405785,6502400
2025-10-10,111.529999,112.680000,109.110001,109.190002,107.631477,9635200
2025-10-13,110.389999,110.959999,109.379997,110.269997,108.696053,7435100
2025-10-14,109.650002,111.839996,109.199997,111.169998,109.583214,7898000
2025-10-15,111.470001,112.680000,111.139999,111.709999,110.115501,7012600
2025-10-16,111.790001,112.089996,108.510002,109.879997,108.311623,7531200
2025-10-17,109.739998,111.459999,109.440002,110.669998,109.090355,10090500
2025-10-20,111.029999,112.250000,110.599998,111.959999,110.361938,8047500
2025-10-21,112.250000,114.540001,112.040001,114.300003,112.668541,8163200
2025-10-22,114.000000,114.279999,112.980003,113.080002,111.465958,7569200
2025-10-23,113.169998,113.830002,111.900002,113.029999,111.416672,6945400
2025-10-24,113.230003,113.650002,111.589996,111.680000,110.085938,6235200
2025-10-27,111.940002,112.599998,111.309998,112.339996,110.736511,6029600
2025-10-28,111.910004,112.480003,111.459999,111.650002,110.056366,6839400
2025-10-29,111.180000,111.529999,110.010002,110.239998,108.666481,7097100
2025-10-30,110.129997,113.580002,109.550003,111.839996,110.243652,8311300
2025-10-31,111.580002,113.099998,110.529999,112.620003,111.012520,8700600
2025-11-03,112.550003,112.809998,111.029999,112.120003,110.519661,8542300
2025-11-04,110.970001,111.790001,110.639999,111.470001,109.878929,7950100
2025-11-05,111.349998,111.970001,110.599998,111.360001,109.770500,5746000
2025-11-06,111.169998,111.709999,109.180000,110.489998,108.912918,10291800
2025-11-07,110.260002,111.430000,110.040001,110.739998,109.159348,8782100
2025-11-10,111.150002,112.790001,111.029999,112.239998,110.637939,9158700
2025-11-11,112.650002,114.970001,112.419998,114.849998,113.210693,9713300
2025-11-12,114.570000,117.089996,114.389999,116.650002,114.984993,15248700
2025-11-13,108.889999,109.360001,104.910004,107.610001,106.074036,44045400
2025-11-14,107.519997,108.730003,105.300003,105.800003,104.289871,16691400
2025-11-17,105.750000,107.669998,105.120003,105.690002,104.181435,12296400
2025-11-18,105.099998,107.080002,105.000000,106.279999,104.763008,11796200
2025-11-19,106.080002,107.589996,104.080002,104.669998,103.175995,12790000
2025-11-20,105.370003,105.800003,102.500000,102.699997,101.234108,12609900
2025-11-21,103.480003,104.779999,102.690002,104.279999,102.791557,10785400
2025-11-24,104.089996,104.339996,101.889999,101.940002,100.484962,15024800
2025-11-25,102.489998,103.919998,102.000000,103.309998,101.835396,10574500
2025-11-26,103.320000,104.250000,102.879997,103.430000,101.953697,10130200
2025-11-28,103.300003,104.739998,103.239998,104.470001,102.978844,6525500
2025-12-01,104.919998,106.830002,104.470001,106.769997,105.246017,12628900
2025-12-02,106.529999,106.570000,104.820000,104.830002,103.333710,8548200
2025-12-03,104.900002,105.849998,104.470001,105.739998,104.230713,10177800
2025-12-04,105.839996,106.220001,104.510002,105.470001,103.964577,11471400
2025-12-05,105.180000,106.169998,104.559998,105.300003,103.797005,10680100
2025-12-08,105.300003,108.050003,104.830002,107.629997,106.093742,13727700
2025-12-09,107.589996,107.750000,106.550003,107.019997,105.492447,8549400
2025-12-10,107.120003,109.669998,106.580002,108.830002,107.276619,11237900
2025-12-11,109.199997,111.559998,109.110001,111.459999,109.869072,13281400
2025-12-12,111.730003,113.339996,111.150002,111.599998,110.007080,13059100
2025-12-15,110.699997,111.550003,108.550003,110.489998,109.649811,14318000
2025-12-16,111.220001,112.849998,110.860001,111.620003,110.771225,15580200
2025-12-17,111.059998,112.129997,110.459999,110.629997,109.788750,12142500
2025-12-18,110.529999,112.800003,110.419998,111.870003,111.019325,12913900
2025-12-19,112.320000,113.480003,110.919998,111.239998,110.394112,21138400
2025-12-22,111.410004,112.800003,111.150002,112.379997,111.525436,8803300
2025-12-23,112.290001,113.309998,112.040001,113.220001,112.359055,7634500
2025-12-24,112.940002,114.529999,112.800003,114.480003,113.609474,4606700
2025-12-26,114.150002,114.739998,113.269997,113.559998,112.696465,5428900
2025-12-29,113.320000,114.489998,113.309998,114.190002,113.321678,7966000
2025-12-30,114.099998,115.279999,114.099998,114.790001,113.917114,6883900