Date,Open,High,Low,Close,Adj Close,Volume
2020-01-02,67.420502,68.433998,67.324501,68.433998,67.832520,27278000
2020-01-03,67.400002,68.687500,67.365997,68.075996,67.477661,23408000
2020-01-06,67.581497,69.916000,67.550003,69.890503,69.276222,46768000
2020-01-07,70.023003,70.175003,69.578003,69.755501,69.142387,34330000
2020-01-08,69.740997,70.592499,69.631500,70.251999,69.634521,35314000
2020-01-09,71.096497,71.433998,70.510498,70.989502,70.365562,33200000
2020-01-10,71.473503,71.747002,70.980003,71.447998,70.820015,26258000
2020-01-13,71.762497,72.073997,71.268501,72.001503,71.368652,30730000
2020-01-14,72.000000,72.131500,71.388496,71.529503,70.900810,26076000
2020-01-15,71.651001,72.039001,71.583000,71.959999,71.327522,21550000
2020-01-16,72.272499,72.535004,72.000000,72.508003,71.870712,26080000
2020-01-17,73.126999,74.027496,72.827499,73.975998,73.325806,52424000
2020-01-21,73.949997,74.494003,73.510498,74.112503,73.461105,48930000
2020-01-22,74.486504,75.028999,74.133003,74.193497,73.541389,28458000
2020-01-23,74.377502,74.675003,74.015999,74.234497,73.582031,26650000
2020-01-24,74.640999,74.709999,73.158997,73.308502,72.664169,29786000
2020-01-27,71.577003,71.829002,70.974998,71.586502,70.957314,34132000
2020-01-28,72.086998,72.739998,71.517998,72.525002,71.887558,29724000
2020-01-29,72.922997,73.207001,72.269501,72.834999,72.194832,21566000
2020-01-30,71.904999,72.762497,71.750000,72.712502,72.073418,27110000
2020-01-31,73.392998,73.483498,71.352997,71.639000,71.009338,43822000
2020-02-03,73.082497,74.315002,72.830498,74.129997,73.478455,71636000
2020-02-04,72.724503,73.366997,71.101501,72.270500,71.635292,95880000
2020-02-05,73.180496,73.228996,71.484001,72.302498,71.667023,36376000
2020-02-06,72.598999,74.078003,72.524002,73.798500,73.149864,37822000
2020-02-07,73.369499,74.262497,73.270500,73.955498,73.305489,28360000
2020-02-10,73.861504,75.444000,73.760002,75.432999,74.769997,38302000
2020-02-11,75.663498,76.494003,75.272499,75.502998,74.839386,34852000
2020-02-12,75.792999,76.014999,75.433502,75.931503,75.264130,31042000
2020-02-13,75.500000,76.297501,75.199997,75.669502,75.004417,22914000
2020-02-14,75.726501,76.002502,75.277496,75.936501,75.269058,23198000
2020-02-18,75.717003,76.528000,75.550499,75.972000,75.304260,25642000
2020-02-19,76.360001,76.537003,76.049004,76.243500,75.573364,22746000
2020-02-20,75.950500,76.353500,75.212997,75.849503,75.182831,25962000
2020-02-21,75.228996,75.547501,73.924500,74.172997,73.521072,42520000
2020-02-24,71.152496,71.819000,70.339500,70.992996,70.369019,49560000
2020-02-25,71.550003,71.842499,69.021004,69.316002,68.706757,51580000
2020-02-26,69.749001,70.683502,68.827499,69.523499,68.912422,49776000
2020-02-27,67.957001,68.470001,65.711998,65.747498,65.169632,62290000
2020-02-28,63.715500,67.122498,63.410500,66.962502,66.373947,80198000
2020-03-02,67.569504,69.373497,66.260002,69.316002,68.706757,55430000
2020-03-03,69.884003,70.409500,66.461998,66.886002,66.298126,56602000
2020-03-04,67.947998,69.139000,66.849998,69.080002,68.472847,47598000
2020-03-05,67.277496,67.681503,65.082001,65.737999,65.160202,54380000
2020-03-06,63.497501,65.137497,62.860500,64.787003,64.217575,64640000
2020-03-09,60.248001,62.636501,59.902000,60.789501,60.255203,69252000
2020-03-10,62.719501,63.792500,60.725498,63.758499,63.198109,54872000
2020-03-11,62.413502,62.846500,59.556999,60.544998,60.012852,54732000
2020-03-12,56.131001,59.437500,55.423500,55.577499,55.089020,94326000
2020-03-13,58.749500,60.720001,55.614498,60.713501,60.179871,79400000
2020-03-16,54.480499,57.273499,53.354000,53.650002,53.178455,96520000
2020-03-17,54.532001,56.299999,52.455002,55.903000,55.411652,83194000
2020-03-18,52.997002,55.249500,51.849998,54.559502,54.079964,93044000
2020-03-19,54.410999,57.630501,52.777500,55.583500,55.094967,74064000
2020-03-20,56.544998,56.924000,53.105000,53.410500,52.941059,82878000
2020-03-23,52.818501,53.345501,50.443501,52.706501,52.243248,83672000
2020-03-24,55.199001,56.666500,54.321499,56.500500,56.003906,72468000
2020-03-25,56.229000,57.308498,54.150501,55.081001,54.596886,90324000
2020-03-26,55.736000,58.574001,54.601501,58.146000,57.634933,76562000
2020-03-27,56.373501,57.552502,55.200001,55.513000,55.025085,62794000
2020-03-30,56.632000,57.549999,54.924500,57.315498,56.811745,58736000
2020-03-31,57.436501,58.669998,56.835999,58.097500,57.586861,65228000
2020-04-01,56.200001,56.471001,54.674500,55.105000,54.620667,51970000
2020-04-02,55.000000,56.138500,54.656502,55.851501,55.360603,56410000
2020-04-03,55.735500,55.939499,53.754002,54.634998,54.154797,51374000
2020-04-06,56.650002,59.537498,56.250000,59.159500,58.639538,63320000
2020-04-07,60.850498,61.039001,58.862499,59.127998,58.608307,61620000
2020-04-08,60.154999,60.744999,59.197498,60.349998,59.819569,40334000
2020-04-09,60.909000,61.099499,59.620998,60.328499,59.798256,54028000
2020-04-13,60.075001,60.726002,59.116501,60.520500,59.988567,38702000
2020-04-14,61.998501,63.787498,61.426998,63.261501,62.705482,63358000
2020-04-15,62.325500,63.755501,61.700001,62.865002,62.312466,42236000
2020-04-16,63.356998,63.667999,61.910000,62.871498,62.318909,57896000
2020-04-17,64.084999,64.500000,63.299999,63.950001,63.387924,51050000
2020-04-20,63.494499,63.841000,62.821999,63.057499,62.503265,35292000
2020-04-21,62.135502,62.500000,60.250000,60.608002,60.075302,49648000
2020-04-22,62.055500,63.993999,61.860001,62.920502,62.367477,46296000
2020-04-23,63.286999,64.407501,63.026501,63.558498,62.999859,34202000
2020-04-24,62.750000,63.885502,62.200001,63.830002,63.268978,37402000
2020-04-27,64.599998,64.705002,63.252998,63.542999,62.984501,44186000
2020-04-28,64.160004,64.237999,61.519001,61.629501,61.087818,80700000
2020-04-29,67.250000,68.007500,66.336502,67.109001,66.519165,108358000
2020-04-30,66.568001,67.500000,66.074997,67.334999,66.743187,55842000
2020-05-01,66.204498,67.571503,65.483002,65.865997,65.287086,48872000
2020-05-04,65.406502,66.223503,64.800499,66.144997,65.563629,30806000
2020-05-05,66.875000,68.550499,66.751503,67.450996,66.858154,39666000
2020-05-06,67.900002,68.434502,67.256500,67.271500,66.680229,31732000
2020-05-07,68.065498,68.800003,67.626999,68.463997,67.862251,30652000
2020-05-08,69.091003,69.832001,68.600502,69.217003,68.608627,33326000
2020-05-11,68.839500,70.776497,68.775002,70.179497,69.562675,32718000
2020-05-12,70.411003,70.716499,68.725502,68.759003,68.154655,33918000
2020-05-13,68.807999,69.266502,66.400497,67.416496,66.823944,40368000
2020-05-14,66.676003,67.868500,66.165001,67.843002,67.246712,36660000
2020-05-15,67.413002,68.728996,66.949997,68.653000,68.049576,41544000
2020-05-18,68.079002,69.638000,67.709999,69.259003,68.650276,47094000
2020-05-19,69.274002,69.624496,68.688004,68.720001,68.116005,31586000
2020-05-20,69.458000,70.601501,69.371002,70.458000,69.838715,38262000
2020-05-21,70.549500,70.822998,69.719498,70.337502,69.719299,30894000
2020-05-22,70.195000,70.849998,69.797501,70.662003,70.040932,28544000
2020-05-26,72.098000,72.255501,70.970001,71.068497,70.443840,44590000
2020-05-27,71.000000,71.267502,69.730003,71.014000,70.389847,31684000
2020-05-28,70.000000,72.223000,69.954002,70.912003,70.288734,35170000
2020-05-29,71.021500,71.836502,70.799004,71.676003,71.046021,37044000
2020-06-01,71.285004,72.079002,71.113998,71.743500,71.112915,25162000
2020-06-02,71.750000,72.150002,71.080498,72.115501,71.481659,23442000
2020-06-03,72.135002,72.450500,71.581001,71.962502,71.329994,27732000
2020-06-04,71.838997,72.066002,70.300499,70.714996,70.093460,26982000
2020-06-05,70.781998,72.315002,70.380997,72.000999,71.368156,42642000
2020-06-08,71.314003,72.449997,71.223999,72.402000,71.765633,33878000
2020-06-09,72.262001,73.389999,72.117996,72.603996,71.965858,33624000
2020-06-10,73.075500,73.638496,72.718002,73.235001,72.591309,31762000
2020-06-11,72.051498,72.580002,69.920502,70.095001,69.478912,47144000
2020-06-12,71.292999,71.725502,69.290001,70.646004,70.025078,36676000
2020-06-15,69.474503,71.250000,69.360001,71.037003,70.412636,30468000
2020-06-16,72.449997,72.858498,71.449501,72.323502,71.687828,30648000
2020-06-17,72.647003,73.110001,71.756500,72.626999,71.988670,30610000
2020-06-18,72.492500,72.648499,71.311996,71.706001,71.075760,34862000
2020-06-19,72.000000,72.224998,70.949997,71.232002,70.605927,52784000
2020-06-22,71.250504,72.547501,70.959503,72.532997,71.895500,29442000
2020-06-23,72.599998,73.760002,72.250000,73.198997,72.555641,37752000
2020-06-24,73.164001,73.789497,71.500000,71.635002,71.005386,31592000
2020-06-25,71.560997,72.115997,70.976997,72.055000,71.421692,23958000
2020-06-26,71.631500,71.850998,67.750000,68.126999,67.528214,97640000
2020-06-29,68.016998,69.900002,67.582497,69.858498,69.244492,45074000
2020-06-30,69.844002,71.199997,69.346497,70.902496,70.279320,40286000
2020-07-01,70.958504,72.424004,70.709000,72.099998,71.466286,42182000
2020-07-02,72.592003,74.426003,72.553497,73.496498,72.850517,57218000
2020-07-06,74.407501,75.500000,73.848999,74.982498,74.323463,44712000
2020-07-07,74.806503,76.066002,74.485001,74.496002,73.841232,42364000
2020-07-08,75.040001,75.558502,74.614998,75.180000,74.519211,31766000
2020-07-09,75.496498,76.457001,74.779503,75.932999,75.265617,41836000
2020-07-10,75.662498,77.067001,75.036003,76.950500,76.274162,35918000
2020-07-13,77.497002,78.818001,75.328003,75.611504,74.946930,42954000
2020-07-14,74.639503,76.139999,74.296501,76.042999,75.374634,38108000
2020-07-15,76.161499,76.816498,74.891502,75.844002,75.177383,31026000
2020-07-16,75.074997,75.795502,74.413498,75.746002,75.080254,26484000
2020-07-17,75.845497,76.171501,74.904999,75.842499,75.175888,34264000
2020-07-20,75.750000,78.450500,75.135002,78.192001,77.504761,30166000
2020-07-21,79.251503,79.352501,77.630997,77.795998,77.112221,27486000
2020-07-22,77.785500,78.348999,77.161499,78.242500,77.554794,24482000
2020-07-23,78.296501,78.517502,75.429497,75.837502,75.170952,33910000
2020-07-24,74.959503,75.771500,74.379501,75.410500,74.747696,29902000
2020-07-27,75.663002,76.877998,75.616501,76.471497,75.799377,27124000
2020-07-28,76.250000,76.300499,75.026001,75.182503,74.521713,30910000
2020-07-29,75.250000,76.666496,75.150497,76.175499,75.505974,22676000
2020-07-30,74.898499,77.044502,74.758499,76.918503,76.242439,36042000
2020-07-31,74.852501,75.250999,72.699997,74.397499,73.743599,91468000
2020-08-03,74.550003,74.886497,73.585999,74.138000,73.486374,45482000
2020-08-04,74.335503,74.655502,73.201500,73.665001,73.017525,37212000
2020-08-05,73.841003,74.500000,73.560997,73.954498,73.304504,29134000
2020-08-06,73.807503,75.313499,73.595001,75.247498,74.586121,33306000
2020-08-07,75.452003,76.004501,74.313499,74.918503,74.260033,27718000
2020-08-10,74.540001,75.357498,73.874496,74.841003,74.183212,20546000
2020-08-11,74.699997,75.522003,73.909500,74.027000,73.376343,31098000
2020-08-12,74.356003,75.583504,74.250000,75.362000,74.699623,22512000
2020-08-13,75.410500,76.848503,75.410500,75.832497,75.165985,22388000
2020-08-14,75.680496,75.989502,74.949997,75.231499,74.570251,21942000
2020-08-17,75.798500,76.189003,75.250000,75.811996,75.145676,19990000
2020-08-18,76.306000,77.868500,76.083504,77.789001,77.105293,28378000
2020-08-19,77.624496,78.443001,77.000000,77.230499,76.551689,30472000
2020-08-20,76.998497,79.008499,76.723000,78.812500,78.119797,26382000
2020-08-21,78.589996,79.594002,78.115501,78.778503,78.086098,34838000
2020-08-24,79.623497,80.439003,78.751999,79.257500,78.560890,25638000
2020-08-25,79.004997,80.444000,78.893997,80.292503,79.586792,25150000
2020-08-26,80.315002,82.639503,80.049004,82.206497,81.483963,52188000
2020-08-27,82.330498,82.399498,80.940498,81.426003,80.710320,31350000
2020-08-28,81.473503,82.067497,81.280502,81.971497,81.251015,22418000
2020-08-31,82.178497,82.224998,81.266502,81.476501,80.760384,26422000
2020-09-01,81.608002,82.960999,81.476501,82.753998,82.026657,22652000
2020-09-02,83.400497,86.305000,83.009499,85.869499,85.114777,49522000
2020-09-03,84.975998,85.000000,80.385498,81.475502,80.759384,63726000
2020-09-04,80.449997,81.749496,76.898499,79.060501,78.365616,55850000
2020-09-08,76.250000,77.777496,75.824997,76.180000,75.510429,54032000
2020-09-09,77.445000,77.935997,76.258499,77.361504,76.681557,39242000
2020-09-10,77.509003,78.682999,76.000000,76.302498,75.631866,33024000
2020-09-11,76.407501,76.934998,74.651001,75.788002,75.121880,30706000
2020-09-14,76.582497,77.849998,75.255501,75.441498,74.778427,42660000
2020-09-15,76.394501,77.549500,76.105003,76.755997,76.081360,23042000
2020-09-16,77.124001,77.718498,75.579498,75.604500,74.940002,22128000
2020-09-17,74.290497,74.932999,73.123001,74.351997,73.698502,40008000
2020-09-18,74.415001,74.760002,71.581001,72.554497,71.916801,63056000
2020-09-21,71.581001,72.002998,70.134003,71.507004,70.878510,56908000
2020-09-22,72.515999,73.198502,71.474998,72.990997,72.349457,33950000
2020-09-23,72.604500,72.653999,70.134003,70.469498,69.850113,37726000
2020-09-24,70.134003,71.899498,70.107498,71.142998,70.517700,34552000
2020-09-25,71.252502,72.296997,70.384003,71.953003,71.320595,30326000
2020-09-28,73.599503,73.649498,72.314003,72.932999,72.291985,30784000
2020-09-29,73.195503,73.599998,72.699997,73.301003,72.656738,31816000
2020-09-30,73.046997,74.309998,72.788002,73.279999,72.635918,40924000
2020-10-01,74.182999,74.753502,73.839996,74.394997,73.741104,32884000
2020-10-02,72.981499,73.951500,72.367500,72.779999,72.140320,31222000
2020-10-05,73.132500,74.235001,73.004501,74.141502,73.489861,21602000
2020-10-06,73.775002,74.225998,72.250504,72.551003,71.913330,26096000
2020-10-07,72.965500,73.448502,71.661499,72.957001,72.315773,36108000
2020-10-08,73.272499,74.401497,73.272499,74.171501,73.519577,26076000
2020-10-09,74.642998,75.592499,74.349998,75.522499,74.858719,32966000
2020-10-12,76.900002,79.420998,76.464996,78.229500,77.541916,55344000
2020-10-13,78.850502,79.258003,77.931503,78.353500,77.664825,39072000
2020-10-14,78.730003,79.192497,77.294998,78.171997,77.484924,33174000
2020-10-15,77.224998,78.570000,77.056503,77.773499,77.089912,31210000
2020-10-16,78.091499,78.885498,77.883003,78.385002,77.696053,34194000
2020-10-19,78.796501,79.196503,76.146004,76.497498,75.825142,29734000
2020-10-20,76.155502,78.692001,76.025002,77.554001,76.872353,41670000
2020-10-21,78.492500,80.757004,78.357002,79.299500,78.602509,60322000
2020-10-22,79.250000,80.670998,78.874001,80.333000,79.626930,30512000
2020-10-23,80.752502,81.706001,80.595497,81.649002,80.931366,30548000
2020-10-26,80.750000,81.478996,78.389000,79.214500,78.518265,35826000
2020-10-27,79.446503,80.099998,78.849503,79.944000,79.241364,25902000
2020-10-28,77.500504,77.690498,75.424004,75.540001,74.876053,45174000
2020-10-29,75.850998,79.436996,75.827499,77.844002,77.159813,55406000
2020-10-30,83.372002,84.066002,80.078499,80.805496,80.095276,99878000
2020-11-02,81.177002,82.912003,80.711998,81.216003,80.502174,44228000
2020-11-03,81.538002,82.949997,80.605499,82.282997,81.559784,31432000
2020-11-04,85.278999,88.501503,85.150002,87.292503,86.525261,71342000
2020-11-05,88.522499,89.591003,87.051498,88.125000,87.350441,39758000
2020-11-06,87.567001,88.425003,86.834000,87.986504,87.213165,28622000
2020-11-09,89.799004,90.844498,87.877502,88.070999,87.296913,53440000
2020-11-10,86.488503,87.969002,85.806000,86.886002,86.122337,43022000
2020-11-11,87.419998,88.144997,87.153000,87.361504,86.593666,31838000
2020-11-12,87.099998,88.249001,86.898499,87.140999,86.375099,26474000
2020-11-13,87.400002,88.856499,86.799004,88.612999,87.834145,29744000
2020-11-16,88.207001,89.717003,88.066498,88.701500,87.921875,25468000
2020-11-17,88.392998,88.857002,87.974503,88.083000,87.308807,21314000
2020-11-18,87.832001,88.250000,86.928497,87.031998,86.267044,20108000
2020-11-19,86.661499,88.174500,86.500999,87.928497,87.155663,20106000
2020-11-20,88.099998,88.417999,86.750000,86.819000,86.055923,27694000
2020-11-23,87.011002,87.299500,85.509003,86.377998,85.618790,22530000
2020-11-24,86.375000,88.323997,86.036499,88.195000,87.419830,27984000
2020-11-25,88.390503,88.518997,87.417999,88.206497,87.431229,19600000
2020-11-27,88.226997,89.850502,88.226997,89.350998,88.565659,14790000
2020-11-30,88.782501,89.016998,87.391998,87.720001,86.949005,32418000
2020-12-01,88.333000,91.085999,88.151497,89.767998,88.979004,37350000
2020-12-02,89.767998,91.637001,89.258499,91.248497,90.446487,29424000
2020-12-03,91.027000,92.191498,90.849998,91.092003,90.291374,24728000
2020-12-04,91.011002,91.474998,90.679497,91.188004,90.386520,20544000
2020-12-07,90.777496,91.464500,90.152000,90.851501,90.052979,22288000
2020-12-08,90.426003,90.798500,89.564003,90.566498,89.770493,19936000
2020-12-09,90.517998,91.418503,88.099998,88.892998,88.111687,31728000
2020-12-10,88.129997,88.749496,86.676498,88.382500,87.605675,28688000
2020-12-11,88.000000,88.865501,87.637001,88.739998,87.960045,18628000
2020-12-14,88.536003,89.489998,87.456497,87.612999,86.842949,33050000
2020-12-15,87.992996,88.199997,87.083504,88.054001,87.280060,21352000
2020-12-16,88.455498,88.455498,87.453003,87.859497,87.087280,24676000
2020-12-17,88.196503,88.335503,86.557503,87.025497,86.260605,34880000
2020-12-18,87.308502,87.417999,85.750000,86.310997,85.552376,85256000
2020-12-21,85.456497,86.849998,84.699997,86.727997,85.965721,33974000
2020-12-22,86.466499,86.630501,85.289001,86.011002,85.255028,20370000
2020-12-23,86.196503,87.205498,86.059998,86.411499,85.652000,22974000
2020-12-24,86.449997,87.120499,86.217499,86.708000,85.945908,9312000
2020-12-28,87.245499,89.349998,87.091003,88.697998,87.918404,27650000
2020-12-29,89.361504,89.423500,87.755501,87.888000,87.115532,19726000
2020-12-30,88.250000,88.388000,86.400002,86.812500,86.049477,21026000
2020-12-31,86.863503,87.875000,86.804497,87.632004,86.861778,21070000
2021-01-04,88.000000,88.124496,85.357002,86.306503,85.547935,37324000
2021-01-05,86.254501,87.341499,85.845001,87.002502,86.237816,20360000
2021-01-06,85.013000,87.198502,84.805000,86.143997,85.386841,46588000
2021-01-07,86.337997,88.890999,86.337997,88.717003,87.937248,41936000
2021-01-08,88.858002,89.968002,88.060997,89.891502,89.101425,35484000
2021-01-11,88.850998,89.219002,87.607002,87.814499,87.042671,34796000
2021-01-12,87.267998,88.394997,85.819000,86.871498,86.107964,29528000
2021-01-13,86.365997,87.819504,86.365997,87.362503,86.594643,23432000
2021-01-14,87.443497,88.377502,86.303497,86.545998,85.785309,29212000
2021-01-15,86.450996,87.380997,85.585503,86.380997,85.621773,31444000
2021-01-19,87.150002,90.192001,86.641502,89.223503,88.439278,41660000
2021-01-20,91.318497,94.986000,90.975502,94.003502,93.177269,64152000
2021-01-21,94.682503,96.603996,93.970497,94.207497,93.379494,58634000
2021-01-22,94.572998,95.219498,93.824997,94.627998,93.796280,32744000
2021-01-25,95.637001,96.091003,92.958000,94.713997,93.881516,50586000
2021-01-26,94.299500,95.787498,93.806503,95.397499,94.559013,31462000
2021-01-27,93.745499,94.023499,89.863998,90.946999,90.147644,82512000
2021-01-28,91.550003,94.399498,91.550003,92.660004,91.845612,55278000
2021-01-29,91.700996,92.376999,90.078003,91.367996,90.564934,44530000
2021-02-01,92.229500,95.777000,92.229500,94.653503,93.821564,40252000
2021-02-02,95.656502,97.468498,95.318497,95.956001,95.112617,66332000
2021-02-03,103.280502,105.331001,100.677498,102.944000,102.039200,97882000
2021-02-04,103.030998,103.464996,101.754997,102.681503,101.778999,48596000
2021-02-05,102.977997,104.796997,102.500000,104.441498,103.523529,29866000
2021-02-08,105.000000,105.750000,103.167503,104.225998,103.309929,28828000
2021-02-09,103.739998,104.925499,103.500000,103.769501,102.857437,21892000
2021-02-10,104.156998,104.944000,102.612000,104.323997,103.407059,25102000
2021-02-11,104.550003,104.699997,103.443001,104.437500,103.519569,20480000
2021-02-12,103.988503,104.974998,103.678497,104.751503,103.830818,18990000
2021-02-16,104.587502,107.257004,104.587502,105.535004,104.607437,31004000
2021-02-17,104.698997,106.122002,104.417503,105.931000,104.999939,20294000
2021-02-18,105.250000,106.099503,104.666496,105.290497,104.365059,22546000
2021-02-19,105.389503,105.929001,104.171501,104.440498,103.522530,37938000
2021-02-22,102.680000,104.016502,102.400002,102.712997,101.810226,29466000
2021-02-23,100.699501,103.625000,99.511497,103.005997,102.100639,34658000
2021-02-24,101.501999,104.416000,101.376503,104.190498,103.274734,22608000
2021-02-25,102.796501,104.150002,100.324501,100.797501,99.911560,41548000
2021-02-26,101.497498,102.825996,100.050499,101.095497,100.206940,40042000
2021-03-01,102.400002,103.811501,101.721001,103.483002,102.573471,26060000
2021-03-02,103.241997,104.737000,102.833504,103.223999,102.316742,25564000
2021-03-03,102.597504,103.799500,99.699997,100.570503,99.686554,33892000
2021-03-04,100.743500,103.729500,100.271500,101.696503,100.802666,49216000
2021-03-05,103.057503,105.309998,101.389000,104.853500,103.931908,53100000
2021-03-08,104.203003,105.686996,100.259499,100.375000,99.492775,36868000
2021-03-09,102.487503,103.195999,101.779999,102.017998,101.121330,33920000
2021-03-10,103.070000,103.070000,100.966499,101.809502,100.914665,27100000
2021-03-11,102.911003,105.563499,102.822502,105.027000,104.103882,27702000
2021-03-12,103.820503,103.880501,101.621002,102.500000,101.599098,33818000
2021-03-15,102.249001,102.749496,101.389503,102.722000,101.819138,26168000
2021-03-16,103.299500,105.683998,102.964500,104.194504,103.278709,31900000
2021-03-17,103.423500,104.949997,102.206001,104.111000,103.195938,26382000
2021-03-18,102.408997,103.437500,100.959000,101.067001,100.178703,31700000
2021-03-19,101.486504,101.851997,100.146500,101.348000,100.457222,46072000
2021-03-22,101.381500,102.417000,100.699997,101.534500,100.642090,33536000
2021-03-23,101.997498,103.205498,101.400002,102.066498,101.169403,28510000
2021-03-24,102.587997,103.379997,101.449997,101.626503,100.733284,25218000
2021-03-25,101.452499,102.281998,99.804497,101.623001,100.729813,35616000
2021-03-26,101.589500,101.969498,100.192497,101.236504,100.346710,27978000
2021-03-29,101.108002,102.460503,100.272499,102.289497,101.390442,26492000
2021-03-30,102.649002,103.133499,101.807503,102.323502,101.424149,27312000
2021-03-31,102.720001,104.313004,102.349998,103.125999,102.219589,42570000
2021-04-01,104.612503,106.787498,104.571503,106.488998,105.553040,39880000
2021-04-05,107.357498,111.449501,107.260498,110.947998,109.972847,48510000
2021-04-06,110.545998,111.400002,110.089500,110.462997,109.492104,35240000
2021-04-07,110.654999,112.224998,110.654999,111.951500,110.967522,24134000
2021-04-08,113.199997,113.589500,112.150497,112.521500,111.532509,28664000
2021-04-09,112.272003,113.698502,111.862999,113.533501,112.535622,26146000
2021-04-12,112.706001,112.844498,111.390999,112.231003,111.244576,25024000
2021-04-13,112.549500,113.173500,112.152496,112.721497,111.730759,25682000
2021-04-14,113.371498,113.371498,111.801003,112.095497,111.110245,21002000
2021-04-15,113.097504,114.800003,112.558502,114.262497,113.258209,29174000
2021-04-16,114.461998,114.711998,113.545998,114.137497,113.134308,26282000
2021-04-19,113.509003,115.204498,113.509003,114.487999,113.481720,30290000
2021-04-20,114.874496,114.949997,112.856003,113.950500,112.948959,22288000
2021-04-21,113.602501,114.000000,112.240997,113.917503,112.916252,23204000
2021-04-22,113.769997,114.444000,112.015999,112.625999,111.636101,24146000
2021-04-23,113.349998,115.306000,113.062500,114.996498,113.985756,29066000
2021-04-26,115.225998,116.226501,114.865997,115.496498,114.481361,32038000
2021-04-27,115.881500,115.922501,114.307999,114.549004,113.542198,44386000
2021-04-28,119.625000,121.569000,117.661003,117.952003,116.915276,81106000
2021-04-29,119.461502,120.208000,118.692497,119.638000,118.586464,41234000
2021-04-30,118.401001,119.092499,117.328003,117.675003,116.640724,44856000
2021-05-03,118.245499,119.077499,116.775002,117.153999,116.124290,28242000
2021-05-04,115.677498,116.249496,112.834000,115.341499,114.327736,44818000
2021-05-05,116.431503,116.750000,115.414001,115.738503,114.721237,26636000
2021-05-06,115.316498,116.867500,114.652000,116.867500,115.840309,25190000
2021-05-07,118.194504,118.562500,117.307999,117.596497,116.562912,28898000
2021-05-10,116.406998,116.550003,114.226997,114.587502,113.580368,30914000
2021-05-11,112.153503,114.014000,111.695999,113.502998,112.505394,34186000
2021-05-12,111.309502,112.399002,109.681000,110.012497,109.045563,46376000
2021-05-13,111.306000,111.972000,110.335999,111.452003,110.472412,33204000
2021-05-14,112.927002,114.236000,112.500000,113.918999,112.917732,31996000
2021-05-17,113.178497,114.488998,112.775497,114.445999,113.440102,21598000
2021-05-18,115.117500,115.384003,113.109497,113.123497,112.129219,22204000
2021-05-19,111.421501,113.749496,111.272003,113.574997,112.576752,23684000
2021-05-20,114.550003,115.599998,114.176003,115.347504,114.333687,32352000
2021-05-21,115.870499,115.944504,114.464996,114.706497,113.698311,40632000
2021-05-24,115.744499,118.277496,115.598000,118.052002,117.014412,31832000
2021-05-25,118.599998,119.199997,117.750000,118.143501,117.105110,22440000
2021-05-26,118.325996,119.449501,118.322998,119.015503,117.969444,21572000
2021-05-27,119.452499,119.452499,117.813004,118.134003,117.095695,35224000
2021-05-28,118.721001,118.803497,117.642502,117.842499,116.806747,21482000
2021-06-01,118.722000,119.285500,117.713997,119.058998,118.012573,23354000
2021-06-02,119.457497,119.681999,117.617996,118.529503,117.487701,21158000
2021-06-03,117.286499,117.850998,116.475998,117.378998,116.347328,18696000
2021-06-04,118.463501,119.951500,118.120499,119.678497,118.626610,24458000
2021-06-07,119.472000,120.225502,119.050003,120.114998,119.059273,24120000
2021-06-08,120.600502,120.975998,119.738998,119.921997,118.867966,24240000
2021-06-09,120.571503,120.643997,119.845001,120.397003,119.338791,17942000
2021-06-10,120.346001,121.800003,120.189003,121.756500,120.686340,25904000
2021-06-11,122.000000,122.085999,120.947998,121.510002,120.442017,21958000
2021-06-14,121.612999,122.445999,120.900002,122.445503,121.369293,22098000
2021-06-15,122.449997,122.775497,121.056000,121.419502,120.352303,21562000
2021-06-16,121.571999,121.886002,119.470001,120.772499,119.710991,26472000
2021-06-17,120.697502,122.522499,120.500000,121.743500,120.673454,25842000
2021-06-18,121.366997,121.602997,120.014999,120.111000,119.055313,46116000
2021-06-21,120.500504,122.000000,119.898499,121.812500,120.741844,27414000
2021-06-22,121.750000,122.400002,121.064003,122.330498,121.255310,22390000
2021-06-23,122.093498,123.095497,121.834503,122.126999,121.053589,19148000
2021-06-24,122.699997,123.055496,122.300003,122.500000,121.423309,21362000
2021-06-25,122.000000,122.633003,121.565002,122.508499,121.431732,34594000
2021-06-28,122.678497,122.785004,121.405502,122.536003,121.459000,28526000
2021-06-29,122.670502,123.021004,121.691002,122.272499,121.197807,23108000
2021-06-30,121.994499,122.257004,121.354500,122.089500,121.016418,24474000
2021-07-01,121.724998,122.586998,121.531502,122.444504,121.368309,18110000
2021-07-02,123.150002,125.403999,123.059502,125.257500,124.156570,25982000
2021-07-06,125.648499,126.428001,124.582497,126.190002,125.080887,26404000
2021-07-07,127.162003,127.283997,126.153000,126.473999,125.362373,24060000
2021-07-08,124.026001,125.595497,124.022003,125.043999,123.944954,23790000
2021-07-09,125.025002,125.734497,124.551498,125.518501,124.415283,18632000
2021-07-12,126.178001,127.069504,125.611000,126.975502,125.859474,17668000
2021-07-13,127.038498,128.057495,126.674500,127.341499,126.222260,19240000
2021-07-14,127.958000,129.326508,127.914497,128.237000,127.109879,23742000
2021-07-15,128.649002,128.699997,126.529999,127.004997,125.888718,24218000
2021-07-16,127.663002,127.811501,126.153503,126.970001,125.854027,20424000
2021-07-19,126.089500,126.205002,123.504997,124.578003,123.483032,27968000
2021-07-20,125.527496,127.042999,124.350502,126.209503,125.100220,26312000
2021-07-21,126.133499,127.596001,126.023499,127.549004,126.427940,20746000
2021-07-22,127.844002,128.483002,127.499001,128.421494,127.292740,14302000
2021-07-23,130.430496,133.399002,129.800507,133.014999,131.845886,41506000
2021-07-26,133.328506,134.237000,132.301498,134.035004,132.856949,30572000
2021-07-27,134.250504,134.399002,130.104004,131.899994,130.740662,54710000
2021-07-28,136.311996,138.296997,135.277496,136.093994,134.897842,95130000
2021-07-29,136.149994,136.660995,135.542999,135.777496,134.584122,31716000
2021-07-30,135.035004,135.304504,134.255005,134.726501,133.542358,25576000
2021-08-02,135.117004,135.336502,133.794006,134.854507,133.669235,21634000
2021-08-03,135.134995,135.731995,133.319504,135.630005,134.437912,20762000
2021-08-04,135.349503,135.649506,134.487000,135.125504,133.937836,19676000
2021-08-05,135.680496,136.350006,134.845993,136.251495,135.053940,17870000
2021-08-06,136.042007,136.472504,135.210007,135.738495,134.545441,20488000
2021-08-09,135.942505,137.184006,135.339493,136.912994,135.709625,17760000
2021-08-10,137.341995,137.772507,136.364502,136.807007,135.604538,19414000
2021-08-11,137.181503,137.682495,136.271500,136.279007,135.081223,15352000
2021-08-12,135.975494,137.300003,135.425507,137.194000,135.988174,16506000
2021-08-13,137.250000,137.856506,137.033005,137.727493,136.516968,15948000
2021-08-16,137.524994,138.362503,135.298996,138.309494,137.093857,22384000
2021-08-17,137.750000,138.265503,136.082001,136.661499,135.460342,21716000
2021-08-18,136.500000,137.104507,135.321503,135.449005,134.258484,19258000
2021-08-19,134.435501,136.352493,134.250000,135.679993,134.487457,21782000
2021-08-20,136.000000,137.554001,135.250000,137.429504,136.221588,31194000
2021-08-23,137.969498,140.874496,137.607498,140.041504,138.810638,28454000
2021-08-24,140.611496,142.080002,140.338501,141.261505,140.019913,19268000
2021-08-25,141.625000,142.189499,141.376007,142.078995,140.830231,15848000
2021-08-26,141.750000,142.417496,141.356995,141.440506,140.197342,20610000
2021-08-27,141.652496,144.512497,141.496994,144.003998,142.738297,28780000
2021-08-30,144.399994,145.970505,144.162994,144.590500,143.319641,24434000
2021-08-31,145.147003,145.171494,144.281006,144.697495,143.425720,22448000
2021-09-01,145.000000,146.253998,144.883499,145.215500,143.939178,21936000
2021-09-02,145.216003,145.519501,143.184998,143.287003,142.027618,32342000
2021-09-03,143.080505,144.154999,142.400497,143.739502,142.476151,19850000
2021-09-07,143.834503,144.565002,143.619003,144.280502,143.012390,20124000
2021-09-08,144.100006,144.399994,143.000000,143.690994,142.428055,18344000
2021-09-09,143.840500,144.310501,143.177505,143.541000,142.279388,15314000
2021-09-10,144.212494,144.718506,140.738007,140.876007,139.637802,36840000
2021-09-13,141.949493,142.949997,141.250000,142.332504,141.081512,22094000
2021-09-14,142.995499,143.363007,141.750000,142.544495,141.291656,19674000
2021-09-15,142.771500,144.450500,141.347504,144.429504,143.160065,27408000
2021-09-16,143.950500,144.300003,142.401505,143.610001,142.347778,26190000
2021-09-17,143.030502,143.449997,140.470001,140.800003,139.562485,53384000
2021-09-20,138.161499,139.000000,136.322006,138.719498,137.500259,46518000
2021-09-21,139.749496,140.011505,138.278000,139.033005,137.811020,25332000
2021-09-22,139.304001,140.886993,138.551498,140.283493,139.050476,25056000
2021-09-23,140.987503,141.696503,140.401505,141.216003,139.974823,20952000
2021-09-24,140.538498,142.330505,140.240997,142.214996,140.965042,22984000
2021-09-27,140.804504,141.938507,140.067505,141.072006,139.832077,21882000
2021-09-28,138.654999,139.096497,135.360001,135.830002,134.636139,45772000
2021-09-29,136.979996,137.151001,133.865005,134.353500,133.172623,30848000
2021-09-30,134.261505,135.542496,133.556000,133.675995,132.501083,37996000
2021-10-01,134.447495,136.910507,134.072998,136.542999,135.342896,35360000
2021-10-04,135.960495,135.960495,131.050003,133.659500,132.484711,51202000
2021-10-05,134.041000,137.224503,134.041000,136.022995,134.827454,32404000
2021-10-06,134.750000,137.750000,134.550003,137.565002,136.355896,24364000
2021-10-07,138.891998,140.042007,138.651001,139.225006,138.001312,25110000
2021-10-08,139.576996,140.330994,139.217499,139.785507,138.556885,26526000
2021-10-11,139.292007,140.712006,138.858994,138.914001,137.693039,17954000
2021-10-12,139.479996,139.507004,135.759995,136.449005,135.249710,36332000
2021-10-13,137.402496,138.000000,136.518997,137.582001,136.372742,19654000
2021-10-14,139.473999,141.337494,138.824997,141.151001,139.910385,31894000
2021-10-15,141.614502,141.718002,140.755005,141.367996,140.125473,30274000
2021-10-18,141.076508,142.796005,141.069504,142.778000,141.523087,20396000
2021-10-19,143.387497,143.662506,142.600006,143.237000,141.978058,20164000
2021-10-20,143.337997,143.546005,141.376495,141.768997,140.522949,23288000
2021-10-21,141.768997,142.156006,140.500000,141.886002,140.638931,26292000
2021-10-22,139.149994,140.582993,136.056000,137.566498,136.357391,50588000
2021-10-25,137.550003,138.000000,135.423996,137.447006,136.238953,34412000
2021-10-26,139.263504,140.082993,138.304504,139.308502,138.084076,49236000
2021-10-27,139.404999,148.649994,139.404999,146.217499,144.932358,85782000
2021-10-28,147.134506,147.158005,144.626999,145.848999,144.567093,36206000
2021-10-29,145.078003,148.242004,144.649506,148.046005,146.744797,43320000
2021-11-01,148.046005,148.046005,143.225494,143.496994,142.235748,46924000
2021-11-02,144.579498,146.608994,144.335495,145.432495,144.154236,33482000
2021-11-03,145.900497,146.669006,144.591003,146.598007,145.309540,27494000
2021-11-04,147.124496,149.733505,146.307999,148.267502,146.964325,38412000
2021-11-05,149.169495,150.327499,148.197006,148.852005,147.543686,38354000
2021-11-08,149.824997,150.615005,148.430496,149.031006,147.721115,23052000
2021-11-09,149.233002,149.834503,147.244995,148.918503,147.609619,19530000
2021-11-10,147.500000,148.070007,144.537506,145.893494,144.611206,29970000
2021-11-11,146.489502,147.535507,145.600494,145.766495,144.485291,16518000
2021-11-12,146.615494,148.850006,145.410995,148.677994,147.371216,22360000
2021-11-15,148.900497,149.549500,147.574997,148.451996,147.147217,23508000
2021-11-16,148.149506,148.762497,147.312500,147.876007,146.576279,18904000
2021-11-17,148.027496,148.559494,147.240005,148.046997,146.745758,19594000
2021-11-18,148.241501,150.580505,147.884506,149.838501,148.521545,35608000
2021-11-19,149.975494,150.966507,148.899002,148.926498,147.617523,33682000
2021-11-22,149.332504,149.829498,146.147507,146.302002,145.016113,30594000
2021-11-23,146.153000,146.660004,144.115005,145.781998,144.500671,27218000
2021-11-24,145.473495,146.249496,144.373001,146.119995,144.835724,18040000
2021-11-26,144.348495,144.557495,141.842499,142.182999,140.933319,30470000
2021-11-29,144.000000,146.297501,143.893494,145.530502,144.251389,32596000
2021-11-30,145.008499,146.000000,141.601501,141.897507,140.650314,42068000
2021-12-01,144.000000,145.950500,140.912003,141.051498,139.811752,34020000
2021-12-02,141.250000,143.864502,140.214493,142.966003,141.709412,29194000
2021-12-03,143.681000,144.399994,140.300995,142.001495,140.753418,41230000
2021-12-06,143.040497,143.852493,140.149994,143.154999,141.896759,30618000
2021-12-07,145.596497,147.531006,145.227493,147.269501,145.975098,32240000
2021-12-08,147.596497,148.393005,146.406006,148.186493,146.884064,24270000
2021-12-09,147.591003,149.100006,147.115005,147.638504,146.340851,23270000
2021-12-10,148.699997,148.977493,146.703995,148.001495,146.700668,24458000
2021-12-13,147.781494,147.970001,145.517502,145.826508,144.544830,27070000
2021-12-14,143.968002,144.479996,141.214996,143.906998,142.642166,38446000
2021-12-15,143.408997,146.720993,141.677994,146.440994,145.153854,36370000
2021-12-16,147.170502,147.677002,143.606995,144.445007,143.175461,33650000
2021-12-17,142.500000,143.834503,141.300003,141.725006,140.479340,50416000
2021-12-20,140.000000,141.774506,139.320999,141.606995,140.362366,27192000
2021-12-21,142.053497,143.869003,140.502502,143.472504,142.211502,28756000
2021-12-22,143.067505,146.500000,143.067505,146.414993,145.128098,26322000
2021-12-23,146.500000,148.243500,146.451996,146.916504,145.625214,26384000
2021-12-27,147.255997,148.343994,147.169495,147.906494,146.606522,15976000
2021-12-28,148.235992,148.298996,146.054504,146.686996,145.397736,18200000
2021-12-29,146.644501,147.417007,145.647507,146.654999,145.365982,17788000
2021-12-30,146.694000,147.300003,145.994507,146.200500,144.915497,15688000
2021-12-31,146.050003,146.698502,144.852005,144.852005,143.578842,18136000
2022-01-03,145.054993,145.850998,143.712997,144.991501,143.717102,28646000
2022-01-04,145.395996,146.485001,143.716507,144.399506,143.130325,28400000
2022-01-05,144.419998,144.499496,137.688004,137.774994,136.564041,54618000
2022-01-06,136.998505,139.940002,136.558502,137.747498,136.536804,37348000
2022-01-07,138.145493,138.448502,135.766495,137.016998,135.812729,29760000
2022-01-10,135.078003,138.819504,133.164505,138.669495,137.450714,44408000
2022-01-11,138.007004,140.216003,136.692505,139.735992,138.507828,28730000
2022-01-12,141.149994,142.608002,140.694504,141.430496,140.187424,26108000
2022-01-13,141.539993,142.850006,138.408997,138.587006,137.368942,31436000
2022-01-14,137.078995,140.742004,136.998505,139.480499,138.254578,29662000
2022-01-18,136.175003,137.131500,135.438507,135.998001,134.802673,34872000
2022-01-19,136.523499,137.959503,135.015503,135.116501,133.928925,28648000
2022-01-20,136.250000,137.626007,132.964493,133.307495,132.135803,29908000
2022-01-21,132.593506,134.865494,130.086502,130.351501,129.205795,55652000
2022-01-24,125.977997,131.203003,124.500000,130.804001,129.654327,76622000
2022-01-25,128.740005,129.399002,126.500504,126.934998,125.819336,46960000
2022-01-26,131.119003,133.000000,127.141998,129.233002,128.097122,49130000
2022-01-27,131.304001,132.652496,128.932495,129.005005,127.871140,31950000
2022-01-28,129.658997,133.356506,128.485001,133.350998,132.178925,34362000
2022-01-31,134.162003,135.473007,132.209503,135.303497,134.114288,39986000
2022-02-01,137.594498,137.792999,134.368500,137.643997,136.434204,68644000
2022-02-02,151.250000,151.546494,145.522507,148.000000,146.699188,123200000
2022-02-03,145.705505,149.675003,142.665497,143.089996,141.832336,71518000
2022-02-04,143.444504,144.875000,140.514999,143.292999,142.033554,57998000
2022-02-07,144.250000,144.250000,138.899994,139.201004,137.977539,54974000
2022-02-08,139.026505,140.000000,137.014008,139.399002,138.173782,54284000
2022-02-09,140.963501,142.524506,140.186996,141.591995,140.347488,40144000
2022-02-10,139.703506,141.484497,137.957001,138.619995,137.401611,39330000
2022-02-11,138.600006,139.156494,133.399994,134.282501,133.102264,39958000
2022-02-14,133.256500,136.300003,133.256500,135.526001,134.334793,34302000
2022-02-15,137.570496,138.108505,135.821503,136.608505,135.407806,26680000
2022-02-16,136.646500,138.085999,134.923996,137.738007,136.527390,25022000
2022-02-17,136.242996,137.113495,132.478500,132.539001,131.374084,38950000
2022-02-18,133.466995,134.070007,130.196503,130.403000,129.256851,45620000
2022-02-22,129.837997,132.180496,128.223495,129.813507,128.672531,44990000
2022-02-23,131.648499,132.050995,127.527496,127.587997,126.466599,32786000
2022-02-24,124.953499,133.000000,124.953499,132.690994,131.524750,54456000
2022-02-25,133.552002,135.271500,131.751495,134.459503,133.277695,36406000
2022-02-28,133.050003,135.751495,132.592499,135.057007,133.869965,38864000
2022-03-01,134.878494,136.255493,133.218506,134.061493,132.883179,26496000
2022-03-02,134.628006,135.262497,133.071503,134.571503,133.388702,23520000
2022-03-03,136.009995,136.439499,133.025497,133.899506,132.722626,24604000
2022-03-04,132.927505,133.851501,130.337494,131.906494,130.747131,30430000
2022-03-07,131.488007,131.735001,126.294998,126.378502,125.267715,45112000
2022-03-08,126.250000,131.250000,125.674500,127.104500,125.987335,40428000
2022-03-09,131.250000,133.735504,129.900497,133.419998,132.247314,37026000
2022-03-10,131.266006,133.272003,130.912506,132.429504,131.265549,27102000
2022-03-11,133.488495,133.795502,129.631500,129.870499,128.729050,31526000
2022-03-14,130.250000,130.408997,125.275002,125.950996,124.843987,38812000
2022-03-15,126.975998,129.854507,125.720497,129.197998,128.062439,30920000
2022-03-16,130.733002,133.332993,128.734497,133.280502,132.109055,35576000
2022-03-17,133.149002,134.080505,132.184998,133.839005,132.662659,28264000
2022-03-18,133.424500,136.244003,132.258499,136.125504,134.929047,44566000
2022-03-21,136.163498,137.050003,134.092499,136.101501,134.905258,26832000
2022-03-22,136.101501,141.050003,136.101501,139.867996,138.638641,35496000
2022-03-23,138.702499,139.588501,137.835007,138.275497,137.060150,25154000
2022-03-24,139.199997,141.619003,137.750504,141.572006,140.327682,26396000
2022-03-25,141.916000,142.035004,139.737503,141.673004,140.427795,24126000
2022-03-28,140.900497,142.002502,139.811493,141.455505,140.212219,35050000
2022-03-29,142.647507,143.793503,142.038498,142.505493,141.252960,34318000
2022-03-30,142.460007,142.720505,141.600006,141.938507,140.690948,19884000
2022-03-31,142.052994,142.108002,139.024506,139.067505,137.845200,37524000
2022-04-01,139.500000,140.470993,138.307495,140.150497,138.918671,25942000
2022-04-04,140.358505,143.712006,140.310501,142.971497,141.714890,25942000
2022-04-05,142.869003,142.990494,140.382507,140.591003,139.355286,21418000
2022-04-06,138.750000,139.360504,135.516998,136.548004,135.347839,32468000
2022-04-07,136.009995,137.164505,134.227493,135.888504,134.694138,26234000
2022-04-08,135.583496,135.669998,132.965500,133.287506,132.115997,25142000
2022-04-11,131.823502,132.092499,128.668503,128.823502,127.691238,36884000
2022-04-12,131.600006,131.600006,126.789001,127.714500,126.591988,32710000
2022-04-13,128.000000,130.334000,127.740997,129.893997,128.752319,27928000
2022-04-14,130.479507,130.479507,126.600998,126.730003,125.616142,31598000
2022-04-18,127.000000,128.212494,126.181999,127.676498,126.554314,20808000
2022-04-19,127.691498,130.332993,126.999496,130.009003,128.866302,26490000
2022-04-20,130.891998,131.399002,127.500000,128.039993,126.914604,31696000
2022-04-21,129.250000,130.098495,124.526497,124.814499,123.717468,36446000
2022-04-22,125.000000,125.402000,118.925003,119.635498,118.583984,56884000
2022-04-25,119.100998,123.277496,118.511002,123.073997,121.992264,46128000
2022-04-26,122.294502,122.510002,118.511002,118.650002,117.607140,73054000
2022-04-27,114.469498,117.241997,112.736504,114.294502,113.289940,91820000
2022-04-28,116.415001,119.649498,114.114998,118.522499,117.480766,48884000
2022-04-29,116.734497,117.919998,113.814499,114.109497,113.106544,42676000
2022-05-02,113.404999,116.745499,112.599998,116.583000,115.558327,35534000
2022-05-03,116.430496,118.442001,116.034500,117.334000,116.302711,24968000
2022-05-04,117.031502,122.854500,115.115997,122.261002,121.186409,49916000
2022-05-05,120.204002,121.039001,115.005501,116.505501,115.481499,45840000
2022-05-06,115.184502,117.571503,114.015503,115.746498,114.729179,39710000
2022-05-09,113.250000,115.077003,112.000504,112.511002,111.522110,40802000
2022-05-10,115.507500,116.250000,112.900497,114.394997,113.389542,39900000
2022-05-11,113.236504,116.364502,113.236504,113.602501,112.604012,37534000
2022-05-12,111.377502,114.294998,109.824501,112.844002,111.852188,53836000
2022-05-13,114.532997,117.875000,113.605003,116.050499,115.030502,35038000
2022-05-16,114.955498,116.169998,113.889503,114.445000,113.439110,25990000
2022-05-17,116.840500,116.900002,114.870003,116.473000,115.449287,23054000
2022-05-18,115.000000,115.400002,111.555496,111.899498,110.915977,35126000
2022-05-19,111.431503,113.010002,110.000000,110.384003,109.413811,34144000
2022-05-20,111.950996,112.183502,105.796501,108.907997,107.950775,48962000
2022-05-23,109.587502,112.147499,108.740997,111.487999,110.508095,37184000
2022-05-24,105.772003,106.458504,101.884499,105.970001,105.038612,76780000
2022-05-25,104.985497,106.500000,103.856499,105.805000,104.875053,40258000
2022-05-26,105.677002,108.649498,105.224998,107.792503,106.845085,37948000
2022-05-27,109.483002,112.318001,109.138496,112.316498,111.329323,37914000
2022-05-31,112.746498,115.735001,112.078499,113.762001,112.762108,50012000
2022-06-01,114.855003,117.101501,113.250000,113.891998,112.890968,36606000
2022-06-02,114.000000,117.899498,112.946503,117.622498,116.588684,37992000
2022-06-03,116.062500,116.321503,113.518501,114.541000,113.534264,26136000
2022-06-06,116.704498,119.347000,116.164001,116.820503,115.793732,33542000
2022-06-07,115.480499,117.691002,115.052002,117.149498,116.119835,31590000
2022-06-08,116.761497,118.570503,116.599998,117.194000,116.163940,26108000
2022-06-09,116.327499,118.299004,114.776001,114.835503,113.826180,25798000
2022-06-10,112.445000,113.278999,110.365997,111.161499,110.184471,41452000
2022-06-13,106.786499,108.791496,106.119003,106.392502,105.457390,47252000
2022-06-14,106.535004,107.924500,105.800003,106.715500,105.777550,33706000
2022-06-15,108.544998,111.423500,107.669502,109.764503,108.799759,39698000
2022-06-16,107.221001,108.648499,105.138000,106.033501,105.101547,51684000
2022-06-17,106.033501,108.699501,105.045998,107.143501,106.201782,51376000
2022-06-21,108.929497,112.489502,108.599998,111.543999,110.563614,47416000
2022-06-22,110.556503,113.346497,110.382500,111.487503,110.507599,30774000
2022-06-23,112.231499,112.742500,110.500504,112.241997,111.255470,28362000
2022-06-24,112.995003,118.079002,112.952499,117.974998,116.938080,41164000
2022-06-27,118.273003,118.579498,115.179497,115.833504,114.815407,36420000
2022-06-28,115.802498,117.309502,111.848000,112.007500,111.023033,35792000
2022-06-29,111.552002,113.160500,110.872498,111.701500,110.719719,24716000
2022-06-30,110.000000,110.888000,106.750000,108.962997,108.005287,43170000
2022-07-01,107.932999,109.250000,106.730499,108.737503,107.781769,35476000
2022-07-05,107.100502,113.376999,105.731499,113.263000,112.267502,39342000
2022-07-06,113.302002,115.589500,111.475998,114.571999,113.564987,37432000
2022-07-07,115.080002,119.189499,114.833504,118.782997,117.738968,40936000
2022-07-08,117.250000,119.684998,116.901497,119.353500,118.304459,38238000
2022-07-11,117.998001,117.998001,115.330498,115.676498,114.659790,31196000
2022-07-12,116.214996,116.973999,113.690002,114.020500,113.018349,29960000
2022-07-13,111.700996,114.195999,111.201500,111.353500,110.374771,43722000
2022-07-14,110.210503,111.093002,108.373001,110.367500,109.397453,37004000
2022-07-15,112.000504,113.140503,110.900002,111.777496,110.795052,46770000
2022-07-18,112.639999,113.680000,108.370003,109.029999,108.071693,43164600
2022-07-19,110.849998,114.019997,109.559998,113.809998,112.809685,36530900
2022-07-20,113.169998,115.400002,112.480003,113.900002,112.898911,35600400
2022-07-21,114.279999,114.550003,111.110001,114.339996,113.335037,32676200
2022-07-22,111.000000,112.339996,106.500000,107.900002,106.951637,48901200
2022-07-25,108.410004,109.870003,106.300003,107.510002,106.565056,34690900
2022-07-26,106.599998,107.199997,104.070000,105.019997,104.096954,47991000
2022-07-27,109.260002,113.910004,108.010002,113.059998,112.066269,59858500
2022-07-28,112.370003,114.339996,111.459999,114.220001,113.216095,32816600
2022-07-29,113.080002,116.709999,113.059998,116.320000,115.297638,37223400
2022-08-01,115.300003,116.720001,114.339996,114.860001,113.850464,26034300
2022-08-02,114.000000,116.349998,113.720001,115.129997,114.118080,20236000
2022-08-03,115.709999,118.620003,115.480003,118.080002,117.042152,28499000
2022-08-04,117.480003,118.779999,116.889999,118.190002,117.151207,21602900
2022-08-05,116.230003,118.110001,116.000000,117.470001,116.437515,19159500
2022-08-08,118.389999,120.150002,116.879997,117.300003,116.269028,19138300
2022-08-09,117.139999,117.320000,115.709999,116.629997,115.604912,19086500
2022-08-10,118.779999,120.919998,118.410004,119.699997,118.647926,30930400
2022-08-11,121.279999,121.489998,118.559998,118.839996,117.795479,24293700
2022-08-12,120.260002,121.680000,119.459999,121.680000,120.610519,19096300
2022-08-15,121.129997,122.300003,120.610001,122.080002,121.007011,19494800
2022-08-16,121.519997,122.430000,120.639999,121.699997,120.630348,19041200
2022-08-17,120.120003,121.290001,119.379997,119.550003,118.499245,22847000
2022-08-18,119.430000,120.820000,118.720001,120.169998,119.113792,17987700
2022-08-19,119.059998,119.150002,116.760002,117.209999,116.179817,21809500
2022-08-22,115.199997,115.629997,113.849998,114.239998,113.235901,21456600
2022-08-23,113.480003,115.010002,113.430000,113.860001,112.859261,15870400
2022-08-24,113.500000,114.779999,112.870003,113.690002,112.690735,17734600
2022-08-25,114.239998,116.720001,114.110001,116.650002,115.624733,16956800
2022-08-26,114.720001,115.120003,110.190002,110.339996,109.370186,37245700
2022-08-29,109.989998,110.949997,108.800003,109.419998,108.458275,21191200
2022-08-30,110.169998,110.500000,107.800003,108.940002,107.982498,27513300
2022-08-31,110.650002,110.849998,108.129997,108.220001,107.268829,28627000
2022-09-01,108.279999,110.449997,107.360001,109.739998,108.775475,28360900
2022-09-02,110.589996,110.739998,107.260002,107.849998,106.902077,24160700
2022-09-06,107.300003,108.029999,105.779999,106.809998,105.871201,25068300
2022-09-07,107.059998,109.980003,106.900002,109.449997,108.488007,23167000
2022-09-08,108.040001,109.599998,107.160004,108.379997,107.427422,24238300
2022-09-09,109.070000,110.989998,109.019997,110.650002,109.677460,23197700
2022-09-12,110.989998,111.620003,109.930000,110.860001,109.885628,22966800
2022-09-13,107.800003,108.300003,104.089996,104.320000,103.403107,38172900
2022-09-14,104.570000,105.279999,103.660004,105.000000,104.077133,26395100
2022-09-15,104.029999,105.269997,102.349998,102.910004,102.005493,34188300
2022-09-16,102.070000,103.129997,100.940002,102.800003,101.896461,42797200
2022-09-19,101.750000,103.330002,101.550003,103.070000,102.164085,23036800
2022-09-20,102.080002,102.370003,100.519997,101.139999,100.251038,26517100
2022-09-21,101.669998,102.879997,99.269997,99.279999,98.407394,31487300
2022-09-22,98.820000,101.239998,98.790001,100.139999,99.259834,34298600
2022-09-23,99.629997,99.660004,97.470001,98.739998,97.872139,31625400
2022-09-26,98.099998,99.879997,97.800003,98.169998,97.307159,27072700
2022-09-27,99.430000,100.000000,96.870003,97.500000,96.643051,30072800
2022-09-28,97.650002,100.699997,97.110001,100.050003,99.170639,32466300
2022-09-29,98.639999,98.639999,95.959999,97.419998,96.563736,31047200
2022-09-30,97.050003,98.900002,95.559998,95.650002,94.809303,32941500
2022-10-03,96.760002,99.290001,96.519997,98.639999,97.773018,27982000
2022-10-04,100.440002,101.839996,100.379997,101.639999,100.746658,28850800
2022-10-05,99.830002,101.930000,98.800003,101.430000,100.538506,22176900
2022-10-06,100.680000,102.930000,100.589996,101.419998,100.528587,22324000
2022-10-07,99.849998,100.529999,98.300003,98.680000,97.812660,27502800
2022-10-10,99.000000,99.099998,97.010002,97.860001,96.999878,18225100
2022-10-11,97.430000,99.250000,96.309998,97.180000,96.325859,26507100
2022-10-12,97.300003,98.750000,96.739998,97.559998,96.702515,21876400
2022-10-13,95.150002,99.779999,94.379997,99.059998,98.189331,34574500
2022-10-14,99.989998,100.690002,96.370003,96.559998,95.711296,25410700
2022-10-17,98.860001,100.930000,98.830002,99.970001,99.091339,28419200
2022-10-18,103.129997,103.470001,99.970001,100.769997,99.884293,24060700
2022-10-19,100.010002,101.019997,98.919998,99.629997,98.754318,23811100
2022-10-20,100.000000,102.320000,99.389999,99.970001,99.091339,25323200
2022-10-21,97.849998,101.309998,97.720001,101.129997,100.241142,32458700
2022-10-24,101.800003,102.750000,99.980003,102.519997,101.618919,27176400
2022-10-25,102.900002,104.820000,102.720001,104.480003,103.561699,40611400
2022-10-26,96.430000,98.309998,94.690002,94.930000,94.095642,88114100
2022-10-27,94.519997,95.430000,91.800003,92.220001,91.409462,60710900
2022-10-28,92.269997,96.550003,92.129997,96.290001,95.443680,43697300
2022-10-31,95.419998,96.029999,93.980003,94.510002,93.679329,31675000
2022-11-01,95.449997,96.029999,90.370003,90.470001,89.674828,47161400
2022-11-02,90.940002,91.180000,86.879997,86.970001,86.205597,57038300
2022-11-03,86.320000,86.519997,83.339996,83.430000,82.696709,61288000
2022-11-04,85.400002,86.639999,83.709999,86.580002,85.819016,51124900
2022-11-07,87.279999,88.900002,86.849998,88.489998,87.712242,34078900
2022-11-08,88.900002,90.320000,87.589996,88.900002,88.118637,30429000
2022-11-09,88.449997,89.440002,87.279999,87.320000,86.552521,31769100
2022-11-10,92.250000,94.389999,91.610001,93.940002,93.114342,51620100
2022-11-11,94.690002,96.930000,93.919998,96.410004,95.562622,33090500
2022-11-14,95.089996,96.790001,94.510002,95.699997,94.858864,30179500
2022-11-15,98.260002,100.139999,96.709999,98.440002,97.574783,41640800
2022-11-16,97.900002,99.639999,97.639999,98.849998,97.981186,29105200
2022-11-17,96.970001,99.279999,96.790001,98.360001,97.495491,26052600
2022-11-18,98.769997,98.900002,96.370003,97.430000,96.573662,28342300
2022-11-21,97.290001,98.400002,95.360001,95.599998,94.759750,21647400
2022-11-22,95.949997,97.220001,94.050003,97.050003,96.196999,23438500
2022-11-23,97.089996,98.760002,97.089996,98.459999,97.594604,18868100
2022-11-25,98.239998,98.639999,97.400002,97.459999,96.603386,9701400
2022-11-28,97.040001,97.580002,95.610001,96.050003,95.205780,26237500
2022-11-29,95.730003,96.120003,94.110001,95.190002,94.353348,20061700
2022-11-30,94.820000,101.040001,94.419998,100.989998,100.102379,43647500
2022-12-01,101.019997,102.250000,100.250000,100.989998,100.102379,28687100
2022-12-02,99.050003,100.769997,98.900002,100.440002,99.557205,21480700
2022-12-05,99.400002,101.379997,99.000000,99.480003,98.605644,24405100
2022-12-06,99.300003,99.779999,96.419998,96.980003,96.127617,24910700
2022-12-07,96.410004,96.879997,94.720001,94.940002,94.105545,31045400
2022-12-08,95.379997,95.580002,93.449997,93.709999,92.886345,32213300
2022-12-09,93.769997,94.260002,92.750000,92.830002,92.014084,28225400
2022-12-12,92.709999,93.559998,91.610001,93.309998,92.489868,29420000
2022-12-13,97.760002,99.529999,95.029999,95.629997,94.789474,40593700
2022-12-14,95.199997,96.870003,93.599998,95.070000,94.234406,28733600
2022-12-15,93.129997,93.639999,90.010002,90.860001,90.061409,40107000
2022-12-16,90.760002,91.330002,89.519997,90.260002,89.466698,58011800
2022-12-19,90.260002,90.559998,88.209999,88.440002,87.662682,29493000
2022-12-20,88.110001,89.180000,87.440002,89.019997,88.237572,23453800
2022-12-21,89.080002,90.220001,88.320000,89.580002,88.792656,24745600
2022-12-22,88.160004,88.540001,86.320000,87.760002,86.988663,27658300
2022-12-23,87.110001,89.550003,87.070000,89.230003,88.445740,23003000
2022-12-27,88.800003,88.940002,87.010002,87.389999,86.621895,20097300
2022-12-28,86.980003,88.040001,85.940002,86.019997,85.263947,19523200
2022-12-29,86.620003,88.849998,86.610001,88.449997,87.672577,23333500
2022-12-30,86.980003,88.300003,86.570000,88.230003,87.454529,23986300
2023-01-03,89.589996,91.050003,88.519997,89.120003,88.336693,28131200
2023-01-04,90.349998,90.650002,87.269997,88.080002,87.305840,34854800
2023-01-05,87.470001,87.570000,85.900002,86.199997,85.442368,27194400
2023-01-06,86.790001,87.690002,84.860001,87.339996,86.572334,41381500
2023-01-09,88.360001,90.050003,87.860001,88.019997,87.246361,29003900
2023-01-10,85.980003,88.669998,85.830002,88.419998,87.642853,30467800
2023-01-11,89.180000,91.599998,89.010002,91.519997,90.715599,26862000
2023-01-12,91.480003,91.870003,89.750000,91.129997,90.329033,30258100
2023-01-13,90.849998,92.190002,90.129997,92.120003,91.310341,26329200
2023-01-17,92.059998,92.250000,90.050003,91.290001,90.487625,32602400
2023-01-18,92.139999,92.800003,90.639999,91.120003,90.319130,29116700
2023-01-19,90.720001,93.610001,90.629997,93.050003,92.232147,37000400
2023-01-20,95.099998,98.300003,95.019997,98.019997,97.158470,63191100
2023-01-23,97.949997,100.040001,97.500000,99.790001,98.912926,40005100
2023-01-24,98.099998,99.610001,97.199997,97.699997,96.841278,33078500
2023-01-25,95.570000,96.160004,93.760002,95.220001,94.383095,42330000
2023-01-26,96.500000,97.570000,95.379997,97.519997,96.662872,30114000
2023-01-27,97.309998,100.320000,97.309998,99.370003,98.496613,33879800
2023-01-30,97.480003,98.290001,96.400002,96.940002,96.087959,27226200
2023-01-31,96.870003,98.879997,96.820000,98.839996,97.971275,29870700
2023-02-01,98.709999,101.190002,97.580002,100.430000,99.547295,35531100
2023-02-02,105.800003,107.849998,105.610001,107.739998,106.793037,69883800
2023-02-03,102.930000,107.809998,102.580002,104.779999,103.859047,65309300
2023-02-06,102.400002,104.360001,101.879997,102.900002,101.995583,31999600
2023-02-07,103.220001,108.180000,103.120003,107.639999,106.693924,49010200
2023-02-08,102.050003,103.139999,98.040001,99.370003,98.496613,94743500
2023-02-09,100.000000,100.029999,93.629997,95.010002,94.174927,119455000
2023-02-10,95.449997,96.750000,94.250000,94.570000,93.738792,54980700
2023-02-13,94.739998,95.199997,93.839996,94.610001,93.778450,50076100
2023-02-14,94.430000,94.849998,92.260002,94.680000,93.847824,54726100
2023-02-15,94.489998,97.120003,94.150002,96.940002,96.087959,50169000
2023-02-16,95.370003,97.680000,94.739998,95.510002,94.670532,42462600
2023-02-17,94.849998,95.559998,93.209999,94.349998,93.520729,34284100
2023-02-21,93.000000,93.099998,91.720001,91.790001,90.983231,33629300
2023-02-22,91.699997,92.110001,90.610001,91.650002,90.844460,30884000
2023-02-23,91.919998,91.940002,89.760002,90.889999,90.091148,41206400
2023-02-24,89.440002,89.889999,88.580002,89.129997,88.346603,36585100
2023-02-27,89.870003,90.160004,89.339996,89.870003,89.080109,27502300
2023-02-28,89.330002,91.230003,89.320000,90.059998,89.268425,30142000
2023-03-01,89.980003,91.029999,89.669998,90.360001,89.565804,31111200
2023-03-02,89.660004,92.279999,89.589996,92.000000,91.191391,32204400
2023-03-03,92.480003,93.730003,92.449997,93.650002,92.826874,35160100
2023-03-06,94.019997,95.970001,94.000000,95.129997,94.293869,32639300
2023-03-07,94.980003,95.669998,93.529999,93.860001,93.035042,27835500
2023-03-08,94.120003,95.959999,94.000000,94.250000,93.421623,34103300
2023-03-09,94.050003,95.529999,91.900002,92.320000,91.508568,28813500
2023-03-10,92.169998,92.790001,90.400002,90.629997,89.833420,35941000
2023-03-13,90.089996,92.570000,89.419998,91.110001,90.309212,37335600
2023-03-14,92.559998,94.360001,92.440002,93.970001,93.144066,36050200
2023-03-15,93.220001,96.930000,92.639999,96.110001,95.265266,50622100
2023-03-16,96.199997,101.190002,95.500000,100.320000,99.438240,65492000
2023-03-17,100.260002,102.839996,100.099998,101.620003,100.726830,61028500
2023-03-20,100.120003,101.750000,99.870003,101.220001,100.330338,32960400
2023-03-21,101.250000,105.099998,101.220001,104.919998,103.997818,42110300
2023-03-22,104.269997,106.589996,103.330002,103.370003,102.461472,43427400
2023-03-23,105.059998,106.300003,104.459999,105.599998,104.671852,40797800
2023-03-24,104.989998,105.489998,103.839996,105.440002,104.513252,30393300
2023-03-27,104.620003,104.760002,101.930000,102.459999,101.559464,31120900
2023-03-28,102.440002,102.449997,99.739998,101.029999,100.142021,32057900
2023-03-29,102.279999,102.489998,100.650002,101.389999,100.498863,28779600
2023-03-30,100.910004,101.160004,99.779999,100.889999,100.003242,33086200
2023-03-31,101.300003,103.889999,101.040001,103.730003,102.818298,36863400
2023-04-03,102.389999,104.529999,101.930000,104.360001,103.442749,25035400
2023-04-04,104.330002,105.580002,104.040001,104.720001,103.799591,24420100
2023-04-05,105.779999,106.099998,103.660004,104.470001,103.551796,28290500
2023-04-06,105.260002,109.169998,104.330002,108.419998,107.467064,48711500
2023-04-10,106.980003,107.589996,105.120003,106.440002,105.504471,27067400
2023-04-11,106.550003,106.730003,104.680000,105.349998,104.424049,26311800
2023-04-12,106.580002,106.750000,104.339996,104.639999,103.720284,24370300
2023-04-13,105.839996,107.489998,105.839996,107.430000,106.485756,24843600
2023-04-14,106.889999,108.940002,106.839996,108.870003,107.913116,26578000
2023-04-17,104.660004,106.160004,104.519997,105.970001,105.038612,37571200
2023-04-18,106.489998,106.540001,104.070000,104.500000,103.581512,26596400
2023-04-19,103.580002,104.980003,103.070000,104.180000,103.264328,20905700
2023-04-20,103.910004,106.250000,103.870003,105.290001,104.364571,27820800
2023-04-21,105.470001,106.000000,104.779999,105.410004,104.483528,25800100
2023-04-24,105.489998,106.629997,104.699997,105.970001,105.038612,23542800
2023-04-25,105.830002,106.690002,103.839996,103.849998,102.937233,46664100
2023-04-26,104.919998,106.349998,102.629997,103.709999,102.798462,53347600
2023-04-27,104.449997,108.370003,103.540001,107.589996,106.644356,50089200
2023-04-28,107.040001,107.349998,105.089996,107.339996,106.396568,36139800
2023-05-01,106.839996,107.989998,106.820000,107.199997,106.257790,26681700
2023-05-02,107.139999,107.199997,103.709999,105.320000,104.394310,30997200
2023-05-03,105.529999,107.489998,104.959999,105.410004,104.483528,21795400
2023-05-04,105.489998,105.599998,103.970001,104.690002,103.769859,23419500
2023-05-05,104.820000,105.879997,104.110001,105.570000,104.642120,26639300
2023-05-08,105.180000,107.959999,105.160004,107.769997,106.822777,26511400
2023-05-09,108.389999,110.150002,107.190002,107.349998,106.406464,36360100
2023-05-10,107.970001,112.940002,107.930000,111.750000,110.767792,63153400
2023-05-11,115.400002,117.919998,114.410004,116.570000,115.545433,78900000
2023-05-12,116.680000,118.029999,116.110001,117.510002,116.477173,41102300
2023-05-15,116.110001,118.480003,116.010002,116.510002,115.485962,36266800
2023-05-16,116.489998,120.750000,116.430000,119.510002,118.459595,45035600
2023-05-17,119.610001,121.669998,118.889999,120.839996,119.777893,33323600
2023-05-18,120.949997,123.309998,120.830002,122.830002,121.750427,35234200
2023-05-19,123.550003,125.970001,122.150002,122.760002,121.681023,41353400
2023-05-22,122.940002,126.430000,122.739998,125.050003,123.950912,35253000
2023-05-23,124.160004,124.629997,122.209999,122.559998,121.482780,34046300
2023-05-24,121.120003,121.910004,119.860001,120.900002,119.837364,34182600
2023-05-25,124.519997,125.320000,121.959999,123.480003,122.394699,42317000
2023-05-26,123.169998,125.260002,122.449997,124.610001,123.514778,35635900
2023-05-30,125.639999,125.660004,122.000000,123.669998,122.583023,35076700
2023-05-31,122.750000,124.059998,122.500000,122.870003,121.790062,37325800
2023-06-01,122.820000,124.419998,122.620003,123.720001,122.632584,30772700
2023-06-02,123.989998,126.150002,123.760002,124.669998,123.574242,26980100
2023-06-05,124.010002,127.430000,123.839996,126.010002,124.902473,32305500
2023-06-06,126.010002,128.289993,125.360001,127.309998,126.191048,26638300
2023-06-07,126.970001,129.039993,122.120003,122.500000,121.423309,52539000
2023-06-08,122.230003,123.230003,121.239998,122.139999,121.066467,29389200
2023-06-09,122.250000,123.760002,121.910004,122.230003,121.155693,23778300
2023-06-12,122.790001,124.050003,121.660004,123.639999,122.553284,28306400
2023-06-13,124.980003,125.160004,123.180000,123.830002,122.741638,22278300
2023-06-14,123.099998,124.050003,121.449997,123.669998,122.583023,30592300
2023-06-15,123.139999,125.459999,122.400002,125.089996,123.990540,35246300
2023-06-16,125.930000,126.110001,123.279999,123.529999,122.444252,45535600
2023-06-20,122.930000,124.570000,122.139999,123.099998,122.018036,26097500
2023-06-21,122.400002,122.660004,120.099998,120.550003,119.490448,30306300
2023-06-22,120.000000,123.239998,118.830002,123.150002,122.067604,26952200
2023-06-23,121.379997,122.790001,121.059998,122.339996,121.264717,34913600
2023-06-26,120.760002,122.000000,118.269997,118.339996,117.299873,33969900
2023-06-27,117.080002,119.080002,116.099998,118.330002,117.289963,39535900
2023-06-28,117.089996,120.389999,116.849998,120.180000,119.123695,27091400
2023-06-29,119.239998,120.059998,118.300003,119.099998,118.053192,24090900
2023-06-30,120.169998,121.080002,119.690002,119.699997,118.647926,29532200
2023-07-03,119.239998,120.190002,118.820000,119.900002,118.846161,14467900
2023-07-05,119.239998,122.610001,119.230003,121.750000,120.679901,27584800
2023-07-06,119.800003,120.300003,118.400002,120.110001,119.054321,24745200
2023-07-07,120.099998,121.050003,119.400002,119.480003,118.429871,21709500
2023-07-10,118.300003,118.309998,116.139999,116.449997,115.426483,35315200
2023-07-11,116.290001,117.709999,115.349998,117.139999,116.110428,23078800
2023-07-12,118.800003,120.330002,118.410004,118.930000,117.884697,30404400
2023-07-13,120.930000,124.830002,120.449997,124.540001,123.445374,44297900
2023-07-14,124.800003,126.779999,123.489998,125.419998,124.317650,33283100
2023-07-17,125.940002,127.099998,124.199997,124.650002,123.554428,25716200
2023-07-18,124.599998,124.680000,122.959999,123.760002,122.672241,26193600
2023-07-19,124.599998,125.180000,121.800003,122.029999,120.957443,37224000
2023-07-20,121.419998,124.089996,118.220001,119.199997,118.152313,37906800
2023-07-21,120.620003,120.989998,118.730003,120.019997,118.965111,72937900
2023-07-24,121.660004,123.000000,120.980003,121.529999,120.461845,29686100
2023-07-25,121.360001,123.150002,121.019997,122.209999,121.135864,52509600
2023-07-26,130.070007,130.979996,128.320007,129.270004,128.133804,61682100
2023-07-27,131.669998,133.240005,128.789993,129.399994,128.262665,44952100
2023-07-28,130.779999,133.740005,130.570007,132.580002,131.414719,36591200
2023-07-31,132.729996,133.529999,131.779999,132.720001,131.553467,28055500
2023-08-01,130.779999,132.630005,130.679993,131.550003,130.393768,23166800
2023-08-02,129.449997,130.089996,127.559998,128.380005,127.251625,26273300
2023-08-03,127.970001,129.389999,127.419998,128.449997,127.320999,20089500
2023-08-04,129.279999,131.509995,127.910004,128.110001,126.984001,26147200
2023-08-07,129.160004,131.610001,129.020004,131.529999,130.373917,22746300
2023-08-08,130.619995,131.509995,129.539993,131.399994,130.245087,23535200
2023-08-09,131.660004,132.039993,129.000000,129.660004,128.520370,24912900
2023-08-10,131.320007,132.050003,129.449997,129.690002,128.550125,20857800
2023-08-11,128.660004,129.929993,128.169998,129.559998,128.421265,19591100
2023-08-14,129.389999,131.369995,128.960007,131.330002,130.175705,24695600
2023-08-15,131.100006,131.419998,129.279999,129.779999,128.639313,19770700
2023-08-16,128.699997,130.279999,127.870003,128.699997,127.568794,25216100
2023-08-17,129.800003,131.990005,129.289993,129.919998,128.778091,33446300
2023-08-18,128.509995,129.250000,126.379997,127.459999,126.339722,30504800
2023-08-21,127.180000,128.729996,126.559998,128.369995,127.241707,25248700
2023-08-22,128.509995,130.279999,128.320007,129.080002,127.945488,22054900
2023-08-23,130.179993,133.410004,129.869995,132.369995,131.206558,27819700
2023-08-24,133.949997,134.250000,129.570007,129.779999,128.639313,28500700
2023-08-25,129.539993,130.759995,127.250000,129.880005,128.738434,26762900
2023-08-28,131.309998,132.539993,130.139999,131.009995,129.858490,20543300
2023-08-29,132.240005,136.570007,132.240005,134.570007,133.387222,43075600
2023-08-30,134.779999,136.279999,134.070007,135.880005,134.685715,28315800
2023-08-31,136.009995,138.000000,135.789993,136.169998,134.973160,30053800
2023-09-01,137.460007,137.460007,134.850006,135.660004,134.467636,21543700
2023-09-05,135.440002,136.419998,134.580002,135.770004,134.576691,19403100
2023-09-06,136.020004,136.529999,133.669998,134.460007,133.278183,18684500
2023-09-07,133.589996,135.580002,132.949997,135.259995,134.071152,18844300
2023-09-08,134.910004,136.660004,134.850006,136.380005,135.181305,23558300
2023-09-11,136.539993,137.479996,135.789993,136.919998,135.716568,20763400
2023-09-12,136.259995,136.869995,135.190002,135.339996,134.150452,18405500
2023-09-13,135.089996,136.899994,134.149994,136.710007,135.508423,20749500
2023-09-14,137.600006,138.699997,136.240005,138.100006,136.886200,24751000
2023-09-15,137.979996,138.520004,136.479996,137.399994,136.192337,38919600
2023-09-18,136.610001,139.160004,136.610001,138.210007,136.995255,21861300
2023-09-19,137.419998,138.410004,136.619995,138.039993,136.826721,20353700
2023-09-20,138.080002,138.080002,133.619995,133.740005,132.564529,29927500
2023-09-21,131.440002,132.229996,130.070007,130.440002,129.293533,31503900
2023-09-22,130.759995,132.029999,129.600006,130.250000,129.105194,26397300
2023-09-25,129.830002,131.169998,128.960007,131.110001,129.957642,20094600
2023-09-26,129.770004,130.360001,127.220001,128.570007,127.439972,25718700
2023-09-27,128.570007,130.899994,128.570007,130.539993,129.392639,22746500
2023-09-28,129.839996,133.300003,129.789993,132.309998,131.147095,22513100
2023-09-29,133.279999,134.050003,130.360001,130.860001,129.709824,30859800
2023-10-02,131.210007,134.419998,131.169998,134.169998,132.990723,22288000
2023-10-03,133.940002,134.259995,131.839996,132.429993,131.266037,22989400
2023-10-04,132.789993,135.570007,132.529999,135.240005,134.051376,26752300
2023-10-05,135.070007,135.490005,133.449997,135.070007,133.882828,19832600
2023-10-06,134.009995,138.160004,134.009995,137.580002,136.370758,27597600
2023-10-09,136.940002,138.940002,135.610001,138.419998,137.203384,19278100
2023-10-10,138.500000,139.720001,137.330002,138.059998,136.846558,27786600
2023-10-11,138.580002,141.110001,138.580002,140.550003,139.314651,25884300
2023-10-12,141.050003,141.220001,138.259995,138.970001,137.748550,24765500
2023-10-13,139.380005,140.000000,136.619995,137.360001,136.152695,23420500
2023-10-16,138.169998,139.630005,137.990005,139.100006,137.877426,28501900
2023-10-17,138.630005,139.899994,137.179993,139.720001,138.491943,23515800
2023-10-18,139.449997,140.720001,137.380005,137.960007,136.747452,23375000
2023-10-19,138.500000,139.660004,137.380005,137.750000,136.539276,26066000
2023-10-20,137.330002,137.869995,135.080002,135.600006,134.408188,26335700
2023-10-23,135.039993,137.660004,133.949997,136.500000,135.300262,26317900
2023-10-24,137.830002,139.360001,137.419998,138.809998,137.589951,44814300
2023-10-25,128.160004,128.309998,125.070000,125.610001,124.505981,84366200
2023-10-26,123.269997,124.330002,121.269997,122.279999,121.205238,57061100
2023-10-27,122.879997,123.309998,120.209999,122.169998,121.096214,44566500
2023-10-30,123.209999,125.400002,122.750000,124.459999,123.366081,28940100
2023-10-31,125.059998,125.370003,122.690002,124.080002,122.989426,26292300
2023-11-01,124.070000,126.489998,123.720001,126.449997,125.338593,30082400
2023-11-02,128.419998,128.979996,126.930000,127.489998,126.369453,27124600
2023-11-03,128.020004,129.529999,127.860001,129.100006,127.965317,26393100
2023-11-06,129.050003,130.339996,128.669998,130.250000,129.105194,19052700
2023-11-07,130.710007,131.910004,129.880005,130.970001,129.818863,29757300
2023-11-08,130.970001,132.210007,130.779999,131.839996,130.681229,26425800
2023-11-09,131.960007,132.550003,130.070007,130.240005,129.095276,23747800
2023-11-10,130.100006,132.800003,129.410004,132.589996,131.424637,26913300
2023-11-13,131.779999,132.589996,131.250000,132.089996,130.929001,18324800
2023-11-14,134.190002,135.699997,133.320007,133.619995,132.445587,32395200
2023-11-15,134.869995,135.029999,133.570007,134.619995,133.436798,23861500
2023-11-16,135.190002,137.220001,134.320007,136.929993,135.726486,28013200
2023-11-17,136.000000,136.059998,133.649994,135.309998,134.120728,37240600
2023-11-20,133.690002,136.660004,133.619995,136.250000,135.052460,27815500
2023-11-21,136.289993,137.179993,135.960007,136.970001,135.766144,22635300
2023-11-22,137.470001,139.419998,137.470001,138.490005,137.272781,17813900
2023-11-24,138.029999,138.130005,135.990005,136.690002,135.488602,12514300
2023-11-27,136.029999,138.419998,136.000000,136.410004,135.211075,23436500
2023-11-28,136.080002,137.250000,135.419998,137.199997,135.994095,18730000
2023-11-29,137.570007,138.289993,134.839996,134.990005,133.803543,23967200
2023-11-30,135.050003,135.550003,131.279999,132.529999,131.365128,38988300
2023-12-01,131.860001,132.110001,130.669998,131.860001,130.701019,31442300
2023-12-04,129.880005,130.029999,127.900002,129.270004,128.133804,36669900
2023-12-05,128.949997,132.139999,128.250000,130.990005,129.838699,27384800
2023-12-06,131.440002,131.839996,129.880005,130.020004,128.877213,23576200
2023-12-07,135.039993,138.559998,134.699997,136.929993,135.726486,56767100
2023-12-08,134.199997,136.399994,134.029999,134.990005,133.803543,32260100
2023-12-11,132.380005,133.339996,131.360001,133.289993,132.118484,31138000
2023-12-12,131.809998,133.000000,131.259995,132.520004,131.355270,29032800
2023-12-13,133.380005,133.500000,131.570007,132.570007,131.404800,30104800
2023-12-14,133.380005,133.720001,129.690002,131.940002,130.780334,38722400
2023-12-15,131.619995,133.509995,131.179993,132.600006,131.434540,50847100
2023-12-18,132.630005,137.149994,132.429993,135.800003,134.606445,32258000
2023-12-19,136.839996,137.470001,136.080002,136.649994,135.448959,25476800
2023-12-20,138.970001,141.699997,138.070007,138.339996,137.124069,49107200
2023-12-21,139.490005,140.690002,139.179993,140.419998,139.185806,27488300
2023-12-22,140.770004,141.990005,140.710007,141.490005,140.246399,26532200
2023-12-26,141.589996,142.679993,141.190002,141.520004,140.276138,16780300
2023-12-27,141.589996,142.080002,139.889999,140.369995,139.136276,19628600
2023-12-28,140.779999,141.139999,139.750000,140.229996,138.997467,16045700
2023-12-29,139.630005,140.360001,138.779999,139.690002,138.462250,18733000
2024-01-02,138.550003,139.449997,136.479996,138.169998,136.955582,23711200
2024-01-03,137.250000,139.630005,137.080002,138.919998,137.699005,24212100
2024-01-04,138.419998,139.160004,136.350006,136.389999,135.191254,27137700
2024-01-05,136.750000,137.160004,135.149994,135.729996,134.537018,22513900
2024-01-08,136.289993,139.009995,136.259995,138.839996,137.619690,21404000
2024-01-09,138.500000,141.490005,138.149994,140.949997,139.711151,24759600
2024-01-10,141.000000,143.000000,140.910004,142.279999,141.029465,21320200
2024-01-11,143.490005,145.220001,140.639999,142.080002,140.831238,24008700
2024-01-12,142.669998,143.199997,141.820007,142.649994,141.396225,18785500
2024-01-16,142.000000,144.350006,141.449997,142.490005,141.237640,22670500
2024-01-17,141.350006,141.839996,138.899994,141.470001,140.226593,20968600
2024-01-18,142.050003,144.210007,141.990005,143.479996,142.218918,25746400
2024-01-19,144.740005,146.449997,144.380005,146.380005,145.093430,34271900
2024-01-22,147.100006,148.389999,145.839996,145.990005,144.706863,32200400
2024-01-23,145.889999,147.179993,145.500000,147.039993,145.747635,21636100
2024-01-24,148.539993,149.850006,148.100006,148.699997,147.393036,25233500
2024-01-25,150.070007,153.050003,149.539993,151.869995,150.535141,29149100
2024-01-26,151.100006,152.539993,151.009995,152.190002,150.852371,26115500
2024-01-29,152.059998,153.779999,151.429993,153.509995,152.160736,27784300
2024-01-30,152.800003,153.619995,151.190002,151.460007,150.128769,36331800
2024-01-31,143.619995,144.000000,139.869995,140.100006,138.868622,71910000
2024-02-01,142.119995,143.059998,140.789993,141.160004,139.919312,40466500
2024-02-02,139.259995,142.619995,136.500000,142.380005,141.128571,62499600
2024-02-05,142.820007,145.470001,142.779999,143.679993,142.417160,38505400
2024-02-06,144.649994,145.360001,143.190002,144.100006,142.833466,29128200
2024-02-07,144.759995,145.619995,143.929993,145.539993,144.260788,25208900
2024-02-08,145.830002,146.330002,145.100006,145.910004,144.627563,22563800
2024-02-09,146.679993,149.440002,146.179993,149.000000,147.690414,26829500
2024-02-12,148.419998,149.339996,147.369995,147.529999,146.233322,21564100
2024-02-13,144.919998,146.669998,143.690002,145.139999,143.864319,27837700
2024-02-14,146.080002,146.520004,144.089996,145.940002,144.657288,22704200
2024-02-15,143.139999,143.520004,140.460007,142.770004,141.515167,37590700
2024-02-16,142.990005,143.190002,140.139999,140.520004,139.284943,31468900
2024-02-20,139.660004,142.080002,139.490005,141.119995,139.879669,25144700
2024-02-21,141.449997,142.690002,140.679993,142.550003,141.297058,23223300
2024-02-22,144.929993,145.000000,142.800003,144.089996,142.823547,27191900
2024-02-23,143.669998,144.679993,143.429993,143.960007,142.694687,19493800
2024-02-26,142.139999,142.440002,137.389999,137.570007,136.360855,53641800
2024-02-27,138.020004,139.250000,137.089996,138.880005,137.659363,33099200
2024-02-28,137.899994,138.009995,135.410004,136.380005,135.181305,37328600
2024-02-29,137.279999,138.860001,136.399994,138.460007,137.243011,42133000
2024-03-01,138.429993,138.869995,136.919998,137.139999,135.934647,31151100
2024-03-04,135.660004,135.660004,131.910004,133.350006,132.177948,55999400
2024-03-05,131.880005,133.240005,130.669998,132.669998,131.503922,40194800
2024-03-06,133.119995,133.580002,130.850006,131.399994,130.245087,35318600
2024-03-07,132.789993,134.940002,131.610001,134.380005,133.198898,37738200
2024-03-08,134.210007,138.089996,134.000000,135.410004,134.219849,39370400
2024-03-11,136.130005,139.100006,136.130005,137.669998,136.459976,32437800
2024-03-12,137.029999,139.380005,137.029999,138.500000,137.282669,27563400
2024-03-13,139.000000,141.089996,138.990005,139.789993,138.561310,23347200
2024-03-14,141.190002,143.589996,140.460007,143.100006,141.842255,42753400
2024-03-15,142.500000,143.179993,140.029999,141.179993,139.939117,49475400
2024-03-18,148.610001,152.149994,147.169998,147.679993,146.382004,69273700
2024-03-19,148.160004,148.789993,146.080002,147.029999,145.737701,24070400
2024-03-20,148.000000,148.860001,146.740005,148.740005,147.432678,21311500
2024-03-21,149.470001,150.369995,146.899994,147.600006,146.302734,24755600
2024-03-22,149.119995,151.580002,148.979996,150.770004,149.444824,29211800
2024-03-25,149.940002,150.380005,147.820007,150.070007,148.750992,19229300
2024-03-26,150.220001,152.259995,149.979996,150.669998,149.345718,22149100
2024-03-27,151.179993,151.639999,148.899994,150.869995,149.543945,22879200
2024-03-28,150.850006,151.429993,150.169998,150.929993,149.603439,24485400
2024-04-01,150.690002,155.740005,150.610001,155.490005,154.123367,31730800
2024-04-02,153.500000,154.699997,152.149994,154.559998,153.201523,24586000
2024-04-03,153.600006,155.080002,152.729996,154.919998,153.558350,24705000
2024-04-04,153.500000,154.770004,150.449997,150.529999,149.206940,34724700
2024-04-05,150.029999,153.419998,149.600006,152.500000,151.159653,23459200
2024-04-08,152.779999,155.270004,152.610001,154.850006,153.488998,20702000
2024-04-09,156.089996,158.559998,155.190002,156.600006,155.223587,31079500
2024-04-10,156.210007,156.610001,154.679993,156.139999,154.767639,22838600
2024-04-11,156.910004,159.679993,156.460007,159.410004,158.008896,27166400
2024-04-12,157.960007,160.220001,157.139999,157.729996,156.343674,25353700
2024-04-15,158.860001,159.240005,154.589996,154.860001,153.498901,27136500
2024-04-16,154.190002,155.649994,153.429993,154.399994,153.042923,20779500
2024-04-17,155.619995,157.080002,154.580002,155.470001,154.103531,21763100
2024-04-18,155.339996,156.940002,154.619995,156.009995,154.638779,19883000
2024-04-19,156.199997,156.360001,152.300003,154.089996,152.735657,32615600
2024-04-22,154.309998,157.639999,154.059998,156.279999,154.906403,26446200
2024-04-23,156.960007,158.970001,156.279999,158.259995,156.869003,21151600
2024-04-24,157.490005,159.570007,157.169998,159.130005,157.731369,22779100
2024-04-25,151.330002,156.490005,150.869995,156.000000,154.628876,57109700
2024-04-26,174.369995,174.710007,169.649994,171.949997,170.438675,64665300
2024-04-29,169.059998,169.550003,165.210007,166.149994,164.689651,45610000
2024-04-30,165.610001,168.100006,162.600006,162.779999,161.349289,33562900
2024-05-01,164.300003,167.119995,163.089996,163.860001,162.419815,33493200
2024-05-02,164.789993,166.729996,163.889999,166.619995,165.155518,24294500
2024-05-03,167.559998,167.960007,163.050003,167.240005,165.770081,34662400
2024-05-06,167.460007,168.139999,166.029999,168.100006,166.622513,21871300
2024-05-07,168.500000,171.759995,168.389999,171.250000,169.744827,28039700
2024-05-08,169.000000,170.149994,168.740005,169.380005,167.891296,19569100
2024-05-09,169.389999,170.690002,168.179993,169.960007,168.466187,15346700
2024-05-10,168.029999,169.850006,166.190002,168.649994,167.167664,29799900
2024-05-13,164.259995,169.279999,164.000000,169.139999,167.653397,31327600
2024-05-14,169.770004,171.250000,168.800003,170.339996,168.842834,25127100
2024-05-15,170.630005,172.649994,170.509995,172.509995,170.993759,26948400
2024-05-16,173.289993,175.119995,172.690002,174.179993,172.649063,27867900
2024-05-17,174.179993,176.270004,173.690002,176.059998,174.512527,24479300
2024-05-20,176.190002,178.770004,176.080002,176.919998,175.364975,22554400
2024-05-21,176.899994,178.149994,175.809998,177.850006,176.286850,16989400
2024-05-22,176.639999,177.149994,175.210007,176.380005,174.829758,17880000
2024-05-23,177.070007,178.250000,172.949997,173.550003,172.024612,21024900
2024-05-24,174.979996,175.770004,173.649994,174.990005,173.451965,16579400
2024-05-28,174.449997,177.270004,174.369995,176.399994,174.849548,20572200
2024-05-29,175.429993,176.839996,174.720001,175.899994,174.353958,23388700
2024-05-30,175.199997,175.220001,171.789993,172.110001,170.597275,22931500
2024-05-31,171.860001,173.059998,169.440002,172.500000,170.983826,37638900
2024-06-03,172.539993,174.529999,171.160004,173.169998,171.647949,27459100
2024-06-04,173.279999,173.850006,171.889999,173.789993,172.262497,26879600
2024-06-05,175.199997,176.649994,173.929993,175.410004,173.868271,22068500
2024-06-06,175.899994,177.149994,175.750000,176.729996,175.176651,23251000
2024-06-07,177.050003,177.869995,174.300003,174.460007,172.926620,19661400
2024-06-10,174.970001,177.059998,172.759995,175.009995,173.670853,23726700
2024-06-11,176.220001,176.839996,173.770004,176.619995,175.268555,21540600
2024-06-12,178.250000,180.410004,176.110001,177.789993,176.429611,27864700
2024-06-13,176.110001,176.740005,174.880005,175.160004,173.819748,20913300
2024-06-14,174.220001,177.059998,174.149994,176.789993,175.437256,18063600
2024-06-17,175.460007,178.360001,174.809998,177.240005,175.883820,19618500
2024-06-18,177.139999,177.389999,174.100006,175.089996,173.750275,21869900
2024-06-20,175.369995,177.289993,174.990005,176.300003,174.951004,20160100
2024-06-21,177.000000,180.850006,176.610001,179.630005,178.255554,57759000
2024-06-24,180.160004,180.889999,178.669998,179.220001,177.848648,18298000
2024-06-25,179.619995,184.289993,179.419998,184.029999,182.621857,23130200
2024-06-26,182.630005,184.509995,182.479996,183.880005,182.473007,19839000
2024-06-27,184.179993,186.050003,184.020004,185.410004,183.991302,18848900
2024-06-28,184.320007,185.130005,181.960007,182.149994,180.756226,29156600
2024-07-01,183.029999,183.880005,181.300003,182.990005,181.589798,16006100
2024-07-02,182.050003,185.570007,181.559998,185.240005,183.822632,17372500
2024-07-03,184.850006,186.089996,184.000000,185.820007,184.398163,10242100
2024-07-05,185.860001,190.860001,185.800003,190.600006,189.141586,20967500
2024-07-08,189.899994,190.169998,187.779999,189.029999,187.583588,21035900
2024-07-09,190.309998,191.360001,188.720001,188.979996,187.533981,15121400
2024-07-10,189.149994,191.750000,189.029999,191.179993,189.717148,15952500
2024-07-11,189.850006,190.860001,185.080002,185.570007,184.150101,25625800
2024-07-12,185.080002,187.110001,184.490005,185.070007,183.653885,22898400
2024-07-15,184.919998,188.240005,184.919998,186.529999,185.102707,16474000
2024-07-16,187.360001,188.679993,183.369995,183.919998,182.512695,18290700
2024-07-17,182.970001,183.550003,179.899994,181.020004,179.634888,20734100
2024-07-18,181.929993,182.500000,176.470001,177.690002,176.330383,25315700
2024-07-19,178.880005,180.289993,177.130005,177.660004,176.300583,18881900
2024-07-22,180.589996,182.699997,180.229996,181.669998,180.279907,24100300
2024-07-23,182.050003,183.610001,181.539993,181.789993,180.398972,36352700
2024-07-24,173.600006,176.190002,171.820007,172.630005,171.309113,49585200
2024-07-25,172.520004,173.419998,167.190002,167.279999,166.000031,44852000
2024-07-26,167.149994,168.089996,164.059998,167.000000,165.722168,41336900
2024-07-29,168.830002,170.429993,167.990005,169.529999,168.232803,20293800
2024-07-30,170.240005,171.229996,168.440002,170.289993,168.986969,18959700
2024-07-31,173.240005,174.250000,170.009995,171.539993,170.227402,25729100
2024-08-01,170.250000,174.050003,168.880005,170.759995,169.453415,24531400
2024-08-02,166.440002,168.509995,164.669998,166.660004,165.384781,29130100
2024-08-05,155.500000,164.429993,154.929993,159.250000,158.031479,53630700
2024-08-06,159.330002,160.570007,156.410004,158.289993,157.078812,49004600
2024-08-07,161.250000,162.979996,158.470001,158.940002,157.723831,25138600
2024-08-08,160.509995,163.690002,160.210007,162.029999,160.790176,25578800
2024-08-09,160.009995,163.789993,159.059998,163.669998,162.417648,28602300
2024-08-12,164.350006,164.899994,161.839996,162.289993,161.048172,15895300
2024-08-13,163.410004,164.729996,162.970001,164.160004,162.903885,18551700
2024-08-14,162.399994,163.220001,157.710007,160.369995,159.142883,40591100
2024-08-15,160.500000,161.639999,159.610001,161.300003,160.065796,31524300
2024-08-16,161.470001,165.059998,161.130005,162.960007,161.713089,24208600
2024-08-19,165.279999,166.690002,164.259995,166.669998,165.394684,22416200
2024-08-20,166.899994,168.639999,166.820007,167.179993,165.900787,18341500
2024-08-21,165.149994,166.850006,164.669998,165.850006,164.580963,22902000
2024-08-22,167.259995,167.589996,163.309998,163.800003,162.546646,22493300
2024-08-23,164.720001,166.179993,163.830002,165.619995,164.352707,13955700
2024-08-26,166.380005,167.550003,164.460007,166.160004,164.888580,14190400
2024-08-27,165.839996,166.440002,164.460007,164.679993,163.419907,11821900
2024-08-28,165.039993,165.600006,161.529999,162.850006,161.603928,16407400
2024-08-29,164.309998,165.970001,160.250000,161.779999,160.542099,19699800
2024-08-30,162.619995,163.660004,161.690002,163.380005,162.129883,22123800
2024-09-03,161.720001,161.850006,156.479996,157.360001,156.155930,38945300
2024-09-04,156.660004,159.000000,155.960007,156.449997,155.252914,19353800
2024-09-05,156.300003,159.449997,155.979996,157.240005,156.036850,18688700
2024-09-06,157.300003,157.830002,150.550003,150.919998,149.765198,37912100
2024-09-09,152.509995,153.399994,147.220001,148.710007,147.767944,39260500
2024-09-10,150.449997,151.270004,148.339996,148.660004,147.718262,31118800
2024-09-11,149.919998,151.500000,147.520004,151.160004,150.202423,29607700
2024-09-12,153.800003,154.820007,152.649994,154.690002,153.710052,29621500
2024-09-13,155.429993,158.380005,155.210007,157.460007,156.462509,29591200
2024-09-16,157.309998,158.250000,156.600006,158.059998,157.058701,18379800
2024-09-17,159.020004,160.550003,158.380005,159.320007,158.310745,20715600
2024-09-18,159.860001,160.500000,158.600006,159.809998,158.797623,23677300
2024-09-19,163.710007,163.789993,161.339996,162.139999,161.112854,26587700
2024-09-20,163.500000,163.729996,162.059998,163.589996,162.553696,40896400
2024-09-23,164.350006,165.490005,161.669998,161.850006,160.824692,24150900
2024-09-24,163.029999,163.220001,160.690002,162.289993,161.261887,23332100
2024-09-25,161.470001,162.809998,161.300003,161.490005,160.466965,18869200
2024-09-26,163.639999,164.080002,162.279999,162.729996,161.699127,20319300
2024-09-27,162.809998,165.699997,162.630005,163.949997,162.911377,21101300
2024-09-30,163.320007,166.149994,163.259995,165.850006,164.799347,20413900
2024-10-01,167.690002,169.160004,164.580002,166.990005,165.932144,28338100
2024-10-02,166.419998,167.520004,164.729996,165.860001,164.809311,17760200
2024-10-03,164.410004,166.639999,163.919998,165.860001,164.809311,15073100
2024-10-04,168.059998,168.229996,165.479996,167.059998,166.001709,19047400
2024-10-07,167.720001,168.479996,162.750000,162.979996,161.947540,22463100
2024-10-08,163.940002,164.729996,162.869995,164.380005,163.338669,23072700
2024-10-09,163.449997,164.839996,159.740005,161.860001,160.834641,31181800
2024-10-10,160.869995,163.070007,160.399994,162.080002,161.053238,14144100
2024-10-11,162.130005,163.899994,161.240005,163.240005,162.205887,15344300
2024-10-14,163.639999,166.229996,163.399994,164.960007,163.915009,19016100
2024-10-15,165.789993,167.679993,164.630005,165.460007,164.411850,20247200
2024-10-16,164.529999,165.800003,163.740005,165.160004,164.113724,16406000
2024-10-17,165.729996,166.369995,162.759995,162.929993,161.897842,21453400
2024-10-18,163.190002,164.710007,163.080002,163.419998,162.384750,19757700
2024-10-21,162.949997,164.500000,162.619995,164.070007,163.030640,20946500
2024-10-22,162.979996,165.770004,162.979996,165.139999,164.093857,16568100
2024-10-23,164.759995,165.820007,161.929993,162.779999,161.748810,18280500
2024-10-24,162.830002,163.330002,161.009995,162.720001,161.689178,22412500
2024-10-25,163.669998,165.589996,163.419998,165.270004,164.223022,19828900
2024-10-28,168.750000,168.750000,163.949997,166.720001,165.663864,32138600
2024-10-29,167.729996,170.380005,167.089996,169.679993,168.605072,42169000
2024-10-30,180.679993,182.020004,174.059998,174.460007,173.354828,68890800
2024-10-31,173.130005,176.820007,171.000000,171.110001,170.026047,44769000
2024-11-01,170.070007,172.320007,168.880005,171.289993,170.204865,31796500
2024-11-04,169.929993,170.729996,168.009995,169.240005,168.167892,21492700
2024-11-05,169.429993,170.529999,168.839996,169.740005,168.664734,18242100
2024-11-06,173.800003,176.940002,173.500000,176.509995,175.391815,33695500
2024-11-07,177.410004,181.080002,177.190002,180.750000,179.604980,25352900
2024-11-08,180.649994,180.899994,178.080002,178.350006,177.220169,22006200
2024-11-11,178.580002,180.550003,178.470001,180.350006,179.207520,17450400
2024-11-12,179.820007,182.490005,179.389999,181.619995,180.469452,25134900
2024-11-13,180.460007,180.960007,178.539993,178.880005,177.746826,23184000
2024-11-14,178.279999,178.820007,174.320007,175.580002,174.467728,31007500
2024-11-15,173.729996,174.139999,171.220001,172.490005,171.397308,32504600
2024-11-18,173.419998,175.440002,172.899994,175.300003,174.189499,20135300
2024-11-19,173.720001,178.869995,173.559998,178.119995,176.991623,23434900
2024-11-20,177.339996,177.679993,173.779999,175.979996,174.865189,18997100
2024-11-21,173.899994,174.130005,163.699997,167.630005,166.568100,59734400
2024-11-22,165.850006,166.460007,163.899994,164.759995,163.716263,38604600
2024-11-25,166.089996,168.630005,165.610001,167.649994,166.587921,33135300
2024-11-26,167.630005,169.820007,167.580002,169.119995,168.048645,20486700
2024-11-27,169.000000,169.479996,168.020004,169.229996,168.157944,19266500
2024-11-29,168.500000,169.429993,167.160004,168.949997,167.879730,14257200
2024-12-02,168.770004,172.080002,168.570007,171.490005,170.403625,23789100
2024-12-03,171.490005,172.679993,170.850006,171.339996,170.254562,22248700
2024-12-04,171.149994,174.910004,171.059998,174.369995,173.265366,31615100
2024-12-05,175.360001,176.059998,172.330002,172.639999,171.546341,21356200
2024-12-06,172.029999,175.080002,171.860001,174.710007,173.603241,21462400
2024-12-09,173.960007,176.259995,173.649994,175.369995,174.458755,25389600
2024-12-10,182.850006,186.360001,181.050003,185.169998,184.207840,54813000
2024-12-11,185.309998,195.610001,184.850006,195.399994,194.384689,67894100
2024-12-12,195.000000,195.179993,191.710007,191.960007,190.962585,34817500
2024-12-13,191.009995,192.729996,189.639999,189.820007,188.833694,25143500
2024-12-16,192.869995,199.000000,192.619995,196.660004,195.638168,44934900
2024-12-17,197.250000,201.419998,194.979996,195.419998,194.404587,43504000
2024-12-18,195.220001,197.000000,187.740005,188.399994,187.421036,34166100
2024-12-19,191.630005,193.029999,188.380005,188.509995,187.530472,32265200
2024-12-20,185.779999,192.889999,185.220001,191.410004,190.415421,63462900
2024-12-23,192.619995,195.100006,190.149994,194.630005,193.618713,25675000
2024-12-24,194.839996,196.110001,193.779999,196.110001,195.090988,10403300
2024-12-26,195.149994,196.750000,194.380005,195.600006,194.583664,12046600
2024-12-27,194.949997,195.320007,190.649994,192.759995,191.758408,18891400
2024-12-30,189.800003,192.550003,189.119995,191.240005,190.246307,14264700
2024-12-31,191.080002,191.960007,188.509995,189.300003,188.316391,17466900
2025-01-02,190.649994,192.000000,187.500000,189.429993,188.445709,20370800
2025-01-03,191.369995,193.210007,189.979996,191.789993,190.793442,18596200
2025-01-06,193.979996,198.220001,193.850006,196.869995,195.847046,29563600
2025-01-07,197.110001,201.000000,194.600006,195.490005,194.474228,26487200
2025-01-08,192.570007,196.289993,192.380005,193.949997,192.942230,24864800
2025-01-10,194.300003,196.520004,190.309998,192.039993,191.042145,26665200
2025-01-13,190.070007,191.179993,187.360001,191.009995,190.017487,21823700
2025-01-14,191.240005,191.979996,188.309998,189.660004,188.674515,17174900
2025-01-15,193.089996,196.360001,191.860001,195.550003,194.533890,21776000
2025-01-16,194.139999,195.479996,192.809998,192.910004,191.907623,17815400
2025-01-17,196.529999,197.229996,193.750000,196.000000,194.981552,27735100
2025-01-21,199.070007,202.289993,197.869995,198.050003,197.020920,29971300
2025-01-22,199.059998,200.479996,197.529999,198.369995,197.339249,26200600
2025-01-23,198.139999,200.300003,195.199997,197.979996,196.951263,26951400
2025-01-24,198.100006,200.899994,198.000000,200.210007,199.169708,23877500
2025-01-27,192.410004,196.880005,190.729996,191.809998,190.813324,41728900
2025-01-28,192.750000,195.479996,190.679993,195.300003,194.285217,24157900
2025-01-29,195.559998,196.789993,193.429993,195.410004,194.394653,18218300
2025-01-30,198.000000,201.399994,197.669998,200.869995,199.826248,24354700
2025-01-31,202.000000,205.479996,201.800003,204.020004,202.959915,32001100
2025-02-03,200.690002,203.750000,200.100006,201.229996,200.184387,27838300
2025-02-04,203.389999,207.050003,202.809998,206.380005,205.307648,43856400
2025-02-05,191.070007,192.750000,188.029999,191.330002,190.335861,70373900
2025-02-06,189.500000,192.100006,188.720001,191.600006,190.604431,29297400
2025-02-07,191.050003,191.179993,183.240005,185.339996,184.376953,49315000
2025-02-10,187.350006,188.199997,185.860001,186.470001,185.501083,23105600
2025-02-11,185.029999,186.940002,184.279999,185.320007,184.357071,21239500
2025-02-12,183.220001,185.110001,181.830002,183.610001,182.655960,22072600
2025-02-13,184.320007,186.279999,183.139999,186.139999,185.172821,21402500
2025-02-14,185.059998,186.399994,184.320007,185.229996,184.267502,20448400
2025-02-18,185.600006,185.960007,181.740005,183.770004,182.815125,29916700
2025-02-19,184.070007,185.460007,183.589996,185.270004,184.307327,19549400
2025-02-20,184.800003,185.309998,182.720001,184.559998,183.600998,20441500
2025-02-21,185.149994,185.339996,179.080002,179.660004,178.726471,35199200
2025-02-24,181.990005,183.119995,178.889999,179.250000,178.318604,29854200
2025-02-25,178.039993,178.740005,174.690002,175.419998,174.508499,41913400
2025-02-26,175.070007,176.080002,171.580002,172.729996,171.832489,35431300
2025-02-27,173.990005,174.559998,167.940002,168.500000,167.624481,39991000
2025-02-28,168.679993,170.610001,166.770004,170.279999,169.395203,48130600
2025-03-03,171.929993,173.369995,165.929993,167.009995,166.142212,40770500
2025-03-04,166.240005,173.289993,165.800003,170.919998,170.031876,45388000
2025-03-05,170.520004,173.779999,169.059998,173.020004,172.120987,30954900
2025-03-06,170.529999,174.809998,170.500000,172.350006,171.454453,28302000
2025-03-07,171.259995,174.970001,170.270004,173.860001,172.956619,27385800
2025-03-10,168.259995,168.460007,163.690002,165.869995,165.198166,43604000
2025-03-11,164.910004,166.750000,161.369995,164.039993,163.375549,39587400
2025-03-12,166.580002,167.639999,163.529999,167.110001,166.433151,28372400
2025-03-13,166.039993,166.130005,162.110001,162.759995,162.100754,31756200
2025-03-14,163.270004,166.490005,162.449997,165.490005,164.819717,31995900
2025-03-17,165.029999,166.300003,163.669998,164.289993,163.624573,31184300
2025-03-18,163.679993,164.250000,156.720001,160.669998,160.019226,42074800
2025-03-19,161.759995,165.869995,161.000000,163.889999,163.226181,34275600
2025-03-20,161.570007,164.889999,160.960007,162.800003,162.140625,28138500
2025-03-21,161.210007,164.240005,160.889999,163.990005,163.325790,36625800
2025-03-24,167.070007,168.320007,165.139999,167.679993,167.000839,30879100
2025-03-25,168.979996,170.630005,168.320007,170.559998,169.869171,24174400
2025-03-26,169.000000,169.610001,164.839996,165.059998,164.391434,28901600
2025-03-27,164.630005,165.419998,162.000000,162.240005,161.582886,24508300
2025-03-28,160.490005,161.820007,153.630005,154.330002,153.704910,48669300
2025-03-31,153.110001,155.539993,150.660004,154.639999,154.013672,54603500
2025-04-01,153.619995,158.100006,153.619995,157.070007,156.433838,30672900
2025-04-02,155.149994,158.410004,154.699997,157.039993,156.403915,25041700
2025-04-03,151.110001,152.779999,150.389999,150.720001,150.109543,46883400
2025-04-04,148.009995,151.070007,145.380005,145.600006,145.010284,62259500
2025-04-07,141.550003,152.850006,140.529999,146.750000,146.155624,76794100
2025-04-08,151.220001,152.240005,143.029999,144.699997,144.113907,52200200
2025-04-09,144.419998,159.550003,143.910004,158.710007,158.067184,70406200
2025-04-10,156.539993,157.720001,149.929993,152.820007,152.201050,48022000
2025-04-11,152.899994,157.669998,152.820007,157.139999,156.503540,33636200
2025-04-14,160.000000,161.720001,157.559998,159.070007,158.425720,30333000
2025-04-15,159.130005,159.649994,155.210007,156.309998,155.676880,27551500
2025-04-16,153.100006,155.889999,151.509995,153.330002,152.708969,28187400
2025-04-17,154.289993,154.679993,148.500000,151.160004,150.547745,33046600
2025-04-21,148.880005,148.949997,146.100006,147.669998,147.071869,26049100
2025-04-22,148.889999,152.190002,148.539993,151.470001,150.856506,26971800
2025-04-23,155.610001,157.529999,153.809998,155.350006,154.720795,31128800
2025-04-24,156.149994,159.589996,155.789993,159.279999,158.634857,45894000
2025-04-25,165.070007,166.100006,161.039993,161.960007,161.304016,56034000
2025-04-28,162.429993,163.149994,158.600006,160.610001,159.959473,29745800
2025-04-29,160.320007,160.740005,157.520004,160.160004,159.511292,26809000
2025-04-30,157.979996,159.270004,155.399994,158.800003,158.156815,34981100
2025-05-01,160.449997,161.949997,158.910004,161.300003,160.646683,30203200
2025-05-02,163.410004,164.970001,161.869995,164.029999,163.365616,25715000
2025-05-05,163.000000,165.389999,162.720001,164.210007,163.544907,21341800
2025-05-06,162.169998,164.800003,161.190002,163.229996,162.568863,21277200
2025-05-07,164.080002,165.000000,147.839996,151.380005,150.766861,127490100
2025-05-08,155.000000,155.929993,152.899994,154.279999,153.655106,57498700
2025-05-09,154.169998,155.050003,152.199997,152.750000,152.131302,32435300
2025-05-12,157.490005,159.100006,156.250000,158.460007,157.818192,44138800
2025-05-13,158.789993,160.570007,156.160004,159.529999,158.883835,42382100
2025-05-14,159.960007,167.000000,159.610001,165.369995,164.700180,48755900
2025-05-15,165.839996,166.210007,162.369995,163.960007,163.295898,33146700
2025-05-16,167.729996,169.350006,165.619995,166.190002,165.516846,42846900
2025-05-19,164.509995,166.639999,164.220001,166.539993,165.865448,30426100
2025-05-20,166.429993,168.500000,162.899994,163.979996,163.315811,46607700
2025-05-21,163.690002,173.139999,163.559998,168.559998,167.877274,73416000
2025-05-22,171.850006,176.770004,170.710007,170.869995,170.177902,74864400
2025-05-23,169.059998,169.960007,167.889999,168.470001,167.787628,35211400
2025-05-27,170.160004,173.169998,170.000000,172.899994,172.199692,37995700
2025-05-28,173.160004,175.270004,171.910004,172.360001,171.661865,34784000
2025-05-29,174.000000,174.419998,170.630005,171.860001,171.163910,29317300
2025-05-30,171.350006,172.210007,167.440002,171.740005,171.044403,52639900
2025-06-02,167.839996,169.869995,167.389999,169.029999,168.345352,38612300
2025-06-03,167.490005,168.479996,165.279999,166.179993,165.506912,45084900
2025-06-04,166.740005,168.220001,166.360001,168.050003,167.369354,26900800
2025-06-05,170.339996,170.929993,167.589996,168.210007,167.528687,36379100
2025-06-06,170.830002,174.500000,170.830002,173.679993,172.976532,35731800
2025-06-09,174.539993,176.470001,174.369995,176.089996,175.589096,28935900
2025-06-10,176.199997,181.110001,174.910004,178.600006,178.091934,61766100
2025-06-11,179.770004,180.369995,176.750000,177.350006,176.845505,31646800
2025-06-12,176.179993,176.720001,174.750000,175.699997,175.200195,20941900
2025-06-13,172.440002,177.130005,172.389999,174.669998,174.173111,27663100
2025-06-16,174.729996,176.940002,174.649994,176.770004,176.267166,27389200
2025-06-17,175.699997,177.360001,174.580002,175.949997,175.449478,24973000
2025-06-18,176.009995,176.559998,173.199997,173.320007,172.826981,28707500
2025-06-20,173.949997,174.339996,165.460007,166.639999,166.165970,75659900
2025-06-23,166.270004,167.339996,162.000000,165.190002,164.720078,57671000
2025-06-24,166.919998,168.220001,166.130005,166.770004,166.295624,40524300
2025-06-25,167.630005,172.360001,167.550003,170.679993,170.194458,35479000
2025-06-26,172.429993,173.690002,169.940002,173.539993,173.046341,31796700
2025-06-27,173.539993,178.679993,171.729996,178.529999,178.022125,108140200
2025-06-30,180.779999,181.229996,174.580002,176.229996,175.728699,63378900
2025-07-01,175.740005,176.089996,173.529999,175.839996,175.339783,35904500
2025-07-02,175.539993,178.860001,175.070007,178.639999,178.131821,29128900
2025-07-03,178.500000,179.669998,177.050003,179.529999,179.019287,21689700
2025-07-07,179.059998,179.300003,175.679993,176.789993,176.287094,34175600
2025-07-08,177.850006,177.949997,172.809998,174.360001,173.864014,40442500
2025-07-09,175.250000,179.440002,172.770004,176.619995,176.117584,43025600
2025-07-10,175.630005,178.429993,174.380005,177.619995,177.114716,29252400
2025-07-11,176.789993,181.429993,176.479996,180.190002,179.677414,34282900
2025-07-14,181.009995,183.669998,179.679993,181.559998,181.043518,32536600
2025-07-15,182.809998,184.220001,181.600006,182.000000,181.482285,33448300
2025-07-16,183.240005,184.330002,182.029999,182.970001,182.449524,33104200
2025-07-17,182.139999,184.059998,180.479996,183.580002,183.057785,31992600
2025-07-18,185.399994,186.419998,183.710007,185.059998,184.533569,34014500
2025-07-21,186.250000,190.289993,186.149994,190.100006,189.559235,45803100
2025-07-22,191.500000,191.649994,187.460007,191.339996,190.795715,44660200
2025-07-23,191.500000,192.529999,189.179993,190.229996,189.688843,58681900
2025-07-24,197.029999,197.949997,191.000000,192.169998,191.623337,74881700
2025-07-25,191.979996,194.330002,191.259995,193.179993,192.630463,39785900
2025-07-28,193.649994,194.050003,190.839996,192.580002,192.032181,38139500
2025-07-29,192.429993,195.919998,192.080002,195.750000,195.193161,41389200
2025-07-30,195.600006,197.600006,194.690002,196.529999,195.970947,32445400
2025-07-31,195.710007,195.990005,191.089996,191.899994,191.354111,51329200
2025-08-01,189.029999,190.830002,187.820007,189.130005,188.591995,34832200
2025-08-04,190.289993,195.270004,190.119995,195.039993,194.485153,31547400
2025-08-05,194.710007,197.860001,193.889999,194.669998,194.116226,31602300
2025-08-06,194.500000,196.630005,193.669998,196.089996,195.532181,21562900
2025-08-07,197.059998,197.539993,194.330002,196.520004,195.960968,26321800
2025-08-08,197.220001,202.610001,197.169998,201.419998,200.847015,39161800
2025-08-11,200.940002,201.479996,199.070007,201.000000,200.428223,25832400
2025-08-12,201.369995,204.500000,200.589996,203.339996,202.761566,30397900
2025-08-13,204.130005,204.529999,197.509995,201.960007,201.385498,28342900
2025-08-14,201.500000,204.440002,201.229996,202.940002,202.362717,25230400
2025-08-15,203.850006,206.440002,201.279999,203.899994,203.319962,34931400
2025-08-18,204.199997,205.270004,202.490005,203.500000,202.921112,18526600
2025-08-19,203.029999,203.440002,199.960007,201.570007,200.996613,24240200
2025-08-20,200.729996,201.279999,196.600006,199.320007,198.753006,28955500
2025-08-21,199.750000,202.479996,199.429993,199.750000,199.181778,19774600
2025-08-22,202.729996,208.539993,201.300003,206.089996,205.503723,42827000
2025-08-25,206.429993,210.520004,205.279999,208.490005,207.896927,29928900
2025-08-26,207.509995,207.850006,205.699997,207.139999,206.550751,28464100
2025-08-27,205.699997,208.910004,205.649994,207.479996,206.889786,23022900
2025-08-28,207.250000,212.220001,206.899994,211.639999,211.037964,32339300
2025-08-29,210.509995,214.649994,210.199997,212.910004,212.304352,39728400
2025-09-02,208.440002,211.679993,206.199997,211.350006,210.748779,47523000
2025-09-03,226.210007,231.309998,224.789993,230.660004,230.003860,103336100
2025-09-04,229.649994,232.369995,226.110001,232.300003,231.639175,51684200
2025-09-05,232.199997,235.759995,231.899994,235.000000,234.331512,46588900
2025-09-08,235.470001,238.130005,233.669998,234.039993,233.582962,32474700
2025-09-09,234.169998,240.470001,233.229996,239.630005,239.162064,38061000
2025-09-10,238.899994,241.660004,237.850006,239.169998,238.702942,35141100
2025-09-11,239.880005,242.250000,236.250000,240.369995,239.900604,30599300
2025-09-12,240.369995,242.080002,238.000000,240.800003,240.329758,26771600
2025-09-15,244.660004,252.410004,244.660004,251.610001,251.118652,58383800
2025-09-16,252.080002,253.039993,249.470001,251.160004,250.669540,34109700
2025-09-17,251.220001,251.600006,246.279999,249.529999,249.042709,34108000
2025-09-18,251.679993,253.990005,249.800003,252.029999,251.537842,31239500
2025-09-19,253.250000,256.000000,251.809998,254.720001,254.222595,55571400
2025-09-22,254.429993,255.779999,250.300003,252.529999,252.036850,32290500
2025-09-23,253.039993,254.360001,250.479996,251.660004,251.168564,26628000
2025-09-24,251.660004,252.350006,246.440002,247.139999,246.657379,28201000
2025-09-25,244.399994,246.490005,240.740005,245.789993,245.310013,31020400
2025-09-26,247.070007,249.419998,245.970001,246.539993,246.058548,18503200
2025-09-29,247.850006,251.149994,242.770004,244.050003,243.573410,32505800
2025-09-30,242.809998,243.289993,239.250000,243.100006,242.625290,34724300
2025-10-01,240.750000,246.300003,238.610001,244.899994,244.421753,31658200
2025-10-02,245.149994,246.809998,242.300003,245.690002,245.210205,25483300
2025-10-03,244.490005,246.300003,241.660004,245.350006,244.870895,30249600
2025-10-06,244.779999,251.320007,244.580002,250.429993,249.940948,28894700
2025-10-07,248.270004,250.440002,245.520004,245.759995,245.280075,23181300
2025-10-08,244.960007,246.009995,243.820007,244.619995,244.142303,21307100
2025-10-09,244.470001,244.759995,239.149994,241.529999,241.058334,27892100
2025-10-10,241.429993,244.089996,235.839996,236.570007,236.108047,33180300
2025-10-13,240.210007,244.500000,239.710007,244.149994,243.673218,24995000
2025-10-14,241.229996,247.119995,240.509995,245.449997,244.970673,22111600
2025-10-15,247.250000,252.110001,245.990005,251.029999,250.539780,27007700
2025-10-16,251.770004,256.959991,250.100006,251.460007,250.968948,27997200
2025-10-17,250.759995,254.220001,247.809998,253.300003,252.805344,29671600
2025-10-20,254.690002,257.329987,254.229996,256.549988,256.049011,22350200
2025-10-21,254.740005,254.880005,244.149994,250.460007,249.970901,47312100
2025-10-22,254.369995,256.359985,249.289993,251.690002,251.198502,35029400
2025-10-23,252.979996,255.039993,251.850006,253.080002,252.585800,19901400
2025-10-24,256.579987,261.679993,255.320007,259.920013,259.412445,28655100
2025-10-27,264.820007,270.140015,264.279999,269.269989,268.744141,35235200
2025-10-28,269.690002,270.730011,266.500000,267.470001,266.947693,29738600
2025-10-29,267.750000,275.339996,267.670013,274.570007,274.033844,43580300
2025-10-30,291.589996,291.589996,280.059998,281.480011,280.930359,74876000
2025-10-31,283.209991,286.000000,277.029999,281.190002,280.640869,39267900
2025-11-03,282.179993,285.529999,279.799988,283.720001,283.165955,29786000
2025-11-04,276.750000,281.269989,276.260010,277.540009,276.998016,30078400
2025-11-05,278.869995,286.420013,277.339996,284.309998,283.754761,31010300
2025-11-06,285.329987,288.350006,281.140015,284.750000,284.193939,37173600
2025-11-07,283.209991,283.779999,275.190002,278.829987,278.285492,34479600
2025-11-10,284.420013,290.799988,282.859985,290.100006,289.533478,29557300
2025-11-11,287.750000,291.920013,287.320007,291.309998,290.741150,19842100
2025-11-12,291.679993,292.010010,283.690002,286.709991,286.150085,24829900
2025-11-13,282.339996,282.839996,277.239990,278.570007,278.026001,29494000
2025-11-14,271.410004,278.559998,270.700012,276.410004,275.870239,31647200
2025-11-17,285.779999,293.950012,283.570007,285.019989,284.463379,52670200
2025-11-18,287.920013,288.799988,278.200012,284.279999,283.724854,49158700
2025-11-19,287.160004,303.809998,286.630005,292.809998,292.238190,68198900
2025-11-20,304.540009,306.420013,288.670013,289.450012,288.884766,62025200
2025-11-21,296.420013,303.920013,293.850006,299.660004,299.074829,74137700
2025-11-24,311.130005,319.480011,309.600006,318.579987,317.957855,85165100
2025-11-25,326.209991,328.829987,317.649994,323.440002,322.808380,88632100
2025-11-26,320.679993,324.500000,316.790009,319.950012,319.325226,51373400
2025-11-28,323.369995,326.850006,316.790009,320.179993,319.554779,26018600
2025-12-01,317.700012,319.850006,313.890015,314.890015,314.275116,41183000
2025-12-02,316.739990,318.380005,313.910004,315.809998,315.193268,35854700
2025-12-03,315.890015,321.579987,314.100006,319.630005,319.005798,41838300
2025-12-04,322.230011,322.359985,314.700012,317.619995,316.999756,31240900
2025-12-05,319.489990,323.160004,319.170013,321.269989,320.642578,28851700
2025-12-08,320.049988,320.440002,311.220001,313.720001,313.312195,33909400
2025-12-09,312.369995,317.989990,311.899994,317.079987,316.667786,30194000
2025-12-10,315.829987,321.309998,314.679993,320.209991,319.793732,33428900
2025-12-11,320.079987,321.119995,308.600006,312.429993,312.023834,42353700
2025-12-12,313.700012,314.869995,305.559998,309.290009,308.887939,35940200
2025-12-15,311.320007,311.420013,304.880005,308.220001,307.819305,29151900
2025-12-16,304.950012,310.769989,302.589996,306.570007,306.171478,30585000
2025-12-17,308.010010,308.089996,296.119995,296.720001,296.334259,43930400
2025-12-18,301.720001,303.959991,299.230011,302.459991,302.066803,33518000
2025-12-19,301.730011,307.250000,300.970001,307.160004,306.760712,59943200
2025-12-22,309.880005,310.130005,305.299988,309.779999,309.377289,26429900
2025-12-23,309.630005,314.940002,309.320007,314.350006,313.941345,25478700
2025-12-24,314.769989,315.079987,311.920013,314.089996,313.681702,10097400
2025-12-26,314.480011,315.089996,312.279999,313.510010,313.102448,10899000
2025-12-29,311.369995,314.019989,310.619995,313.559998,313.152374,19621800
2025-12-30,312.500000,316.950012,312.459991,313.850006,313.442017,17380900