Date,Open,High,Low,Close,Adj Close,Volume
2020-01-02,231.000000,234.639999,230.160004,234.320007,201.232040,3736300
2020-01-03,231.600006,232.610001,230.300003,231.580002,198.878922,2274500
2020-01-06,229.929993,234.020004,229.490005,233.949997,200.914276,3329300
2020-01-07,235.000000,237.770004,234.759995,235.490005,202.236847,5255200
2020-01-08,235.679993,239.750000,235.479996,237.759995,204.186310,3564700
2020-01-09,241.339996,243.399994,239.820007,242.600006,208.342834,3980700
2020-01-10,242.750000,243.389999,241.389999,242.110001,207.922028,2248100
2020-01-13,244.440002,246.110001,243.000000,245.210007,210.584274,3359200
2020-01-14,245.320007,248.520004,244.600006,245.660004,210.970779,4302800
2020-01-15,242.000000,249.500000,239.160004,245.210007,210.584274,5411200
2020-01-16,247.009995,249.820007,246.229996,249.720001,214.457397,3968400
2020-01-17,250.229996,250.460007,248.000000,249.460007,214.234146,3108400
2020-01-21,247.210007,248.850006,245.600006,245.699997,211.005081,2492400
2020-01-22,246.610001,248.520004,246.339996,247.050003,212.164459,2030900
2020-01-23,244.500000,247.000000,242.880005,245.580002,210.901993,2806800
2020-01-24,245.070007,245.710007,240.600006,241.919998,207.758865,2877400
2020-01-27,236.369995,238.990005,235.009995,238.139999,204.512619,2506200
2020-01-28,239.490005,243.580002,238.050003,242.580002,208.325638,3123000
2020-01-29,244.520004,246.500000,239.570007,240.119995,206.213028,3711600
2020-01-30,237.690002,244.339996,236.729996,244.130005,209.656769,3261700
2020-01-31,241.990005,242.889999,236.880005,237.750000,204.177704,3482800
2020-02-03,238.360001,242.389999,238.050003,239.009995,205.259811,2733000
2020-02-04,242.880005,243.740005,241.550003,241.940002,207.776047,3052500
2020-02-05,244.990005,245.130005,243.000000,244.300003,209.802780,3126600
2020-02-06,245.350006,245.770004,241.179993,241.820007,207.672989,2225600
2020-02-07,239.750000,240.520004,236.550003,238.000000,204.392410,3006500
2020-02-10,237.399994,237.869995,235.460007,237.360001,203.842789,2591300
2020-02-11,239.000000,239.550003,236.220001,236.460007,203.069824,2238800
2020-02-12,238.009995,241.179993,237.720001,238.649994,204.950607,2119200
2020-02-13,237.850006,238.970001,236.570007,238.350006,204.692993,1461300
2020-02-14,237.940002,239.009995,236.229996,237.080002,203.602310,1718700
2020-02-18,236.550003,237.070007,231.199997,233.210007,200.278778,2736500
2020-02-19,235.000000,237.800003,233.279999,237.330002,203.816971,2207100
2020-02-20,236.410004,236.899994,231.250000,232.729996,199.866562,3183700
2020-02-21,230.910004,231.800003,228.369995,230.619995,198.054520,3081600
2020-02-24,223.229996,226.690002,222.539993,224.539993,192.833038,4139400
2020-02-25,224.779999,225.869995,215.889999,217.610001,186.881638,5343100
2020-02-26,218.699997,220.000000,214.759995,215.779999,185.310059,4171100
2020-02-27,210.490005,213.479996,205.369995,205.690002,176.644821,5848200
2020-02-28,199.089996,202.250000,194.850006,200.770004,173.473862,6727100
2020-03-02,201.410004,209.619995,197.630005,209.470001,180.990936,5285500
2020-03-03,209.000000,211.789993,202.119995,203.429993,175.772186,5677200
2020-03-04,205.839996,208.919998,202.699997,208.740005,180.360245,3520400
2020-03-05,201.330002,203.470001,196.949997,198.789993,171.763016,4151500
2020-03-06,190.679993,196.300003,189.279999,192.850006,166.630615,5071900
2020-03-09,173.580002,179.250000,170.160004,172.809998,149.315216,6443000
2020-03-10,181.619995,185.399994,173.289993,184.350006,159.286240,6803900
2020-03-11,178.479996,180.770004,170.970001,171.889999,148.520233,5314000
2020-03-12,160.000000,166.750000,150.000000,150.679993,130.193939,8357700
2020-03-13,162.820007,177.559998,152.350006,177.169998,153.082458,6368400
2020-03-16,150.229996,169.539993,150.000000,154.660004,133.632813,6888000
2020-03-17,157.000000,166.740005,150.000000,158.669998,137.097595,6876300
2020-03-18,150.000000,155.970001,135.410004,140.020004,120.983231,9543200
2020-03-19,137.380005,152.490005,130.850006,149.490005,129.165710,6548200
2020-03-20,148.990005,149.190002,138.289993,138.410004,119.592117,7561300
2020-03-23,136.029999,141.940002,133.259995,134.970001,116.619827,5472600
2020-03-24,144.320007,153.899994,143.630005,153.600006,132.716904,6647400
2020-03-25,154.600006,162.210007,145.320007,155.130005,134.038910,8587800
2020-03-26,156.369995,167.660004,154.309998,165.789993,143.249573,6762200
2020-03-27,159.080002,163.729996,157.000000,158.339996,136.812469,4186700
2020-03-30,158.520004,160.429993,153.179993,159.619995,137.918442,4152800
2020-03-31,158.130005,161.100006,153.720001,154.589996,133.572327,3588200
2020-04-01,146.100006,149.570007,145.000000,145.289993,125.536736,4689100
2020-04-02,143.020004,150.449997,141.669998,149.929993,129.545898,4446900
2020-04-03,149.199997,150.919998,145.229996,146.929993,126.953743,2801600
2020-04-06,155.470001,158.929993,153.770004,158.229996,136.717453,4689400
2020-04-07,166.000000,169.139999,162.449997,166.020004,143.448334,4953500
2020-04-08,168.550003,178.100006,168.550003,176.960007,152.900940,5194800
2020-04-09,180.580002,187.330002,179.770004,184.259995,159.208435,6445800
2020-04-13,183.850006,184.970001,179.130005,179.179993,154.819092,4774300
2020-04-14,182.350006,183.380005,174.539993,178.229996,153.998245,4149600
2020-04-15,170.630005,181.679993,169.149994,178.520004,154.248886,6042700
2020-04-16,177.220001,178.440002,172.389999,177.039993,152.970078,4662200
2020-04-17,183.490005,185.279999,178.289993,183.490005,158.543137,5426700
2020-04-20,179.699997,186.320007,178.020004,180.399994,155.873245,4674800
2020-04-21,175.440002,179.199997,173.660004,173.809998,150.179214,3819000
2020-04-22,177.500000,178.179993,174.470001,175.979996,152.054199,2314500
2020-04-23,177.000000,179.070007,174.449997,175.050003,151.250641,2013300
2020-04-24,177.000000,177.949997,173.490005,177.000000,152.935532,2024400
2020-04-27,179.100006,184.250000,178.720001,183.539993,158.586349,2743100
2020-04-28,189.160004,190.419998,184.869995,187.009995,161.584595,3344700
2020-04-29,192.610001,193.720001,189.570007,190.029999,164.194000,3086300
2020-04-30,186.000000,187.550003,182.899994,183.419998,158.482666,2695400
2020-05-01,179.000000,179.600006,176.649994,177.100006,153.021912,2650200
2020-05-04,175.000000,176.309998,171.720001,176.029999,152.097382,2990100
2020-05-05,179.100006,182.600006,178.139999,178.300003,154.058746,3272600
2020-05-06,179.679993,181.199997,175.210007,176.919998,152.866394,2408700
2020-05-07,179.179993,183.380005,179.179993,182.320007,157.532242,2480100
2020-05-08,185.029999,185.910004,182.740005,185.389999,160.184814,2277500
2020-05-11,182.539993,184.850006,181.259995,183.160004,158.258011,2212200
2020-05-12,183.889999,184.300003,176.750000,177.210007,153.116974,3549200
2020-05-13,175.660004,176.880005,170.759995,171.800003,148.442474,3445300
2020-05-14,169.039993,174.779999,165.360001,174.449997,150.732208,4176700
2020-05-15,173.479996,174.089996,170.580002,171.869995,148.502975,2867800
2020-05-18,177.710007,183.100006,175.240005,181.880005,157.152054,4505800
2020-05-19,180.559998,182.190002,177.720001,177.830002,153.652679,2210500
2020-05-20,180.949997,183.830002,180.300003,181.440002,156.771866,2599900
2020-05-21,180.199997,181.169998,177.679993,180.100006,155.614044,2153500
2020-05-22,180.029999,180.639999,178.059998,179.929993,155.467133,2176400
2020-05-26,185.630005,197.100006,185.220001,196.059998,169.404160,5971200
2020-05-27,203.000000,210.710007,200.009995,209.660004,181.155136,8182100
2020-05-28,210.839996,211.309998,201.210007,201.220001,173.862625,4886100
2020-05-29,197.229996,200.919998,194.649994,196.490005,170.836975,3822600
2020-06-01,197.309998,201.770004,195.119995,199.929993,173.827805,2230800
2020-06-02,203.770004,206.500000,201.320007,204.139999,177.488174,4128700
2020-06-03,208.490005,211.929993,206.429993,210.570007,183.078705,3471900
2020-06-04,208.789993,214.990005,207.960007,214.820007,186.773865,3522300
2020-06-05,222.000000,222.979996,217.660004,217.919998,189.469101,4737600
2020-06-08,220.020004,222.259995,218.240005,220.809998,191.981842,3260300
2020-06-09,215.740005,220.020004,215.160004,218.100006,189.625595,2478400
2020-06-10,217.389999,219.850006,212.800003,213.520004,185.643616,3091200
2020-06-11,204.699997,206.899994,194.020004,194.130005,168.785080,4923400
2020-06-12,200.619995,202.940002,196.210007,201.779999,175.436310,3380800
2020-06-15,195.729996,206.990005,195.149994,206.309998,179.374878,3467400
2020-06-16,214.979996,214.979996,203.729996,209.589996,182.226654,3099100
2020-06-17,210.000000,210.789993,205.440002,206.190002,179.270538,1798300
2020-06-18,203.990005,207.259995,202.669998,203.839996,177.227356,2051700
2020-06-19,207.050003,207.419998,200.970001,201.630005,175.305939,4962400
2020-06-22,200.990005,204.580002,200.000000,203.419998,176.862183,1806900
2020-06-23,206.500000,207.509995,203.639999,204.779999,178.044617,2451800
2020-06-24,202.339996,202.610001,197.380005,198.020004,172.167221,2756700
2020-06-25,197.860001,207.389999,197.610001,207.100006,180.061752,3466500
2020-06-26,199.000000,200.240005,188.509995,189.190002,164.490036,9530700
2020-06-29,191.380005,193.899994,188.660004,193.470001,168.211197,3736000
2020-06-30,193.839996,198.410004,193.619995,197.619995,171.819412,3102800
2020-07-01,198.880005,199.740005,195.520004,197.570007,171.775970,2620100
2020-07-02,202.500000,203.000000,197.130005,197.399994,171.628143,2699400
2020-07-06,201.339996,207.789993,201.130005,207.360001,180.287811,3567700
2020-07-07,205.500000,205.710007,199.190002,199.360001,173.332260,2853500
2020-07-08,199.539993,203.250000,199.020004,202.250000,175.844986,2789700
2020-07-09,202.110001,202.500000,195.000000,196.830002,171.132584,3160100
2020-07-10,196.869995,206.320007,196.830002,205.559998,178.722839,4414800
2020-07-13,209.000000,212.979996,207.000000,208.880005,181.609375,4449600
2020-07-14,211.429993,214.300003,207.009995,214.009995,186.069611,5202000
2020-07-15,224.369995,225.240005,214.690002,216.899994,188.582321,12516700
2020-07-16,213.509995,220.460007,213.500000,214.669998,186.643448,5769600
2020-07-17,214.899994,215.169998,211.250000,211.410004,183.809082,3614300
2020-07-20,210.729996,213.169998,210.250000,211.710007,184.069901,2268700
2020-07-21,212.250000,213.809998,210.389999,212.020004,184.339401,3393500
2020-07-22,210.500000,211.000000,205.350006,206.000000,179.105347,4978400
2020-07-23,205.100006,206.020004,202.050003,203.020004,176.514450,4088600
2020-07-24,203.000000,204.929993,201.320007,201.470001,175.166779,3191500
2020-07-27,200.100006,204.179993,199.589996,203.020004,176.514450,2601200
2020-07-28,201.910004,203.600006,201.089996,201.619995,175.297180,2139600
2020-07-29,201.699997,203.889999,199.619995,202.580002,176.131897,2635000
2020-07-30,199.500000,199.990005,196.300003,199.529999,173.480103,3057900
2020-07-31,199.839996,199.839996,196.509995,197.960007,172.115082,2399700
2020-08-03,198.490005,199.880005,196.529999,199.389999,173.358292,2294600
2020-08-04,199.350006,201.720001,198.479996,201.639999,175.314621,1944700
2020-08-05,203.169998,204.809998,203.009995,204.520004,177.818604,2232400
2020-08-06,205.000000,206.289993,203.830002,204.250000,177.583847,1882400
2020-08-07,203.479996,208.800003,202.449997,208.270004,181.078995,3075000
2020-08-10,209.589996,210.639999,208.039993,209.380005,182.044098,2432800
2020-08-11,212.720001,216.949997,210.529999,211.059998,183.504761,4042700
2020-08-12,214.699997,215.949997,209.270004,212.130005,184.435043,2439400
2020-08-13,210.410004,212.199997,207.690002,208.389999,181.183334,2219900
2020-08-14,207.460007,209.479996,206.610001,207.970001,180.818161,2287600
2020-08-17,207.000000,207.850006,202.529999,203.070007,176.557907,3922600
2020-08-18,203.449997,203.580002,201.100006,201.309998,175.027679,3067900
2020-08-19,202.399994,206.100006,201.770004,203.020004,176.514450,2458500
2020-08-20,200.759995,203.279999,200.339996,201.850006,175.497162,1764200
2020-08-21,200.110001,203.350006,199.820007,202.429993,176.001450,1780900
2020-08-24,203.110001,207.429993,201.320007,207.339996,180.270416,3097400
2020-08-25,209.990005,210.490005,205.169998,206.000000,179.105347,2627600
2020-08-26,205.889999,207.279999,205.029999,207.220001,180.166092,2563200
2020-08-27,206.679993,213.000000,206.410004,210.149994,182.713531,3692400
2020-08-28,211.889999,212.000000,207.089996,207.710007,180.592117,3697400
2020-08-31,205.500000,206.410004,203.630005,204.869995,179.201324,3046200
2020-09-01,203.600006,206.710007,203.009995,205.460007,179.717392,2457000
2020-09-02,205.789993,210.929993,205.369995,210.039993,183.723541,3565200
2020-09-03,211.750000,215.229996,205.830002,207.559998,181.554276,3533500
2020-09-04,210.889999,213.350006,205.320007,210.940002,184.510773,3668900
2020-09-08,209.509995,209.960007,201.270004,202.479996,177.110779,4574700
2020-09-09,204.190002,204.830002,202.029999,202.220001,176.883377,4681400
2020-09-10,203.729996,205.350006,199.550003,200.009995,174.950241,2510300
2020-09-11,200.240005,201.910004,198.949997,200.919998,175.746231,2376400
2020-09-14,203.300003,203.300003,200.669998,201.339996,176.113602,2756900
2020-09-15,202.000000,202.589996,197.979996,198.000000,173.192078,3717600
2020-09-16,198.490005,203.800003,198.070007,200.679993,175.536285,3571400
2020-09-17,198.210007,199.889999,194.509995,194.830002,170.419250,4274800
2020-09-18,195.009995,196.649994,192.380005,194.860001,170.445480,9066300
2020-09-21,189.899994,194.169998,187.470001,194.000000,169.693253,4871300
2020-09-22,194.000000,196.139999,188.429993,191.619995,167.611435,3355800
2020-09-23,192.000000,192.919998,185.869995,186.119995,162.800537,3116100
2020-09-24,188.979996,197.460007,187.050003,195.110001,170.664200,5114600
2020-09-25,192.960007,195.389999,189.610001,194.949997,170.524185,3106000
2020-09-28,197.779999,201.869995,197.149994,199.070007,174.128021,3280100
2020-09-29,198.160004,198.770004,195.429993,196.789993,172.133667,2400000
2020-09-30,198.679993,203.080002,198.360001,200.970001,175.789993,3075800
2020-10-01,201.529999,203.130005,197.869995,198.550003,173.673203,2288700
2020-10-02,195.339996,200.699997,195.289993,199.899994,174.854050,2541200
2020-10-05,201.929993,202.839996,199.589996,201.800003,176.515976,2551600
2020-10-06,204.250000,206.089996,199.899994,201.089996,175.894913,2833100
2020-10-07,203.899994,205.000000,201.169998,203.600006,178.090424,2326600
2020-10-08,205.149994,208.160004,204.110001,207.979996,181.921631,2330600
2020-10-09,208.759995,209.809998,206.070007,207.539993,181.536789,3040900
2020-10-12,207.410004,214.889999,207.410004,214.119995,187.292374,3474200
2020-10-13,214.009995,214.110001,209.179993,210.809998,184.397095,3317300
2020-10-14,213.880005,214.449997,210.270004,211.229996,184.764481,7550100
2020-10-15,209.580002,210.729996,206.899994,208.600006,182.463959,4325700
2020-10-16,208.320007,210.000000,205.809998,206.210007,180.373413,3244500
2020-10-19,207.389999,207.910004,204.589996,205.690002,179.918625,3235300
2020-10-20,206.699997,211.380005,206.470001,208.029999,181.965378,3335500
2020-10-21,207.389999,207.949997,202.009995,202.910004,177.486893,3083600
2020-10-22,203.199997,206.369995,202.199997,205.399994,179.664917,2136900
2020-10-23,206.759995,208.210007,204.020004,205.039993,179.350021,2110200
2020-10-26,202.490005,202.809998,198.509995,201.139999,175.938675,3249700
2020-10-27,200.000000,200.589996,195.410004,195.679993,171.162781,3430400
2020-10-28,191.309998,193.369995,188.940002,189.770004,165.993271,4214600
2020-10-29,189.800003,192.350006,186.899994,189.940002,166.141922,3581200
2020-10-30,189.509995,190.399994,185.520004,189.039993,165.354721,3658800
2020-11-02,192.000000,192.699997,188.229996,190.199997,166.369370,2459600
2020-11-03,193.940002,199.000000,193.220001,197.929993,173.130859,4545500
2020-11-04,196.250000,200.820007,194.899994,197.869995,173.078369,3868500
2020-11-05,199.649994,204.119995,199.059998,202.960007,177.530640,2892800
2020-11-06,204.339996,204.389999,200.419998,201.259995,176.043610,2475100
2020-11-09,214.490005,218.000000,209.369995,214.929993,188.000900,6960500
2020-11-10,215.250000,218.380005,211.179993,217.470001,190.222641,4166500
2020-11-11,218.639999,219.919998,215.029999,218.050003,190.729965,2680700
2020-11-12,215.220001,216.860001,212.399994,214.509995,187.633514,3005500
2020-11-13,215.850006,220.960007,215.410004,219.080002,191.630936,2832100
2020-11-16,223.529999,224.600006,220.029999,222.380005,194.517471,3004700
2020-11-17,220.020004,224.850006,218.330002,224.649994,196.503036,2722900
2020-11-18,225.000000,227.720001,223.509995,224.300003,196.196869,2856200
2020-11-19,224.300003,224.940002,222.110001,224.570007,196.433090,1505200
2020-11-20,223.000000,224.809998,222.630005,223.350006,195.365952,1848100
2020-11-23,226.059998,230.000000,225.729996,228.830002,200.159271,3371300
2020-11-24,231.100006,238.119995,230.630005,237.500000,207.743042,3915200
2020-11-25,235.000000,237.449997,232.429993,236.539993,206.903290,2272800
2020-11-27,237.000000,237.300003,233.789993,235.399994,205.906128,1050400
2020-11-30,232.050003,235.000000,230.360001,230.580002,201.690048,2705400
2020-12-01,231.960007,234.869995,231.350006,232.080002,204.108627,2577600
2020-12-02,232.080002,238.130005,231.580002,237.649994,209.007278,2136300
2020-12-03,237.289993,238.850006,234.639999,235.470001,207.090012,2142600
2020-12-04,237.699997,239.750000,236.949997,239.580002,210.704681,2373000
2020-12-07,238.539993,239.850006,235.449997,238.449997,209.710846,1788600
2020-12-08,237.009995,239.190002,236.580002,238.839996,210.053864,1371800
2020-12-09,240.000000,245.360001,239.529999,242.820007,213.554153,3552300
2020-12-10,240.000000,245.179993,239.509995,244.399994,214.943741,2541700
2020-12-11,240.809998,241.199997,237.100006,239.990005,211.065262,2077300
2020-12-14,243.279999,243.500000,237.389999,237.789993,209.130417,1927800
2020-12-15,239.500000,243.610001,237.190002,242.429993,213.211182,2348000
2020-12-16,243.559998,243.899994,241.119995,243.770004,214.389664,2400900
2020-12-17,245.000000,245.929993,243.000000,244.429993,214.970139,2983600
2020-12-18,245.389999,245.389999,240.559998,242.130005,212.947342,4088100
2020-12-21,250.289993,260.850006,248.759995,256.980011,226.007584,7408500
2020-12-22,256.859985,257.700012,249.800003,250.089996,219.947998,3599800
2020-12-23,251.500000,260.579987,251.300003,256.450012,225.541412,3376100
2020-12-24,257.040009,257.619995,253.750000,256.160004,225.286392,968100
2020-12-28,257.809998,262.649994,257.000000,259.589996,228.303009,2793400
2020-12-29,260.260010,260.859985,256.500000,258.010010,226.913437,1430900
2020-12-30,258.809998,260.649994,257.829987,259.450012,228.179871,1566500
2020-12-31,258.799988,263.929993,258.000000,263.709991,231.926422,2043100
2021-01-04,267.000000,267.579987,260.160004,265.000000,233.060974,3572000
2021-01-05,263.880005,273.500000,262.570007,270.929993,238.276245,4207100
2021-01-06,276.290009,288.380005,273.100006,285.549988,251.134140,6383500
2021-01-07,287.769989,295.890015,286.679993,291.649994,256.498962,4009700
2021-01-08,292.000000,292.279999,285.059998,290.079987,255.118118,2800800
2021-01-11,286.799988,295.000000,284.200012,293.829987,258.416107,2649700
2021-01-12,297.140015,303.980011,296.019989,302.209991,265.786133,4814400
2021-01-13,300.079987,303.720001,299.100006,302.940002,266.428223,2413800
2021-01-14,304.049988,309.410004,303.540009,307.869995,270.764008,3192200
2021-01-15,301.190002,304.859985,296.880005,301.010010,264.730865,3863700
2021-01-19,305.000000,306.600006,293.799988,294.200012,258.741638,6727800
2021-01-20,295.820007,297.450012,287.480011,290.470001,255.461121,4792600
2021-01-21,290.450012,292.739990,288.529999,289.369995,254.493790,2516000
2021-01-22,286.690002,290.589996,285.500000,289.390015,254.511307,2568800
2021-01-25,285.529999,286.350006,277.500000,283.040009,248.926697,4575000
2021-01-26,283.929993,285.769989,280.079987,281.760010,247.800934,3296800
2021-01-27,276.000000,277.369995,271.320007,273.329987,240.386978,3891800
2021-01-28,274.609985,279.829987,271.329987,275.019989,241.873276,3778700
2021-01-29,274.269989,277.399994,270.619995,271.170013,238.487335,3412000
2021-02-01,272.660004,276.799988,272.000000,274.730011,241.618240,2324100
2021-02-02,278.320007,288.250000,278.000000,286.970001,252.382980,5195500
2021-02-03,286.609985,289.809998,285.179993,288.549988,253.772598,2712800
2021-02-04,290.000000,295.829987,289.519989,293.750000,258.345886,2994700
2021-02-05,295.000000,297.239990,292.190002,293.500000,258.126007,2938100
2021-02-08,295.000000,300.890015,294.500000,300.149994,263.974457,2826200
2021-02-09,299.600006,302.450012,297.700012,300.459991,264.247162,2071700
2021-02-10,300.000000,305.179993,297.750000,304.279999,267.606689,3213700
2021-02-11,303.980011,305.010010,299.170013,302.320007,265.882996,2159900
2021-02-12,301.989990,306.700012,301.769989,306.320007,269.400879,1977300
2021-02-16,310.000000,312.920013,309.220001,311.959991,274.361053,2792200
2021-02-17,310.029999,314.980011,308.760010,312.739990,275.047150,2333100
2021-02-18,309.220001,314.500000,307.579987,309.899994,272.549469,2093300
2021-02-19,310.230011,316.779999,310.230011,315.619995,277.579956,2749500
2021-02-22,313.000000,320.559998,312.209991,316.869995,278.679382,3162300
2021-02-23,317.980011,320.000000,310.579987,319.209991,280.737305,2942500
2021-02-24,320.170013,330.970001,320.100006,330.640015,290.789642,3934400
2021-02-25,333.329987,335.809998,326.290009,327.760010,288.256775,4244000
2021-02-26,325.769989,328.679993,319.040009,319.480011,280.974762,3732200
2021-03-01,325.000000,331.040009,323.309998,329.920013,291.296234,2957800
2021-03-02,330.000000,336.190002,329.510010,330.940002,292.196838,2850300
2021-03-03,333.679993,340.100006,333.250000,334.429993,295.278198,3606300
2021-03-04,333.130005,339.760010,323.920013,329.290009,290.739990,3647600
2021-03-05,335.579987,335.579987,316.459991,327.369995,289.044739,3740200
2021-03-08,331.359985,337.589996,329.100006,334.190002,295.066315,2998000
2021-03-09,328.619995,336.390015,325.570007,330.589996,291.887726,3324800
2021-03-10,332.070007,342.399994,331.529999,342.019989,301.979614,3153100
2021-03-11,338.660004,345.000000,336.459991,342.100006,302.050293,2756600
2021-03-12,345.220001,350.000000,343.640015,348.809998,307.974762,2436700
2021-03-15,349.440002,352.420013,342.000000,346.049988,305.537811,2276200
2021-03-16,345.279999,346.899994,337.750000,341.709991,301.705963,2332600
2021-03-17,344.619995,347.029999,340.399994,344.950012,304.566620,2710900
2021-03-18,350.750000,356.850006,346.989990,348.000000,307.259552,3713000
2021-03-19,346.420013,347.239990,340.630005,344.200012,303.904449,3513000
2021-03-22,341.059998,342.880005,336.000000,339.329987,299.604523,2094500
2021-03-23,337.619995,341.890015,331.329987,331.769989,292.929596,2457500
2021-03-24,333.420013,336.940002,328.440002,328.649994,290.174866,3332200
2021-03-25,327.350006,331.390015,321.920013,330.549988,291.852448,2804700
2021-03-26,334.510010,335.450012,322.690002,327.390015,289.062408,3082600
2021-03-29,320.350006,327.760010,317.720001,325.730011,287.596741,4533200
2021-03-30,329.410004,335.750000,328.850006,332.010010,293.141510,2717300
2021-03-31,330.230011,332.649994,325.440002,327.000000,288.718018,2624500
2021-04-01,324.299988,329.660004,324.160004,327.640015,289.283112,2659000
2021-04-05,332.850006,332.850006,323.049988,323.540009,285.663177,3235000
2021-04-06,324.489990,328.540009,324.000000,327.059998,288.770996,1801700
2021-04-07,327.700012,329.200012,323.350006,326.549988,288.320648,2157300
2021-04-08,324.290009,331.489990,322.970001,331.140015,292.373383,2402800
2021-04-09,334.000000,334.899994,328.790009,330.809998,292.081909,2347100
2021-04-12,332.670013,334.480011,329.940002,331.839996,292.991425,2318800
2021-04-13,329.510010,330.049988,324.179993,327.679993,289.318451,3575900
2021-04-14,328.549988,344.470001,326.149994,335.350006,296.090515,9876800
2021-04-15,338.899994,341.350006,334.540009,338.549988,298.915833,4354800
2021-04-16,340.290009,343.739990,338.619995,342.309998,302.235657,4231900
2021-04-19,340.000000,344.429993,336.600006,343.089996,302.924438,3228200
2021-04-20,339.970001,340.470001,329.350006,331.880005,293.026764,3662300
2021-04-21,330.000000,335.470001,327.559998,335.269989,296.019928,2733300
2021-04-22,334.619995,336.970001,330.290009,330.850006,292.117371,2165200
2021-04-23,331.250000,340.670013,330.720001,339.350006,299.622345,2163800
2021-04-26,341.940002,345.899994,340.890015,343.519989,303.304016,2171500
2021-04-27,344.000000,347.549988,343.660004,346.630005,306.049988,2088600
2021-04-28,348.000000,350.119995,346.089996,348.109985,307.356689,2140900
2021-04-29,350.549988,353.829987,347.480011,352.970001,311.647736,2584400
2021-04-30,351.119995,352.820007,347.200012,348.450012,307.656830,2101100
2021-05-03,350.339996,354.059998,349.260010,350.160004,309.166748,1871700
2021-05-04,348.899994,351.779999,342.570007,349.839996,308.884125,2831400
2021-05-05,352.000000,359.140015,348.549988,357.619995,315.753357,2786800
2021-05-06,359.769989,366.299988,356.500000,365.970001,323.125793,3048700
2021-05-07,362.299988,371.649994,360.929993,370.890015,327.469879,3378100
2021-05-10,373.500000,376.980011,368.500000,368.679993,325.518494,3396300
2021-05-11,363.000000,368.630005,358.619995,359.920013,317.784119,3734300
2021-05-12,363.070007,368.130005,353.269989,354.399994,312.910278,3309800
2021-05-13,353.250000,360.890015,353.250000,358.809998,316.803986,2673900
2021-05-14,362.000000,369.510010,361.700012,368.769989,325.598053,2732300
2021-05-17,367.779999,370.700012,364.500000,369.250000,326.021820,1826100
2021-05-18,371.380005,373.079987,364.000000,364.559998,321.880890,2018600
2021-05-19,360.000000,360.000000,353.929993,358.380005,316.424377,3696000
2021-05-20,358.980011,361.950012,353.350006,359.779999,317.660553,1919600
2021-05-21,361.489990,367.140015,360.510010,366.260010,323.381866,2657500
2021-05-24,367.320007,369.720001,365.510010,368.290009,325.174255,1834300
2021-05-25,369.910004,373.769989,364.089996,364.510010,321.836792,2631000
2021-05-26,365.000000,368.790009,361.910004,367.399994,324.388336,2121200
2021-05-27,371.329987,373.549988,367.299988,371.369995,327.893646,3897000
2021-05-28,372.000000,373.070007,368.260010,372.019989,329.576904,2169700
2021-06-01,377.700012,383.359985,376.309998,382.440002,338.808044,3644000
2021-06-02,383.329987,384.670013,379.369995,383.440002,339.693970,2809700
2021-06-03,382.250000,391.250000,380.130005,388.720001,344.371674,3003900
2021-06-04,389.679993,392.049988,386.320007,391.450012,346.790131,2514100
2021-06-07,393.000000,393.260010,387.549988,388.160004,343.875458,2188700
2021-06-08,385.790009,386.480011,382.220001,384.700012,340.810272,2452600
2021-06-09,383.160004,384.269989,378.880005,382.779999,339.109314,2025900
2021-06-10,389.640015,389.640015,372.350006,373.940002,331.277832,3900800
2021-06-11,375.700012,378.750000,375.109985,378.049988,334.918945,2117300
2021-06-14,377.429993,378.750000,370.700012,372.920013,330.374207,2560500
2021-06-15,373.500000,374.839996,367.160004,371.299988,328.939026,2302900
2021-06-16,370.989990,374.079987,365.250000,371.000000,328.673279,3264200
2021-06-17,373.519989,373.519989,356.549988,361.500000,320.257111,4146300
2021-06-18,356.519989,358.380005,348.130005,348.829987,309.032593,6290100
2021-06-21,352.890015,357.970001,351.040009,357.540009,316.748871,2717300
2021-06-22,357.000000,359.880005,352.640015,357.529999,316.740051,1870800
2021-06-23,358.790009,362.480011,357.660004,361.049988,319.858337,1713100
2021-06-24,363.000000,370.880005,362.779999,368.750000,326.679962,2716600
2021-06-25,368.820007,371.149994,364.540009,368.769989,326.697693,2782400
2021-06-28,367.799988,368.869995,363.859985,368.709991,326.644470,1833400
2021-06-29,374.859985,378.089996,370.750000,372.619995,330.108459,2365900
2021-06-30,370.899994,380.109985,370.899994,379.529999,336.230133,2238400
2021-07-01,380.700012,381.640015,374.149994,374.989990,332.207977,2571000
2021-07-02,376.309998,376.600006,372.420013,374.160004,331.472809,1598900
2021-07-06,373.230011,373.630005,365.410004,369.859985,327.663300,2162900
2021-07-07,367.500000,370.089996,362.179993,367.670013,325.723175,2012800
2021-07-08,359.690002,362.890015,355.589996,358.940002,317.989105,2940500
2021-07-09,366.000000,372.149994,364.950012,371.760010,329.346588,2641800
2021-07-12,370.309998,384.000000,367.329987,380.500000,337.089417,4135900
2021-07-13,381.059998,385.329987,372.010010,375.980011,333.085144,6466800
2021-07-14,378.750000,381.769989,371.390015,374.399994,331.685364,3295700
2021-07-15,371.239990,378.750000,370.570007,373.350006,330.755188,2183900
2021-07-16,374.929993,374.929993,363.829987,364.799988,323.180573,2583300
2021-07-19,354.000000,355.190002,349.000000,354.720001,314.250610,4394600
2021-07-20,352.269989,367.309998,351.540009,364.760010,323.145203,2937900
2021-07-21,368.040009,374.899994,367.929993,373.500000,330.888062,2398800
2021-07-22,372.299988,373.690002,368.450012,372.709991,330.188171,1887100
2021-07-23,374.589996,378.000000,371.380005,374.049988,331.375305,1706900
2021-07-26,373.179993,376.679993,373.109985,375.899994,333.014221,1559100
2021-07-27,372.500000,375.140015,369.220001,374.839996,332.075134,1791800
2021-07-28,375.809998,377.440002,372.339996,374.230011,331.534760,1668900
2021-07-29,377.029999,379.510010,374.809998,377.549988,334.475983,1296600
2021-07-30,376.570007,379.950012,373.059998,374.880005,332.110687,1474900
2021-08-02,376.170013,386.929993,375.750000,378.190002,335.042938,2383200
2021-08-03,380.250000,381.309998,371.769989,380.359985,336.965363,1494600
2021-08-04,378.480011,382.649994,375.760010,377.859985,334.750519,1460500
2021-08-05,380.149994,384.309998,379.950012,384.299988,340.455872,1583800
2021-08-06,388.880005,398.859985,388.640015,397.890015,352.495422,3655800
2021-08-09,396.589996,404.600006,393.579987,399.880005,354.258362,3319100
2021-08-10,400.119995,410.630005,399.500000,407.970001,361.425415,3152300
2021-08-11,408.799988,414.679993,407.059998,413.890015,366.669983,3000500
2021-08-12,414.380005,418.619995,410.559998,415.000000,367.653381,2312800
2021-08-13,416.000000,416.890015,408.179993,410.779999,363.914856,1980000
2021-08-16,408.989990,408.989990,402.149994,408.350006,361.762024,1590700
2021-08-17,403.839996,408.350006,400.200012,404.970001,358.767700,2077400
2021-08-18,402.600006,406.109985,398.589996,398.799988,353.301544,2187800
2021-08-19,394.600006,397.730011,390.910004,393.570007,348.668304,2241500
2021-08-20,391.489990,396.450012,391.000000,395.869995,350.705902,1612100
2021-08-23,401.890015,404.100006,399.000000,401.450012,355.649231,1857600
2021-08-24,403.589996,409.660004,402.700012,408.559998,361.948120,1958400
2021-08-25,409.899994,416.679993,408.940002,413.119995,365.987854,1845300
2021-08-26,415.880005,420.730011,411.160004,412.410004,365.358856,2076500
2021-08-27,412.779999,419.850006,412.500000,419.690002,371.808289,2174500
2021-08-30,419.950012,420.760010,412.720001,413.600006,366.413055,2089400
2021-08-31,412.109985,414.859985,408.760010,413.510010,368.113403,1958100
2021-09-01,413.160004,416.109985,410.309998,413.660004,368.246948,1680400
2021-09-02,415.109985,417.579987,412.640015,414.500000,368.994720,1830400
2021-09-03,414.000000,415.119995,410.600006,411.309998,366.154877,1373600
2021-09-07,411.000000,414.730011,409.640015,410.320007,365.273621,1557000
2021-09-08,409.220001,410.980011,404.700012,405.000000,360.537689,1646200
2021-09-09,404.670013,408.880005,403.510010,404.579987,360.163788,2424600
2021-09-10,408.000000,409.790009,403.160004,403.480011,359.184570,1956000
2021-09-13,407.410004,409.369995,403.799988,409.260010,364.329956,1802800
2021-09-14,410.299988,417.010010,402.779999,403.690002,359.371490,3263200
2021-09-15,398.000000,403.609985,396.209991,401.950012,357.822479,3199800
2021-09-16,404.519989,405.980011,394.890015,396.679993,353.131073,2882900
2021-09-17,396.320007,399.160004,388.829987,391.459991,348.484131,3843700
2021-09-20,377.820007,380.859985,372.500000,378.130005,336.617584,3834500
2021-09-21,380.850006,381.500000,374.079987,375.839996,334.578949,2377300
2021-09-22,380.799988,389.290009,379.709991,385.470001,343.151764,2991300
2021-09-23,390.390015,393.739990,388.179993,391.859985,348.840179,2518000
2021-09-24,390.470001,392.489990,388.600006,390.850006,347.941162,1789700
2021-09-27,396.579987,401.000000,395.179993,399.809998,355.917419,2788500
2021-09-28,400.450012,404.209991,388.390015,389.500000,346.739319,2609000
2021-09-29,390.679993,392.390015,384.299988,384.890015,342.635437,1955000
2021-09-30,388.000000,388.019989,376.619995,378.029999,336.528534,2665700
2021-10-01,379.440002,382.720001,375.850006,380.000000,338.282196,2382300
2021-10-04,380.209991,386.869995,372.820007,374.149994,333.074463,2895600
2021-10-05,378.100006,388.220001,375.500000,385.809998,343.454407,2508100
2021-10-06,382.380005,389.549988,378.660004,388.049988,345.448486,2111800
2021-10-07,392.910004,397.850006,389.760010,390.619995,347.736359,2348000
2021-10-08,390.829987,394.309998,388.179993,392.809998,349.685913,1446700
2021-10-11,392.899994,396.950012,385.019989,385.239990,342.946991,1787400
2021-10-12,386.220001,388.589996,381.019989,386.529999,344.095367,2088200
2021-10-13,388.000000,388.380005,378.630005,386.309998,343.899536,2391600
2021-10-14,392.000000,393.660004,382.200012,391.200012,348.252686,3380900
2021-10-15,402.309998,407.269989,396.339996,406.070007,361.490204,6451400
2021-10-18,408.010010,415.940002,407.600006,413.690002,368.273621,3832300
2021-10-19,415.179993,415.850006,409.690002,412.160004,366.911621,2568300
2021-10-20,411.000000,414.329987,406.200012,407.890015,363.110413,2453400
2021-10-21,406.799988,412.660004,404.619995,407.589996,362.843353,2162100
2021-10-22,409.989990,415.359985,409.100006,414.320007,368.834534,2411000
2021-10-25,416.209991,419.489990,413.269989,414.750000,369.217255,1824700
2021-10-26,416.369995,419.809998,413.760010,417.609985,371.763306,1843300
2021-10-27,416.549988,418.059998,410.549988,410.989990,365.870087,2067200
2021-10-28,412.000000,414.920013,409.059998,414.820007,369.279602,1444700
2021-10-29,414.019989,415.959991,411.179993,413.350006,367.970978,2061700
2021-11-01,417.070007,418.730011,413.250000,416.700012,370.953217,1820800
2021-11-02,415.100006,426.160004,412.790009,423.850006,377.318298,3000800
2021-11-03,423.119995,424.000000,412.559998,417.899994,372.021454,3542400
2021-11-04,414.649994,415.989990,403.029999,408.070007,363.270660,3802300
2021-11-05,411.399994,414.450012,406.100006,407.079987,362.389313,2105600
2021-11-08,409.890015,413.649994,407.959991,408.339996,363.510956,1728400
2021-11-09,406.109985,407.579987,400.059998,405.350006,360.849213,2246900
2021-11-10,402.329987,405.549988,397.250000,399.119995,355.303223,2243900
2021-11-11,400.140015,403.760010,398.510010,402.339996,358.169617,1252400
2021-11-12,403.000000,405.100006,399.200012,404.910004,360.457520,1360100
2021-11-15,406.000000,407.339996,403.910004,404.809998,360.368500,1436500
2021-11-16,403.910004,405.839996,399.000000,403.089996,358.837372,1311000
2021-11-17,401.850006,402.649994,391.470001,391.549988,348.564240,2927000
2021-11-18,392.299988,393.920013,385.679993,391.369995,348.403992,1847400
2021-11-19,382.380005,390.239990,381.040009,387.390015,344.860962,2610400
2021-11-22,393.160004,402.489990,390.179993,396.160004,352.668152,3058700
2021-11-23,400.250000,406.959991,397.510010,406.339996,361.730560,2402300
2021-11-24,405.000000,407.480011,398.299988,399.190002,355.365509,2186300
2021-11-26,384.480011,391.709991,382.720001,389.390015,346.641418,2687900
2021-11-29,394.000000,396.369995,382.450012,386.540009,344.104218,2883400
2021-11-30,383.529999,386.829987,377.260010,380.989990,339.163574,4570400
2021-12-01,383.820007,390.160004,376.209991,376.480011,336.917328,2476000
2021-12-02,378.000000,389.089996,376.029999,387.540009,346.815033,3343700
2021-12-03,389.880005,389.880005,379.029999,382.730011,342.510559,2807500
2021-12-06,388.670013,393.600006,383.489990,389.299988,348.390106,1990200
2021-12-07,393.579987,401.750000,393.059998,400.109985,358.064117,2441000
2021-12-08,401.230011,401.709991,395.140015,397.320007,355.567322,1635200
2021-12-09,395.700012,400.190002,393.000000,396.489990,354.824585,2111500
2021-12-10,398.000000,398.859985,388.660004,391.059998,349.965210,1893800
2021-12-13,391.190002,391.190002,382.660004,384.640015,344.219879,2313300
2021-12-14,383.559998,392.500000,383.260010,388.820007,347.960541,2788500
2021-12-15,389.500000,391.399994,380.600006,389.910004,348.936035,2802300
2021-12-16,395.130005,399.839996,391.799988,397.369995,355.612061,3578200
2021-12-17,389.209991,393.670013,380.630005,381.799988,341.678284,7058600
2021-12-20,375.519989,375.630005,366.649994,371.609985,332.559082,3735600
2021-12-21,376.429993,382.089996,374.760010,380.320007,340.353821,2942800
2021-12-22,380.420013,384.010010,379.269989,382.329987,342.152588,1487900
2021-12-23,383.790009,387.609985,383.570007,385.040009,344.577850,1624000
2021-12-27,386.989990,389.109985,385.000000,388.040009,347.262573,1430400
2021-12-28,388.929993,391.329987,386.239990,387.609985,346.877686,1528200
2021-12-29,387.970001,389.459991,384.420013,386.200012,345.615936,1327800
2021-12-30,387.750000,389.779999,385.200012,385.519989,345.007385,1160100
2021-12-31,385.000000,387.000000,380.839996,382.549988,342.349457,1601300
2022-01-03,389.000000,399.299988,387.339996,395.329987,353.786438,3334300
2022-01-04,402.230011,410.279999,401.179993,407.480011,364.659637,3916400
2022-01-05,409.799988,412.660004,397.890015,398.630005,356.739655,3469600
2022-01-06,401.000000,401.200012,386.429993,396.929993,355.218353,2960900
2022-01-07,397.670013,400.549988,394.529999,397.510010,355.737335,2360700
2022-01-10,401.320007,404.369995,394.220001,399.170013,357.222931,3009400
2022-01-11,400.250000,403.339996,396.309998,403.049988,360.695160,1748800
2022-01-12,403.239990,404.119995,388.559998,390.309998,349.293976,4158000
2022-01-13,394.049988,396.869995,389.750000,390.799988,349.732513,2497800
2022-01-14,382.130005,384.390015,375.000000,380.940002,340.908691,4685300
2022-01-18,360.040009,361.570007,347.230011,354.399994,317.157623,13123500
2022-01-19,358.339996,359.709991,346.390015,347.320007,310.821655,7426100
2022-01-20,348.899994,357.179993,346.140015,348.100006,311.519714,4599900
2022-01-21,345.540009,348.989990,340.720001,343.910004,307.769989,4904100
2022-01-24,337.320007,344.070007,326.230011,343.390015,307.304596,6569800
2022-01-25,337.859985,342.929993,330.910004,341.549988,305.657959,3959300
2022-01-26,346.600006,350.480011,338.410004,342.679993,306.669281,3745900
2022-01-27,345.670013,348.769989,337.720001,341.029999,305.192627,2573400
2022-01-28,337.730011,347.149994,333.450012,347.010010,310.544281,3714600
2022-01-31,344.600006,355.209991,343.440002,354.679993,317.408173,3312400
2022-02-01,356.130005,364.540009,354.049988,364.059998,325.802521,3303700
2022-02-02,363.500000,368.529999,357.829987,363.059998,324.907562,2742400
2022-02-03,362.820007,365.760010,358.160004,358.880005,321.166840,2372900
2022-02-04,362.170013,370.950012,361.019989,367.600006,328.970551,3762300
2022-02-07,365.489990,371.470001,363.350006,368.149994,329.462738,2635600
2022-02-08,371.079987,372.649994,366.250000,370.100006,331.207794,3422300
2022-02-09,373.000000,376.279999,370.899994,374.529999,335.172272,2250400
2022-02-10,371.709991,377.399994,368.829987,370.570007,331.628387,2406200
2022-02-11,368.549988,374.899994,360.769989,363.059998,324.907562,3142100
2022-02-14,363.059998,364.290009,357.179993,360.239990,322.383942,2585600
2022-02-15,364.089996,365.890015,361.359985,363.940002,325.695099,1846400
2022-02-16,361.350006,363.019989,356.529999,360.049988,322.213867,2165300
2022-02-17,358.779999,360.959991,347.839996,349.059998,312.378784,3102400
2022-02-18,345.570007,350.000000,343.369995,346.040009,309.676178,2910900
2022-02-22,342.459991,349.000000,341.200012,344.269989,308.092133,2590800
2022-02-23,347.570007,349.260010,339.820007,341.190002,305.335785,2217300
2022-02-24,328.570007,341.000000,326.950012,340.190002,304.440979,4564000
2022-02-25,340.190002,350.700012,340.190002,350.119995,313.327423,2980500
2022-02-28,340.250000,343.839996,337.549988,341.290009,305.425323,4245700
2022-03-01,337.399994,338.160004,327.019989,328.200012,295.442261,5631500
2022-03-02,331.600006,338.000000,327.399994,336.380005,302.805786,3469900
2022-03-03,338.869995,341.500000,330.130005,333.420013,300.141235,2393700
2022-03-04,327.000000,330.660004,324.000000,329.670013,296.765442,3293100
2022-03-07,326.820007,327.790009,320.850006,321.890015,289.762024,3689900
2022-03-08,322.500000,330.559998,318.549988,321.369995,289.293915,3596400
2022-03-09,331.679993,337.470001,330.029999,333.589996,300.294159,3202100
2022-03-10,327.630005,331.839996,324.760010,329.899994,296.972473,2232600
2022-03-11,334.369995,336.609985,326.709991,327.000000,294.361969,2613500
2022-03-14,329.209991,331.619995,322.899994,324.980011,292.543640,2342200
2022-03-15,327.070007,331.899994,324.839996,329.160004,296.306366,2140700
2022-03-16,335.070007,341.329987,334.260010,340.760010,306.748596,3468500
2022-03-17,337.369995,343.600006,334.899994,343.269989,309.008026,2403500
2022-03-18,338.869995,346.769989,337.299988,345.380005,310.907471,5861900
2022-03-21,345.260010,346.299988,337.149994,339.000000,305.164154,3401200
2022-03-22,342.200012,346.239990,340.119995,343.010010,308.773987,2840200
2022-03-23,340.000000,340.829987,335.130005,335.609985,302.112640,2196800
2022-03-24,336.440002,337.500000,334.299988,336.230011,302.670685,1944100
2022-03-25,337.429993,341.829987,335.480011,337.489990,303.804932,1580800
2022-03-28,338.149994,338.500000,331.510010,335.299988,301.833557,2182600
2022-03-29,342.470001,344.000000,336.730011,339.660004,305.758392,2378700
2022-03-30,339.000000,339.859985,333.630005,335.589996,302.094696,2650200
2022-03-31,336.130005,336.500000,330.100006,330.100006,297.152557,2632000
2022-04-01,333.929993,334.160004,327.570007,330.220001,297.260559,2444800
2022-04-04,330.000000,331.869995,325.859985,328.209991,295.451202,2569400
2022-04-05,327.359985,329.739990,323.480011,323.959991,291.625397,2573900
2022-04-06,320.000000,320.619995,315.750000,316.260010,284.693970,3151300
2022-04-07,315.000000,315.829987,308.200012,314.149994,282.794525,3562600
2022-04-08,313.579987,323.679993,313.000000,321.390015,289.311951,3294200
2022-04-11,320.609985,328.899994,319.029999,320.760010,288.744812,2747700
2022-04-12,321.679993,327.119995,318.010010,319.779999,287.862610,2365200
2022-04-13,315.799988,322.630005,314.720001,321.970001,289.833954,3022900
2022-04-14,328.470001,333.029999,319.029999,321.640015,289.536926,5460900
2022-04-18,320.649994,332.660004,320.649994,329.880005,296.954498,3653400
2022-04-19,330.470001,337.200012,330.470001,335.950012,302.418640,2774800
2022-04-20,338.100006,344.899994,337.500000,341.059998,307.018616,3040100
2022-04-21,344.329987,347.350006,333.359985,334.299988,300.933380,3097800
2022-04-22,332.309998,332.500000,319.470001,319.769989,287.853607,3125200
2022-04-25,316.380005,322.160004,312.739990,321.420013,289.338898,3093600
2022-04-26,317.950012,321.600006,312.799988,313.119995,281.867340,2791700
2022-04-27,312.140015,319.239990,312.140015,313.230011,281.966339,2469300
2022-04-28,317.119995,319.359985,312.149994,318.410004,286.629303,2176000
2022-04-29,317.250000,319.079987,304.709991,305.489990,274.998901,3129600
2022-05-02,305.809998,311.369995,302.209991,310.420013,279.436829,2968100
2022-05-03,311.519989,319.519989,311.320007,314.660004,283.253571,2606200
2022-05-04,315.829987,324.799988,312.170013,324.109985,291.760406,2629400
2022-05-05,320.500000,320.679993,308.690002,313.070007,281.822296,2622100
2022-05-06,312.279999,313.709991,306.059998,312.959991,281.723358,2375600
2022-05-09,308.920013,313.769989,304.980011,308.890015,278.059509,3234000
2022-05-10,311.720001,315.149994,300.649994,305.059998,274.611755,2798400
2022-05-11,305.059998,310.910004,301.000000,301.549988,271.452118,2320600
2022-05-12,300.000000,302.890015,293.899994,299.410004,269.525757,3408300
2022-05-13,303.630005,309.630005,303.570007,306.989990,276.349152,2152500
2022-05-16,305.950012,306.470001,300.549988,303.440002,273.153534,1568800
2022-05-17,309.869995,314.320007,308.130005,312.970001,281.732300,2096200
2022-05-18,309.000000,312.859985,304.880005,306.730011,276.115173,2033200
2022-05-19,303.820007,309.989990,303.390015,308.200012,277.438416,2108800
2022-05-20,311.260010,312.589996,299.410004,306.799988,276.178131,2201100
2022-05-23,312.720001,321.829987,311.070007,316.609985,285.008942,2653000
2022-05-24,315.350006,315.799988,306.429993,313.950012,282.614471,1870900
2022-05-25,311.250000,317.600006,309.980011,314.899994,283.469604,1929500
2022-05-26,318.299988,325.500000,317.980011,323.630005,291.328308,2440400
2022-05-27,326.750000,328.670013,323.190002,328.579987,295.784241,2106700
2022-05-31,324.010010,329.720001,322.660004,326.850006,296.028839,2722900
2022-06-01,327.000000,329.269989,315.829987,321.850006,291.500275,2330200
2022-06-02,320.589996,325.200012,319.230011,324.250000,293.673981,1957500
2022-06-03,320.880005,322.500000,317.500000,318.679993,288.629242,1238900
2022-06-06,323.000000,325.209991,319.790009,320.510010,290.286713,1099700
2022-06-07,318.279999,321.839996,316.660004,321.510010,291.192383,2516800
2022-06-08,318.339996,319.549988,312.799988,314.679993,285.006470,1438100
2022-06-09,313.559998,314.140015,304.019989,304.220001,275.532806,2896500
2022-06-10,296.989990,298.649994,286.850006,287.019989,259.954712,3866900
2022-06-13,279.000000,286.420013,278.320007,283.320007,256.603638,4218100
2022-06-14,284.329987,289.179993,281.299988,282.540009,255.897171,2487700
2022-06-15,287.160004,294.480011,284.170013,290.070007,262.717163,2725800
2022-06-16,282.679993,286.130005,279.149994,284.980011,258.107056,2777300
2022-06-17,282.130005,286.260010,278.149994,279.790009,253.406448,5234400
2022-06-21,287.769989,288.070007,282.980011,284.809998,257.953094,2506300
2022-06-22,282.290009,286.010010,281.040009,284.540009,257.708557,2463100
2022-06-23,283.760010,286.589996,278.929993,286.170013,259.184875,2547000
2022-06-24,291.000000,303.130005,290.000000,302.750000,274.201355,3984300
2022-06-27,303.059998,304.320007,298.880005,300.779999,272.417206,2091700
2022-06-28,305.899994,308.970001,299.179993,299.489990,271.248749,2276600
2022-06-29,303.369995,307.440002,299.910004,303.279999,274.681366,2475900
2022-06-30,296.579987,300.329987,292.230011,297.019989,269.011688,2669500
2022-07-01,295.269989,300.329987,291.720001,299.230011,271.013275,1749400
2022-07-05,293.000000,297.350006,288.359985,297.200012,269.174744,2480900
2022-07-06,296.269989,297.339996,290.600006,293.760010,266.059082,1774500
2022-07-07,297.660004,299.070007,293.600006,298.600006,270.442810,2046500
2022-07-08,300.500000,300.890015,295.070007,296.470001,268.513611,1438900
2022-07-11,293.200012,296.540009,291.880005,293.179993,265.533752,1519400
2022-07-12,289.709991,299.079987,289.510010,292.529999,264.945160,1772600
2022-07-13,290.510010,291.190002,285.809998,290.149994,262.789551,1884100
2022-07-14,284.239990,284.239990,277.839996,281.589996,255.036697,3171900
2022-07-15,286.500000,296.429993,285.149994,293.869995,266.158783,3457600
2022-07-18,305.760010,311.250000,298.709991,301.260010,272.851868,6767900
2022-07-19,303.589996,319.140015,303.500000,318.049988,288.058655,5641100
2022-07-20,317.279999,322.170013,316.309998,321.450012,291.138031,3489800
2022-07-21,320.510010,327.160004,319.850006,326.540009,295.748138,2518800
2022-07-22,327.109985,329.049988,322.190002,323.929993,293.384186,1830300
2022-07-25,325.970001,327.290009,322.600006,324.119995,293.556244,4024500
2022-07-26,321.769989,324.290009,317.760010,318.549988,288.511444,2054700
2022-07-27,320.290009,326.390015,318.380005,324.540009,293.936615,2081900
2022-07-28,325.299988,329.980011,321.890015,329.109985,298.075684,1820700
2022-07-29,329.500000,335.179993,329.500000,333.390015,301.952087,2112200
2022-08-01,331.730011,334.799988,329.010010,332.079987,300.765625,1476500
2022-08-02,329.500000,331.829987,327.220001,327.880005,296.961670,1862900
2022-08-03,332.070007,335.510010,329.619995,333.170013,301.752838,1770600
2022-08-04,333.279999,334.299988,330.619995,331.869995,300.575409,1533400
2022-08-05,330.899994,336.910004,329.670013,334.670013,303.111389,1876400
2022-08-08,337.109985,338.839996,334.339996,334.679993,303.120483,1460000
2022-08-09,336.149994,338.170013,334.570007,336.619995,304.877533,1587900
2022-08-10,341.359985,349.700012,341.350006,347.910004,315.102844,2459500
2022-08-11,350.000000,356.049988,349.779999,351.679993,318.517334,2360800
2022-08-12,353.440002,354.559998,350.149994,353.820007,320.455627,2369000
2022-08-15,351.000000,358.619995,349.049988,355.850006,322.294159,2045700
2022-08-16,352.989990,356.470001,352.019989,354.970001,321.497162,1740900
2022-08-17,351.899994,355.589996,350.769989,353.739990,320.383240,1576300
2022-08-18,352.660004,355.100006,350.859985,354.519989,321.089569,1102200
2022-08-19,351.000000,351.859985,347.500000,349.269989,316.334656,1812300
2022-08-22,342.440002,344.529999,340.760010,342.420013,310.130615,1723900
2022-08-23,341.950012,344.070007,339.029999,340.179993,308.101776,1538000
2022-08-24,339.019989,344.320007,338.489990,341.940002,309.695831,1530800
2022-08-25,344.450012,346.859985,342.109985,346.489990,313.816803,1763900
2022-08-26,348.339996,348.739990,336.000000,336.399994,304.678223,1703900
2022-08-29,333.920013,336.399994,332.010010,333.920013,302.432159,1835600
2022-08-30,335.000000,336.010010,331.179993,333.630005,302.169495,1830300
2022-08-31,331.549988,335.140015,329.679993,332.670013,303.574768,2488000
2022-09-01,329.869995,333.690002,324.619995,333.500000,304.332184,1575100
2022-09-02,334.679993,340.320007,329.970001,331.480011,302.488800,2215400
2022-09-06,332.320007,333.250000,323.459991,326.489990,297.935303,1578100
2022-09-07,324.250000,332.160004,323.250000,330.559998,301.649261,1496600
2022-09-08,330.290009,335.809998,327.359985,335.380005,306.047760,1755600
2022-09-09,337.980011,341.029999,337.029999,340.100006,310.354950,1445600
2022-09-12,341.660004,344.369995,340.089996,342.579987,312.618011,1563200
2022-09-13,336.079987,336.519989,326.829987,328.390015,299.669128,2242100
2022-09-14,328.450012,330.929993,323.500000,327.260010,298.637939,1953300
2022-09-15,328.730011,335.279999,327.589996,331.619995,302.616638,1489400
2022-09-16,326.380005,329.000000,319.790009,326.209991,297.679688,2946800
2022-09-19,320.570007,329.290009,320.540009,328.660004,299.915497,1652700
2022-09-20,325.700012,326.799988,320.010010,323.260010,294.987762,1569900
2022-09-21,324.920013,329.790009,320.630005,320.709991,292.660858,1796700
2022-09-22,322.320007,323.390015,311.200012,312.920013,285.552063,2239900
2022-09-23,307.549988,309.790009,297.459991,301.970001,275.559784,2918500
2022-09-26,299.000000,302.100006,292.309998,294.619995,268.852661,2308800
2022-09-27,297.500000,299.149994,288.619995,291.380005,265.895996,2007400
2022-09-28,294.000000,302.410004,292.459991,300.790009,274.483063,2289700
2022-09-29,297.070007,299.350006,291.549988,296.109985,270.212311,1930800
2022-09-30,296.000000,301.089996,292.700012,293.049988,267.419922,1970800
2022-10-03,297.170013,301.230011,291.100006,299.149994,272.986389,1938800
2022-10-04,306.799988,315.160004,305.880005,314.869995,287.331573,2399500
2022-10-05,306.579987,310.209991,303.600006,309.000000,281.975006,1992800
2022-10-06,307.390015,309.079987,303.420013,304.670013,278.023682,1367400
2022-10-07,304.000000,305.149994,299.149994,301.079987,274.747742,1790100
2022-10-10,303.630005,304.720001,298.429993,300.540009,274.254883,1309600
2022-10-11,298.010010,302.519989,293.920013,294.209991,268.478485,2392800
2022-10-12,293.989990,299.779999,291.709991,295.309998,269.482239,1763800
2022-10-13,290.420013,308.760010,287.750000,307.070007,280.213745,2724900
2022-10-14,307.459991,311.619995,299.070007,299.989990,273.752899,2397600
2022-10-17,304.410004,311.619995,304.140015,306.709991,279.885193,3118600
2022-10-18,321.670013,324.480011,312.000000,313.850006,286.400787,6428600
2022-10-19,312.609985,314.790009,308.059998,311.760010,284.493561,2363800
2022-10-20,312.100006,316.049988,309.000000,310.809998,283.626648,2382300
2022-10-21,311.000000,325.769989,309.489990,325.100006,296.666809,3545700
2022-10-24,328.500000,331.239990,325.850006,328.700012,299.952026,2232600
2022-10-25,327.859985,333.600006,325.920013,332.399994,303.328400,1837700
2022-10-26,334.519989,338.670013,334.140015,335.690002,306.330688,2176700
2022-10-27,339.309998,341.929993,336.529999,337.179993,307.690369,1998800
2022-10-28,338.519989,342.579987,336.000000,341.820007,311.924469,1677100
2022-10-31,341.070007,346.179993,340.570007,344.510010,314.379272,2224000
2022-11-01,345.130005,348.690002,343.769989,348.579987,318.093323,2316600
2022-11-02,347.619995,357.440002,346.739990,349.790009,319.197479,3221200
2022-11-03,347.500000,350.670013,342.589996,348.869995,318.357971,2515600
2022-11-04,354.000000,358.380005,351.230011,357.910004,326.607361,3172700
2022-11-07,360.010010,362.959991,358.519989,362.559998,330.850586,2526900
2022-11-08,362.299988,367.190002,361.459991,364.019989,332.182892,3501300
2022-11-09,362.950012,367.149994,360.880005,362.000000,330.339600,3047200
2022-11-10,370.000000,380.429993,369.739990,378.309998,345.223145,3790400
2022-11-11,380.000000,387.000000,378.750000,385.170013,351.483154,3409100
2022-11-14,384.000000,387.299988,380.500000,382.359985,348.918854,2609100
2022-11-15,385.980011,389.579987,380.649994,382.880005,349.393494,3192400
2022-11-16,383.209991,385.399994,380.010010,382.329987,348.891541,2303700
2022-11-17,377.149994,381.720001,375.010010,379.779999,346.564575,2297600
2022-11-18,381.279999,382.829987,377.390015,379.200012,346.035278,2384500
2022-11-21,378.899994,380.769989,375.420013,380.209991,346.956970,1877500
2022-11-22,381.399994,385.829987,381.399994,383.869995,350.296814,2019400
2022-11-23,383.899994,388.200012,383.410004,386.250000,352.468658,1865400
2022-11-25,385.760010,389.440002,385.179993,388.859985,354.850433,1129300
2022-11-28,385.429993,388.390015,380.890015,382.359985,348.918854,2232200
2022-11-29,381.130005,384.929993,379.260010,383.709991,350.150818,1746900
2022-11-30,382.500000,386.149994,375.100006,386.149994,354.688385,2964100
2022-12-01,386.500000,386.500000,380.450012,383.809998,352.538971,1706300
2022-12-02,381.519989,382.519989,378.399994,380.579987,349.572113,1932300
2022-12-05,378.549988,378.869995,369.309998,371.540009,341.268768,2329600
2022-12-06,369.480011,370.369995,360.329987,362.910004,333.341858,3081900
2022-12-07,362.489990,365.299988,358.149994,359.920013,330.595459,2128200
2022-12-08,362.029999,362.589996,356.059998,358.079987,328.905365,1967800
2022-12-09,356.709991,361.640015,356.209991,359.140015,329.878937,1588800
2022-12-12,358.570007,364.010010,356.339996,363.179993,333.589813,1750400
2022-12-13,374.630005,378.559998,365.510010,368.690002,338.650879,3062600
2022-12-14,367.010010,368.829987,359.450012,360.380005,331.017944,2519700
2022-12-15,354.480011,356.109985,347.940002,349.829987,321.327545,3163700
2022-12-16,345.079987,347.779999,343.410004,346.350006,318.131073,5008800
2022-12-19,346.269989,348.399994,342.630005,344.609985,316.532715,1646700
2022-12-20,345.989990,347.420013,343.489990,344.489990,316.422577,1623000
2022-12-21,348.260010,350.880005,346.890015,350.160004,321.630615,1923100
2022-12-22,347.160004,348.049988,339.880005,345.579987,317.423798,1528900
2022-12-23,344.839996,347.760010,343.109985,345.510010,317.359436,1062000
2022-12-27,346.510010,347.750000,341.790009,341.970001,314.107941,1035000
2022-12-28,340.500000,342.850006,339.299988,340.869995,313.097504,1117200
2022-12-29,342.440002,344.640015,341.239990,343.429993,315.448944,1273600
2022-12-30,341.739990,343.690002,339.399994,343.380005,315.403015,1031400
2023-01-03,345.500000,348.600006,342.809998,346.220001,318.011688,1589700
2023-01-04,348.029999,350.309998,345.079987,347.700012,319.371094,1881000
2023-01-05,344.250000,345.140015,340.140015,343.760010,315.752136,1397800
2023-01-06,347.299988,349.000000,340.950012,348.079987,319.720093,3097800
2023-01-09,351.880005,356.500000,349.500000,353.000000,324.239258,1989000
2023-01-10,352.640015,357.500000,350.500000,357.359985,328.243988,1610100
2023-01-11,358.869995,365.500000,356.209991,364.480011,334.783966,2127000
2023-01-12,366.239990,370.100006,362.570007,369.940002,339.799072,2103100
2023-01-13,363.489990,374.350006,362.359985,374.000000,343.528320,3310200
2023-01-17,364.799988,366.790009,344.000000,349.920013,321.410217,14448300
2023-01-18,348.320007,354.790009,347.799988,349.089996,320.647858,5585200
2023-01-19,346.029999,352.160004,345.519989,350.750000,322.172607,3100400
2023-01-20,349.869995,352.250000,338.209991,341.839996,313.988434,11247200
2023-01-23,341.670013,349.559998,336.160004,349.140015,320.693756,4915700
2023-01-24,340.000000,350.299988,340.000000,348.329987,319.949707,2372000
2023-01-25,344.750000,349.959991,343.899994,349.630005,321.143860,1985200
2023-01-26,351.730011,355.000000,349.519989,354.970001,326.048767,1919200
2023-01-27,351.950012,355.989990,351.829987,353.700012,324.882233,2427400
2023-01-30,353.290009,362.329987,352.399994,357.459991,328.335846,3184500
2023-01-31,359.160004,365.920013,356.859985,365.809998,336.005554,2311500
2023-02-01,359.100006,368.940002,358.760010,365.709991,335.913696,2889400
2023-02-02,368.000000,372.890015,364.549988,369.470001,339.367401,2619600
2023-02-03,365.619995,374.570007,365.440002,369.950012,339.808228,2243100
2023-02-06,369.000000,371.260010,365.779999,370.799988,340.589020,1816200
2023-02-07,368.170013,376.309998,367.339996,374.399994,343.895660,2205500
2023-02-08,372.920013,378.350006,371.980011,375.100006,344.538635,1893200
2023-02-09,377.040009,379.679993,367.799988,367.989990,338.007996,2052500
2023-02-10,367.000000,372.230011,364.559998,371.279999,341.029877,1933400
2023-02-13,369.089996,375.059998,368.000000,374.019989,343.546631,1570600
2023-02-14,373.940002,377.049988,369.380005,371.779999,341.489105,2155500
2023-02-15,368.739990,374.369995,368.250000,374.339996,343.840515,1687200
2023-02-16,370.750000,374.250000,368.799988,370.200012,340.037872,1947800
2023-02-17,368.049988,371.059998,366.859985,368.500000,338.476379,1857300
2023-02-21,366.720001,366.720001,360.089996,361.119995,331.697632,2403000
2023-02-22,361.630005,363.000000,358.040009,360.890015,331.486389,2203800
2023-02-23,363.200012,367.880005,359.609985,363.540009,333.920441,1931400
2023-02-24,360.170013,365.179993,359.529999,363.850006,334.205261,2428600
2023-02-27,368.220001,370.299988,364.510010,365.529999,335.748352,2842400
2023-02-28,366.000000,366.010010,351.329987,351.649994,322.999207,4945600
2023-03-01,349.390015,352.540009,345.959991,346.230011,320.297943,2717400
2023-03-02,343.989990,349.779999,340.489990,349.100006,322.952972,3259800
2023-03-03,350.640015,357.769989,349.559998,357.089996,330.344574,2396200
2023-03-06,358.059998,358.859985,353.730011,357.049988,330.307526,1614200
2023-03-07,355.549988,356.200012,345.630005,346.079987,320.159180,2048500
2023-03-08,346.190002,349.690002,345.170013,349.290009,323.128815,1584600
2023-03-09,349.200012,354.290009,341.049988,342.089996,316.468018,3177800
2023-03-10,338.869995,339.929993,326.029999,327.670013,303.128113,4559700
2023-03-13,319.670013,326.109985,314.540009,315.510010,291.878845,5660700
2023-03-14,324.769989,326.380005,318.950012,322.149994,298.021515,3785900
2023-03-15,310.769989,312.510010,304.410004,312.190002,288.807495,6596700
2023-03-16,309.000000,318.320007,304.920013,315.089996,291.490234,4399100
2023-03-17,310.089996,310.399994,301.869995,303.540009,280.805389,6369800
2023-03-20,306.779999,312.200012,306.260010,309.529999,286.346710,3963700
2023-03-21,317.619995,320.320007,315.350006,317.279999,293.516266,3242400
2023-03-22,317.279999,322.220001,313.489990,313.670013,290.176666,2505900
2023-03-23,315.209991,321.359985,312.640015,314.850006,291.268280,2585900
2023-03-24,310.149994,312.750000,305.359985,312.570007,289.159027,2456700
2023-03-27,318.619995,320.899994,317.170013,318.529999,294.672546,2300600
2023-03-28,319.089996,320.609985,316.119995,318.440002,294.589386,1224300
2023-03-29,322.500000,322.709991,318.679993,320.720001,296.698639,1475900
2023-03-30,324.559998,324.869995,319.880005,321.140015,297.087219,1456300
2023-03-31,323.470001,327.329987,322.420013,327.109985,302.610016,2281100
2023-04-03,326.140015,328.980011,323.149994,326.519989,302.064178,1808800
2023-04-04,326.820007,326.869995,320.119995,322.649994,298.484070,1536800
2023-04-05,319.619995,322.200012,319.369995,321.529999,297.447968,1329300
2023-04-06,320.380005,323.230011,319.980011,322.399994,298.252747,1311000
2023-04-10,322.399994,324.989990,321.309998,324.959991,300.621033,1114400
2023-04-11,326.049988,329.200012,323.670013,327.369995,302.850525,1559600
2023-04-12,331.720001,332.070007,327.179993,330.239990,305.505615,1862400
2023-04-13,330.079987,332.940002,327.000000,332.130005,307.254028,1765500
2023-04-14,336.529999,339.630005,334.320007,336.920013,311.685272,2275700
2023-04-17,336.000000,340.450012,333.679993,339.679993,314.238556,3012100
2023-04-18,328.000000,336.549988,326.130005,333.910004,308.900665,7549500
2023-04-19,332.980011,336.989990,331.670013,336.890015,311.657532,2625400
2023-04-20,334.950012,339.309998,334.320007,338.709991,313.341187,2217900
2023-04-21,339.000000,342.359985,336.000000,341.660004,316.070221,2278900
2023-04-24,341.989990,345.059998,341.529999,343.959991,318.198029,1966300
2023-04-25,341.000000,343.470001,338.329987,339.480011,314.053497,2138200
2023-04-26,337.579987,340.600006,334.640015,336.559998,311.352234,2041900
2023-04-27,340.140015,343.359985,338.760010,341.600006,316.014709,1768200
2023-04-28,340.049988,344.100006,339.700012,343.440002,317.716919,1714100
2023-05-01,344.049988,347.459991,340.369995,340.570007,315.061890,1375000
2023-05-02,339.010010,339.890015,330.000000,333.369995,308.401123,2397600
2023-05-03,332.359985,334.829987,328.250000,328.649994,304.034607,1825400
2023-05-04,325.950012,326.980011,318.559998,321.260010,297.198151,2965100
2023-05-05,325.059998,327.869995,322.420013,327.019989,302.526764,2413400
2023-05-08,329.640015,330.299988,325.670013,326.510010,302.054932,1607300
2023-05-09,325.040009,327.179993,323.299988,324.769989,300.445251,1253300
2023-05-10,329.920013,329.920013,319.079987,322.549988,298.391541,1752200
2023-05-11,319.660004,321.940002,318.179993,320.720001,296.698639,1515200
2023-05-12,322.040009,323.220001,317.320007,319.500000,295.570007,1099100
2023-05-15,320.420013,323.250000,318.059998,322.070007,297.947540,1178200
2023-05-16,322.500000,323.070007,320.500000,320.809998,296.781921,1618900
2023-05-17,322.660004,330.390015,322.660004,330.179993,305.449982,2098100
2023-05-18,330.000000,330.600006,325.660004,329.579987,304.895020,1645400
2023-05-19,330.000000,331.950012,324.790009,326.149994,301.721863,1546100
2023-05-22,326.149994,327.339996,322.429993,324.920013,300.584076,1498900
2023-05-23,323.600006,327.140015,322.809998,323.570007,299.335114,1550900
2023-05-24,320.390015,321.899994,318.799988,319.809998,295.856812,1439100
2023-05-25,318.920013,325.179993,318.799988,323.880005,299.621948,1618500
2023-05-26,324.720001,332.869995,324.000000,332.010010,307.143036,2718700
2023-05-30,332.079987,332.529999,327.730011,330.829987,306.051331,1998600
2023-05-31,326.070007,327.250000,321.820007,323.899994,301.921967,2938000
2023-06-01,324.510010,324.679993,314.019989,316.399994,294.930878,3339700
2023-06-02,318.239990,325.269989,317.049988,323.649994,301.688995,3987700
2023-06-05,322.929993,323.489990,320.320007,321.809998,299.973816,1462900
2023-06-06,322.429993,328.070007,321.399994,326.799988,304.625122,1495600
2023-06-07,327.640015,337.839996,326.320007,335.750000,312.967926,3382700
2023-06-08,335.359985,336.329987,331.339996,335.470001,312.706909,2009500
2023-06-09,335.209991,336.200012,332.540009,336.019989,313.219604,1702100
2023-06-12,338.440002,340.089996,336.350006,339.489990,316.454132,2290800
2023-06-13,340.200012,345.279999,339.450012,342.500000,319.259827,1772400
2023-06-14,344.779999,347.730011,337.230011,338.420013,315.456787,1819400
2023-06-15,337.320007,344.000000,335.700012,339.739990,316.687164,3322700
2023-06-16,341.380005,341.399994,337.109985,338.309998,315.354218,4544900
2023-06-20,335.320007,335.380005,329.230011,330.720001,308.279205,3208100
2023-06-21,328.450012,330.000000,324.920013,325.070007,303.012573,2158700
2023-06-22,323.690002,324.260010,319.010010,319.579987,297.895050,2409100
2023-06-23,316.559998,317.709991,314.070007,314.709991,293.355530,2612000
2023-06-26,315.130005,316.640015,312.170013,312.359985,291.165009,2481000
2023-06-27,312.410004,315.679993,310.559998,313.450012,292.181091,2156800
2023-06-28,311.720001,314.899994,310.690002,313.660004,292.376801,2423500
2023-06-29,317.850006,325.500000,316.250000,323.089996,301.166931,3553600
2023-06-30,325.820007,326.029999,322.450012,322.540009,300.654236,2361800
2023-07-03,322.410004,329.399994,322.410004,326.609985,304.448029,1106800
2023-07-05,323.950012,324.609985,319.630005,320.049988,298.333191,2561000
2023-07-06,318.000000,318.640015,312.839996,313.000000,291.761597,2896900
2023-07-07,313.200012,317.369995,312.700012,315.170013,293.784393,2903100
2023-07-10,316.670013,320.079987,316.000000,316.470001,294.996124,1775800
2023-07-11,318.829987,321.040009,314.579987,320.880005,299.106903,2041700
2023-07-12,324.579987,333.350006,324.250000,326.399994,304.252289,2741300
2023-07-13,327.350006,329.279999,325.690002,328.679993,306.377625,2787800
2023-07-14,331.989990,332.480011,325.019989,326.190002,304.056580,1815200
2023-07-17,325.890015,327.489990,324.359985,327.200012,304.998138,1777400
2023-07-18,327.299988,338.250000,327.299988,337.269989,314.384735,3887400
2023-07-19,338.000000,345.880005,331.299988,340.549988,317.442139,6037400
2023-07-20,339.160004,351.679993,339.160004,350.859985,327.052612,3915000
2023-07-21,351.779999,355.079987,346.779999,351.959991,328.078003,3217400
2023-07-24,352.829987,361.619995,352.000000,358.929993,334.574982,3517500
2023-07-25,357.420013,360.820007,353.980011,354.700012,330.632019,2893000
2023-07-26,354.489990,360.260010,354.279999,357.559998,333.298035,2281600
2023-07-27,358.130005,360.540009,354.170013,354.510010,330.454987,2010800
2023-07-28,356.109985,356.500000,351.609985,353.230011,329.261841,1827400
2023-07-31,354.880005,357.200012,354.019989,355.869995,331.722626,1385500
2023-08-01,354.000000,357.869995,353.390015,357.720001,333.447144,2024300
2023-08-02,354.989990,354.989990,348.869995,351.100006,327.276276,2106600
2023-08-03,349.989990,355.209991,348.619995,353.160004,329.196594,1840400
2023-08-04,353.339996,358.730011,352.510010,353.220001,329.252472,1725300
2023-08-07,355.399994,357.670013,353.920013,355.559998,331.433655,1260300
2023-08-08,351.700012,352.000000,342.029999,348.260010,324.629028,1917300
2023-08-09,346.820007,348.459991,342.489990,342.690002,319.437012,1326000
2023-08-10,344.070007,347.260010,339.799988,340.399994,317.302368,1345900
2023-08-11,339.929993,341.790009,337.549988,340.730011,317.610016,1256800
2023-08-14,337.410004,338.450012,334.859985,337.739990,314.822876,1347000
2023-08-15,333.299988,334.029999,330.480011,332.209991,309.668091,1657800
2023-08-16,330.540009,332.920013,328.970001,329.109985,306.778442,3340300
2023-08-17,330.000000,333.989990,324.000000,327.519989,305.296356,3135200
2023-08-18,324.320007,327.619995,323.200012,324.929993,302.882080,1730500
2023-08-21,325.390015,326.390015,319.390015,322.059998,300.206787,1983500
2023-08-22,322.480011,322.640015,318.309998,318.790009,297.158691,1810300
2023-08-23,320.619995,322.450012,318.000000,322.329987,300.458466,1429000
2023-08-24,322.149994,327.489990,319.510010,319.959991,298.249329,1185600
2023-08-25,320.799988,322.720001,318.190002,320.149994,298.426453,1159600
2023-08-28,321.339996,326.600006,321.339996,325.970001,303.851501,1440100
2023-08-29,325.559998,332.700012,324.679993,332.549988,309.985046,1831700
2023-08-30,330.000000,331.910004,327.649994,328.579987,308.838348,1131500
2023-08-31,329.410004,330.489990,325.959991,327.709991,308.020599,1271100
2023-09-01,329.670013,331.619995,326.209991,327.399994,307.729248,1201400
2023-09-05,327.339996,328.480011,322.630005,323.750000,304.298553,1846000
2023-09-06,322.309998,324.140015,319.309998,321.130005,301.835938,2120800
2023-09-07,320.619995,324.220001,320.130005,321.959991,302.616058,1471100
2023-09-08,321.920013,325.970001,321.660004,325.519989,305.962158,2026400
2023-09-11,328.260010,330.149994,324.290009,324.649994,305.144440,1283100
2023-09-12,324.010010,335.279999,324.000000,330.899994,311.018951,2054700
2023-09-13,333.500000,337.010010,330.820007,334.980011,314.853821,2165000
2023-09-14,339.000000,345.119995,336.850006,344.570007,323.867676,2822700
2023-09-15,345.149994,346.190002,341.859985,342.540009,321.959595,3063900
2023-09-18,342.540009,344.260010,339.269989,343.320007,322.692688,1356600
2023-09-19,343.459991,344.970001,337.970001,341.890015,321.348633,1660200
2023-09-20,342.609985,343.799988,336.290009,336.700012,316.470520,1224400
2023-09-21,334.500000,334.690002,330.079987,330.239990,310.398621,1685100
2023-09-22,330.100006,331.540009,326.829987,327.890015,308.189789,1669100
2023-09-25,327.070007,329.290009,325.279999,328.839996,309.082672,833300
2023-09-26,325.609985,327.429993,322.420013,323.820007,304.364349,1481800
2023-09-27,324.980011,325.000000,318.980011,321.950012,302.606689,1493000
2023-09-28,320.209991,326.839996,320.209991,325.200012,305.661377,1389600
2023-09-29,327.200012,327.959991,322.269989,323.570007,304.129272,1403900
2023-10-02,322.029999,323.579987,317.100006,318.500000,299.363953,1303800
2023-10-03,315.269989,315.679993,304.390015,306.119995,287.727722,3118600
2023-10-04,304.850006,309.059998,303.480011,308.600006,290.058777,1872000
2023-10-05,307.359985,310.549988,304.209991,310.500000,291.844574,1584600
2023-10-06,308.109985,315.320007,307.170013,312.480011,293.705658,1595100
2023-10-09,308.899994,313.480011,308.369995,312.609985,293.827789,1094400
2023-10-10,314.470001,316.850006,312.290009,314.769989,295.858063,1193800
2023-10-11,315.429993,316.630005,311.600006,313.019989,294.213196,1672500
2023-10-12,314.149994,314.250000,308.019989,309.850006,291.233704,1727700
2023-10-13,312.000000,316.179993,308.170013,309.299988,290.716705,1785200
2023-10-16,313.179993,315.899994,310.250000,314.390015,295.500854,2273900
2023-10-17,313.380005,316.179993,305.910004,309.359985,290.773102,4123000
2023-10-18,307.000000,307.220001,301.480011,301.959991,283.817688,3460300
2023-10-19,301.959991,305.339996,298.630005,299.190002,281.214172,3211800
2023-10-20,298.500000,303.250000,298.100006,300.049988,282.022461,2329000
2023-10-23,298.290009,303.549988,298.190002,299.220001,281.242340,2959800
2023-10-24,300.000000,303.100006,299.079987,299.179993,281.204712,1697100
2023-10-25,298.600006,300.000000,295.029999,296.760010,278.930145,1809300
2023-10-26,296.959991,300.140015,294.779999,296.989990,279.146332,2011200
2023-10-27,297.549988,298.269989,289.359985,289.910004,272.491730,2601700
2023-10-30,293.450012,301.809998,293.290009,300.829987,282.755585,3065200
2023-10-31,301.679993,304.290009,300.700012,303.609985,285.368561,2611000
2023-11-01,303.329987,308.250000,302.839996,307.160004,288.705292,2345400
2023-11-02,309.690002,314.540009,308.000000,313.760010,294.908752,2597000
2023-11-03,318.459991,329.329987,317.929993,327.619995,307.936005,3742000
2023-11-06,326.660004,328.899994,322.100006,323.910004,304.448883,2087600
2023-11-07,322.130005,326.390015,321.290009,323.950012,304.486542,1505000
2023-11-08,323.950012,326.660004,323.670013,324.559998,305.059875,1484400
2023-11-09,326.000000,326.649994,319.660004,320.779999,301.506927,1787900
2023-11-10,323.320007,326.059998,321.649994,325.510010,305.952789,1781400
2023-11-13,324.160004,328.720001,323.529999,326.910004,307.268646,1403300
2023-11-14,333.529999,341.779999,332.470001,338.720001,318.369080,3592700
2023-11-15,339.899994,341.079987,335.339996,337.600006,317.316406,2534500
2023-11-16,337.760010,339.750000,335.010010,336.670013,316.442261,1620400
2023-11-17,339.500000,340.450012,338.119995,339.190002,318.810852,1465200
2023-11-20,340.000000,341.320007,337.500000,339.450012,319.055267,3146000
2023-11-21,338.359985,339.089996,334.549988,334.970001,314.844421,1900900
2023-11-22,336.940002,338.910004,335.369995,338.640015,318.293976,1235200
2023-11-24,338.799988,340.269989,337.640015,339.149994,318.773224,460100
2023-11-27,339.190002,340.019989,335.739990,337.709991,317.419769,1250500
2023-11-28,337.380005,338.399994,334.869995,337.649994,317.363434,1419000
2023-11-29,337.000000,343.529999,336.510010,340.260010,322.442719,2038100
2023-11-30,341.679993,344.760010,340.089996,341.540009,323.655701,1903600
2023-12-01,341.459991,348.890015,340.420013,348.429993,330.184875,3623300
2023-12-04,346.299988,350.489990,345.290009,349.390015,331.094666,2178100
2023-12-05,346.600006,346.829987,340.540009,341.750000,323.854675,2429700
2023-12-06,343.510010,347.000000,341.600006,341.970001,324.063263,1869300
2023-12-07,343.709991,344.690002,342.000000,344.619995,326.574371,2162400
2023-12-08,344.309998,352.290009,343.779999,350.829987,332.459259,2238800
2023-12-11,351.440002,353.029999,349.049988,351.760010,333.340576,1636000
2023-12-12,351.410004,354.000000,349.579987,352.609985,334.146027,1597600
2023-12-13,352.940002,362.850006,351.600006,362.730011,343.736084,2876500
2023-12-14,366.500000,386.200012,365.000000,383.470001,363.390106,5376300
2023-12-15,380.190002,385.899994,379.320007,380.510010,360.585083,4522300
2023-12-18,381.260010,382.760010,375.910004,376.399994,356.690308,2740900
2023-12-19,376.010010,383.769989,374.549988,382.450012,362.423523,2091800
2023-12-20,380.730011,385.130005,377.250000,377.519989,357.751617,1836500
2023-12-21,380.049988,381.489990,377.010010,380.570007,360.641968,1301600
2023-12-22,382.000000,383.489990,379.410004,380.649994,360.717712,1538200
2023-12-26,380.649994,382.609985,380.049988,381.609985,361.627472,837300
2023-12-27,381.200012,385.750000,380.309998,384.480011,364.347198,1367200
2023-12-28,384.519989,387.760010,383.630005,386.410004,366.176147,1024700
2023-12-29,385.570007,386.640015,383.570007,385.769989,365.569611,881300
2024-01-02,383.000000,389.140015,382.190002,388.299988,367.967194,2263100
2024-01-03,383.880005,385.399994,376.760010,381.790009,361.798065,2265300
2024-01-04,383.549988,387.089996,381.950012,382.950012,362.897339,1618300
2024-01-05,381.920013,389.470001,381.079987,386.440002,366.204529,2913900
2024-01-08,385.970001,389.079987,382.029999,388.859985,368.497803,1902600
2024-01-09,384.600006,385.950012,381.769989,383.739990,363.645935,1708800
2024-01-10,381.350006,383.049988,378.529999,381.959991,361.959137,1547300
2024-01-11,380.890015,380.980011,374.679993,379.750000,359.864838,2209900
2024-01-12,383.339996,385.850006,376.579987,377.750000,357.969635,2223800
2024-01-16,378.359985,385.010010,374.320007,380.450012,360.528259,3926600
2024-01-17,375.200012,380.200012,374.130005,377.179993,357.429474,2415100
2024-01-18,380.329987,381.640015,374.559998,376.910004,357.173615,1771200
2024-01-19,376.730011,383.299988,372.070007,382.200012,362.186646,2603300
2024-01-22,386.359985,392.730011,384.559998,385.959991,365.749725,2922700
2024-01-23,379.980011,383.359985,378.630005,380.769989,360.831451,3313300
2024-01-24,381.809998,384.609985,379.179993,379.399994,359.533142,2235800
2024-01-25,382.690002,386.709991,382.010010,382.700012,362.660400,2376300
2024-01-26,378.649994,380.899994,376.750000,377.790009,358.007507,3464700
2024-01-29,375.890015,380.839996,374.239990,380.559998,360.632446,1632300
2024-01-30,384.000000,387.920013,381.589996,386.869995,366.612091,3897900
2024-01-31,386.000000,393.910004,383.700012,384.010010,363.901855,3421100
2024-02-01,384.429993,389.540009,378.799988,383.850006,363.750244,2138500
2024-02-02,381.799988,388.739990,380.600006,387.859985,367.550201,2180900
2024-02-05,384.600006,385.329987,381.000000,383.019989,362.963623,2231100
2024-02-06,383.019989,386.820007,383.000000,384.989990,364.830505,1487800
2024-02-07,385.309998,387.070007,382.500000,386.660004,366.413116,1963200
2024-02-08,386.000000,388.109985,381.339996,385.040009,364.877869,1913700
2024-02-09,384.769989,386.130005,382.589996,384.260010,364.138763,2028200
2024-02-12,385.000000,396.350006,384.320007,392.640015,372.079956,2797200
2024-02-13,387.589996,389.160004,375.200012,378.750000,358.917236,3030800
2024-02-14,380.880005,381.480011,375.779999,378.040009,358.244415,2041300
2024-02-15,379.420013,387.209991,379.140015,385.420013,365.238007,2218900
2024-02-16,383.239990,387.579987,380.950012,384.440002,364.309296,2376800
2024-02-20,380.950012,385.579987,380.850006,384.519989,364.385101,2358900
2024-02-21,381.839996,388.660004,381.260010,388.269989,367.938721,1772500
2024-02-22,389.230011,395.600006,389.000000,390.470001,370.023560,2326800
2024-02-23,390.000000,396.790009,389.209991,391.049988,370.573151,2247400
2024-02-26,391.049988,396.059998,388.820007,390.220001,369.786652,1797800
2024-02-27,392.260010,395.899994,389.329987,390.809998,370.345734,1724900
2024-02-28,387.190002,393.260010,387.000000,393.179993,375.232025,2572900
2024-02-29,395.220001,395.980011,385.670013,389.049988,371.290558,3139100
2024-03-01,389.630005,391.040009,385.250000,388.100006,370.383911,1697700
2024-03-04,388.809998,396.570007,386.200012,392.250000,374.344482,1955100
2024-03-05,390.720001,397.489990,390.309998,390.910004,373.065643,2697800
2024-03-06,395.000000,395.290009,384.519989,389.570007,371.786835,2692400
2024-03-07,391.899994,394.510010,387.059998,388.429993,370.698853,2033100
2024-03-08,388.730011,395.619995,386.709991,386.989990,369.324585,1657200
2024-03-11,385.670013,386.410004,381.420013,386.160004,368.532471,1654200
2024-03-12,387.619995,389.130005,383.779999,388.179993,370.460266,1703900
2024-03-13,388.910004,395.250000,388.179993,392.309998,374.401733,2370600
2024-03-14,394.429993,396.380005,385.450012,388.609985,370.870636,3029500
2024-03-15,388.869995,391.130005,386.399994,387.209991,369.534576,3763900
2024-03-18,388.649994,389.029999,383.410004,384.369995,366.824219,2069000
2024-03-19,384.070007,390.779999,383.709991,388.660004,370.918396,1858200
2024-03-20,386.359985,396.500000,386.000000,396.470001,378.371826,2157400
2024-03-21,399.769989,414.019989,399.089996,413.709991,394.824829,4613800
2024-03-22,414.399994,416.760010,405.779999,406.820007,388.249359,2190300
2024-03-25,406.869995,410.459991,403.859985,404.940002,386.455200,1683900
2024-03-26,406.089996,409.329987,404.519989,406.179993,387.638611,1407000
2024-03-27,409.619995,415.489990,408.369995,415.250000,396.294556,2353600
2024-03-28,416.209991,419.200012,414.980011,417.690002,398.623169,2409700
2024-04-01,416.679993,417.950012,412.000000,413.510010,394.633942,1863900
2024-04-02,410.739990,413.170013,407.619995,410.149994,391.427399,1976000
2024-04-03,411.000000,416.630005,411.000000,414.000000,395.101654,1549200
2024-04-04,418.000000,419.000000,405.700012,406.250000,387.705414,1704700
2024-04-05,406.559998,409.140015,401.470001,408.070007,389.442352,1694900
2024-04-08,409.100006,412.529999,407.549988,410.540009,391.799652,1181900
2024-04-09,411.510010,413.220001,407.049988,410.709991,391.961823,1247200
2024-04-10,404.010010,405.450012,397.290009,400.760010,382.466034,1903300
2024-04-11,400.480011,401.470001,394.839996,397.480011,379.335754,2176200
2024-04-12,392.839996,394.089996,387.119995,389.489990,371.710480,2815800
2024-04-15,407.000000,412.869995,398.690002,400.880005,382.580597,6177000
2024-04-16,404.450012,404.970001,395.179993,396.859985,378.744049,3459700
2024-04-17,402.399994,407.119995,401.179993,403.910004,385.472229,4373800
2024-04-18,405.489990,407.859985,402.410004,403.109985,384.708679,2776300
2024-04-19,404.059998,408.000000,403.010010,404.000000,385.558167,2805500
2024-04-22,406.940002,417.980011,404.570007,417.350006,398.298737,4165600
2024-04-23,417.709991,425.350006,416.200012,424.000000,404.645142,2662300
2024-04-24,421.500000,424.579987,419.609985,423.040009,403.729004,1575900
2024-04-25,420.989990,423.609985,414.850006,420.049988,400.875427,1970100
2024-04-26,420.230011,428.529999,419.640015,427.570007,408.052155,2322700
2024-04-29,427.570007,433.329987,427.200012,430.809998,411.144287,2453000
2024-04-30,428.500000,431.390015,426.000000,426.709991,407.231415,1829900
2024-05-01,426.690002,433.429993,425.190002,426.950012,407.460510,2310100
2024-05-02,431.200012,433.649994,428.170013,432.570007,412.823944,2087500
2024-05-03,435.000000,442.299988,434.920013,438.179993,418.177856,2406300
2024-05-06,441.750000,444.380005,439.679993,443.670013,423.417297,1914300
2024-05-07,445.170013,447.420013,442.869995,443.799988,423.541290,2058200
2024-05-08,442.799988,448.019989,442.049988,446.950012,426.547546,2006700
2024-05-09,446.339996,456.429993,446.339996,455.559998,434.764496,2710200
2024-05-10,456.519989,458.750000,454.320007,454.730011,433.972443,1823900
2024-05-13,456.269989,457.200012,453.320007,453.559998,432.855774,1579600
2024-05-14,454.839996,461.769989,454.010010,458.470001,437.541656,2412900
2024-05-15,461.589996,466.190002,460.950012,466.089996,444.813843,2217700
2024-05-16,464.369995,468.250000,462.279999,464.519989,443.315491,2070300
2024-05-17,466.380005,468.660004,464.250000,467.720001,446.369415,1655900
2024-05-20,468.200012,471.480011,462.600006,462.940002,441.807617,2591500
2024-05-21,462.230011,471.309998,462.200012,470.410004,448.936615,2762600
2024-05-22,467.359985,470.329987,459.750000,462.380005,441.273163,2729500
2024-05-23,464.230011,464.309998,457.410004,458.149994,437.236267,2254500
2024-05-24,459.839996,465.250000,459.100006,461.179993,440.127960,1932200
2024-05-28,459.940002,463.690002,458.910004,459.809998,438.820435,1930800
2024-05-29,454.839996,458.739990,451.649994,457.170013,436.301056,2315700
2024-05-30,453.000000,455.859985,447.600006,450.230011,432.278076,2135000
2024-05-31,449.760010,456.769989,448.119995,456.519989,438.317261,2638300
2024-06-03,458.869995,458.869995,450.200012,454.980011,436.838715,1930700
2024-06-04,450.500000,457.709991,449.209991,455.299988,437.145905,1835000
2024-06-05,457.549988,463.019989,457.500000,461.679993,443.271484,1678900
2024-06-06,461.820007,464.519989,457.010010,458.100006,439.834320,1598000
2024-06-07,455.440002,461.160004,454.500000,454.910004,436.771484,1736100
2024-06-10,452.329987,455.359985,450.299988,453.549988,435.465698,1698600
2024-06-11,451.040009,451.859985,443.380005,444.269989,426.555725,1938200
2024-06-12,455.600006,457.640015,446.190002,448.700012,430.809082,1733000
2024-06-13,446.730011,448.320007,442.149994,446.350006,428.552826,1849100
2024-06-14,441.989990,448.230011,439.149994,446.459991,428.658356,1559100
2024-06-17,445.100006,450.779999,443.390015,450.179993,432.230011,1531600
2024-06-18,449.570007,457.690002,448.510010,457.429993,439.190979,1798400
2024-06-20,458.000000,460.410004,455.239990,458.049988,439.786224,2080600
2024-06-21,458.679993,458.799988,449.899994,450.179993,432.230011,3780800
2024-06-24,451.250000,463.519989,450.000000,462.089996,443.665161,1882200
2024-06-25,459.459991,464.079987,456.750000,457.380005,439.142975,1555900
2024-06-26,455.410004,457.929993,452.450012,455.859985,437.683563,2131700
2024-06-27,449.779999,449.779999,442.799988,445.959991,428.178345,2835200
2024-06-28,450.100006,457.339996,449.529999,452.320007,434.284729,3839700
2024-07-01,454.510010,464.019989,454.010010,463.660004,445.172577,1850500
2024-07-02,461.510010,466.269989,459.600006,465.609985,447.044800,1491800
2024-07-03,469.040009,469.890015,465.820007,467.920013,449.262726,993900
2024-07-05,467.470001,467.579987,460.130005,464.750000,446.219116,1593800
2024-07-08,467.649994,474.859985,464.040009,464.820007,446.286316,2214300
2024-07-09,465.600006,479.299988,461.579987,472.829987,453.976898,4525100
2024-07-10,472.510010,479.859985,469.850006,478.890015,459.795319,1946000
2024-07-11,480.000000,483.160004,476.269989,479.230011,460.121735,2251400
2024-07-12,480.929993,483.440002,478.100006,479.880005,460.745789,2727800
2024-07-15,480.250000,493.000000,476.309998,492.230011,472.603394,3568200
2024-07-16,494.000000,506.589996,491.989990,503.019989,482.963165,3981700
2024-07-17,503.000000,509.480011,499.429993,502.179993,482.156708,3908900
2024-07-18,499.519989,503.690002,484.220001,486.209991,466.823425,3320200
2024-07-19,489.119995,492.600006,483.190002,484.929993,465.594452,2032700
2024-07-22,484.559998,489.470001,482.380005,487.040009,467.620361,1792500
2024-07-23,487.079987,495.809998,486.279999,492.149994,472.526550,2020500
2024-07-24,489.260010,495.989990,485.820007,486.700012,467.293945,1598600
2024-07-25,486.049988,496.109985,483.230011,491.709991,472.104126,1489700
2024-07-26,495.720001,504.000000,495.649994,499.029999,479.132263,2249700
2024-07-29,500.420013,502.000000,491.059998,492.720001,473.073853,1599500
2024-07-30,498.309998,509.470001,498.299988,505.670013,485.507507,2642500
2024-07-31,504.859985,517.260010,504.859985,509.029999,488.733551,2658900
2024-08-01,510.000000,514.020020,494.679993,500.119995,480.178802,4006800
2024-08-02,491.100006,494.459991,467.209991,470.640015,451.874298,6115500
2024-08-05,447.589996,463.179993,437.369995,459.019989,440.717590,4177200
2024-08-06,461.010010,475.250000,457.429993,470.220001,451.470978,2209300
2024-08-07,479.390015,488.549988,472.570007,473.010010,454.149750,2587600
2024-08-08,477.869995,487.730011,477.160004,485.769989,466.400970,1936400
2024-08-09,485.019989,492.000000,482.200012,490.260010,470.711975,1622700
2024-08-12,490.260010,492.869995,483.750000,485.500000,466.141724,1839300
2024-08-13,490.290009,493.269989,486.470001,491.940002,472.324951,1243700
2024-08-14,492.899994,499.350006,488.399994,498.700012,478.815399,1545600
2024-08-15,505.000000,506.910004,498.260010,499.019989,479.122681,1732300
2024-08-16,497.049988,504.910004,497.000000,504.260010,484.153717,1587000
2024-08-19,505.000000,507.779999,501.859985,504.679993,484.556976,1027900
2024-08-20,503.869995,504.160004,496.500000,497.339996,477.509644,2122700
2024-08-21,499.500000,500.779999,494.029999,496.459991,476.664703,917100
2024-08-22,497.000000,499.700012,494.790009,497.750000,477.903290,943800
2024-08-23,502.750000,512.440002,499.850006,509.420013,489.108032,1751800
2024-08-26,512.340027,513.500000,505.320007,507.869995,487.619781,1084200
2024-08-27,507.839996,511.480011,506.589996,507.260010,487.034119,977900
2024-08-28,506.600006,508.369995,498.470001,503.329987,483.260803,1568100
2024-08-29,506.000000,513.239990,501.140015,510.100006,489.760895,1566300
2024-08-30,507.829987,511.190002,505.170013,510.250000,492.803192,1838900
2024-09-03,507.470001,509.700012,485.399994,487.459991,470.792389,2373600
2024-09-04,486.700012,496.200012,486.700012,490.640015,473.863678,1509400
2024-09-05,493.579987,495.769989,483.070007,487.880005,471.198059,1828300
2024-09-06,486.600006,495.410004,477.059998,479.609985,463.210785,1995600
2024-09-09,485.529999,494.279999,483.390015,488.570007,471.864502,1714200
2024-09-10,489.130005,489.200012,461.570007,467.130005,451.157562,3583100
2024-09-11,463.980011,471.890015,457.480011,471.170013,455.059448,2426500
2024-09-12,471.299988,474.339996,465.399994,474.059998,457.850586,1480500
2024-09-13,475.989990,482.100006,475.500000,478.989990,462.612000,1794500
2024-09-16,481.429993,487.380005,479.489990,485.160004,468.571045,1500300
2024-09-17,488.000000,489.730011,481.799988,485.390015,468.793213,1444900
2024-09-18,485.399994,492.989990,481.769989,484.579987,468.010834,1699500
2024-09-19,494.739990,506.410004,493.459991,503.829987,486.602661,3060700
2024-09-20,500.190002,502.049988,495.480011,498.429993,481.387299,4452600
2024-09-23,498.209991,501.399994,495.220001,497.410004,480.402222,953200
2024-09-24,497.589996,499.559998,494.100006,498.019989,480.991302,1035400
2024-09-25,498.500000,502.000000,490.399994,491.140015,474.346588,1763900
2024-09-26,494.000000,498.399994,492.480011,496.920013,479.928955,1378100
2024-09-27,498.970001,505.399994,495.859985,498.510010,481.464630,1420100
2024-09-30,494.890015,496.519989,488.899994,495.109985,478.180817,1602500
2024-10-01,494.579987,494.579987,484.609985,490.170013,473.409760,1528600
2024-10-02,491.170013,494.859985,487.950012,491.989990,475.167511,1445100
2024-10-03,489.929993,490.510010,484.200012,486.100006,469.478943,1290600
2024-10-04,495.640015,496.309998,486.000000,495.160004,478.229126,1721600
2024-10-07,494.630005,499.010010,490.790009,494.619995,477.707581,1173300
2024-10-08,497.000000,498.339996,492.779999,496.570007,479.590942,1296700
2024-10-09,498.200012,506.269989,495.250000,505.179993,487.906525,1695900
2024-10-10,506.309998,506.799988,499.589996,503.720001,486.496429,1309000
2024-10-11,508.000000,517.969971,507.799988,516.299988,498.646271,2409700
2024-10-14,517.650024,523.070007,515.510010,522.750000,504.875702,2174900
2024-10-15,538.799988,540.510010,515.510010,522.380005,504.518433,4525400
2024-10-16,530.000000,536.219971,525.979980,529.859985,511.742584,2649000
2024-10-17,531.239990,535.289978,528.229980,529.000000,510.911987,2123500
2024-10-18,529.390015,530.770020,526.869995,528.500000,510.429108,1779200
2024-10-21,528.000000,529.849976,517.000000,517.799988,500.095032,1752100
2024-10-22,515.609985,519.630005,512.940002,518.299988,500.577911,1588000
2024-10-23,515.799988,520.000000,513.400024,517.200012,499.515564,1263200
2024-10-24,519.000000,525.000000,518.200012,524.500000,506.565887,2058200
2024-10-25,528.049988,528.799988,510.739990,512.599976,495.072784,1633200
2024-10-28,515.400024,524.590027,514.979980,523.580017,505.677368,1687100
2024-10-29,521.179993,527.239990,521.000000,524.280029,506.353485,1281600
2024-10-30,523.400024,530.789978,523.070007,524.400024,506.469330,1441600
2024-10-31,522.440002,525.000000,514.530029,517.789978,500.085327,2061700
2024-11-01,520.000000,526.640015,517.039978,519.349976,501.592041,1625000
2024-11-04,518.000000,518.049988,510.510010,511.470001,493.981476,1797800
2024-11-05,513.000000,527.460022,512.599976,526.960022,508.941772,2169900
2024-11-06,567.299988,598.609985,566.099976,595.979980,575.601929,8042800
2024-11-07,590.000000,595.000000,581.520020,582.169983,562.264038,4475600
2024-11-08,586.419983,595.150024,581.299988,589.260010,569.111633,2714000
2024-11-11,598.900024,607.150024,596.169983,602.340027,581.744385,2510800
2024-11-12,598.049988,602.090027,591.469971,592.590027,572.327759,2392900
2024-11-13,594.630005,603.549988,592.650024,594.219971,573.902039,1763100
2024-11-14,600.000000,601.530029,586.239990,588.609985,568.483826,1670500
2024-11-15,593.359985,595.140015,587.090027,593.539978,573.245239,2007700
2024-11-18,594.710022,595.070007,584.719971,587.989990,567.885071,1848900
2024-11-19,579.659973,584.760010,575.510010,581.380005,561.501038,2217400
2024-11-20,583.830017,587.799988,576.619995,581.929993,562.032227,1528600
2024-11-21,586.510010,600.700012,584.510010,596.109985,575.727356,2281900
2024-11-22,596.219971,603.940002,594.440002,602.780029,582.169373,1733700
2024-11-25,608.789978,611.299988,598.830017,603.030029,582.410767,2940800
2024-11-26,600.130005,607.190002,593.000000,605.500000,584.796326,2846500
2024-11-27,607.679993,612.250000,603.280029,605.429993,584.728699,1424500
2024-11-29,609.309998,612.729980,607.059998,608.570007,587.761353,1170200
2024-12-02,608.000000,611.909973,601.299988,601.710022,584.014893,1804100
2024-12-03,608.960022,611.419983,600.799988,602.080017,584.374023,1718100
2024-12-04,603.000000,604.280029,596.760010,598.710022,581.103088,1617300
2024-12-05,600.530029,606.559998,596.349976,596.799988,579.249268,1672800
2024-12-06,597.159973,600.000000,594.369995,599.679993,582.044556,1405700
2024-12-09,598.989990,603.000000,593.719971,594.119995,576.648071,1633200
2024-12-10,590.000000,596.270020,583.760010,585.030029,567.825439,2600800
2024-12-11,590.119995,593.710022,586.900024,592.559998,575.133911,2195300
2024-12-12,592.590027,596.320007,588.609985,591.609985,574.211853,1218400
2024-12-13,594.000000,595.000000,585.080017,585.479980,568.262085,1215000
2024-12-16,588.000000,588.270020,578.700012,586.330017,569.087158,1713300
2024-12-17,580.840027,581.609985,572.289978,574.679993,557.779724,2314100
2024-12-18,577.489990,579.469971,544.489990,550.250000,534.068237,3271600
2024-12-19,561.440002,567.000000,553.599976,553.989990,537.698120,2753300
2024-12-20,554.940002,572.900024,553.380005,566.099976,549.452148,4515900
2024-12-23,565.000000,571.640015,561.799988,570.780029,553.994446,1519500
2024-12-24,574.200012,582.789978,571.359985,582.789978,565.651245,913400
2024-12-26,578.150024,582.590027,577.500000,581.229980,564.137085,1092000
2024-12-27,577.000000,581.960022,571.349976,576.179993,559.235657,1486000
2024-12-30,567.270020,576.020020,565.099976,573.549988,556.682983,1265900
2024-12-31,575.070007,576.919983,570.400024,572.619995,555.780334,1055800
2025-01-02,579.309998,584.309998,569.739990,574.969971,558.061218,2219000
2025-01-03,581.000000,582.140015,571.729980,580.130005,563.069519,1422600
2025-01-06,584.979980,593.650024,579.820007,583.390015,566.233643,2257000
2025-01-07,587.109985,588.280029,568.400024,580.119995,563.059875,2021900
2025-01-08,581.039978,581.200012,572.669983,580.020020,562.962769,1513400
2025-01-10,576.250000,576.250000,558.010010,560.000000,543.531494,2817900
2025-01-13,557.880005,566.190002,556.760010,562.950012,546.394714,1871200
2025-01-14,569.659973,573.590027,565.200012,571.530029,554.722412,2221900
2025-01-15,598.000000,609.409973,593.000000,605.919983,588.101013,5119800
2025-01-16,609.989990,616.840027,606.000000,612.989990,594.963196,3224500
2025-01-17,617.799988,627.000000,613.000000,625.940002,607.532288,3425200
2025-01-21,616.809998,635.429993,609.000000,634.739990,616.073547,5076700
2025-01-22,633.440002,635.599976,629.710022,632.729980,614.122620,2835700
2025-01-23,634.919983,645.539978,634.489990,639.500000,620.693420,2582700
2025-01-24,630.000000,640.599976,628.960022,636.900024,618.170044,3183500
2025-01-27,625.000000,635.710022,624.460022,633.280029,614.656494,3351700
2025-01-28,632.200012,639.080017,631.809998,637.799988,619.043457,2338000
2025-01-29,637.000000,649.000000,636.409973,637.380005,618.635864,1918900
2025-01-30,644.489990,649.520020,641.000000,645.700012,626.711121,1812800
2025-01-31,650.000000,650.000000,637.440002,640.400024,621.567078,1995100
2025-02-03,626.000000,638.479980,622.479980,632.369995,613.773193,2102600
2025-02-04,632.000000,637.669983,629.090027,634.179993,615.529968,1743400
2025-02-05,638.000000,646.409973,635.530029,645.450012,626.468567,1908200
2025-02-06,650.000000,658.849976,648.940002,658.219971,638.862976,2439200
2025-02-07,659.400024,663.869995,653.159973,655.900024,636.611267,2616700
2025-02-10,659.020020,662.489990,644.250000,650.530029,631.399170,2351600
2025-02-11,646.780029,649.039978,643.599976,647.239990,628.205933,2711400
2025-02-12,643.760010,650.469971,639.109985,649.000000,629.914124,2295800
2025-02-13,651.830017,652.000000,640.510010,648.950012,629.865723,2031800
2025-02-14,650.320007,663.260010,650.320007,660.549988,641.124451,2246000
2025-02-18,662.590027,672.190002,661.020020,672.190002,652.422180,2350100
2025-02-19,669.080017,671.039978,663.280029,668.150024,648.501038,1953600
2025-02-20,668.030029,670.280029,631.659973,642.260010,623.372375,3929000
2025-02-21,644.750000,647.500000,623.429993,625.599976,607.202209,3000800
2025-02-24,633.510010,637.299988,614.799988,626.140015,607.726379,3274100
2025-02-25,628.530029,631.320007,606.000000,614.909973,596.826660,2885900
2025-02-26,616.669983,623.130005,615.200012,617.770020,599.602600,2001200
2025-02-27,617.539978,625.229980,607.309998,608.000000,590.119812,2396300
2025-02-28,607.789978,623.650024,604.010010,622.289978,606.984558,3337200
2025-03-03,622.400024,628.780029,598.320007,605.260010,590.373474,3152300
2025-03-04,595.979980,600.000000,567.570007,581.140015,566.846680,4061000
2025-03-05,582.090027,597.119995,576.780029,593.070007,578.483215,2600600
2025-03-06,580.590027,586.710022,564.619995,567.669983,553.708008,4332300
2025-03-07,568.169983,568.169983,544.909973,559.669983,545.904724,4069600
2025-03-10,542.299988,546.469971,523.130005,531.659973,518.583679,5272100
2025-03-11,532.469971,539.989990,524.200012,531.429993,518.359375,4190500
2025-03-12,544.000000,545.000000,528.590027,535.710022,522.534058,3078100
2025-03-13,535.669983,538.140015,520.059998,524.809998,511.902191,2529100
2025-03-14,533.989990,543.570007,526.700012,541.409973,528.093811,2808100
2025-03-17,541.229980,557.159973,540.000000,551.340027,537.779663,2695600
2025-03-18,550.289978,553.750000,546.650024,551.780029,538.208801,2641000
2025-03-19,549.000000,563.000000,544.599976,557.340027,543.632080,2769800
2025-03-20,553.099976,568.440002,552.000000,562.679993,548.840759,2531300
2025-03-21,555.330017,567.000000,551.210022,565.140015,551.240234,3565600
2025-03-24,575.000000,582.719971,573.049988,580.099976,565.832214,1877700
2025-03-25,584.690002,586.890015,578.210022,585.940002,571.528625,1875500
2025-03-26,588.390015,592.640015,571.000000,573.919983,559.804260,1944200
2025-03-27,565.000000,566.000000,552.549988,558.919983,545.173218,2100900
2025-03-28,555.950012,560.500000,537.710022,543.119995,529.761841,2773100
2025-03-31,533.820007,547.390015,528.590027,546.289978,532.853821,2455100
2025-04-01,543.250000,551.960022,533.239990,548.450012,534.960754,1869600
2025-04-02,539.799988,567.320007,539.080017,563.099976,549.250366,2560700
2025-04-03,525.429993,529.989990,509.559998,511.230011,498.656189,5193900
2025-04-04,487.000000,492.000000,460.000000,470.809998,459.230286,8105200
2025-04-07,446.899994,489.980011,439.380005,465.510010,454.060638,6353800
2025-04-08,488.250000,491.920013,452.829987,462.220001,450.851593,4240900
2025-04-09,451.359985,522.000000,447.109985,516.869995,504.157440,7024100
2025-04-10,503.100006,503.100006,474.000000,489.799988,477.753235,5374500
2025-04-11,487.000000,498.519989,478.579987,494.440002,482.279114,3770200
2025-04-14,510.000000,512.000000,497.149994,503.980011,491.584473,4392600
2025-04-15,507.410004,518.650024,507.000000,507.890015,495.398376,2501200
2025-04-16,501.720001,509.450012,492.690002,499.049988,486.775726,2765600
2025-04-17,503.239990,514.830017,499.119995,509.489990,496.958954,2593500
2025-04-21,505.399994,509.269989,494.679993,501.359985,489.028931,2859300
2025-04-22,510.230011,521.000000,508.929993,519.989990,507.200714,2514600
2025-04-23,533.630005,551.789978,528.260010,529.309998,516.291504,3048100
2025-04-24,527.099976,546.840027,523.419983,545.369995,531.956482,2223600
2025-04-25,544.599976,549.090027,541.219971,544.859985,531.458984,1612700
2025-04-28,544.859985,554.500000,542.469971,546.400024,532.961182,1459700
2025-04-29,543.789978,550.880005,541.299988,548.919983,535.419189,1695600
2025-04-30,535.760010,549.520020,531.450012,547.549988,534.082825,2438300
2025-05-01,548.099976,558.349976,545.500000,553.830017,540.208435,2583000
2025-05-02,561.580017,569.780029,559.700012,566.099976,552.176697,2883000
2025-05-05,558.359985,566.559998,557.500000,559.559998,545.797485,2197200
2025-05-06,549.599976,557.440002,547.059998,549.359985,535.848328,2902500
2025-05-07,550.210022,555.380005,547.739990,551.919983,538.345337,1954900
2025-05-08,558.820007,572.159973,558.210022,565.700012,551.786438,1994600
2025-05-09,570.250000,572.099976,565.780029,567.099976,553.152039,1522500
2025-05-12,596.260010,603.369995,588.080017,591.340027,576.795898,3527700
2025-05-13,593.299988,607.710022,593.059998,603.809998,588.959167,2765800
2025-05-14,603.799988,615.000000,602.500000,611.599976,596.557556,2874400
2025-05-15,609.729980,619.210022,609.729980,615.900024,600.751770,2428100
2025-05-16,616.950012,620.789978,613.559998,619.030029,603.804871,2021800
2025-05-19,609.190002,619.380005,598.340027,612.299988,597.240295,2842100
2025-05-20,607.750000,611.549988,603.010010,606.520020,591.602478,1601600
2025-05-21,601.799988,609.869995,592.000000,593.460022,578.863770,2635900
2025-05-22,592.549988,602.200012,592.510010,598.229980,583.516357,1939600
2025-05-23,585.000000,601.960022,582.500000,598.539978,583.818726,1530600
2025-05-27,605.900024,617.669983,604.950012,615.729980,600.585999,2364700
2025-05-28,617.280029,618.630005,607.309998,608.440002,593.475342,2001900
2025-05-29,608.520020,610.000000,598.299988,604.859985,589.983276,1736100
2025-05-30,600.000000,603.599976,593.830017,600.450012,588.601135,2129500
2025-06-02,598.599976,599.169983,592.169983,598.719971,586.905273,1221200
2025-06-03,600.000000,606.320007,593.729980,603.830017,591.914429,1730300
2025-06-04,605.479980,606.330017,598.719971,599.210022,587.385559,1294900
2025-06-05,600.000000,609.719971,592.900024,605.880005,593.924011,2086700
2025-06-06,613.000000,621.380005,610.000000,614.000000,601.883728,1675900
2025-06-09,614.750000,619.099976,611.010010,613.520020,601.413269,1610700
2025-06-10,613.000000,616.549988,609.309998,614.869995,602.736572,1376400
2025-06-11,617.179993,629.840027,614.590027,624.169983,611.853027,2063600
2025-06-12,621.000000,626.010010,615.799988,625.109985,612.774475,1634700
2025-06-13,616.049988,620.119995,609.590027,613.539978,601.432800,1674800
2025-06-16,619.000000,632.270020,618.000000,627.849976,615.460388,1870400
2025-06-17,624.700012,631.669983,623.000000,624.640015,612.313782,1479300
2025-06-18,624.510010,639.880005,623.650024,635.239990,622.704529,2423100
2025-06-20,638.830017,642.640015,636.690002,640.799988,628.154846,4115400
2025-06-23,639.260010,647.419983,630.010010,646.880005,634.114868,2020800
2025-06-24,654.450012,663.770020,653.239990,662.109985,649.044312,2307800
2025-06-25,664.599976,670.119995,660.789978,669.869995,656.651184,1566400
2025-06-26,670.619995,689.330017,670.510010,687.159973,673.600037,2849500
2025-06-27,691.000000,694.200012,685.390015,690.809998,677.177979,3650500
2025-06-30,714.270020,714.299988,702.950012,707.750000,693.783752,3976400
2025-07-01,708.000000,713.010010,700.609985,706.460022,692.519226,3301000
2025-07-02,708.799988,718.729980,705.080017,715.890015,701.763123,2906500
2025-07-03,715.909973,726.000000,713.400024,723.679993,709.399353,1502000
2025-07-07,721.700012,723.969971,706.340027,710.929993,696.901001,2863700
2025-07-08,710.719971,711.190002,693.770020,697.280029,683.520386,3100700
2025-07-09,704.340027,704.340027,694.710022,696.559998,682.814575,1763400
2025-07-10,696.739990,710.380005,696.450012,709.119995,695.126709,1733500
2025-07-11,703.590027,706.000000,700.229980,704.950012,691.039063,1681800
2025-07-14,704.739990,713.429993,702.130005,713.299988,699.224243,1909300
2025-07-15,713.299988,714.690002,700.039978,702.510010,688.647156,1981200
2025-07-16,708.500000,709.780029,691.299988,708.820007,694.832581,3323200
2025-07-17,706.280029,717.450012,704.280029,705.840027,691.911499,2046100
2025-07-18,707.059998,710.289978,698.390015,708.260010,694.283691,1925200
2025-07-21,709.140015,712.760010,704.349976,706.000000,692.068298,2006500
2025-07-22,703.659973,706.489990,691.880005,700.409973,686.588562,1978900
2025-07-23,702.000000,719.010010,701.500000,717.520020,703.360962,2395700
2025-07-24,718.929993,725.770020,714.729980,719.179993,704.988220,1974700
2025-07-25,720.760010,729.890015,718.349976,728.979980,714.594788,1851400
2025-07-28,728.000000,732.520020,722.169983,723.650024,709.369995,1464800
2025-07-29,726.849976,734.130005,722.419983,731.979980,717.535645,2136000
2025-07-30,731.140015,737.880005,723.179993,730.750000,716.329956,1816200
2025-07-31,726.590027,734.039978,720.440002,723.590027,709.311279,2358100
2025-08-01,710.510010,714.520020,694.049988,709.570007,695.567871,2999100
2025-08-04,715.200012,726.789978,715.200012,726.030029,711.703064,1753700
2025-08-05,728.000000,729.400024,714.549988,720.909973,706.683960,1977300
2025-08-06,724.500000,728.299988,722.000000,724.739990,710.438477,1477100
2025-08-07,730.619995,732.940002,717.609985,719.739990,705.537109,1400400
2025-08-08,725.859985,728.000000,718.650024,721.270020,707.036926,1275400
2025-08-11,722.200012,723.840027,715.739990,719.239990,705.046997,1273500
2025-08-12,725.280029,748.140015,724.349976,743.380005,728.710632,2418100
2025-08-13,745.780029,748.909973,732.619995,744.690002,729.994812,1862600
2025-08-14,742.719971,748.159973,737.000000,747.200012,732.455261,1371200
2025-08-15,749.000000,749.049988,729.179993,730.719971,716.300415,1645900
2025-08-18,729.500000,731.609985,723.869995,730.960022,716.535828,1157800
2025-08-19,729.159973,730.000000,717.729980,721.380005,707.144897,1856400
2025-08-20,721.200012,722.250000,705.549988,720.679993,706.458618,1872700
2025-08-21,716.539978,719.219971,712.969971,715.950012,701.822021,1162000
2025-08-22,720.140015,744.840027,718.580017,741.890015,727.250061,1948600
2025-08-25,741.890015,746.500000,738.330017,738.789978,724.211243,1381200
2025-08-26,737.710022,749.159973,733.859985,748.950012,734.170776,1511600
2025-08-27,745.969971,753.000000,745.020020,749.669983,734.876526,1534800
2025-08-28,750.989990,753.330017,746.989990,751.219971,736.395874,1411200
2025-08-29,746.710022,748.919983,738.900024,745.250000,734.454529,1467000
2025-09-02,736.390015,736.390015,721.159973,730.849976,720.263062,2296400
2025-09-03,728.559998,732.020020,722.299988,730.559998,719.977295,1485600
2025-09-04,733.750000,748.909973,731.169983,748.900024,738.051636,1778200
2025-09-05,752.190002,757.349976,727.150024,738.210022,727.516479,1822800
2025-09-08,739.419983,743.539978,733.570007,741.849976,731.103699,1400100
2025-09-09,740.130005,765.619995,738.539978,763.919983,752.853943,2611300
2025-09-10,761.859985,774.469971,761.630005,769.580017,758.432007,1996200
2025-09-11,772.000000,793.169983,771.349976,784.729980,773.362549,2075700
2025-09-12,783.500000,787.030029,776.260010,780.059998,768.760254,1099400
2025-09-15,782.950012,792.380005,781.440002,786.760010,775.363159,1292000
2025-09-16,789.530029,790.010010,779.690002,785.530029,774.151001,1529500
2025-09-17,788.859985,798.570007,785.229980,794.219971,782.715088,1945300
2025-09-18,795.570007,807.280029,792.400024,804.309998,792.658936,1501600
2025-09-19,804.090027,809.659973,797.369995,805.000000,793.338928,3789800
2025-09-22,801.140015,806.030029,797.539978,805.559998,793.890869,1151000
2025-09-23,807.099976,825.250000,802.000000,806.320007,794.639832,1758800
2025-09-24,809.549988,812.840027,792.340027,792.429993,780.951050,1402500
2025-09-25,786.000000,798.179993,782.010010,794.760010,783.247314,1413100
2025-09-26,797.159973,809.500000,795.130005,802.510010,790.885010,1376200
2025-09-29,807.799988,808.840027,797.989990,804.119995,792.471680,1059000
2025-09-30,805.500000,809.619995,786.450012,796.349976,784.814270,2463900
2025-10-01,793.619995,796.280029,783.229980,785.510010,774.131287,1788900
2025-10-02,788.880005,791.000000,772.440002,779.380005,768.090088,1553700
2025-10-03,783.000000,794.919983,777.859985,789.979980,778.536499,1470500
2025-10-06,795.000000,802.500000,780.049988,796.780029,785.238037,1632600
2025-10-07,798.000000,805.320007,781.390015,789.650024,778.211365,1547200
2025-10-08,791.750000,795.000000,774.340027,776.510010,765.261597,1939300
2025-10-09,778.849976,782.909973,771.349976,779.960022,768.661682,1575000
2025-10-10,783.119995,791.659973,764.000000,764.359985,753.287659,2457900
2025-10-13,777.880005,791.049988,777.880005,786.780029,775.382935,2766000
2025-10-14,764.450012,786.570007,742.460022,770.760010,759.594971,4710800
2025-10-15,778.619995,782.489990,762.659973,767.929993,756.805969,3217400
2025-10-16,770.659973,781.440002,752.409973,758.090027,747.108521,3160900
2025-10-17,758.150024,758.940002,740.010010,750.770020,739.894592,2884700
2025-10-20,757.000000,766.419983,752.880005,763.320007,752.262695,1925400
2025-10-21,759.000000,765.299988,758.270020,758.979980,747.985535,1782200
2025-10-22,760.609985,760.609985,743.109985,744.599976,733.813843,2141400
2025-10-23,749.340027,755.000000,744.659973,750.780029,739.904419,1615400
2025-10-24,759.849976,784.609985,756.000000,783.880005,772.524841,2505600
2025-10-27,789.000000,796.710022,787.010010,789.989990,778.546387,1645300
2025-10-28,792.049988,798.359985,787.349976,792.090027,780.616028,1242000
2025-10-29,788.000000,800.489990,778.820007,783.059998,771.716736,2251500
2025-10-30,783.559998,807.140015,780.599976,790.159973,778.713928,1829500
2025-10-31,784.979980,791.719971,783.000000,789.369995,777.935364,1328100
2025-11-03,789.570007,796.000000,781.440002,785.520020,774.141113,1569100
2025-11-04,777.000000,806.000000,773.000000,790.830017,779.374268,2046000
2025-11-05,790.440002,797.359985,775.580017,793.090027,781.601501,1832700
2025-11-06,794.000000,798.200012,777.000000,787.580017,776.171326,1572500
2025-11-07,783.000000,787.059998,762.799988,786.340027,774.949280,2098400
2025-11-10,796.080017,806.359985,788.799988,797.200012,785.651917,1698200
2025-11-11,798.479980,812.000000,795.609985,810.309998,798.571960,1521500
2025-11-12,814.130005,840.000000,814.130005,838.969971,826.816833,2954100
2025-11-13,833.059998,841.280029,805.020020,805.500000,793.831726,2557400
2025-11-14,795.549988,800.609985,778.000000,790.909973,779.453064,2552000
2025-11-17,790.000000,796.729980,770.500000,775.559998,764.325439,1850600
2025-11-18,772.059998,787.700012,766.539978,776.299988,765.054626,1673500
2025-11-19,776.299988,787.869995,775.000000,785.989990,774.604309,1521100
2025-11-20,795.250000,816.000000,772.190002,773.700012,762.492310,2599000
2025-11-21,776.830017,780.369995,754.000000,774.030029,762.817566,2284700
2025-11-24,778.640015,793.989990,775.359985,790.710022,779.255981,2319500
2025-11-25,797.000000,805.260010,777.989990,802.320007,790.697754,2252900
2025-11-26,805.840027,819.580017,805.000000,816.010010,804.189514,1862500
2025-11-28,820.000000,830.570007,818.950012,826.039978,814.074158,868300
2025-12-01,818.590027,824.729980,809.609985,810.859985,799.114075,2133200
2025-12-02,811.119995,819.700012,808.299988,815.210022,807.383911,2254200
2025-12-03,812.950012,837.909973,812.950012,836.570007,828.538818,2347900
2025-12-04,835.539978,843.989990,834.500000,837.830017,829.786804,1670800
2025-12-05,837.260010,856.200012,836.520020,854.559998,846.356140,2277500
2025-12-08,861.099976,870.559998,856.299988,866.690002,858.369690,2238100
2025-12-09,866.000000,883.719971,864.309998,876.580017,868.164795,2274800
2025-12-10,871.349976,897.200012,869.270020,889.239990,880.703247,2394300
2025-12-11,889.979980,919.099976,888.000000,911.030029,902.284058,2683000
2025-12-12,913.750000,914.989990,886.989990,887.960022,879.435547,2715200
2025-12-15,892.000000,904.469971,889.590027,889.590027,881.049927,1976600
2025-12-16,890.229980,896.239990,874.320007,879.150024,870.710083,2161600
2025-12-17,886.330017,895.969971,868.440002,872.330017,863.955627,2213300
2025-12-18,880.500000,892.789978,874.700012,876.299988,867.887451,2066300
2025-12-19,883.169983,899.750000,881.950012,893.479980,884.902466,4808300
2025-12-22,896.520020,905.479980,894.840027,899.000000,890.369507,1442300
2025-12-23,900.349976,905.919983,893.700012,901.710022,893.053589,1210200
2025-12-24,901.159973,911.880005,898.700012,910.780029,902.036438,771800
2025-12-26,911.000000,913.320007,905.309998,907.039978,898.332275,995300
2025-12-29,906.450012,906.479980,891.559998,892.179993,883.614990,1578000
2025-12-30,894.739990,895.020020,881.179993,884.419983,875.929443,1833300