Date,Open,High,Low,Close,Adj Close,Volume
2020-01-02,219.080002,219.759995,217.839996,219.660004,187.322601,3935700
2020-01-03,217.139999,219.679993,216.750000,218.929993,186.700073,3423200
2020-01-06,216.490005,220.000000,216.399994,219.960007,187.578461,5682800
2020-01-07,219.500000,220.559998,216.899994,218.520004,186.350464,5685400
2020-01-08,218.800003,222.970001,218.669998,221.789993,189.138992,4916200
2020-01-09,222.639999,225.550003,221.850006,225.190002,192.038498,4843600
2020-01-10,224.750000,225.490005,223.029999,224.220001,191.211304,4226600
2020-01-13,224.500000,224.509995,222.679993,223.339996,190.460876,6060900
2020-01-14,222.479996,224.949997,222.309998,222.809998,190.008881,3915100
2020-01-15,222.279999,224.979996,222.130005,224.589996,191.526855,3444300
2020-01-16,225.929993,228.860001,225.399994,228.820007,195.134125,5390800
2020-01-17,229.610001,232.600006,228.910004,231.910004,197.769241,7979200
2020-01-21,231.529999,233.660004,231.059998,232.949997,198.656113,4873500
2020-01-22,233.789993,236.529999,232.880005,232.899994,198.613480,4030800
2020-01-23,232.130005,234.820007,230.639999,233.649994,199.253082,4617900
2020-01-24,234.460007,235.429993,230.559998,232.000000,197.845947,4467500
2020-01-27,228.199997,232.470001,228.199997,231.190002,197.155197,3595600
2020-01-28,231.820007,235.250000,231.350006,233.860001,199.432129,3621900
2020-01-29,234.899994,235.880005,233.399994,234.020004,199.568619,2564000
2020-01-30,232.000000,233.300003,231.570007,232.789993,198.519669,4685700
2020-01-31,232.960007,233.229996,227.889999,228.100006,194.520111,5304700
2020-02-03,230.300003,233.529999,229.350006,231.539993,197.453674,5100900
2020-02-04,234.029999,236.360001,234.029999,235.000000,200.404312,3505100
2020-02-05,237.100006,238.320007,235.860001,238.110001,203.056503,3868600
2020-02-06,238.000000,239.410004,237.479996,238.839996,203.678986,3930300
2020-02-07,238.839996,239.529999,236.520004,237.300003,202.365692,2456100
2020-02-10,236.600006,240.610001,236.179993,240.610001,205.188461,2568000
2020-02-11,240.610001,242.449997,240.199997,241.639999,206.066818,2692400
2020-02-12,242.130005,242.300003,238.839996,241.589996,206.024155,3592100
2020-02-13,240.970001,243.600006,240.399994,242.360001,206.680801,2468100
2020-02-14,243.440002,245.199997,242.630005,245.029999,208.957733,2841600
2020-02-18,244.839996,246.110001,243.160004,243.940002,208.028229,2892600
2020-02-19,244.910004,245.500000,243.009995,243.639999,207.772369,2713300
2020-02-20,243.690002,247.119995,242.149994,247.020004,210.654785,3701800
2020-02-21,246.500000,247.360001,244.000000,245.339996,209.222107,3881100
2020-02-24,238.479996,243.110001,237.699997,239.699997,204.412399,5350100
2020-02-25,246.100006,246.970001,236.479996,237.380005,202.433945,8061500
2020-02-26,239.100006,241.039993,234.320007,235.279999,200.643066,6963000
2020-02-27,231.070007,234.820007,224.570007,224.729996,191.646210,7612800
2020-02-28,218.630005,221.059998,212.330002,217.839996,185.770538,11809600
2020-03-02,219.979996,230.000000,218.490005,229.940002,196.089233,7150800
2020-03-03,230.029999,235.820007,225.570007,227.940002,194.383667,8432500
2020-03-04,233.009995,241.320007,231.800003,241.080002,205.589233,6770000
2020-03-05,236.600006,239.610001,233.149994,234.809998,200.242264,6473900
2020-03-06,227.570007,230.289993,222.250000,228.509995,194.869720,7399900
2020-03-09,213.869995,216.179993,207.250000,210.460007,179.477005,10120500
2020-03-10,217.210007,225.830002,211.000000,225.699997,192.473450,7206600
2020-03-11,217.300003,219.149994,210.500000,212.889999,182.763885,7253900
2020-03-12,195.410004,206.580002,184.839996,190.589996,163.619583,10928700
2020-03-13,200.449997,205.820007,190.000000,205.669998,176.565582,10292300
2020-03-16,181.970001,186.100006,163.110001,164.960007,141.616501,12536600
2020-03-17,168.210007,174.779999,155.300003,173.639999,149.068161,16234400
2020-03-18,159.800003,162.330002,140.630005,155.630005,133.606750,14681900
2020-03-19,153.160004,162.910004,142.000000,161.130005,138.328491,13499100
2020-03-20,162.779999,170.220001,151.809998,152.149994,130.619247,12602400
2020-03-23,150.059998,164.929993,146.339996,162.389999,139.410187,12241600
2020-03-24,173.389999,185.669998,172.009995,184.720001,158.580215,14676600
2020-03-25,184.419998,191.550003,180.000000,181.759995,156.039139,11497400
2020-03-26,183.490005,198.199997,182.500000,195.210007,167.585785,10170300
2020-03-27,188.490005,196.380005,186.500000,190.550003,163.585251,7121700
2020-03-30,190.570007,198.199997,187.610001,196.100006,168.349854,6936700
2020-03-31,194.800003,195.490005,185.449997,186.710007,160.288635,7335400
2020-04-01,175.910004,182.759995,175.000000,178.630005,153.352081,7858200
2020-04-02,174.949997,182.720001,174.000000,181.309998,155.652817,6353900
2020-04-03,179.559998,181.350006,174.940002,178.699997,153.412125,7299800
2020-04-06,188.000000,192.410004,185.130005,191.330002,164.254868,7454000
2020-04-07,202.919998,204.110001,191.850006,192.289993,165.079010,6438800
2020-04-08,194.210007,196.770004,191.539993,194.820007,167.250992,6094700
2020-04-09,199.800003,205.990005,196.500000,201.529999,173.011459,7125100
2020-04-13,200.449997,200.449997,195.369995,198.789993,170.659149,4415600
2020-04-14,201.880005,209.729996,200.130005,207.169998,177.853348,5655400
2020-04-15,198.669998,202.240005,196.610001,198.479996,170.393021,5693900
2020-04-16,199.119995,202.210007,196.820007,199.850006,171.569214,7262800
2020-04-17,207.169998,210.250000,206.160004,209.419998,179.784927,6717600
2020-04-20,206.130005,211.029999,205.360001,206.050003,176.891815,4753100
2020-04-21,200.750000,204.339996,199.509995,200.610001,172.221664,4845000
2020-04-22,201.889999,205.710007,201.139999,204.169998,175.277878,4067700
2020-04-23,203.320007,206.970001,202.190002,202.320007,173.689682,3565500
2020-04-24,204.729996,212.929993,203.850006,212.179993,182.154327,5025200
2020-04-27,215.039993,220.940002,214.009995,217.759995,186.944733,5472800
2020-04-28,223.990005,224.220001,216.910004,217.630005,186.833145,5080700
2020-04-29,221.339996,224.169998,219.820007,221.809998,190.421616,4381100
2020-04-30,216.789993,222.110001,216.520004,219.830002,188.721817,5152700
2020-05-01,216.770004,219.699997,215.770004,218.570007,187.640137,3819300
2020-05-04,216.679993,222.660004,215.210007,221.839996,190.447357,4090900
2020-05-05,224.940002,228.850006,223.610001,225.610001,193.683899,4655200
2020-05-06,227.369995,228.440002,223.800003,223.919998,192.233047,3321100
2020-05-07,226.509995,231.630005,226.419998,229.449997,196.980469,4501300
2020-05-08,232.699997,235.550003,231.149994,234.429993,201.255753,4365200
2020-05-11,231.770004,238.770004,231.250000,236.559998,203.084320,4378300
2020-05-12,238.570007,239.250000,232.899994,232.899994,199.942291,4399600
2020-05-13,233.039993,236.300003,228.539993,230.100006,197.538513,6237200
2020-05-14,226.369995,234.660004,226.199997,234.479996,201.298706,6434500
2020-05-15,232.789993,243.229996,232.699997,239.330002,205.462372,16176300
2020-05-18,245.839996,248.320007,244.039993,245.350006,210.630478,8314800
2020-05-19,240.449997,242.460007,237.800003,238.100006,204.406433,9387000
2020-05-20,242.000000,242.270004,234.949997,238.190002,204.483673,7534200
2020-05-21,237.619995,241.179993,235.789993,240.880005,206.793015,4772700
2020-05-22,240.699997,242.339996,238.660004,241.880005,207.651505,3041800
2020-05-26,248.149994,248.220001,242.070007,242.479996,208.166580,4535200
2020-05-27,242.690002,247.389999,240.779999,247.360001,212.356033,4664800
2020-05-28,249.520004,252.229996,244.429993,245.139999,210.450180,5259300
2020-05-29,245.059998,249.710007,244.729996,248.479996,213.317566,5341600
2020-06-01,249.410004,249.779999,245.869995,247.289993,212.295929,3407800
2020-06-02,248.630005,252.720001,247.000000,252.710007,216.948944,5301000
2020-06-03,251.800003,252.830002,250.389999,251.000000,216.767593,4638100
2020-06-04,249.770004,252.169998,247.470001,248.949997,214.997162,4759400
2020-06-05,252.339996,255.850006,250.380005,254.899994,220.135727,5054300
2020-06-08,252.490005,256.809998,252.259995,256.769989,221.750656,3811900
2020-06-09,255.330002,258.290009,253.860001,256.760010,221.742004,3716100
2020-06-10,257.450012,259.290009,254.220001,254.449997,219.747086,3589800
2020-06-11,248.860001,250.619995,238.740005,239.470001,206.810089,6563700
2020-06-12,243.070007,246.389999,237.050003,242.449997,209.383667,5238500
2020-06-15,237.619995,242.220001,234.309998,241.360001,208.442383,6250900
2020-06-16,249.399994,251.649994,242.869995,249.949997,215.860825,5291600
2020-06-17,252.770004,254.619995,250.080002,250.850006,216.638046,4234000
2020-06-18,249.360001,251.750000,247.130005,249.210007,215.221771,3347800
2020-06-19,253.100006,254.300003,246.380005,246.649994,213.010864,11114600
2020-06-22,245.699997,250.059998,245.509995,249.160004,215.178528,3815200
2020-06-23,253.000000,253.440002,250.130005,250.309998,216.171753,3105300
2020-06-24,247.809998,250.289993,242.729996,246.130005,212.561813,3873000
2020-06-25,244.800003,246.350006,242.199997,245.380005,211.914078,2938400
2020-06-26,245.350006,246.100006,240.250000,241.009995,208.140076,5002700
2020-06-29,242.660004,246.500000,240.339996,246.119995,212.553207,3468300
2020-06-30,247.000000,251.649994,246.089996,250.509995,216.344452,4524600
2020-07-01,249.649994,250.330002,246.929993,248.149994,214.306290,3677300
2020-07-02,251.940002,252.300003,247.919998,248.500000,214.608566,3369800
2020-07-06,250.270004,251.500000,247.039993,249.550003,215.515396,3133800
2020-07-07,247.369995,250.779999,247.070007,247.350006,213.615433,2927800
2020-07-08,247.869995,249.789993,246.220001,249.169998,215.187149,2294000
2020-07-09,249.660004,250.509995,246.350006,247.960007,214.142227,2994700
2020-07-10,248.289993,250.330002,246.639999,250.110001,215.999023,2745300
2020-07-13,251.919998,257.859985,249.089996,249.619995,215.575806,4437500
2020-07-14,249.000000,258.179993,248.460007,257.790009,222.631516,4614200
2020-07-15,260.140015,261.290009,255.149994,257.799988,222.640182,4343700
2020-07-16,256.760010,260.500000,256.000000,258.079987,222.881989,2511200
2020-07-17,260.029999,260.649994,257.720001,260.380005,224.868362,3091300
2020-07-20,259.040009,261.200012,258.019989,260.170013,224.686996,2451100
2020-07-21,261.619995,263.869995,260.720001,262.420013,226.630188,2439900
2020-07-22,262.589996,265.589996,262.000000,265.170013,229.005035,2750000
2020-07-23,267.799988,267.799988,261.799988,263.809998,227.830505,2680100
2020-07-24,265.040009,266.890015,262.989990,265.309998,229.125977,2984500
2020-07-27,265.089996,268.679993,265.089996,267.420013,230.948212,2412500
2020-07-28,268.559998,269.070007,264.670013,265.279999,229.100037,2227000
2020-07-29,264.799988,267.109985,264.170013,264.660004,228.564621,2874100
2020-07-30,263.339996,267.350006,261.549988,266.309998,229.989594,2347800
2020-07-31,265.000000,267.170013,260.609985,265.489990,229.281433,3640600
2020-08-03,266.730011,268.579987,265.670013,266.179993,229.877274,2363500
2020-08-04,266.630005,267.890015,263.839996,267.869995,231.336792,2224000
2020-08-05,268.390015,268.390015,265.890015,267.480011,230.999985,1959900
2020-08-06,266.600006,270.440002,266.529999,269.369995,232.632217,2203400
2020-08-07,270.609985,274.920013,269.809998,271.640015,234.592682,2846300
2020-08-10,272.420013,275.000000,271.799988,274.730011,237.261215,2393100
2020-08-11,277.690002,279.369995,274.410004,274.920013,237.425323,3321300
2020-08-12,279.750000,282.970001,276.959991,281.579987,243.176926,3867900
2020-08-13,281.160004,282.649994,279.739990,281.660004,243.246094,2202400
2020-08-14,281.140015,282.000000,279.190002,280.549988,242.287460,2490400
2020-08-17,284.399994,289.220001,283.570007,288.239990,248.928650,5584400
2020-08-18,288.899994,290.579987,283.040009,285.000000,246.130508,6934300
2020-08-19,287.459991,287.970001,281.929993,282.859985,244.282425,4986800
2020-08-20,280.540009,281.910004,279.440002,280.679993,242.399719,3530000
2020-08-21,279.970001,283.549988,278.420013,283.230011,244.602020,5519100
2020-08-24,284.989990,286.850006,281.920013,286.750000,247.641846,4430900
2020-08-25,287.269989,287.480011,283.890015,286.130005,247.106445,2854500
2020-08-26,287.730011,292.119995,286.269989,291.929993,252.115387,4001900
2020-08-27,292.220001,292.950012,286.559998,288.630005,249.265488,3430900
2020-08-28,288.309998,288.829987,284.769989,286.290009,247.244659,3100100
2020-08-31,285.000000,286.690002,282.869995,285.040009,246.165146,4105400
2020-09-01,284.029999,286.679993,283.500000,285.940002,246.942337,3235100
2020-09-02,284.850006,288.040009,283.600006,287.200012,249.338516,3464600
2020-09-03,287.299988,287.700012,272.170013,274.630005,238.425598,5380100
2020-09-04,275.549988,276.769989,264.670013,269.660004,234.110794,5253500
2020-09-08,267.109985,271.040009,262.809998,269.260010,233.763580,5241200
2020-09-09,272.459991,279.739990,271.750000,277.040009,240.517929,4754700
2020-09-10,278.010010,280.980011,271.170013,272.700012,236.750046,3156300
2020-09-11,273.980011,277.980011,273.459991,276.329987,239.901520,3729200
2020-09-14,278.549988,282.459991,278.019989,280.649994,243.651962,3055800
2020-09-15,283.040009,286.700012,282.380005,285.579987,247.932083,4174900
2020-09-16,285.609985,286.579987,280.679993,281.630005,244.502838,3379100
2020-09-17,277.910004,282.720001,276.959991,279.959991,243.052917,3166600
2020-09-18,278.410004,279.829987,270.809998,275.190002,238.911758,6072900
2020-09-21,271.869995,272.899994,266.529999,272.350006,236.446198,3548000
2020-09-22,271.679993,273.519989,270.630005,273.309998,237.279678,2972000
2020-09-23,275.420013,276.619995,264.690002,266.549988,231.410812,4467600
2020-09-24,265.709991,269.700012,263.880005,265.700012,230.672882,3095600
2020-09-25,264.190002,270.149994,263.920013,268.549988,233.147095,2457700
2020-09-28,271.929993,274.220001,270.299988,272.329987,236.428772,3061100
2020-09-29,273.399994,273.839996,271.109985,272.109985,236.237778,2048900
2020-09-30,273.480011,279.920013,272.519989,277.709991,241.099564,4778800
2020-10-01,279.440002,280.000000,275.850006,277.619995,241.021454,2696900
2020-10-02,274.940002,281.079987,274.100006,279.309998,242.488632,2943600
2020-10-05,280.920013,282.420013,279.700012,282.100006,244.910812,2330700
2020-10-06,282.500000,283.000000,275.769989,276.470001,240.023056,2992500
2020-10-07,280.850006,284.000000,280.000000,282.790009,245.509857,3423700
2020-10-08,283.839996,284.950012,281.170013,284.519989,247.011841,2256200
2020-10-09,285.470001,287.279999,284.089996,285.920013,248.227264,2240100
2020-10-12,287.390015,288.329987,286.059998,286.910004,249.086731,2411900
2020-10-13,285.700012,290.769989,285.700012,290.359985,252.081863,2699900
2020-10-14,289.510010,290.299988,285.149994,287.089996,249.242981,2221000
2020-10-15,284.119995,290.250000,283.119995,287.540009,249.633652,2699400
2020-10-16,288.250000,292.649994,287.250000,287.660004,249.737854,3108600
2020-10-19,289.760010,290.109985,283.380005,283.730011,246.326004,2428100
2020-10-20,285.140015,289.790009,284.130005,286.040009,248.331436,2281500
2020-10-21,285.390015,288.019989,283.279999,284.510010,247.003098,2304500
2020-10-22,283.929993,285.679993,280.649994,281.160004,244.094757,2787000
2020-10-23,282.380005,283.190002,279.549988,283.000000,245.692200,1750600
2020-10-26,279.640015,281.529999,272.000000,276.040009,239.649734,2911900
2020-10-27,276.989990,279.730011,276.119995,276.839996,240.344238,3014100
2020-10-28,270.250000,273.670013,268.690002,269.720001,234.162903,3255900
2020-10-29,269.690002,273.700012,267.309998,269.630005,234.084702,2872500
2020-10-30,268.820007,269.619995,262.029999,266.709991,231.549683,3872800
2020-11-02,270.149994,274.779999,268.519989,270.739990,235.048386,2956400
2020-11-03,274.850006,279.529999,273.720001,277.369995,240.804306,3037500
2020-11-04,276.760010,287.040009,276.010010,282.720001,245.449081,3525300
2020-11-05,288.350006,289.000000,284.079987,285.850006,248.166504,2516600
2020-11-06,286.730011,286.779999,282.850006,284.239990,246.768707,2839100
2020-11-09,287.980011,288.420013,269.470001,269.970001,234.379913,7856400
2020-11-10,272.790009,275.790009,269.250000,275.570007,239.241730,4828500
2020-11-11,277.320007,281.690002,276.170013,277.750000,241.134232,2987900
2020-11-12,283.000000,283.690002,273.839996,276.239990,239.823318,3818600
2020-11-13,276.420013,279.730011,275.260010,277.170013,240.630798,3939200
2020-11-16,279.179993,281.290009,276.399994,279.570007,242.714355,5360200
2020-11-17,272.100006,273.529999,269.399994,272.470001,236.550354,8532200
2020-11-18,270.500000,275.380005,269.000000,269.829987,234.258362,5122200
2020-11-19,270.420013,272.380005,268.700012,270.929993,235.213364,3929400
2020-11-20,271.450012,272.369995,268.869995,269.809998,234.241013,4111000
2020-11-23,270.010010,273.690002,269.549988,271.399994,235.621460,3294200
2020-11-24,274.000000,275.549988,272.570007,273.309998,237.279678,4773400
2020-11-25,273.480011,274.739990,271.209991,273.959991,237.843964,3001700
2020-11-27,275.239990,276.579987,274.359985,275.989990,239.606339,1625300
2020-11-30,275.220001,277.760010,271.920013,277.410004,240.839142,4624100
2020-12-01,278.730011,278.950012,275.549988,276.600006,240.135971,3942400
2020-12-02,273.970001,274.109985,269.570007,271.100006,236.644287,4168600
2020-12-03,270.630005,271.929993,267.140015,268.140015,234.060547,4168900
2020-12-04,267.470001,268.730011,262.820007,263.989990,230.437958,7732800
2020-12-07,263.500000,264.500000,261.000000,262.640015,229.259521,6379000
2020-12-08,261.720001,262.500000,258.730011,261.720001,228.456451,5338100
2020-12-09,264.609985,265.769989,262.250000,265.579987,231.825867,4550100
2020-12-10,264.079987,266.070007,262.109985,264.809998,231.153717,4234300
2020-12-11,263.359985,265.359985,262.649994,264.549988,230.926712,3454500
2020-12-14,266.140015,268.600006,265.269989,265.579987,231.825867,4576800
2020-12-15,267.510010,268.760010,266.200012,267.980011,233.920837,3754100
2020-12-16,268.529999,270.750000,267.510010,269.589996,235.326187,4669600
2020-12-17,272.160004,274.329987,271.299988,273.970001,239.149551,4247000
2020-12-18,274.589996,275.739990,270.299988,270.450012,236.076904,9817000
2020-12-21,268.559998,271.950012,265.880005,270.989990,236.548309,4339000
2020-12-22,270.059998,271.359985,268.510010,270.040009,235.719009,3140100
2020-12-23,270.059998,271.000000,268.200012,269.809998,235.518234,2337100
2020-12-24,269.440002,271.359985,269.399994,270.920013,236.487167,1093900
2020-12-28,272.170013,272.250000,269.239990,269.250000,235.029419,2633800
2020-12-29,269.980011,270.459991,265.070007,266.190002,232.358353,2572100
2020-12-30,266.109985,267.299988,264.920013,265.260010,231.546555,2511400
2020-12-31,265.570007,265.950012,263.579987,265.619995,231.860733,2607900
2021-01-04,266.010010,266.440002,261.059998,263.920013,230.376831,5002000
2021-01-05,262.660004,266.529999,262.260010,266.049988,232.236130,3822600
2021-01-06,264.059998,269.769989,261.869995,267.570007,233.562927,3949200
2021-01-07,266.950012,268.779999,266.170013,266.260010,232.419449,3833200
2021-01-08,267.350006,270.730011,267.000000,269.089996,234.889740,3757700
2021-01-11,267.470001,273.369995,267.260010,271.230011,236.757782,3764400
2021-01-12,271.109985,277.940002,270.649994,276.329987,241.209595,4030900
2021-01-13,278.309998,280.480011,273.940002,274.049988,239.219330,3921400
2021-01-14,274.500000,274.899994,267.670013,268.339996,234.235046,4641400
2021-01-15,268.630005,276.390015,268.000000,275.589996,240.563614,5131700
2021-01-19,278.000000,278.000000,273.019989,273.190002,238.468704,3615800
2021-01-20,273.250000,277.209991,271.500000,274.299988,239.437546,3498400
2021-01-21,276.220001,280.700012,275.670013,279.049988,243.583862,4397900
2021-01-22,279.260010,285.079987,277.869995,284.000000,247.904770,4501900
2021-01-25,283.850006,285.769989,281.420013,285.079987,248.847427,4025900
2021-01-26,285.420013,285.649994,281.700012,282.600006,246.682678,2472200
2021-01-27,279.989990,280.809998,273.079987,274.049988,239.219330,4337000
2021-01-28,276.170013,282.959991,274.929993,278.049988,242.710999,3463000
2021-01-29,275.809998,277.059998,270.029999,270.820007,236.399887,4079500
2021-02-01,271.230011,272.649994,267.250000,270.070007,235.745193,3707800
2021-02-02,270.000000,275.690002,269.989990,272.160004,237.569580,4111800
2021-02-03,271.890015,275.720001,270.709991,274.170013,239.324142,2802700
2021-02-04,274.250000,279.440002,274.250000,278.820007,243.383148,2976000
2021-02-05,280.290009,281.760010,277.809998,278.859985,243.417984,2389900
2021-02-08,279.690002,280.420013,276.890015,280.029999,244.439346,3475600
2021-02-09,279.660004,280.200012,276.619995,276.769989,241.593628,2507800
2021-02-10,278.029999,278.929993,276.250000,278.690002,243.269547,2410600
2021-02-11,277.929993,280.250000,276.010010,277.059998,241.846786,2595300
2021-02-12,277.119995,278.709991,276.579987,277.510010,242.239609,2392200
2021-02-16,277.010010,278.630005,274.880005,275.390015,240.389038,2873500
2021-02-17,275.540009,281.790009,275.399994,280.920013,245.216171,3536400
2021-02-18,280.799988,284.679993,279.829987,283.049988,247.075470,3532000
2021-02-19,282.869995,283.910004,279.440002,279.640015,244.098923,4079900
2021-02-22,278.209991,278.489990,273.630005,275.850006,240.790573,3995500
2021-02-23,269.380005,269.670013,257.579987,267.239990,233.274872,12111000
2021-02-24,263.230011,266.989990,254.029999,259.970001,226.928879,14512700
2021-02-25,259.750000,260.899994,254.710007,255.250000,222.808746,6545400
2021-02-26,257.769989,260.239990,256.109985,258.339996,225.506012,7871200
2021-03-01,258.809998,262.480011,258.470001,261.619995,228.369110,4528900
2021-03-02,261.679993,263.109985,259.769989,260.290009,227.208221,3740300
2021-03-03,259.279999,260.500000,256.010010,257.359985,224.650558,4257500
2021-03-04,256.000000,256.859985,247.100006,250.929993,219.037796,7154900
2021-03-05,252.259995,254.199997,246.589996,253.520004,221.298660,6351800
2021-03-08,254.229996,263.230011,252.520004,259.029999,226.108322,5037400
2021-03-09,262.730011,267.570007,261.790009,264.959991,231.284668,6625300
2021-03-10,265.920013,268.750000,264.079987,266.239990,233.858261,3798400
2021-03-11,268.600006,270.779999,267.200012,268.850006,236.150864,4371300
2021-03-12,267.450012,273.809998,266.760010,273.100006,239.883942,4190500
2021-03-15,274.500000,279.649994,274.339996,278.540009,244.662262,4355200
2021-03-16,278.540009,282.519989,277.649994,282.079987,247.771713,4458900
2021-03-17,281.140015,283.880005,279.250000,280.029999,245.971069,5908400
2021-03-18,279.029999,285.470001,277.760010,283.160004,248.720352,4808100
2021-03-19,283.640015,289.100006,282.429993,289.100006,253.937927,13729200
2021-03-22,286.500000,290.329987,284.200012,288.940002,253.797348,5564700
2021-03-23,289.609985,293.429993,288.940002,289.980011,254.710953,4801200
2021-03-24,289.260010,296.779999,288.989990,292.750000,257.143951,4842000
2021-03-25,293.029999,297.880005,292.459991,297.179993,261.035217,5373500
2021-03-26,297.339996,304.000000,296.029999,303.809998,266.858826,5865900
2021-03-29,303.299988,305.549988,299.929993,302.200012,265.444672,4642900
2021-03-30,301.649994,305.679993,300.040009,304.820007,267.746002,5045400
2021-03-31,305.500000,308.019989,304.140015,305.250000,268.123657,4744100
2021-04-01,306.880005,308.549988,303.890015,307.750000,270.319550,3923900
2021-04-05,309.839996,315.850006,309.739990,315.399994,277.039154,4697200
2021-04-06,313.609985,315.940002,313.130005,313.779999,275.616211,3988600
2021-04-07,312.839996,315.140015,310.929993,312.470001,274.465515,3799300
2021-04-08,312.700012,315.250000,310.589996,314.429993,276.187073,4035600
2021-04-09,315.369995,319.320007,314.750000,319.230011,280.403320,4607800
2021-04-12,317.720001,321.309998,317.309998,320.790009,281.773682,3556800
2021-04-13,320.529999,320.899994,317.000000,320.399994,281.431000,3635100
2021-04-14,319.709991,322.700012,319.290009,320.019989,281.097198,3440600
2021-04-15,320.209991,323.399994,320.049988,322.739990,283.486420,3508200
2021-04-16,324.839996,328.670013,323.940002,328.079987,288.176941,6213100
2021-04-19,326.489990,328.829987,325.440002,326.850006,287.096619,4494300
2021-04-20,326.000000,327.690002,322.160004,323.959991,284.558075,4462900
2021-04-21,324.959991,327.910004,323.890015,325.950012,286.306000,3740100
2021-04-22,326.200012,326.429993,318.839996,321.459991,282.362091,4875000
2021-04-23,322.190002,325.529999,319.579987,323.890015,284.496582,3405700
2021-04-26,323.679993,324.000000,319.320007,319.989990,281.070892,2848500
2021-04-27,320.500000,322.470001,320.380005,320.589996,281.597961,3335800
2021-04-28,321.950012,322.959991,319.299988,319.709991,280.824951,2713400
2021-04-29,321.709991,325.790009,321.079987,325.339996,285.770233,3261900
2021-04-30,325.049988,325.829987,321.609985,323.670013,284.303314,3118700
2021-05-03,326.279999,331.619995,325.679993,330.269989,290.100586,3683700
2021-05-04,329.119995,333.230011,328.880005,332.769989,292.296509,3954400
2021-05-05,334.250000,334.250000,331.160004,332.049988,291.664063,3227200
2021-05-06,333.670013,337.809998,333.230011,337.579987,296.521423,3539600
2021-05-07,336.679993,339.809998,335.529999,339.250000,297.988342,2998100
2021-05-10,340.450012,345.690002,339.540009,341.119995,299.630951,4840600
2021-05-11,337.549988,338.000000,328.209991,330.660004,290.443115,5500900
2021-05-12,326.519989,328.799988,316.269989,317.000000,278.444550,5822000
2021-05-13,319.000000,327.420013,318.690002,325.420013,285.840485,5159800
2021-05-14,326.290009,327.320007,321.859985,323.630005,284.268188,3998000
2021-05-17,321.000000,322.829987,315.309998,320.010010,281.088470,4388000
2021-05-18,320.000000,324.559998,314.779999,316.750000,278.224884,7010300
2021-05-19,312.000000,314.750000,309.070007,314.450012,276.204742,5242100
2021-05-20,314.890015,319.709991,314.890015,315.899994,277.478363,3854700
2021-05-21,317.000000,319.279999,314.450012,315.769989,277.364227,3920600
2021-05-24,316.839996,318.739990,314.589996,314.839996,276.547272,2930600
2021-05-25,315.529999,317.100006,314.250000,316.750000,278.224884,3523300
2021-05-26,317.809998,321.380005,316.679993,317.329987,278.734406,2881600
2021-05-27,317.299988,320.410004,317.299988,318.769989,279.999237,3734800
2021-05-28,320.369995,321.510010,318.850006,318.910004,280.122314,3194000
2021-06-01,320.660004,321.260010,315.170013,316.309998,277.838440,3549800
2021-06-02,315.480011,316.980011,312.410004,313.230011,276.575806,3380100
2021-06-03,311.000000,312.929993,309.690002,311.429993,274.986481,2652500
2021-06-04,312.109985,313.450012,309.350006,311.010010,274.615662,2638700
2021-06-07,311.119995,312.329987,307.880005,309.959991,273.688416,3974800
2021-06-08,311.269989,312.290009,308.980011,310.899994,274.518463,2913500
2021-06-09,311.450012,312.980011,306.899994,307.339996,271.375092,3603700
2021-06-10,307.649994,309.649994,306.140015,308.309998,272.231476,3286300
2021-06-11,309.269989,311.239990,308.350006,310.769989,274.403625,2785100
2021-06-14,308.929993,310.059998,306.220001,309.320007,273.123352,3393500
2021-06-15,308.750000,308.950012,303.489990,306.450012,270.589203,5270600
2021-06-16,306.690002,307.350006,301.170013,302.779999,267.348694,4492500
2021-06-17,303.049988,305.209991,300.029999,303.119995,267.648865,4481100
2021-06-18,299.250000,303.829987,298.399994,302.609985,267.198578,8792700
2021-06-21,305.250000,308.720001,304.869995,307.600006,271.604584,3774200
2021-06-22,309.130005,314.910004,308.299988,312.709991,276.116730,4418400
2021-06-23,312.019989,313.660004,310.630005,311.670013,275.198395,2564500
2021-06-24,313.119995,314.839996,311.670013,311.839996,275.348480,2649200
2021-06-25,312.239990,315.459991,311.549988,313.630005,276.929016,11733500
2021-06-28,313.660004,315.269989,311.369995,314.279999,277.502960,2635400
2021-06-29,315.790009,320.299988,315.559998,318.239990,280.999542,3150100
2021-06-30,317.940002,320.290009,317.690002,318.890015,281.573486,3061500
2021-07-01,319.910004,321.690002,318.500000,321.540009,283.913330,2578000
2021-07-02,322.529999,323.119995,321.350006,322.700012,284.937683,2201600
2021-07-06,322.829987,323.829987,316.799988,319.260010,281.900208,3109500
2021-07-07,318.489990,324.420013,318.250000,323.480011,285.626373,2939900
2021-07-08,319.070007,320.329987,314.799988,318.540009,281.264526,3663000
2021-07-09,320.540009,323.309998,320.179993,322.089996,284.399017,2587400
2021-07-12,321.070007,324.000000,320.529999,321.739990,284.089966,2521800
2021-07-13,322.440002,323.290009,316.829987,317.049988,279.948792,3213800
2021-07-14,318.750000,320.059998,318.010010,319.220001,281.864868,3381600
2021-07-15,317.380005,322.959991,317.359985,322.709991,284.946503,2603900
2021-07-16,324.000000,326.279999,321.399994,321.540009,283.913330,3623700
2021-07-19,317.989990,319.000000,314.910004,318.869995,281.555817,3752600
2021-07-20,318.500000,326.130005,318.269989,325.350006,287.277588,4251700
2021-07-21,327.600006,328.470001,324.970001,326.359985,288.169342,2832600
2021-07-22,327.940002,327.970001,325.329987,326.660004,288.434265,2208100
2021-07-23,329.470001,333.450012,327.940002,332.839996,293.891022,2786400
2021-07-26,330.070007,331.559998,326.880005,331.179993,292.425293,2752000
2021-07-27,331.790009,331.880005,326.059998,327.260010,288.964050,2910300
2021-07-28,326.420013,329.329987,324.709991,325.519989,287.427704,2376200
2021-07-29,326.489990,328.559998,325.440002,327.429993,289.114105,2172400
2021-07-30,326.850006,330.109985,326.339996,328.190002,289.785217,2381200
2021-08-02,330.000000,330.000000,326.420013,327.220001,288.928711,2016400
2021-08-03,328.350006,333.010010,328.029999,331.940002,293.096405,2405900
2021-08-04,330.690002,331.920013,329.390015,330.309998,291.657166,1783700
2021-08-05,331.959991,336.000000,331.089996,333.109985,294.129486,2284000
2021-08-06,334.690002,335.709991,329.119995,329.839996,291.242157,2656600
2021-08-09,329.230011,331.070007,327.320007,328.760010,290.288513,1995300
2021-08-10,328.670013,333.239990,327.149994,331.480011,292.690155,1868100
2021-08-11,333.799988,338.549988,333.399994,337.000000,297.564240,3258600
2021-08-12,337.350006,338.170013,332.279999,334.019989,294.932983,2554200
2021-08-13,333.859985,335.799988,330.980011,331.320007,292.548920,2217000
2021-08-16,330.709991,335.630005,327.970001,335.049988,295.842468,3496300
2021-08-17,321.000000,323.589996,316.609985,320.750000,283.215851,9322800
2021-08-18,319.339996,327.859985,319.000000,321.549988,283.922241,4880600
2021-08-19,318.790009,325.190002,317.799988,322.899994,285.114258,2974700
2021-08-20,322.640015,329.679993,322.470001,329.239990,290.712280,2929900
2021-08-23,330.000000,330.529999,327.380005,327.739990,289.387848,2792700
2021-08-24,328.760010,328.839996,324.510010,324.899994,286.880188,2359500
2021-08-25,324.149994,326.559998,323.109985,323.880005,285.979584,2586900
2021-08-26,323.209991,324.989990,321.000000,321.480011,283.860443,2952300
2021-08-27,320.880005,324.049988,319.649994,323.380005,285.538147,2985400
2021-08-30,325.910004,329.500000,325.209991,327.100006,288.822784,2926900
2021-08-31,327.000000,328.269989,323.619995,326.179993,288.010376,4183100
2021-09-01,325.559998,325.779999,320.279999,323.640015,287.220490,3339100
2021-09-02,325.029999,328.179993,323.700012,327.739990,290.859161,3109000
2021-09-03,325.329987,330.899994,325.160004,330.339996,293.166626,2774800
2021-09-07,331.029999,332.559998,326.899994,328.950012,291.932983,2555200
2021-09-08,328.950012,331.929993,327.630005,331.579987,294.267090,2219500
2021-09-09,332.450012,333.730011,330.869995,331.769989,294.435669,3011900
2021-09-10,334.000000,335.230011,331.450012,331.950012,294.595428,3178600
2021-09-13,334.950012,337.149994,332.750000,335.450012,297.701508,3908700
2021-09-14,336.029999,337.489990,332.420013,333.119995,295.633820,2857200
2021-09-15,333.359985,334.670013,330.100006,333.369995,295.855621,2875500
2021-09-16,334.720001,337.839996,334.170013,336.390015,298.535767,3043800
2021-09-17,334.950012,339.649994,334.950012,335.670013,297.896790,7098400
2021-09-20,331.829987,335.390015,328.429993,331.209991,293.938660,4036600
2021-09-21,333.029999,336.970001,332.000000,334.220001,296.609955,3171100
2021-09-22,335.850006,339.000000,333.459991,335.929993,298.127563,2872800
2021-09-23,337.839996,339.519989,335.600006,335.910004,298.109772,2426600
2021-09-24,336.779999,337.839996,335.549988,337.489990,299.512024,2004900
2021-09-27,336.869995,343.739990,336.869995,341.410004,302.990906,2966100
2021-09-28,341.369995,341.369995,332.459991,333.799988,296.237183,3304100
2021-09-29,333.359985,338.880005,333.359985,336.929993,299.015045,2424000
2021-09-30,338.239990,338.709991,327.630005,328.260010,291.320679,4255000
2021-10-01,328.149994,332.730011,324.579987,329.859985,292.740601,2814200
2021-10-04,328.500000,330.609985,324.160004,326.470001,289.732086,2919900
2021-10-05,326.899994,332.190002,326.329987,329.480011,292.403351,2514300
2021-10-06,328.160004,330.649994,325.399994,330.359985,293.184326,2226800
2021-10-07,333.500000,339.220001,332.859985,337.480011,299.503174,2789500
2021-10-08,333.000000,335.410004,330.880005,334.339996,296.716492,2912200
2021-10-11,335.600006,340.859985,334.600006,336.970001,299.050568,2589100
2021-10-12,339.140015,341.049988,337.399994,337.799988,299.787170,2960300
2021-10-13,337.320007,340.239990,336.549988,338.279999,300.213074,2477400
2021-10-14,340.529999,344.369995,340.100006,344.049988,305.333832,2824300
2021-10-15,346.540009,350.950012,345.750000,350.410004,310.978119,3473500
2021-10-18,349.000000,355.950012,349.000000,355.010010,315.060455,3487500
2021-10-19,356.940002,358.089996,354.420013,357.989990,317.705170,2375600
2021-10-20,357.739990,359.570007,356.209991,358.230011,317.918152,2574800
2021-10-21,358.200012,364.850006,358.119995,364.619995,323.589081,2885400
2021-10-22,365.000000,367.029999,362.149994,365.989990,324.804871,2734700
2021-10-25,367.200012,371.660004,365.989990,371.260010,329.481842,2923400
2021-10-26,373.390015,374.049988,369.079987,369.200012,327.653625,2989500
2021-10-27,369.869995,375.149994,369.309998,372.320007,330.422577,2840300
2021-10-28,373.000000,373.940002,370.890015,371.570007,329.756927,2553500
2021-10-29,370.329987,375.149994,370.029999,371.739990,329.907837,3820200
2021-11-01,373.000000,373.570007,364.700012,366.480011,325.239716,3380500
2021-11-02,366.200012,368.890015,364.940002,367.290009,325.958588,2367100
2021-11-03,366.630005,369.359985,365.250000,368.970001,327.449585,2378800
2021-11-04,370.779999,373.230011,369.410004,372.179993,330.298309,3210000
2021-11-05,373.809998,374.410004,367.570007,368.399994,326.943726,3090200
2021-11-08,370.220001,372.910004,367.850006,368.589996,327.112274,2357200
2021-11-09,369.670013,373.880005,368.709991,370.649994,328.940552,2183300
2021-11-10,368.250000,371.209991,367.720001,368.579987,327.103394,2161400
2021-11-11,371.000000,372.000000,365.829987,367.630005,326.260345,2387300
2021-11-12,369.119995,373.500000,366.700012,372.630005,330.697662,2793300
2021-11-15,374.390015,374.869995,369.290009,371.079987,329.322144,3650600
2021-11-16,382.000000,394.380005,379.000000,392.329987,348.180817,8648200
2021-11-17,392.829987,399.429993,390.809998,394.850006,350.417236,4647000
2021-11-18,398.000000,406.540009,396.089996,405.850006,360.179413,4503700
2021-11-19,407.630005,410.100006,404.109985,408.690002,362.699860,3542000
2021-11-22,409.799988,416.559998,408.700012,408.790009,362.788605,4006400
2021-11-23,405.670013,409.679993,403.010010,408.369995,362.415802,3557000
2021-11-24,403.660004,412.750000,402.880005,412.109985,365.734985,2676300
2021-11-26,407.260010,414.140015,402.250000,402.700012,357.383881,3007800
2021-11-29,406.899994,410.809998,406.040009,406.820007,361.040222,3725500
2021-11-30,403.589996,408.429993,400.250000,400.609985,355.529053,7773500
2021-12-01,402.079987,410.250000,400.220001,400.420013,356.830170,3516200
2021-12-02,401.809998,410.700012,401.000000,407.769989,363.379944,3705000
2021-12-03,409.850006,415.929993,404.450012,407.809998,363.415680,5237500
2021-12-06,413.519989,420.609985,411.220001,415.700012,370.446747,4624500
2021-12-07,417.000000,418.559998,413.019989,416.179993,370.874542,4204500
2021-12-08,416.179993,419.850006,408.279999,411.250000,366.481171,4079400
2021-12-09,410.799988,415.250000,408.290009,411.339996,366.561401,3822900
2021-12-10,412.190002,415.609985,410.260010,415.399994,370.179382,2625200
2021-12-13,415.399994,416.500000,404.510010,405.239990,361.125366,3766400
2021-12-14,403.450012,405.679993,398.079987,402.200012,358.416351,4662800
2021-12-15,400.619995,407.929993,399.390015,407.809998,363.415680,4421400
2021-12-16,408.399994,408.869995,398.119995,399.529999,356.037018,4632800
2021-12-17,396.970001,397.980011,387.420013,387.980011,345.744354,11097500
2021-12-20,384.290009,390.170013,380.899994,389.399994,347.009766,4294800
2021-12-21,391.630005,393.760010,383.239990,390.470001,347.963318,3038200
2021-12-22,391.000000,395.769989,388.859985,395.640015,352.570496,3267800
2021-12-23,398.290009,399.839996,394.619995,397.070007,353.844879,2743900
2021-12-27,399.040009,404.450012,398.209991,404.089996,360.100586,2228300
2021-12-28,404.989990,407.019989,403.000000,406.220001,361.998779,2521400
2021-12-29,406.380005,412.369995,406.309998,410.839996,366.115814,2209300
2021-12-30,411.850006,413.440002,408.399994,409.940002,365.313751,1804400
2021-12-31,409.989990,416.529999,409.890015,415.010010,369.831848,2386100
2022-01-03,416.570007,417.839996,403.260010,408.640015,364.155334,3715700
2022-01-04,408.640015,413.609985,408.190002,412.839996,367.898071,3266500
2022-01-05,414.000000,414.220001,406.809998,407.239990,362.907715,4443200
2022-01-06,408.559998,409.070007,403.019989,405.760010,361.588837,3315100
2022-01-07,403.359985,404.089996,392.880005,393.609985,350.761475,4520700
2022-01-10,387.399994,387.589996,380.910004,387.459991,345.280945,6440000
2022-01-11,388.070007,391.839996,384.320007,386.670013,344.577057,4385400
2022-01-12,388.290009,393.450012,386.380005,389.399994,347.009766,3623300
2022-01-13,392.510010,394.309998,385.859985,386.980011,344.853271,3466300
2022-01-14,381.329987,382.010010,371.500000,372.000000,331.503906,6336200
2022-01-18,366.100006,368.089996,360.029999,366.720001,326.798737,6435200
2022-01-19,367.179993,368.700012,359.410004,359.690002,320.534088,5175100
2022-01-20,361.329987,361.850006,349.019989,349.579987,311.524597,5440600
2022-01-21,351.720001,360.089996,347.179993,349.100006,311.096863,7718400
2022-01-24,343.779999,364.380005,343.609985,363.809998,324.205505,8584300
2022-01-25,358.140015,361.519989,352.190002,358.980011,319.901306,5536700
2022-01-26,360.000000,365.899994,354.450012,357.279999,318.386353,6103300
2022-01-27,360.429993,364.119995,353.910004,356.429993,317.628876,3941000
2022-01-28,360.170013,366.720001,352.839996,366.540009,326.638397,4551300
2022-01-31,364.809998,367.410004,362.209991,366.980011,327.030396,4084600
2022-02-01,369.470001,370.690002,362.369995,368.700012,328.563202,3406800
2022-02-02,368.380005,374.670013,367.760010,373.730011,333.045685,3839300
2022-02-03,370.190002,372.119995,363.200012,364.809998,325.096680,4009700
2022-02-04,363.500000,364.670013,354.250000,359.670013,320.516205,3728100
2022-02-07,360.260010,361.799988,355.440002,357.350006,318.448792,2809300
2022-02-08,357.350006,362.980011,354.799988,361.440002,322.093567,3225100
2022-02-09,365.309998,367.459991,363.000000,364.369995,324.704529,2777500
2022-02-10,358.839996,363.000000,352.869995,355.089996,316.434753,4291800
2022-02-11,354.690002,357.339996,348.559998,350.290009,312.157318,3308700
2022-02-14,348.000000,352.910004,346.829987,351.559998,313.289063,3654300
2022-02-15,355.559998,357.420013,351.380005,353.260010,314.803955,3552500
2022-02-16,351.500000,352.859985,345.720001,350.089996,311.979095,3594900
2022-02-17,348.989990,352.309998,347.390015,347.940002,310.063202,3927000
2022-02-18,348.390015,350.600006,344.100006,346.869995,309.109619,5526100
2022-02-22,335.089996,336.690002,312.350006,316.170013,281.751648,19752800
2022-02-23,319.320007,320.399994,307.100006,308.450012,274.872070,11026000
2022-02-24,300.000000,313.440002,299.290009,313.239990,279.140533,8416700
2022-02-25,313.179993,317.440002,307.570007,316.649994,282.179382,6510600
2022-02-28,312.970001,316.079987,310.480011,315.829987,281.448639,5735100
2022-03-01,314.589996,322.429993,313.760010,320.250000,285.387512,5640900
2022-03-02,321.059998,331.190002,319.679993,327.369995,291.732330,5645600
2022-03-03,329.190002,330.679993,322.829987,324.359985,289.050049,3858400
2022-03-04,322.209991,326.660004,319.510010,324.260010,288.960938,3630900
2022-03-07,324.260010,329.600006,320.109985,322.769989,287.633148,4670000
2022-03-08,319.750000,328.489990,315.950012,316.739990,282.259583,5092500
2022-03-09,320.000000,322.459991,316.920013,317.200012,284.375366,4443600
2022-03-10,314.359985,318.260010,308.750000,317.940002,285.038849,3895200
2022-03-11,319.279999,321.790009,316.230011,316.790009,284.007813,2973300
2022-03-14,322.910004,324.000000,316.209991,318.359985,285.415283,3604200
2022-03-15,320.350006,330.179993,320.329987,328.540009,294.541840,3775300
2022-03-16,331.579987,333.950012,324.230011,330.910004,296.666595,3942400
2022-03-17,329.140015,336.359985,327.839996,336.359985,301.552643,3123200
2022-03-18,333.630005,340.739990,332.309998,340.739990,305.479309,9409600
2022-03-21,338.040009,340.690002,327.079987,329.369995,295.285980,4521200
2022-03-22,329.320007,331.299988,324.010010,329.730011,295.608734,4852800
2022-03-23,326.899994,328.190002,315.850006,317.049988,284.240875,5207700
2022-03-24,317.149994,319.399994,314.299988,315.779999,283.102264,4599900
2022-03-25,318.480011,318.799988,308.299988,310.679993,278.530090,5176500
2022-03-28,311.000000,314.350006,309.230011,314.279999,281.757538,3936600
2022-03-29,316.910004,321.000000,312.920013,317.709991,284.832550,5306100
2022-03-30,313.109985,315.239990,306.100006,308.459991,276.539795,7223800
2022-03-31,306.209991,307.959991,298.890015,299.329987,268.354553,11044600
2022-04-01,300.500000,303.369995,298.899994,301.890015,270.649719,5554600
2022-04-04,301.489990,306.480011,299.570007,305.579987,273.957794,4659500
2022-04-05,306.260010,309.100006,302.209991,304.859985,273.312317,4376100
2022-04-06,298.089996,300.660004,294.989990,298.540009,267.646332,6499900
2022-04-07,296.790009,304.589996,293.589996,302.750000,271.420715,5241000
2022-04-08,301.459991,312.290009,301.279999,311.109985,278.915588,5741900
2022-04-11,307.809998,314.170013,305.929993,306.720001,274.979858,4100600
2022-04-12,309.440002,313.290009,305.100006,306.290009,274.594360,4122600
2022-04-13,306.109985,311.700012,305.720001,310.420013,278.296997,3185300
2022-04-14,310.829987,312.250000,304.329987,304.519989,273.007538,4569200
2022-04-18,303.000000,306.290009,298.720001,300.209991,269.143494,3192400
2022-04-19,300.609985,308.130005,299.809998,307.799988,275.948090,3389700
2022-04-20,311.000000,316.100006,309.750000,315.140015,282.528503,4720800
2022-04-21,317.000000,318.399994,309.739990,310.359985,278.243195,3014200
2022-04-22,309.820007,309.820007,299.779999,300.109985,269.053833,4043200
2022-04-25,300.000000,305.160004,296.269989,304.940002,273.384064,4396900
2022-04-26,302.250000,307.559998,299.720001,299.959991,268.919342,3415200
2022-04-27,301.299988,306.420013,299.119995,301.600006,270.389679,3446200
2022-04-28,304.750000,314.540009,303.010010,311.760010,279.498291,4149500
2022-04-29,308.149994,311.720001,299.709991,300.399994,269.313812,4878200
2022-05-02,301.989990,308.790009,299.910004,306.970001,275.203979,4233900
2022-05-03,305.690002,309.000000,303.019989,304.959991,273.401917,3336600
2022-05-04,304.079987,315.750000,302.929993,315.309998,282.680939,4021300
2022-05-05,311.000000,311.359985,293.709991,299.109985,268.157257,4959600
2022-05-06,296.299988,296.750000,289.410004,294.309998,263.854095,4325300
2022-05-09,290.279999,300.739990,288.500000,297.029999,266.292603,5243600
2022-05-10,298.459991,301.070007,287.660004,291.160004,261.030029,4392900
2022-05-11,291.450012,293.329987,282.570007,282.959991,253.678604,3880500
2022-05-12,281.570007,293.179993,280.630005,289.690002,259.712128,4447700
2022-05-13,289.950012,299.420013,288.450012,296.029999,265.396057,3949100
2022-05-16,294.079987,299.570007,289.790009,295.989990,265.360260,4267900
2022-05-17,306.500000,310.940002,290.899994,300.950012,269.806976,12425900
2022-05-18,293.000000,295.440002,281.179993,285.179993,255.668884,7799500
2022-05-19,285.500000,292.500000,284.959991,287.760010,257.981873,5211500
2022-05-20,289.820007,290.500000,279.589996,287.190002,257.470856,5621800
2022-05-23,289.089996,290.339996,280.320007,286.029999,256.430908,4305600
2022-05-24,284.000000,289.320007,280.649994,287.920013,258.125397,4241900
2022-05-25,285.809998,295.489990,285.660004,293.570007,263.190674,4612900
2022-05-26,297.320007,305.630005,297.000000,302.809998,271.474487,4170800
2022-05-27,303.540009,308.500000,301.600006,308.459991,276.539795,3899300
2022-05-31,306.600006,307.869995,300.829987,302.750000,271.420715,5966600
2022-06-01,301.739990,302.980011,297.029999,297.190002,268.118683,3080800
2022-06-02,298.809998,306.029999,295.890015,305.869995,275.949615,4086400
2022-06-03,303.329987,308.459991,301.899994,305.079987,275.236877,2956600
2022-06-06,305.559998,307.609985,303.250000,303.890015,274.163330,2562000
2022-06-07,295.059998,302.380005,292.600006,301.769989,272.250702,3547800
2022-06-08,299.779999,300.579987,295.679993,297.529999,268.425385,3003100
2022-06-09,297.760010,306.880005,297.350006,299.859985,270.527527,4168400
2022-06-10,291.500000,296.500000,288.640015,289.239990,260.946320,4623900
2022-06-13,284.359985,286.820007,281.279999,283.160004,255.461151,4704600
2022-06-14,283.209991,286.380005,276.589996,278.670013,251.410416,3987000
2022-06-15,281.000000,283.589996,275.470001,279.730011,252.366730,4050400
2022-06-16,274.920013,276.109985,269.730011,273.459991,246.709991,6181000
2022-06-17,271.000000,276.619995,270.390015,270.730011,244.247040,10775600
2022-06-21,273.690002,273.920013,267.420013,269.200012,242.866760,5498400
2022-06-22,266.390015,271.769989,264.510010,268.980011,242.668228,4678400
2022-06-23,270.000000,275.589996,269.890015,275.420013,248.478210,3747500
2022-06-24,277.470001,283.459991,273.920013,283.000000,255.316772,10310700
2022-06-27,284.459991,285.000000,281.489990,282.690002,255.037094,2538600
2022-06-28,283.779999,285.600006,269.820007,270.149994,243.723740,4052100
2022-06-29,271.579987,276.160004,268.809998,273.869995,247.079895,2460500
2022-06-30,270.730011,277.040009,268.040009,274.269989,247.440720,4058000
2022-07-01,275.730011,280.750000,274.549988,279.079987,251.780243,2818300
2022-07-05,275.500000,283.730011,275.029999,283.730011,255.975372,3241300
2022-07-06,284.989990,285.920013,280.519989,283.579987,255.839981,2206100
2022-07-07,282.839996,286.970001,281.450012,286.690002,258.645844,3133900
2022-07-08,285.989990,287.989990,283.910004,286.470001,258.447327,1891000
2022-07-11,285.179993,289.589996,285.140015,286.390015,258.375183,2453200
2022-07-12,288.970001,293.640015,283.410004,285.119995,257.229462,2696100
2022-07-13,281.630005,289.790009,279.760010,287.179993,259.087891,2941600
2022-07-14,281.850006,290.290009,281.649994,289.480011,261.162964,2822200
2022-07-15,294.809998,295.450012,290.950012,292.410004,263.806335,2647200
2022-07-18,297.250000,298.489990,292.000000,293.049988,264.383667,2664000
2022-07-19,295.440002,300.010010,293.309998,299.829987,270.500519,2614900
2022-07-20,300.929993,303.690002,298.279999,302.299988,272.728821,2533400
2022-07-21,302.850006,305.250000,298.869995,305.000000,275.164764,1965000
2022-07-22,307.660004,310.670013,304.359985,306.589996,276.599213,2391500
2022-07-25,306.799988,307.429993,303.829987,306.149994,276.202240,1910500
2022-07-26,297.000000,300.640015,295.910004,298.179993,269.011871,2690200
2022-07-27,298.209991,300.309998,291.790009,298.910004,269.670502,3233700
2022-07-28,295.000000,301.239990,293.170013,299.630005,270.320068,3992100
2022-07-29,300.000000,301.440002,297.429993,300.940002,271.501953,3236000
2022-08-01,300.640015,308.450012,300.010010,305.820007,275.904541,3303900
2022-08-02,305.399994,305.609985,300.010010,300.709991,271.294373,3091000
2022-08-03,303.350006,308.070007,300.339996,306.369995,276.400757,3329400
2022-08-04,304.540009,309.970001,304.440002,307.170013,277.122528,2718400
2022-08-05,305.380005,309.779999,304.500000,309.690002,279.395935,2029100
2022-08-08,311.859985,315.799988,310.440002,311.970001,281.452911,2505100
2022-08-09,308.890015,309.959991,303.309998,305.209991,275.354218,2607000
2022-08-10,309.500000,312.980011,309.049988,311.579987,281.101105,3863400
2022-08-11,313.839996,314.619995,309.579987,310.690002,280.298157,2444100
2022-08-12,312.609985,314.929993,310.179993,314.890015,284.087280,2273800
2022-08-15,312.040009,315.760010,310.149994,314.609985,283.834686,3917300
2022-08-16,312.980011,332.980011,312.880005,327.380005,295.355499,10089800
2022-08-17,328.089996,329.500000,324.070007,325.760010,293.894043,3162600
2022-08-18,324.959991,327.940002,322.220001,325.209991,293.397766,2899600
2022-08-19,324.970001,326.320007,319.769989,321.320007,289.888275,3489100
2022-08-22,318.089996,319.739990,311.709991,312.209991,281.669434,3144200
2022-08-23,311.209991,311.519989,305.640015,306.899994,276.878876,3317500
2022-08-24,305.049988,309.980011,303.549988,308.109985,277.970459,2495600
2022-08-25,308.640015,309.959991,305.829987,309.779999,279.477142,2529700
2022-08-26,310.299988,311.510010,298.019989,298.100006,268.939697,3315500
2022-08-29,296.570007,299.709991,294.290009,296.320007,267.333832,2711800
2022-08-30,298.559998,299.899994,291.670013,293.100006,264.428772,2892400
2022-08-31,292.010010,292.470001,288.279999,288.420013,261.904388,4376200
2022-09-01,288.399994,293.579987,286.720001,293.369995,266.399353,3742500
2022-09-02,296.109985,296.799988,290.119995,291.899994,265.064423,2753600
2022-09-06,293.220001,294.500000,287.260010,289.540009,262.921417,4110000
2022-09-07,290.440002,297.700012,290.299988,297.470001,270.122345,3016000
2022-09-08,296.000000,300.190002,294.540009,299.899994,272.328949,2703200
2022-09-09,299.480011,302.489990,298.329987,299.769989,272.210846,2769200
2022-09-12,300.799988,302.829987,296.350006,297.540009,270.185913,3632900
2022-09-13,292.010010,294.079987,277.320007,277.929993,252.378723,4797200
2022-09-14,279.399994,279.540009,273.170013,276.339996,250.934967,4194400
2022-09-15,277.890015,278.010010,270.540009,271.540009,246.576202,3896100
2022-09-16,269.049988,276.559998,268.899994,275.970001,250.598953,9535100
2022-09-19,273.579987,281.230011,273.510010,280.420013,254.639786,3047200
2022-09-20,276.880005,278.779999,271.369995,274.170013,248.964447,2940700
2022-09-21,276.000000,280.130005,271.510010,271.570007,246.603500,3173500
2022-09-22,271.220001,271.220001,267.850006,269.140015,244.396866,3515800
2022-09-23,267.890015,271.299988,266.320007,270.940002,246.031387,3527900
2022-09-26,271.429993,273.559998,265.609985,266.579987,242.072174,4181800
2022-09-27,269.359985,273.690002,266.980011,268.690002,243.988220,3701000
2022-09-28,275.220001,283.500000,272.709991,282.190002,256.247070,5816600
2022-09-29,278.510010,278.760010,274.730011,278.329987,252.741989,4518600
2022-09-30,277.820007,281.790009,274.760010,275.940002,250.571686,4789100
2022-10-03,281.000000,286.059998,279.549988,283.700012,257.618378,3580000
2022-10-04,287.500000,291.309998,286.559998,289.559998,262.939545,3641300
2022-10-05,286.250000,292.109985,285.369995,289.850006,263.202820,2728000
2022-10-06,289.559998,292.970001,287.769989,290.390015,263.693268,2641500
2022-10-07,287.529999,288.630005,282.420013,284.320007,258.181305,2406000
2022-10-10,283.559998,284.859985,280.220001,282.459991,256.492279,2115400
2022-10-11,281.100006,286.200012,280.899994,282.890015,256.882782,2771900
2022-10-12,284.420013,284.640015,280.489990,280.519989,254.730637,2258200
2022-10-13,274.660004,284.829987,268.730011,282.829987,256.828247,3881600
2022-10-14,286.640015,286.640015,275.950012,276.429993,251.016647,2783100
2022-10-17,279.600006,283.869995,279.339996,281.260010,255.402588,3426700
2022-10-18,287.950012,289.859985,283.230011,285.059998,258.853333,3166500
2022-10-19,282.470001,282.769989,273.019989,275.489990,250.163116,4323000
2022-10-20,274.940002,278.000000,267.869995,269.459991,244.687408,3959500
2022-10-21,268.339996,275.709991,268.000000,275.529999,250.199448,3429100
2022-10-24,276.970001,284.470001,276.970001,283.260010,257.218781,2937100
2022-10-25,285.510010,292.130005,285.510010,290.260010,263.575226,2791600
2022-10-26,290.600006,291.869995,286.170013,290.149994,263.475311,2615000
2022-10-27,291.850006,294.269989,289.450012,291.059998,264.301727,3041500
2022-10-28,290.000000,299.160004,290.000000,298.649994,271.193878,3243100
2022-10-31,294.410004,299.279999,292.549988,296.130005,268.905518,4210900
2022-11-01,300.369995,302.209991,293.350006,296.059998,268.841980,3309100
2022-11-02,295.200012,300.170013,288.519989,288.730011,262.185913,4426400
2022-11-03,283.570007,285.950012,280.510010,281.500000,255.620621,4823900
2022-11-04,285.890015,288.839996,277.500000,284.029999,257.917938,4401600
2022-11-07,286.500000,291.700012,282.839996,290.269989,263.584320,3260200
2022-11-08,292.429993,293.339996,287.630005,291.140015,264.374329,3371800
2022-11-09,289.000000,292.500000,286.260010,286.750000,260.387970,3071400
2022-11-10,297.739990,314.739990,297.079987,311.700012,283.044159,7794000
2022-11-11,312.000000,317.679993,310.239990,314.940002,285.986328,4945400
2022-11-14,314.359985,315.980011,306.339996,306.920013,278.703613,6394800
2022-11-15,304.059998,316.630005,303.250000,311.929993,283.252991,9290400
2022-11-16,305.859985,316.410004,304.510010,314.910004,285.959015,5249500
2022-11-17,312.000000,313.679993,306.149994,311.440002,282.808014,3642100
2022-11-18,314.140015,316.000000,310.260010,313.179993,284.388092,3559300
2022-11-21,316.959991,318.839996,314.200012,316.779999,287.657104,4069000
2022-11-22,320.000000,326.820007,319.380005,324.880005,295.012482,6054700
2022-11-23,326.760010,327.820007,320.440002,321.510010,291.952271,4243400
2022-11-25,322.890015,329.079987,321.899994,326.380005,296.374542,3393500
2022-11-28,325.059998,328.799988,317.850006,318.920013,289.600403,4733700
2022-11-29,316.000000,320.000000,315.619995,315.959991,286.912506,3505600
2022-11-30,312.929993,324.190002,311.500000,323.989990,295.984222,15106500
2022-12-01,326.309998,329.670013,324.440002,327.070007,298.797943,3830100
2022-12-02,321.079987,328.480011,320.329987,327.989990,299.638306,3644100
2022-12-05,325.149994,325.519989,319.540009,320.079987,292.412170,5057300
2022-12-06,319.640015,321.649994,314.540009,317.450012,290.009491,3341500
2022-12-07,315.959991,322.880005,314.440002,320.149994,292.476013,4038200
2022-12-08,318.549988,324.519989,318.549988,324.089996,296.075531,3483600
2022-12-09,321.480011,324.440002,319.929993,320.480011,292.777527,3738800
2022-12-12,323.000000,328.339996,321.290009,327.980011,299.629272,4900200
2022-12-13,344.350006,347.250000,329.959991,332.890015,304.114868,5787700
2022-12-14,330.529999,339.059998,329.010010,333.429993,304.608154,4546000
2022-12-15,329.440002,330.019989,323.369995,327.600006,299.282135,5056900
2022-12-16,323.429993,327.940002,319.239990,323.339996,295.390320,9615000
2022-12-19,319.500000,321.910004,316.019989,317.329987,289.899841,3000600
2022-12-20,313.320007,316.890015,310.829987,314.839996,287.625092,2632200
2022-12-21,318.049988,319.589996,314.739990,319.359985,291.754395,2610400
2022-12-22,316.399994,316.399994,310.730011,316.119995,288.794434,3064400
2022-12-23,314.149994,319.100006,313.059998,318.730011,291.178802,2064900
2022-12-27,318.410004,321.549988,317.510010,319.549988,291.927948,1610200
2022-12-28,320.549988,321.429993,315.500000,315.730011,288.438171,1568200
2022-12-29,318.649994,321.829987,317.589996,320.410004,292.713623,1559100
2022-12-30,317.489990,318.170013,313.019989,315.859985,288.556946,2581600
2023-01-03,317.420013,319.220001,311.779999,315.910004,288.602570,2822400
2023-01-04,321.070007,322.510010,316.380005,319.730011,292.092438,3560900
2023-01-05,317.829987,318.079987,313.230011,315.470001,288.200653,2935100
2023-01-06,316.290009,318.850006,309.000000,317.529999,290.082550,4022500
2023-01-09,320.000000,322.549988,317.059998,317.809998,290.338379,3466300
2023-01-10,316.299988,320.730011,313.959991,320.630005,292.914612,2111300
2023-01-11,322.549988,329.040009,322.119995,329.000000,300.561096,2864800
2023-01-12,332.209991,332.209991,326.709991,329.869995,301.355835,2481800
2023-01-13,326.489990,332.390015,326.000000,331.209991,302.580017,2798600
2023-01-17,330.329987,335.160004,327.100006,327.529999,299.218140,3988900
2023-01-18,330.000000,334.519989,322.929993,323.690002,295.710052,2952200
2023-01-19,320.339996,321.339996,310.630005,310.880005,284.007385,5359300
2023-01-20,310.010010,315.239990,307.390015,315.000000,287.771240,3725100
2023-01-23,313.540009,317.529999,311.089996,315.480011,288.209747,3237900
2023-01-24,315.119995,318.100006,312.630005,317.690002,290.228760,2127900
2023-01-25,315.329987,318.119995,311.549988,317.260010,289.835938,2060400
2023-01-26,314.149994,319.260010,312.529999,313.809998,286.684113,3555300
2023-01-27,312.019989,318.239990,311.329987,316.690002,289.315125,2761200
2023-01-30,315.829987,318.140015,313.690002,314.239990,287.076935,2643100
2023-01-31,315.989990,324.350006,315.100006,324.170013,296.148621,3526800
2023-02-01,322.390015,330.549988,317.640015,328.089996,299.729767,3076500
2023-02-02,333.450012,341.470001,332.690002,339.790009,310.418396,4776600
2023-02-03,332.529999,334.709991,330.329987,331.500000,302.844971,3389700
2023-02-06,328.989990,331.010010,327.459991,329.269989,300.807739,2229700
2023-02-07,324.000000,327.000000,320.720001,325.200012,297.089569,3865500
2023-02-08,322.940002,323.989990,319.570007,320.790009,293.060852,2777200
2023-02-09,323.100006,323.890015,314.829987,315.549988,288.273682,3063300
2023-02-10,313.850006,317.200012,312.750000,316.540009,289.178162,2768800
2023-02-13,317.339996,323.690002,315.609985,323.529999,295.563965,2432500
2023-02-14,320.609985,322.959991,315.670013,318.429993,290.904755,3380800
2023-02-15,315.880005,321.529999,315.790009,320.690002,292.969452,2585500
2023-02-16,315.000000,323.739990,314.929993,321.239990,293.471832,3169200
2023-02-17,318.679993,320.600006,312.950012,317.950012,290.466278,4985500
2023-02-21,305.549988,308.010010,295.029999,295.500000,269.956848,10891800
2023-02-22,297.549988,300.399994,295.089996,296.299988,270.687683,5922100
2023-02-23,296.790009,299.880005,294.619995,299.309998,273.437469,4354500
2023-02-24,292.399994,298.329987,292.000000,296.660004,271.016571,3713300
2023-02-27,299.359985,300.489990,295.040009,296.010010,270.422699,3238300
2023-02-28,295.000000,298.700012,294.309998,296.540009,270.906952,3949500
2023-03-01,291.920013,293.720001,288.660004,290.790009,265.653992,5905100
2023-03-02,288.459991,294.109985,287.269989,293.019989,267.691193,4103700
2023-03-03,294.640015,298.609985,293.760010,298.450012,272.651855,4036700
2023-03-06,298.000000,300.109985,296.980011,298.209991,272.432617,3763200
2023-03-07,299.059998,299.059998,290.420013,290.700012,265.571747,4512400
2023-03-08,289.440002,292.459991,288.269989,291.489990,268.221832,4680300
2023-03-09,293.049988,294.369995,287.750000,288.000000,265.010437,3248000
2023-03-10,288.559998,293.160004,284.100006,286.309998,263.455322,4730900
2023-03-13,283.989990,292.339996,282.600006,286.519989,263.648590,3892100
2023-03-14,289.299988,289.799988,281.390015,285.570007,262.774445,5116000
2023-03-15,283.950012,289.160004,282.670013,287.970001,264.982819,4835500
2023-03-16,287.000000,288.029999,285.000000,286.730011,263.841797,4400200
2023-03-17,287.820007,291.950012,286.260010,288.390015,265.369324,8342000
2023-03-20,287.429993,289.829987,286.609985,289.260010,266.169891,3677800
2023-03-21,291.429993,292.890015,287.600006,289.429993,266.326324,4788200
2023-03-22,290.089996,291.209991,282.450012,282.609985,260.050659,3723400
2023-03-23,285.260010,286.109985,280.220001,283.910004,261.246918,6005800
2023-03-24,282.559998,284.929993,280.829987,283.019989,260.427979,3851000
2023-03-27,283.750000,284.940002,280.910004,281.269989,258.817627,4269700
2023-03-28,280.799988,283.290009,279.929993,280.820007,258.403595,3633300
2023-03-29,281.250000,283.989990,281.250000,283.359985,260.740784,3607500
2023-03-30,285.359985,286.100006,283.850006,285.359985,262.581177,3432800
2023-03-31,286.989990,295.549988,286.760010,295.119995,271.562073,5800600
2023-04-03,294.869995,297.970001,294.739990,297.730011,273.963745,4007600
2023-04-04,297.500000,299.799988,294.399994,294.959991,271.414825,2965700
2023-04-05,295.000000,295.709991,288.480011,288.670013,265.626953,4002400
2023-04-06,287.250000,289.790009,284.239990,288.609985,265.571716,3193400
2023-04-10,286.130005,292.640015,285.660004,291.170013,267.927368,2799900
2023-04-11,292.690002,295.100006,291.760010,293.769989,270.319794,2497000
2023-04-12,296.200012,298.440002,289.579987,290.440002,267.255646,3341400
2023-04-13,290.890015,292.470001,286.369995,292.149994,268.829224,3505800
2023-04-14,292.149994,296.200012,291.380005,292.190002,268.865936,2653200
2023-04-17,291.700012,295.500000,291.549988,295.399994,271.819672,2621900
2023-04-18,296.320007,299.239990,295.920013,298.950012,275.086334,2847800
2023-04-19,296.450012,298.290009,295.049988,296.910004,273.209229,2889300
2023-04-20,295.970001,301.309998,295.500000,298.570007,274.736755,3371800
2023-04-21,301.619995,303.200012,299.350006,300.040009,276.089386,3506700
2023-04-24,300.000000,301.899994,299.220001,301.640015,277.561615,2515400
2023-04-25,301.500000,302.690002,296.130005,296.329987,272.675507,4529500
2023-04-26,295.429993,295.970001,287.079987,288.070007,265.074860,4037400
2023-04-27,288.000000,294.709991,287.799988,293.929993,270.467072,3133600
2023-04-28,293.769989,300.820007,293.380005,300.540009,276.549438,4063400
2023-05-01,298.980011,299.559998,297.369995,297.700012,273.936157,2970000
2023-05-02,298.440002,298.670013,291.049988,294.279999,270.789154,3413200
2023-05-03,294.559998,298.760010,292.500000,293.079987,269.684906,2743400
2023-05-04,292.720001,294.589996,285.329987,285.750000,262.940063,4422500
2023-05-05,287.170013,290.869995,286.100006,289.619995,266.501068,3806600
2023-05-08,289.000000,289.839996,284.440002,287.929993,264.946045,3736500
2023-05-09,286.170013,291.059998,285.760010,290.579987,267.384491,2570000
2023-05-10,291.709991,293.570007,285.920013,289.029999,265.958160,3571000
2023-05-11,288.739990,289.450012,285.019989,287.690002,264.725220,3859700
2023-05-12,288.000000,290.970001,287.450012,290.470001,267.283234,3438300
2023-05-15,289.920013,290.920013,286.940002,288.540009,265.507355,5353600
2023-05-16,281.750000,286.089996,277.089996,282.329987,259.793060,12362100
2023-05-17,282.149994,294.049988,281.209991,292.390015,269.049988,7956900
2023-05-18,292.649994,295.929993,291.600006,295.160004,271.598877,4547000
2023-05-19,295.760010,295.760010,289.950012,290.880005,267.660522,4470600
2023-05-22,290.730011,292.989990,288.079987,290.660004,267.458069,3736200
2023-05-23,289.279999,297.769989,289.279999,294.940002,271.396454,5352200
2023-05-24,297.369995,297.519989,290.179993,291.100006,267.862946,4978200
2023-05-25,291.790009,291.790009,286.059998,286.750000,263.860199,5355900
2023-05-26,287.000000,293.299988,285.690002,292.829987,269.454834,4626100
2023-05-30,293.279999,294.450012,288.950012,292.399994,269.059204,5193300
2023-05-31,289.589996,290.000000,281.959991,283.450012,262.701385,18288800
2023-06-01,284.049988,289.220001,279.980011,288.390015,267.279755,4305100
2023-06-02,290.649994,296.209991,289.720001,295.940002,274.277100,4515600
2023-06-05,295.619995,295.720001,291.369995,293.100006,271.644989,3028800
2023-06-06,291.820007,296.920013,291.649994,296.000000,274.332703,2855400
2023-06-07,297.309998,302.200012,297.109985,301.700012,279.615479,4842700
2023-06-08,302.160004,305.450012,300.790009,301.089996,279.050110,3757300
2023-06-09,300.980011,301.429993,296.100006,297.350006,275.583893,3485800
2023-06-12,298.399994,302.609985,297.649994,300.859985,278.836914,4456600
2023-06-13,302.399994,304.119995,298.670013,300.079987,278.114014,4043400
2023-06-14,300.989990,302.549988,295.630005,299.709991,277.771057,4176000
2023-06-15,300.839996,303.429993,299.579987,302.019989,279.912018,4109700
2023-06-16,304.339996,305.980011,300.140015,300.380005,278.392090,10809300
2023-06-20,299.769989,302.750000,298.230011,301.410004,279.346680,3371100
2023-06-21,302.869995,303.570007,300.179993,300.700012,278.688599,2713300
2023-06-22,301.500000,302.829987,299.600006,301.179993,279.133514,3052000
2023-06-23,300.320007,302.320007,299.100006,300.809998,278.790558,8525900
2023-06-26,302.670013,309.209991,301.980011,307.890015,285.352356,4440100
2023-06-27,308.149994,315.459991,307.890015,313.739990,290.774109,5342500
2023-06-28,312.000000,312.940002,306.059998,306.510010,284.073364,4025600
2023-06-29,306.779999,308.130005,304.029999,307.820007,285.287445,3279700
2023-06-30,309.579987,311.429993,308.299988,310.640015,287.901031,3230700
2023-07-03,309.779999,311.399994,308.899994,310.019989,287.326416,1483300
2023-07-05,310.500000,312.299988,309.989990,310.799988,288.049286,2496000
2023-07-06,306.839996,307.980011,301.540009,302.019989,279.912018,4828300
2023-07-07,301.989990,305.630005,300.890015,302.809998,280.644196,2951900
2023-07-10,303.200012,310.529999,303.200012,310.279999,287.567383,3246700
2023-07-11,312.910004,314.570007,310.739990,313.660004,290.700012,2913800
2023-07-12,316.309998,321.260010,316.010010,317.519989,294.277435,5300500
2023-07-13,318.100006,318.420013,313.470001,314.600006,291.571136,3235600
2023-07-14,314.839996,316.899994,314.220001,316.500000,293.332092,2942100
2023-07-17,315.720001,317.820007,314.149994,316.049988,292.915039,2002500
2023-07-18,314.529999,318.320007,312.130005,316.760010,293.573059,2315600
2023-07-19,317.000000,319.940002,316.690002,319.480011,296.093933,2361400
2023-07-20,320.339996,321.450012,317.880005,319.089996,295.732513,2101900
2023-07-21,321.070007,321.890015,319.489990,320.470001,297.011475,3673400
2023-07-24,320.970001,325.660004,320.950012,325.109985,301.311859,2621900
2023-07-25,325.070007,326.899994,323.829987,325.130005,301.330414,2890800
2023-07-26,324.690002,330.959991,324.239990,329.589996,305.463898,3448100
2023-07-27,331.709991,333.440002,328.929993,329.709991,305.575104,2608600
2023-07-28,332.000000,333.000000,329.500000,331.369995,307.113586,2268200
2023-07-31,331.649994,334.070007,331.480011,333.839996,309.402802,2690000
2023-08-01,331.760010,334.970001,330.880005,332.070007,307.762421,2547200
2023-08-02,330.029999,332.529999,327.920013,328.500000,304.453674,2752600
2023-08-03,327.679993,332.100006,327.640015,329.850006,305.704865,2451300
2023-08-04,328.160004,329.519989,325.329987,326.429993,302.535156,3591600
2023-08-07,327.209991,329.410004,326.589996,329.170013,305.074646,2111000
2023-08-08,326.579987,328.529999,323.390015,327.809998,303.814240,3272600
2023-08-09,327.350006,330.920013,326.760010,328.209991,304.184875,2698900
2023-08-10,330.660004,332.899994,328.940002,329.399994,305.287781,3075100
2023-08-11,328.519989,331.589996,328.350006,331.109985,306.872650,3108400
2023-08-14,331.459991,333.790009,328.429993,329.950012,305.797546,3974800
2023-08-15,331.760010,338.170013,328.519989,332.140015,307.827271,5860900
2023-08-16,332.619995,337.809998,331.679993,333.029999,308.652069,3753900
2023-08-17,333.769989,335.649994,327.059998,327.279999,303.322968,3885100
2023-08-18,325.059998,328.890015,324.429993,327.369995,303.406372,3472000
2023-08-21,326.609985,327.869995,323.500000,324.059998,300.338623,3109700
2023-08-22,325.269989,326.309998,322.029999,324.480011,300.727997,2582200
2023-08-23,324.519989,326.929993,324.079987,326.089996,302.220062,2728000
2023-08-24,325.119995,329.000000,322.309998,322.589996,298.976318,2490000
2023-08-25,323.429993,326.339996,321.200012,322.859985,299.226501,2418100
2023-08-28,323.200012,327.440002,322.869995,325.910004,302.053284,2099900
2023-08-29,326.790009,329.839996,326.769989,329.380005,305.269287,2628200
2023-08-30,328.000000,331.619995,327.869995,330.630005,308.384552,2256200
2023-08-31,331.200012,332.600006,329.679993,330.299988,308.076721,2914700
2023-09-01,332.000000,333.450012,331.140015,333.079987,310.669678,2317400
2023-09-05,331.839996,332.299988,327.369995,327.779999,305.726318,3141400
2023-09-06,327.529999,328.609985,325.559998,326.000000,304.066040,3199700
2023-09-07,325.029999,329.920013,324.299988,328.420013,306.323273,2454000
2023-09-08,327.500000,329.489990,326.679993,328.709991,306.593689,2210300
2023-09-11,329.290009,329.880005,327.570007,328.369995,306.276550,2087800
2023-09-12,326.829987,328.769989,325.890015,326.279999,304.327179,2190500
2023-09-13,326.040009,327.959991,325.000000,325.880005,303.954132,2564300
2023-09-14,327.390015,330.299988,325.269989,329.630005,307.451874,2707600
2023-09-15,327.320007,329.170013,320.329987,321.399994,299.775574,7117800
2023-09-18,320.160004,321.649994,316.910004,317.260010,295.914124,2740400
2023-09-19,315.950012,316.929993,312.339996,314.609985,293.442413,2776500
2023-09-20,315.000000,316.350006,310.799988,310.859985,289.944672,2320000
2023-09-21,309.399994,310.230011,306.359985,306.760010,286.120544,2766500
2023-09-22,306.160004,307.649994,305.459991,305.730011,285.159851,2289200
2023-09-25,304.510010,307.290009,304.510010,306.489990,285.868774,1882300
2023-09-26,304.519989,305.809998,301.630005,302.540009,282.184540,2655500
2023-09-27,303.000000,304.220001,299.899994,301.820007,281.512909,2513900
2023-09-28,301.670013,304.869995,300.750000,303.489990,283.070587,2369600
2023-09-29,304.950012,305.670013,299.820007,302.160004,281.830078,3502600
2023-10-02,300.519989,303.450012,298.459991,299.829987,279.656830,2806800
2023-10-03,297.910004,298.299988,290.070007,291.940002,272.297638,3609200
2023-10-04,293.359985,294.209991,290.359985,292.390015,272.717407,2956300
2023-10-05,292.000000,292.670013,290.239990,291.700012,272.073853,2469300
2023-10-06,290.760010,294.540009,287.390015,292.820007,273.118469,2922500
2023-10-09,290.299988,295.529999,289.679993,295.359985,275.487549,1929900
2023-10-10,296.690002,300.670013,295.170013,299.220001,279.087891,3116300
2023-10-11,299.739990,300.850006,295.899994,298.049988,277.996613,2292800
2023-10-12,297.700012,297.700012,290.769989,293.019989,273.305023,2546400
2023-10-13,292.940002,294.730011,290.890015,291.920013,272.279053,2092700
2023-10-16,294.429993,298.369995,293.579987,297.329987,277.325073,2567000
2023-10-17,296.690002,298.359985,294.500000,295.940002,276.028564,2139700
2023-10-18,293.000000,293.329987,289.579987,290.239990,270.712036,2720100
2023-10-19,291.000000,291.339996,286.420013,286.769989,267.475494,3028600
2023-10-20,285.859985,287.179993,283.609985,286.410004,267.139740,2885300
2023-10-23,285.820007,288.250000,284.329987,285.070007,265.889862,2590900
2023-10-24,286.739990,287.910004,282.029999,283.309998,264.248322,2705200
2023-10-25,281.750000,283.230011,279.200012,280.929993,262.028442,2962800
2023-10-26,280.529999,283.239990,277.750000,278.000000,259.295593,3108200
2023-10-27,278.980011,279.670013,274.260010,276.459991,257.859161,2907300
2023-10-30,277.470001,282.320007,276.959991,281.480011,262.541473,3074400
2023-10-31,282.589996,285.399994,281.619995,284.690002,265.535461,3036000
2023-11-01,285.589996,286.829987,282.019989,286.630005,267.344940,2747300
2023-11-02,290.250000,294.660004,290.000000,294.529999,274.713379,3628000
2023-11-03,294.179993,297.809998,294.170013,295.609985,275.720795,3071900
2023-11-06,294.750000,296.440002,293.220001,294.570007,274.750732,2890300
2023-11-07,294.609985,296.000000,293.559998,294.769989,274.937195,2629000
2023-11-08,295.029999,298.010010,294.109985,295.920013,276.009857,2454900
2023-11-09,291.950012,292.739990,287.679993,287.869995,268.501556,4059100
2023-11-10,289.230011,291.589996,286.790009,291.589996,271.971222,3653500
2023-11-13,287.790009,289.929993,287.239990,288.070007,268.688049,4586700
2023-11-14,300.890015,308.239990,300.140015,303.630005,283.201141,7952800
2023-11-15,304.100006,308.929993,304.010010,308.190002,287.454437,3985900
2023-11-16,305.880005,307.950012,304.329987,306.440002,285.822052,3114000
2023-11-17,308.500000,308.709991,305.450012,307.269989,286.596283,2770300
2023-11-20,307.190002,309.670013,305.739990,308.190002,287.454437,3459000
2023-11-21,305.570007,306.070007,302.339996,305.339996,284.796082,2977200
2023-11-22,307.390015,309.859985,306.480011,309.200012,288.396423,2873500
2023-11-24,309.179993,311.380005,308.309998,310.700012,289.795471,1259900
2023-11-27,310.690002,312.890015,309.750000,310.920013,290.000702,2992600
2023-11-28,310.709991,314.579987,309.390015,313.339996,292.257843,3116900
2023-11-29,314.059998,314.059998,310.910004,311.019989,292.041870,3083800
2023-11-30,312.540009,313.760010,308.589996,313.489990,294.361145,4493700
2023-12-01,313.829987,320.100006,313.000000,319.619995,300.117126,3613600
2023-12-04,319.619995,325.079987,318.959991,324.019989,304.248596,3827900
2023-12-05,322.000000,323.920013,320.010010,323.500000,303.760315,3269800
2023-12-06,325.000000,328.309998,324.209991,326.109985,306.211090,3030800
2023-12-07,326.109985,327.410004,324.679993,326.170013,306.267395,2742300
2023-12-08,326.000000,327.279999,325.059998,326.470001,306.549133,2889300
2023-12-11,329.809998,332.089996,328.809998,331.329987,311.112579,3520700
2023-12-12,330.440002,334.519989,330.320007,333.200012,312.868469,2893400
2023-12-13,334.899994,343.839996,331.910004,343.399994,322.446045,5822700
2023-12-14,349.739990,353.070007,348.000000,351.809998,330.342896,7594800
2023-12-15,348.220001,354.380005,346.750000,354.000000,332.399292,11212800
2023-12-18,353.709991,354.920013,350.320007,350.809998,329.403900,4420500
2023-12-19,351.459991,352.959991,350.399994,352.070007,330.587128,4654700
2023-12-20,351.000000,354.769989,348.309998,348.660004,327.385162,3259500
2023-12-21,351.869995,352.250000,347.000000,348.970001,327.676208,2794200
2023-12-22,349.040009,351.339996,346.690002,348.589996,327.319366,2029900
2023-12-26,348.429993,350.089996,348.160004,349.309998,327.995483,1585500
2023-12-27,349.910004,350.000000,347.179993,348.529999,327.263092,2764300
2023-12-28,348.500000,349.040009,345.799988,347.359985,326.164459,2859400
2023-12-29,345.829987,347.549988,343.019989,346.549988,325.403900,10325700
2024-01-02,344.209991,347.299988,343.220001,345.079987,324.023529,2833600
2024-01-03,342.480011,342.700012,336.589996,338.260010,317.619690,3309600
2024-01-04,339.929993,342.920013,338.540009,338.589996,317.929565,3652400
2024-01-05,337.869995,343.829987,337.820007,342.940002,322.014191,2664300
2024-01-08,343.429993,348.459991,343.250000,347.929993,326.699646,2736200
2024-01-09,345.809998,349.109985,345.250000,346.190002,325.065857,2338100
2024-01-10,350.619995,356.859985,350.309998,356.799988,335.028412,4109300
2024-01-11,357.089996,361.000000,353.260010,356.529999,334.774933,3530400
2024-01-12,358.529999,358.529999,353.429993,355.709991,334.004944,1956100
2024-01-16,358.059998,359.649994,356.209991,358.429993,336.558990,3669400
2024-01-17,356.630005,359.760010,354.049988,355.700012,333.995575,2646100
2024-01-18,356.119995,358.709991,354.029999,357.899994,336.061279,2510700
2024-01-19,358.809998,362.959991,356.279999,362.410004,340.296143,3234600
2024-01-22,359.359985,361.459991,355.690002,356.690002,334.925140,4003700
2024-01-23,355.850006,355.880005,349.059998,350.779999,329.375763,3878400
2024-01-24,351.940002,352.869995,347.070007,347.269989,326.079956,3474400
2024-01-25,352.589996,352.880005,348.260010,350.970001,329.554199,3064200
2024-01-26,351.470001,357.049988,351.019989,355.299988,333.619995,3177700
2024-01-29,355.149994,356.369995,353.010010,355.700012,333.995575,2732000
2024-01-30,354.500000,358.929993,354.040009,357.100006,335.310089,2336500
2024-01-31,357.920013,358.980011,352.350006,352.959991,331.422760,3377900
2024-02-01,353.399994,360.140015,352.320007,360.070007,338.098907,2439100
2024-02-02,354.179993,359.549988,350.019989,357.230011,335.432220,3697600
2024-02-05,353.660004,356.070007,350.760010,355.140015,333.469727,2653800
2024-02-06,354.850006,358.000000,354.299988,356.250000,334.512024,2045300
2024-02-07,358.480011,363.730011,357.720001,362.690002,340.559052,3272200
2024-02-08,362.859985,365.649994,361.649994,363.720001,341.526154,2521900
2024-02-09,364.130005,364.429993,360.799988,363.149994,340.990967,2389900
2024-02-12,364.220001,368.720001,364.049988,365.450012,343.150665,3119700
2024-02-13,358.470001,359.429993,353.880005,357.589996,335.770233,3106500
2024-02-14,357.170013,358.980011,353.980011,358.230011,336.371216,2998900
2024-02-15,358.899994,361.640015,356.850006,361.079987,339.047241,2662800
2024-02-16,360.679993,363.989990,359.149994,362.350006,340.239777,3899600
2024-02-20,355.309998,365.250000,354.559998,362.570007,340.446350,4830000
2024-02-21,360.589996,365.109985,358.950012,364.130005,341.911133,3277800
2024-02-22,367.440002,372.959991,367.149994,371.339996,348.681244,3387500
2024-02-23,372.079987,374.250000,370.250000,371.959991,349.263367,3398200
2024-02-26,373.510010,374.880005,370.720001,371.600006,348.925354,2461000
2024-02-27,372.660004,375.799988,370.609985,375.559998,352.643707,2802900
2024-02-28,375.559998,379.839996,375.059998,377.609985,354.568634,2282500
2024-02-29,378.790009,381.779999,378.149994,380.609985,357.385590,4382800
2024-03-01,380.359985,385.100006,379.829987,384.450012,360.991272,2750900
2024-03-04,382.899994,384.529999,380.109985,380.369995,357.160248,2619000
2024-03-05,380.100006,380.980011,377.019989,378.450012,355.357422,3011600
2024-03-06,378.529999,379.820007,375.890015,377.440002,356.528748,2496300
2024-03-07,377.869995,380.299988,375.579987,376.549988,355.687988,2368500
2024-03-08,375.000000,376.619995,372.100006,373.350006,352.665314,2162900
2024-03-11,371.559998,372.980011,368.869995,371.519989,350.936615,2833700
2024-03-12,372.510010,375.899994,372.410004,374.540009,353.789337,2843800
2024-03-13,376.029999,382.709991,375.779999,378.989990,357.992828,3761200
2024-03-14,378.000000,380.200012,372.170013,375.269989,354.478882,3877500
2024-03-15,374.119995,378.420013,372.540009,373.230011,352.551941,9234900
2024-03-18,376.489990,377.600006,371.140015,371.910004,351.305084,3455600
2024-03-19,374.890015,379.459991,373.130005,379.410004,358.389557,3493800
2024-03-20,379.420013,384.880005,376.230011,384.410004,363.112518,2750400
2024-03-21,388.410004,396.869995,388.290009,395.200012,373.304749,4212200
2024-03-22,394.690002,396.420013,390.089996,390.279999,368.657349,2910900
2024-03-25,389.100006,389.859985,382.890015,383.510010,362.262421,2683900
2024-03-26,382.410004,384.260010,379.399994,379.929993,358.880707,2720200
2024-03-27,380.850006,386.320007,380.739990,385.890015,364.510559,2536500
2024-03-28,387.130005,387.609985,379.720001,383.600006,362.347443,4108200
2024-04-01,381.470001,383.140015,367.839996,368.029999,347.640076,4333200
2024-04-02,364.500000,366.859985,362.959991,363.000000,342.888733,4650500
2024-04-03,362.000000,362.399994,359.000000,359.899994,339.960419,4723000
2024-04-04,362.609985,365.000000,356.910004,357.679993,337.863434,4381600
2024-04-05,357.679993,359.329987,356.019989,357.869995,338.042908,3243400
2024-04-08,358.070007,362.570007,357.260010,362.049988,341.991302,4339600
2024-04-09,363.630005,364.450012,358.730011,361.420013,341.396240,3022600
2024-04-10,351.869995,353.989990,348.750000,350.559998,331.137909,4805200
2024-04-11,351.040009,351.910004,345.790009,347.369995,328.124634,4104700
2024-04-12,346.119995,346.119995,341.510010,342.869995,323.873932,3550300
2024-04-15,345.920013,346.079987,337.190002,337.929993,319.207672,4209200
2024-04-16,336.820007,338.109985,332.959991,334.829987,316.279419,4525500
2024-04-17,336.779999,337.250000,331.940002,332.829987,314.390198,4273800
2024-04-18,335.649994,336.950012,331.329987,332.890015,314.446930,3717300
2024-04-19,334.709991,335.869995,332.579987,335.359985,316.780029,3076600
2024-04-22,338.220001,339.450012,333.709991,336.109985,317.488495,3112800
2024-04-23,338.000000,340.190002,336.290009,339.000000,320.218384,3697400
2024-04-24,337.070007,337.549988,331.820007,333.010010,314.560272,4029200
2024-04-25,329.720001,332.910004,326.899994,331.980011,313.587311,3787800
2024-04-26,331.000000,335.829987,330.989990,335.089996,316.525024,2465300
2024-04-29,335.000000,337.339996,334.149994,336.799988,318.140228,2427400
2024-04-30,335.720001,337.440002,332.859985,334.220001,315.703217,3089900
2024-05-01,333.010010,335.390015,329.429993,331.970001,313.577850,3267500
2024-05-02,335.500000,336.000000,330.980011,335.529999,316.940613,3213600
2024-05-03,341.279999,346.880005,340.369995,342.850006,323.855072,4165100
2024-05-06,346.000000,346.380005,340.440002,342.290009,323.326111,3366100
2024-05-07,343.600006,345.540009,340.380005,340.690002,321.814728,2930700
2024-05-08,338.779999,340.440002,337.630005,338.829987,320.057770,3123200
2024-05-09,339.250000,348.010010,338.880005,347.440002,328.190765,3801400
2024-05-10,347.459991,349.809998,344.700012,346.429993,327.236694,3413700
2024-05-13,348.059998,348.790009,340.399994,340.959991,322.069794,4055600
2024-05-14,335.049988,344.250000,333.000000,340.500000,321.635284,5854300
2024-05-15,345.179993,350.440002,344.690002,348.670013,329.352661,4151100
2024-05-16,348.000000,348.250000,342.670013,342.730011,323.741699,3101600
2024-05-17,344.760010,344.929993,340.589996,344.209991,325.139709,2739000
2024-05-20,341.130005,342.549988,337.540009,337.820007,319.103760,3237400
2024-05-21,339.000000,339.000000,332.329987,336.149994,317.526276,4275100
2024-05-22,334.660004,335.250000,328.929993,330.589996,312.274353,4024400
2024-05-23,330.980011,331.000000,326.000000,326.890015,308.779327,4021100
2024-05-24,326.390015,327.540009,324.420013,325.100006,307.088501,2736900
2024-05-28,325.390015,330.989990,324.480011,328.700012,310.489105,3807500
2024-05-29,326.529999,326.790009,323.769989,325.910004,307.853638,3506200
2024-05-30,326.260010,330.220001,325.709991,329.179993,313.104034,2921800
2024-05-31,330.049988,335.170013,328.010010,334.869995,318.516083,5557800
2024-06-03,333.649994,333.649994,326.839996,328.010010,311.991180,3712800
2024-06-04,326.869995,329.790009,325.100006,328.260010,312.228973,4296800
2024-06-05,328.500000,330.459991,325.920013,330.260010,314.131287,2422400
2024-06-06,329.799988,331.839996,328.059998,331.100006,314.930267,2979400
2024-06-07,325.730011,328.820007,323.929993,327.029999,311.059021,2583800
2024-06-10,327.000000,332.799988,326.500000,332.559998,316.318970,2691000
2024-06-11,333.000000,336.309998,330.320007,335.720001,319.324646,3250900
2024-06-12,347.029999,350.489990,343.059998,344.140015,327.333466,4793000
2024-06-13,345.899994,348.690002,343.070007,347.880005,330.890839,3380800
2024-06-14,344.809998,347.500000,341.690002,346.839996,329.901550,2589000
2024-06-17,344.890015,350.690002,344.399994,349.500000,332.431671,2680200
2024-06-18,352.950012,356.410004,352.109985,353.869995,336.588257,3655000
2024-06-20,352.000000,354.920013,349.589996,353.440002,336.179260,3661200
2024-06-21,354.839996,356.250000,352.049988,355.799988,338.424011,6596400
2024-06-24,356.899994,357.690002,350.720001,350.880005,333.744293,4278900
2024-06-25,346.309998,346.989990,334.529999,338.320007,321.797638,4879600
2024-06-26,339.459991,342.589996,337.529999,341.820007,325.126740,3365300
2024-06-27,342.829987,344.760010,338.450012,341.489990,324.812836,2912600
2024-06-28,341.350006,345.279999,340.709991,344.239990,327.428558,6344000
2024-07-01,343.920013,344.649994,335.390015,336.190002,319.771729,2643600
2024-07-02,335.000000,336.829987,332.529999,334.970001,318.611298,2995900
2024-07-03,337.000000,339.640015,333.540009,333.640015,317.346222,1733000
2024-07-05,332.709991,335.920013,331.640015,334.579987,318.240295,3437500
2024-07-08,335.880005,340.760010,335.000000,339.600006,323.015167,3534500
2024-07-09,338.950012,339.260010,335.570007,337.089996,320.627716,2254300
2024-07-10,338.640015,344.290009,337.619995,344.179993,327.371460,3263100
2024-07-11,350.779999,354.130005,345.000000,353.790009,336.512207,4146900
2024-07-12,355.000000,363.950012,354.089996,359.769989,342.200104,4019900
2024-07-15,359.140015,361.179993,355.029999,358.459991,340.954132,2884000
2024-07-16,360.059998,369.420013,359.500000,369.119995,351.093506,3210400
2024-07-17,366.640015,375.190002,365.420013,371.890015,353.728241,3991100
2024-07-18,369.899994,375.739990,365.779999,366.079987,348.201935,2395000
2024-07-19,366.429993,367.600006,361.950012,363.359985,345.614777,2474500
2024-07-22,364.500000,367.279999,361.079987,363.250000,345.510193,4049300
2024-07-23,365.429993,365.429993,359.380005,359.619995,342.057495,2535700
2024-07-24,358.929993,361.450012,350.000000,350.309998,333.202148,3508100
2024-07-25,350.200012,358.829987,349.329987,353.290009,336.036560,3297600
2024-07-26,355.010010,361.670013,355.010010,359.510010,341.952789,2439000
2024-07-29,359.209991,362.890015,358.950012,361.670013,344.007324,2142100
2024-07-30,362.820007,364.690002,359.260010,363.690002,345.928680,2788800
2024-07-31,365.000000,372.489990,363.040009,368.160004,350.180328,3526100
2024-08-01,369.989990,371.480011,353.750000,358.579987,341.068237,3759000
2024-08-02,354.929993,355.570007,346.739990,355.429993,338.072052,3764600
2024-08-05,350.880005,353.940002,345.239990,350.010010,332.916718,3827900
2024-08-06,348.750000,358.660004,347.279999,353.910004,336.626282,2831100
2024-08-07,355.179993,356.269989,342.279999,342.399994,325.678406,3429100
2024-08-08,342.239990,348.739990,341.339996,348.339996,331.328308,3591100
2024-08-09,347.890015,351.529999,345.399994,348.640015,331.613708,2314800
2024-08-12,350.769989,351.500000,342.130005,345.809998,328.921844,3830200
2024-08-13,341.869995,353.390015,339.369995,350.070007,332.973816,6388600
2024-08-14,349.549988,359.690002,349.399994,355.660004,338.290894,4814800
2024-08-15,362.459991,365.410004,358.140015,360.070007,342.485474,3575800
2024-08-16,359.970001,363.700012,359.970001,362.059998,344.378265,3308300
2024-08-19,362.500000,364.690002,362.100006,363.070007,345.338959,3634900
2024-08-20,360.649994,367.640015,360.500000,367.269989,349.333862,3459400
2024-08-21,369.450012,372.869995,368.519989,370.459991,352.368042,4587600
2024-08-22,371.500000,372.459991,364.609985,365.359985,347.517090,4097300
2024-08-23,366.660004,376.320007,365.190002,375.589996,357.247528,3426200
2024-08-26,377.079987,378.579987,373.369995,374.109985,355.839844,2452100
2024-08-27,373.489990,374.279999,371.000000,373.179993,354.955200,1780300
2024-08-28,373.000000,375.410004,370.200012,372.690002,354.489166,2218300
2024-08-29,372.609985,373.320007,366.929993,367.059998,351.254700,2698400
2024-08-30,369.239990,370.410004,364.880005,368.500000,352.632690,3216700
2024-09-03,367.899994,369.380005,362.899994,364.739990,349.034607,3598100
2024-09-04,364.170013,365.929993,360.010010,364.670013,348.967621,3221300
2024-09-05,364.899994,365.149994,357.579987,361.850006,346.269043,2789200
2024-09-06,362.920013,365.440002,359.420013,360.049988,344.546539,2228800
2024-09-09,362.760010,366.160004,360.029999,365.519989,349.781006,2747600
2024-09-10,365.700012,371.559998,362.480011,370.869995,354.900635,2787400
2024-09-11,369.549988,371.209991,362.140015,370.489990,354.536987,2937700
2024-09-12,371.940002,374.989990,370.559998,374.429993,358.307312,2367700
2024-09-13,375.559998,382.000000,375.510010,379.989990,363.627960,2514700
2024-09-16,382.000000,384.000000,379.529999,382.010010,365.560944,2877800
2024-09-17,383.429993,387.940002,381.679993,383.239990,366.737976,2947600
2024-09-18,384.089996,392.670013,381.070007,384.010010,367.474854,3549400
2024-09-19,390.839996,391.869995,387.010010,390.339996,373.532288,3753500
2024-09-20,388.329987,391.829987,387.000000,389.859985,373.072968,6584200
2024-09-23,390.829987,392.649994,387.260010,391.959991,375.082489,2502300
2024-09-24,394.700012,401.109985,393.630005,400.660004,383.407928,4057700
2024-09-25,400.660004,400.660004,395.619995,396.929993,379.838470,2787300
2024-09-26,399.500000,400.000000,395.489990,396.700012,379.618408,2849500
2024-09-27,399.649994,403.540009,398.309998,399.529999,382.326599,2452300
2024-09-30,400.200012,405.309998,399.019989,405.200012,387.752411,3442000
2024-10-01,404.019989,410.559998,401.410004,409.049988,391.436646,3476200
2024-10-02,407.700012,411.459991,404.959991,411.260010,393.551514,3431300
2024-10-03,409.000000,412.970001,406.799988,411.579987,393.857635,3320700
2024-10-04,410.070007,411.820007,399.450012,408.359985,390.776337,3989000
2024-10-07,404.890015,409.809998,401.239990,408.059998,390.489258,3267800
2024-10-08,409.799988,415.290009,408.440002,414.179993,396.345764,3693900
2024-10-09,420.000000,420.029999,410.750000,416.070007,398.154358,3627800
2024-10-10,409.720001,414.480011,407.630005,409.959991,392.307434,3040800
2024-10-11,410.559998,413.140015,408.839996,411.899994,394.163910,2717400
2024-10-14,411.480011,416.420013,411.299988,415.420013,397.532379,2088700
2024-10-15,417.950012,421.559998,415.019989,415.579987,397.685455,3693000
2024-10-16,413.869995,418.739990,413.869995,418.609985,400.584930,2429000
2024-10-17,418.609985,419.000000,414.559998,415.600006,397.704590,2013800
2024-10-18,416.649994,416.660004,413.239990,415.000000,397.130402,2436600
2024-10-21,416.070007,416.559998,404.369995,406.399994,388.900726,3699500
2024-10-22,398.500000,402.950012,396.209991,401.850006,384.546692,4486700
2024-10-23,400.559998,404.279999,396.690002,399.640015,382.431824,3159000
2024-10-24,402.290009,404.200012,398.089996,402.679993,385.340912,2550300
2024-10-25,403.519989,403.519989,397.829987,398.910004,381.733276,1941400
2024-10-28,403.450012,405.839996,401.950012,402.890015,385.541901,2586500
2024-10-29,393.940002,399.109985,389.049988,395.070007,378.058594,3822700
2024-10-30,395.000000,397.690002,391.940002,392.519989,375.618408,2795600
2024-10-31,390.500000,395.670013,390.500000,393.750000,376.795410,2518600
2024-11-01,394.799988,398.709991,392.010010,392.589996,375.685394,3277800
2024-11-04,391.950012,400.480011,391.070007,395.570007,378.537048,2690500
2024-11-05,394.970001,400.230011,393.859985,400.089996,382.862488,2496500
2024-11-06,394.040009,394.040009,381.720001,388.369995,371.647095,7133400
2024-11-07,391.000000,399.760010,390.799988,399.440002,382.240448,4323100
2024-11-08,404.000000,406.399994,402.299988,405.899994,388.422241,3448700
2024-11-11,407.769989,411.600006,405.829987,408.290009,390.709351,4071500
2024-11-12,414.250000,416.019989,402.190002,403.079987,385.723694,5647100
2024-11-13,409.130005,412.739990,406.720001,410.190002,392.527557,3083100
2024-11-14,408.000000,411.500000,404.390015,405.720001,388.250000,3348100
2024-11-15,402.899994,408.910004,402.899994,408.179993,390.604095,3239500
2024-11-18,405.500000,412.540009,403.950012,410.440002,392.766754,3394300
2024-11-19,408.380005,409.160004,399.359985,406.799988,389.283508,3239400
2024-11-20,406.000000,406.700012,399.920013,400.000000,382.776306,4732200
2024-11-21,401.329987,411.390015,400.380005,410.450012,392.776306,3722200
2024-11-22,412.089996,420.140015,410.950012,420.000000,401.915131,4932500
2024-11-25,425.000000,430.250000,424.459991,428.670013,410.211823,4544200
2024-11-26,428.600006,439.369995,424.700012,429.519989,411.025177,2758600
2024-11-27,428.600006,430.100006,425.959991,427.190002,410.948273,2293500
2024-11-29,428.559998,431.000000,427.540009,429.130005,412.814484,2028700
2024-12-02,429.000000,430.399994,423.160004,426.959991,410.726990,2617100
2024-12-03,429.730011,430.679993,423.320007,429.350006,413.026154,2714000
2024-12-04,426.410004,428.829987,425.500000,427.920013,411.650482,1968800
2024-12-05,426.600006,429.760010,425.880005,426.540009,410.322998,2523500
2024-12-06,428.700012,435.750000,427.010010,431.369995,414.969330,3161400
2024-12-09,432.350006,436.359985,428.029999,429.179993,412.862610,3426000
2024-12-10,426.899994,427.309998,421.410004,422.589996,406.523132,3354900
2024-12-11,425.230011,428.000000,421.260010,421.380005,405.359161,4211200
2024-12-12,421.429993,422.750000,413.179993,414.420013,398.663788,3673600
2024-12-13,415.769989,418.140015,414.179993,416.980011,401.126465,2649500
2024-12-16,417.850006,418.480011,410.690002,410.709991,395.094818,2879600
2024-12-17,410.000000,410.399994,406.230011,408.470001,392.940033,3726500
2024-12-18,407.000000,410.709991,393.380005,393.820007,378.846985,4225500
2024-12-19,394.739990,395.140015,384.890015,385.019989,370.381531,4576100
2024-12-20,383.369995,393.290009,383.049988,392.600006,377.673370,8046400
2024-12-23,391.100006,393.239990,387.029999,392.450012,377.529053,2433800
2024-12-24,392.130005,396.140015,390.500000,396.140015,381.078827,1392600
2024-12-26,392.519989,395.779999,391.619995,395.140015,380.116821,1319500
2024-12-27,392.140015,395.470001,391.369995,392.859985,377.923462,1942700
2024-12-30,390.529999,391.209991,385.679993,389.429993,374.623901,2444700
2024-12-31,390.010010,391.459991,387.299988,388.989990,374.200592,2179700
2025-01-02,392.130005,392.670013,386.380005,388.459991,373.690765,2415700
2025-01-03,389.820007,391.010010,385.809998,389.179993,374.383362,2231600
2025-01-06,390.500000,393.989990,388.029999,389.369995,374.566162,3274500
2025-01-07,390.899994,391.899994,383.100006,384.230011,369.621613,2274300
2025-01-08,383.000000,387.690002,380.100006,387.200012,372.478668,2848500
2025-01-10,388.910004,392.910004,384.619995,389.890015,375.066406,5323400
2025-01-13,389.989990,395.859985,387.700012,389.179993,374.383362,3512900
2025-01-14,390.589996,394.200012,389.630005,392.779999,377.846527,3405200
2025-01-15,406.649994,408.000000,401.760010,406.089996,390.650452,4584800
2025-01-16,406.269989,410.109985,403.920013,409.329987,393.767273,2305900
2025-01-17,413.489990,414.450012,408.529999,409.380005,393.815430,3229000
2025-01-21,413.000000,420.220001,413.000000,418.429993,402.521332,3568100
2025-01-22,417.549988,417.549988,409.329987,410.100006,394.507996,3581400
2025-01-23,411.570007,414.690002,408.750000,414.390015,398.634918,3840300
2025-01-24,414.089996,415.010010,410.760010,414.500000,398.740723,2369800
2025-01-27,414.899994,426.190002,414.000000,424.869995,408.716461,3699200
2025-01-28,423.239990,423.239990,416.700012,418.829987,402.906097,2818300
2025-01-29,420.220001,421.369995,411.790009,413.420013,397.701813,2384900
2025-01-30,416.410004,417.320007,411.519989,414.500000,398.740723,3081300
2025-01-31,413.170013,416.380005,410.320007,411.980011,396.316528,2761000
2025-02-03,406.119995,411.899994,401.010010,408.760010,393.218994,2896200
2025-02-04,409.510010,412.579987,406.089996,411.489990,395.845154,2150800
2025-02-05,415.149994,415.149994,408.140015,413.820007,398.086609,2212100
2025-02-06,414.910004,417.790009,413.000000,414.160004,398.413666,2023700
2025-02-07,413.200012,414.290009,406.500000,407.369995,391.881744,2530200
2025-02-10,410.640015,414.950012,408.790009,413.989990,398.250092,2617600
2025-02-11,414.000000,416.570007,412.739990,416.359985,400.530029,1441800
2025-02-12,408.579987,409.649994,402.119995,407.140015,391.660583,3387000
2025-02-13,408.709991,412.980011,407.489990,412.429993,396.749420,3067900
2025-02-14,415.000000,418.000000,408.559998,409.500000,393.930817,3004400
2025-02-18,408.309998,408.869995,400.220001,403.309998,387.976166,3994000
2025-02-19,397.220001,398.640015,392.940002,395.429993,380.395782,3780000
2025-02-20,393.000000,394.760010,391.100006,394.640015,379.635803,2703500
2025-02-21,396.399994,397.820007,383.899994,385.299988,370.650909,5287000
2025-02-24,386.089996,386.549988,378.200012,382.420013,367.880402,5722000
2025-02-25,385.000000,401.010010,384.190002,393.290009,378.337158,6823900
2025-02-26,395.239990,398.869995,388.559998,390.480011,375.633972,3871500
2025-02-27,389.910004,395.470001,388.329987,390.269989,375.431915,2825100
2025-02-28,394.420013,396.869995,390.279999,396.600006,381.521271,4263500
2025-03-03,396.950012,397.070007,386.470001,389.690002,374.873993,3397600
2025-03-04,386.149994,387.959991,378.899994,381.679993,367.168549,4384800
2025-03-05,379.000000,387.119995,378.010010,386.350006,371.661011,2780300
2025-03-06,383.500000,387.760010,380.730011,381.730011,367.216644,4222000
2025-03-07,379.500000,380.649994,368.899994,376.799988,362.474060,4573900
2025-03-10,377.440002,383.119995,372.609985,374.649994,360.405823,3710500
2025-03-11,374.220001,374.929993,365.730011,368.160004,354.162567,4013300
2025-03-12,371.970001,372.000000,361.750000,364.730011,350.862976,3368000
2025-03-13,361.910004,362.000000,345.260010,347.250000,336.167511,7062400
2025-03-14,350.649994,351.390015,345.420013,351.309998,340.097870,5510700
2025-03-17,351.760010,355.549988,350.959991,354.130005,342.827911,3681300
2025-03-18,353.529999,353.890015,347.589996,349.570007,338.413422,3008200
2025-03-19,352.000000,354.429993,348.989990,353.420013,342.140533,2990200
2025-03-20,354.690002,361.769989,352.200012,355.519989,344.173523,3391200
2025-03-21,352.089996,353.390015,346.279999,351.149994,339.942993,8205400
2025-03-24,354.619995,364.429993,354.279999,363.769989,352.160248,4023200
2025-03-25,361.529999,363.649994,358.540009,360.989990,349.468964,2799500
2025-03-26,360.390015,364.730011,360.119995,362.130005,350.572571,3140900
2025-03-27,361.899994,365.209991,361.149994,362.730011,351.153473,3036600
2025-03-28,363.160004,363.200012,356.170013,358.149994,346.719574,2980200
2025-03-31,353.500000,368.739990,352.649994,366.489990,354.793396,4498800
2025-04-01,364.140015,367.290009,361.920013,365.519989,353.854370,2801600
2025-04-02,362.559998,372.309998,362.260010,370.890015,359.053009,3189500
2025-04-03,355.779999,360.040009,351.709991,355.910004,344.551056,5407100
2025-04-04,350.709991,365.440002,349.040009,353.899994,342.605225,7531100
2025-04-07,344.299988,354.220001,333.500000,341.510010,330.610657,6950500
2025-04-08,350.380005,354.000000,329.739990,335.239990,324.540771,4868000
2025-04-09,328.600006,356.040009,326.309998,355.390015,344.047699,6793000
2025-04-10,352.850006,355.290009,339.660004,353.619995,342.334137,5574800
2025-04-11,350.309998,354.470001,344.200012,353.859985,342.566467,3576400
2025-04-14,357.799988,359.019989,353.600006,357.200012,345.799896,2841800
2025-04-15,356.559998,361.440002,353.320007,354.109985,342.808502,2883100
2025-04-16,351.839996,353.799988,344.320007,345.989990,334.947632,2637200
2025-04-17,348.549988,357.500000,348.369995,355.059998,343.728210,3232400
2025-04-21,354.290009,354.359985,341.799988,346.899994,335.828613,4015200
2025-04-22,351.160004,356.220001,350.420013,354.429993,343.118317,2802400
2025-04-23,361.920013,364.839996,354.850006,356.420013,345.044800,3283300
2025-04-24,356.500000,360.399994,354.609985,359.640015,348.162048,2749500
2025-04-25,357.700012,359.000000,354.739990,357.579987,346.167786,2811300
2025-04-28,357.989990,360.100006,354.510010,356.920013,345.528839,2413000
2025-04-29,355.890015,360.579987,354.730011,359.000000,347.542480,2836900
2025-04-30,356.500000,361.269989,352.380005,360.489990,348.984894,3741500
2025-05-01,360.309998,362.880005,357.720001,358.299988,346.864777,3210100
2025-05-02,362.079987,366.230011,361.160004,364.519989,352.886261,2283300
2025-05-05,362.130005,364.260010,359.730011,361.730011,350.185364,2563500
2025-05-06,358.679993,362.269989,357.130005,359.380005,347.910339,2299700
2025-05-07,360.480011,363.779999,359.760010,362.750000,351.172791,2657200
2025-05-08,364.010010,369.309998,362.260010,364.859985,353.215393,3035800
2025-05-09,362.130005,365.570007,361.500000,362.709991,351.134033,1970700
2025-05-12,375.000000,378.720001,373.480011,376.589996,364.571075,3831400
2025-05-13,381.000000,381.000000,372.950012,373.600006,361.676483,2726800
2025-05-14,371.899994,375.790009,370.829987,372.809998,360.911713,2587400
2025-05-15,372.100006,379.329987,371.519989,378.630005,366.545990,2830500
2025-05-16,380.230011,381.170013,378.149994,380.779999,368.627319,3129100
2025-05-19,374.190002,381.160004,374.160004,379.380005,367.272034,4428200
2025-05-20,386.369995,389.750000,374.049988,377.049988,365.016388,6287400
2025-05-21,377.980011,378.329987,368.600006,370.839996,359.004578,3966000
2025-05-22,368.000000,369.230011,364.570007,366.130005,354.444885,2957300
2025-05-23,362.380005,364.720001,361.149994,362.709991,351.134033,3115000
2025-05-27,365.890015,370.549988,365.160004,370.399994,358.578583,3998500
2025-05-28,368.820007,371.149994,367.429993,368.059998,356.313324,2986100
2025-05-29,370.000000,370.350006,364.059998,368.290009,356.535980,3034800
2025-05-30,367.049988,369.640015,365.119995,368.290009,356.535980,4110400
2025-06-02,365.149994,368.040009,361.839996,367.959991,356.216522,2506900
2025-06-03,367.959991,373.540009,367.000000,373.079987,361.173096,3359500
2025-06-04,373.079987,375.369995,371.660004,372.399994,360.514801,2428800
2025-06-05,370.989990,371.559998,367.510010,369.279999,359.716064,2324100
2025-06-06,371.510010,372.649994,365.970001,367.329987,357.816528,2349700
2025-06-09,367.320007,367.350006,364.359985,365.200012,355.741699,2619700
2025-06-10,365.940002,368.549988,362.549988,367.910004,358.381531,3014900
2025-06-11,369.140015,369.140015,359.309998,360.459991,351.124481,3793500
2025-06-12,360.809998,365.070007,358.510010,363.160004,353.754547,2921900
2025-06-13,360.000000,362.790009,352.799988,354.660004,345.474670,3364400
2025-06-16,355.880005,357.109985,351.899994,353.559998,344.403198,3688600
2025-06-17,351.940002,354.290009,347.410004,348.779999,339.746979,4230100
2025-06-18,350.079987,350.899994,345.799988,347.029999,338.042297,4453900
2025-06-20,347.489990,351.209991,346.820007,349.619995,340.565216,8056500
2025-06-23,349.970001,357.070007,348.519989,356.959991,347.715118,3862400
2025-06-24,356.670013,361.709991,355.779999,360.420013,351.085510,4089600
2025-06-25,359.119995,363.600006,358.339996,361.859985,352.488220,4159600
2025-06-26,363.220001,365.230011,360.600006,363.500000,354.085754,3187900
2025-06-27,363.609985,370.149994,363.000000,368.739990,359.190033,5503700
2025-06-30,369.279999,370.950012,364.720001,366.640015,357.144440,4600700
2025-07-01,364.339996,379.690002,362.950012,373.160004,363.495544,5152600
2025-07-02,373.649994,373.970001,369.369995,371.850006,362.219482,3011400
2025-07-03,371.809998,373.179993,368.329987,371.679993,362.053864,2573600
2025-07-07,371.000000,372.790009,364.730011,367.640015,358.118530,3433100
2025-07-08,366.019989,370.399994,365.109985,367.500000,357.982147,2531700
2025-07-09,367.510010,371.070007,364.790009,371.040009,361.430450,3384200
2025-07-10,369.000000,377.940002,368.510010,373.299988,363.631927,3701700
2025-07-11,370.359985,371.799988,367.109985,370.070007,360.485596,3068900
2025-07-14,370.480011,371.290009,366.450012,370.109985,360.524536,2481100
2025-07-15,369.980011,370.750000,358.519989,358.640015,349.351624,3868700
2025-07-16,359.859985,360.950012,352.459991,357.399994,348.143707,4259800
2025-07-17,356.540009,360.320007,354.660004,359.040009,349.741272,3128900
2025-07-18,359.980011,360.600006,356.970001,359.399994,350.091919,3361600
2025-07-21,360.720001,365.779999,359.839996,364.040009,354.611786,3503900
2025-07-22,364.480011,372.200012,363.720001,371.010010,361.401276,3095400
2025-07-23,371.700012,377.880005,371.549988,376.350006,366.602966,3238000
2025-07-24,375.480011,377.880005,372.260010,373.089996,363.427368,3088000
2025-07-25,374.660004,375.989990,373.049988,375.339996,365.619110,2221000
2025-07-28,373.739990,381.079987,372.980011,377.230011,367.460175,4062800
2025-07-29,377.000000,379.730011,374.769989,377.339996,367.567291,2931600
2025-07-30,377.679993,378.529999,369.630005,372.079987,362.443512,3110700
2025-07-31,369.170013,372.809998,366.839996,367.510010,357.991913,3091600
2025-08-01,367.820007,374.799988,365.750000,373.660004,363.982574,3008200
2025-08-04,374.839996,381.899994,373.690002,380.820007,370.957184,2844300
2025-08-05,381.859985,386.940002,380.959991,385.410004,375.428284,2931400
2025-08-06,386.079987,388.929993,384.519989,386.799988,376.782288,2812800
2025-08-07,388.619995,391.450012,383.359985,386.170013,376.168610,2433000
2025-08-08,387.079987,389.290009,386.200012,387.850006,377.805084,2326700
2025-08-11,389.980011,391.519989,383.299988,387.529999,377.493378,2605800
2025-08-12,391.420013,396.380005,389.000000,396.000000,385.744019,2911300
2025-08-13,399.489990,407.820007,398.750000,407.179993,396.634491,5187500
2025-08-14,401.200012,403.609985,399.359985,400.320007,389.952148,3600200
2025-08-15,402.209991,402.790009,395.429993,399.380005,389.036469,3841400
2025-08-18,396.570007,398.140015,392.510010,394.700012,384.477722,4407100
2025-08-19,401.019989,414.359985,401.019989,407.200012,396.653961,7629300
2025-08-20,409.679993,411.170013,401.670013,401.739990,391.335388,4195300
2025-08-21,399.910004,404.429993,396.170013,397.700012,387.399994,2942600
2025-08-22,400.869995,414.500000,398.309998,412.790009,402.099182,5284700
2025-08-25,410.359985,411.070007,407.549988,408.899994,398.309937,3579500
2025-08-26,408.000000,409.040009,404.709991,407.540009,396.985168,3180900
2025-08-27,408.790009,411.690002,407.200012,408.239990,397.667023,2487800
2025-08-28,407.000000,408.950012,404.809998,407.450012,396.897491,4051600
2025-08-29,407.730011,408.899994,405.399994,406.769989,396.235077,2210300
2025-09-02,403.679993,408.589996,402.750000,406.309998,395.786987,3328600
2025-09-03,404.940002,409.019989,403.570007,407.709991,397.150757,3025100
2025-09-04,408.510010,413.220001,407.200012,411.690002,403.302795,3873100
2025-09-05,416.589996,420.399994,414.019989,418.950012,410.414917,5855600
2025-09-08,418.500000,420.579987,415.750000,419.940002,411.384735,3742600
2025-09-09,418.119995,418.720001,412.750000,415.339996,406.878448,3516000
2025-09-10,415.519989,417.429993,411.739990,413.230011,404.811432,2897800
2025-09-11,415.700012,425.220001,414.250000,423.420013,414.793884,5316400
2025-09-12,420.269989,423.510010,418.880005,422.690002,414.078705,5004200
2025-09-15,422.470001,423.299988,417.750000,422.709991,414.098297,4884700
2025-09-16,423.750000,424.529999,420.089996,421.450012,412.863983,3726700
2025-09-17,424.440002,426.750000,415.809998,417.000000,408.504639,4771700
2025-09-18,417.549988,421.390015,415.859985,417.480011,408.974854,3677200
2025-09-19,417.369995,418.579987,415.100006,415.690002,407.221344,6718400
2025-09-22,414.109985,414.880005,411.130005,412.000000,403.606506,2656300
2025-09-23,412.000000,413.730011,407.459991,410.910004,402.538727,2597000
2025-09-24,406.790009,410.649994,405.010010,409.769989,401.421906,3220700
2025-09-25,406.649994,410.859985,405.609985,407.450012,399.149200,2554300
2025-09-26,408.160004,411.410004,405.839996,410.089996,401.735413,2316600
2025-09-29,410.049988,410.950012,403.850006,406.799988,398.512421,3008400
2025-09-30,406.630005,407.000000,403.480011,405.190002,396.935242,3211600
2025-10-01,404.390015,405.130005,395.309998,397.019989,388.931671,3787800
2025-10-02,395.500000,397.380005,393.790009,395.010010,386.962616,2964700
2025-10-03,394.130005,397.320007,392.630005,395.059998,387.011597,2951300
2025-10-06,394.500000,394.500000,385.720001,389.329987,381.398346,3653700
2025-10-07,389.450012,389.750000,385.510010,386.809998,378.929688,2505700
2025-10-08,386.459991,386.459991,382.980011,383.790009,375.971191,2517600
2025-10-09,382.899994,384.359985,377.459991,377.690002,369.995453,3321400
2025-10-10,380.260010,380.260010,374.779999,375.750000,368.095001,2992400
2025-10-13,379.070007,382.309998,377.190002,379.369995,371.641266,2925900
2025-10-14,378.869995,388.890015,378.010010,387.720001,379.821136,4399900
2025-10-15,389.230011,394.369995,386.730011,388.299988,380.389313,3690100
2025-10-16,389.660004,390.000000,383.970001,387.390015,379.497894,2783700
2025-10-17,388.500000,393.109985,387.200012,391.899994,383.915985,2657700
2025-10-20,391.410004,393.179993,388.089996,388.890015,380.967316,2761100
2025-10-21,387.559998,393.630005,385.859985,390.899994,382.936371,2306900
2025-10-22,391.250000,393.049988,388.170013,388.970001,381.045685,2857000
2025-10-23,387.130005,388.720001,381.299988,385.029999,377.185944,2767300
2025-10-24,389.700012,389.700012,385.670013,386.679993,378.802338,2426800
2025-10-27,387.700012,389.290009,382.899994,385.269989,377.421051,3065800
2025-10-28,384.420013,390.010010,382.829987,385.750000,377.891266,2372800
2025-10-29,383.000000,385.000000,375.200012,378.040009,370.338348,3852300
2025-10-30,377.709991,384.700012,376.109985,379.549988,371.817566,2384300
2025-10-31,376.959991,380.940002,375.010010,379.589996,371.856781,2643500
2025-11-03,377.010010,378.480011,373.679993,378.350006,370.642029,2897600
2025-11-04,377.350006,383.679993,376.750000,383.079987,375.275635,2590000
2025-11-05,382.790009,383.420013,370.529999,373.839996,366.223907,4763000
2025-11-06,371.820007,372.660004,367.549988,369.070007,361.551117,3622100
2025-11-07,368.989990,373.649994,367.570007,371.109985,363.549500,2766400
2025-11-10,369.790009,370.660004,363.450012,370.429993,362.883362,3257900
2025-11-11,371.989990,376.000000,370.910004,374.239990,366.615753,2407300
2025-11-12,372.059998,373.559998,369.010010,371.130005,363.569153,3375800
2025-11-13,371.660004,373.519989,366.619995,368.070007,360.571472,3034800
2025-11-14,365.910004,367.329987,359.799988,362.359985,354.977783,3413300
2025-11-17,361.130005,363.779999,356.100006,358.029999,350.736023,5127200
2025-11-18,339.980011,348.799988,336.010010,336.480011,329.625061,10168500
2025-11-19,340.970001,341.750000,331.369995,334.500000,327.685364,7595000
2025-11-20,336.359985,338.899994,332.130005,332.380005,325.608582,4025300
2025-11-21,334.570007,346.920013,333.000000,343.320007,336.325714,7441300
2025-11-24,342.200012,343.709991,336.549988,336.579987,329.722992,6132900
2025-11-25,339.000000,353.000000,338.850006,351.070007,343.917816,6316600
2025-11-26,350.260010,357.329987,349.000000,355.470001,348.228149,4517300
2025-11-28,354.929993,357.829987,353.500000,356.920013,349.648621,2119600
2025-12-01,354.049988,362.290009,352.880005,357.329987,350.050232,5107100
2025-12-02,356.829987,357.500000,351.299988,354.029999,346.817505,3965300
2025-12-03,354.500000,360.470001,353.750000,357.910004,350.618469,4166700
2025-12-04,356.290009,357.510010,350.000000,351.170013,346.240814,4022800
2025-12-05,350.649994,355.619995,349.529999,354.609985,349.632477,5959200
2025-12-08,351.950012,352.089996,345.700012,349.910004,344.998474,7273000
2025-12-09,347.760010,356.670013,344.959991,345.269989,340.423584,5063100
2025-12-10,344.100006,352.019989,344.000000,351.130005,346.201324,6316100
2025-12-11,356.000000,362.720001,353.940002,357.459991,352.442474,6609800
2025-12-12,359.260010,360.760010,356.049988,359.649994,354.601746,3861200
2025-12-15,359.390015,362.670013,355.619995,356.989990,351.979065,4387400
2025-12-16,356.899994,358.739990,351.809998,352.679993,347.729584,3497200
2025-12-17,351.970001,357.500000,350.980011,356.750000,351.742432,3875200
2025-12-18,363.540009,366.299988,354.559998,354.989990,350.007141,4805200
2025-12-19,354.109985,354.109985,344.920013,345.000000,340.157379,12825600
2025-12-22,345.309998,347.899994,343.700012,346.390015,341.527893,3523700
2025-12-23,344.000000,347.500000,341.940002,344.970001,340.127808,3873400
2025-12-24,344.339996,348.260010,343.899994,347.339996,342.464539,1368600
2025-12-26,346.989990,350.049988,346.570007,349.779999,344.870270,1786900
2025-12-29,350.000000,350.320007,344.750000,347.450012,342.572998,3790000
2025-12-30,346.029999,346.980011,343.720001,346.350006,341.488464,2392600