Date,Open,High,Low,Close,Adj Close,Volume
2020-01-02,60.240002,60.970001,60.220001,60.840000,53.666466,18056000
2020-01-03,59.810001,60.700001,59.810001,60.099998,53.013718,15293900
2020-01-06,59.590000,60.200001,59.330002,59.930000,52.863773,17755200
2020-01-07,59.779999,59.799999,58.889999,58.930000,51.981674,21876100
2020-01-08,58.889999,59.320000,58.520000,58.970001,52.016956,23133500
2020-01-09,59.049999,59.509998,58.830002,59.299999,52.308044,18813300
2020-01-10,59.570000,60.080002,58.869999,58.939999,51.990498,15200600
2020-01-13,59.169998,59.779999,59.080002,59.590000,52.563854,16453300
2020-01-14,59.490002,59.740002,59.189999,59.430000,52.422726,17051200
2020-01-15,59.299999,59.650002,58.750000,58.939999,51.990498,18498800
2020-01-16,59.259998,59.840000,59.070000,59.660000,52.625603,21365500
2020-01-17,59.980000,60.000000,59.240002,59.599998,52.572666,21803400
2020-01-21,59.810001,61.250000,59.790001,60.549999,53.410667,28358500
2020-01-22,61.040001,62.849998,60.970001,62.730000,55.333618,29475100
2020-01-23,62.860001,63.709999,62.810001,63.320000,55.854046,42778700
2020-01-24,66.570000,69.290001,66.459999,68.470001,60.396828,84711000
2020-01-27,66.720001,67.419998,65.599998,65.690002,57.944622,30764000
2020-01-28,66.500000,67.580002,65.940002,67.309998,59.373600,30915400
2020-01-29,67.629997,68.059998,66.169998,66.330002,58.509148,18055800
2020-01-30,65.639999,66.500000,64.930000,66.470001,58.632645,18522400
2020-01-31,65.800003,65.980003,63.669998,63.930000,56.392136,25268400
2020-02-03,64.459999,65.040001,64.300003,64.419998,56.824356,16646600
2020-02-04,65.769997,66.059998,64.919998,65.459999,57.741730,20970800
2020-02-05,66.690002,67.599998,66.129997,67.339996,59.400070,23401400
2020-02-06,67.300003,67.400002,66.769997,67.089996,59.470974,17408000
2020-02-07,66.860001,67.300003,66.010002,66.019997,58.522488,18134600
2020-02-10,65.559998,66.400002,65.440002,66.389999,58.850483,22299300
2020-02-11,66.830002,67.709999,66.570000,67.410004,59.754642,17975600
2020-02-12,67.599998,68.089996,67.309998,67.459999,59.798958,15586600
2020-02-13,66.989998,67.650002,66.739998,67.440002,59.781235,11602700
2020-02-14,67.519997,67.860001,66.820000,67.269997,59.630531,13405500
2020-02-18,66.660004,66.690002,65.879997,66.139999,58.628868,12758400
2020-02-19,66.389999,67.199997,66.180000,67.110001,59.488712,13551200
2020-02-20,67.040001,67.290001,64.559998,65.449997,58.017208,26452600
2020-02-21,65.180000,65.250000,64.040001,64.339996,57.033276,20775900
2020-02-24,61.610001,62.770000,61.320000,61.759998,54.746281,26903100
2020-02-25,61.990002,62.279999,59.459999,59.730000,52.946815,34495700
2020-02-26,60.110001,60.820000,59.270000,59.650002,52.875885,26190100
2020-02-27,57.930000,58.509998,55.799999,55.830002,49.489712,42226900
2020-02-28,54.299999,56.380001,53.599998,55.520000,49.214916,60721700
2020-03-02,55.790001,58.220001,54.520000,58.180000,51.572838,43140300
2020-03-03,58.029999,59.020000,55.400002,55.970001,49.613819,49740300
2020-03-04,57.009998,58.709999,56.160000,58.680000,52.016060,29223100
2020-03-05,57.060001,58.660000,56.610001,56.959999,50.491379,29099200
2020-03-06,55.180000,56.009998,54.540001,55.770000,49.436527,36259200
2020-03-09,51.919998,52.709999,50.000000,50.849998,45.075264,56197000
2020-03-10,52.759998,54.000000,50.430000,53.980000,47.849804,36569000
2020-03-11,52.389999,53.540001,51.009998,51.660000,45.793270,38563500
2020-03-12,47.990002,50.090000,45.369999,45.540001,40.368286,50661700
2020-03-13,48.259998,55.000000,47.740002,54.430000,48.248703,48805100
2020-03-16,47.509998,52.250000,43.630001,44.610001,39.543900,53878900
2020-03-17,45.759998,51.630001,45.200001,50.080002,44.392715,52085200
2020-03-18,46.709999,50.049999,45.200001,47.610001,42.203213,49309900
2020-03-19,47.840000,49.230000,45.160000,45.939999,40.722866,44538000
2020-03-20,46.509998,49.419998,45.470001,45.830002,40.625355,52344000
2020-03-23,46.020000,50.490002,45.910000,49.580002,43.949490,46698500
2020-03-24,53.139999,54.639999,51.349998,52.400002,46.449238,50019800
2020-03-25,52.480000,53.790001,49.910000,51.259998,45.438698,41106100
2020-03-26,51.740002,55.950001,51.660000,55.540001,49.232643,41459800
2020-03-27,53.419998,54.639999,52.070000,52.369999,46.422646,31633500
2020-03-30,52.990002,56.099998,52.830002,55.490002,49.188320,31628600
2020-03-31,55.060001,55.799999,53.220001,54.119999,47.973904,48074700
2020-04-01,52.500000,54.689999,51.430000,51.880001,45.988297,29586600
2020-04-02,51.290001,54.560001,51.220001,54.349998,48.177788,27810000
2020-04-03,53.849998,55.130001,52.730000,54.130001,47.982769,23906100
2020-04-06,56.630001,58.770000,56.119999,58.430000,51.794453,32323400
2020-04-07,59.939999,61.490002,58.209999,58.400002,51.767853,41410000
2020-04-08,58.990002,59.509998,57.910000,58.980000,52.281979,26719500
2020-04-09,59.360001,59.720001,56.060001,57.139999,50.650951,40499700
2020-04-13,56.570000,58.770000,56.570000,58.700001,52.033783,23251900
2020-04-14,60.040001,60.900002,59.509998,60.660000,53.771198,25674000
2020-04-15,59.740002,59.830002,58.389999,58.869999,52.184486,22841600
2020-04-16,59.610001,60.959999,58.810001,60.790001,53.886444,24433500
2020-04-17,62.020000,62.130001,59.830002,60.360001,53.505272,27385600
2020-04-20,59.279999,60.040001,58.889999,59.180000,52.459278,26420300
2020-04-21,58.110001,58.599998,55.930000,56.360001,49.959522,25248000
2020-04-22,58.270000,60.500000,57.810001,60.099998,53.274792,23350400
2020-04-23,59.669998,60.099998,58.810001,59.040001,52.335159,35092000
2020-04-24,56.200001,59.400002,56.099998,59.259998,52.530193,50187000
2020-04-27,59.720001,59.830002,58.389999,59.470001,52.716343,25902200
2020-04-28,59.990002,60.220001,58.259998,58.750000,52.078106,28784700
2020-04-29,59.439999,62.029999,59.320000,61.799999,54.781738,30451500
2020-04-30,61.369999,61.540001,59.750000,59.980000,53.168415,26279900
2020-05-01,58.830002,59.320000,57.310001,57.470001,50.943474,21194800
2020-05-04,57.119999,58.070000,56.310001,57.990002,51.404419,18957200
2020-05-05,58.790001,59.299999,58.349998,58.750000,52.078106,17252100
2020-05-06,59.040001,59.950001,58.939999,59.180000,52.755604,17848700
2020-05-07,59.930000,60.099998,58.919998,59.169998,52.746681,14733500
2020-05-08,59.669998,59.779999,59.049999,59.669998,53.192413,20384500
2020-05-11,59.740002,60.840000,59.709999,60.130001,53.602470,18684400
2020-05-12,60.220001,60.639999,58.259998,58.389999,52.051365,16754900
2020-05-13,58.450001,59.230000,56.900002,57.740002,51.471924,21065000
2020-05-14,57.320000,59.150002,56.099998,59.080002,52.666462,21569400
2020-05-15,57.400002,58.369999,56.959999,58.279999,51.953304,21373300
2020-05-18,59.740002,60.279999,59.360001,59.919998,53.415264,20428700
2020-05-19,60.130001,61.770000,59.849998,60.290001,53.745106,21865000
2020-05-20,61.160000,63.490002,61.020000,63.099998,56.250057,30584000
2020-05-21,63.099998,63.799999,61.820000,61.980000,55.251640,20987700
2020-05-22,61.980000,62.320000,61.419998,62.259998,55.501240,14103000
2020-05-26,63.680000,64.139999,62.119999,62.340000,55.572563,20933600
2020-05-27,62.320000,63.590000,61.070000,63.560001,56.660126,19886300
2020-05-28,63.000000,63.450001,61.490002,61.700001,55.002037,17253500
2020-05-29,61.900002,63.660000,61.619999,62.930000,56.098511,33393900
2020-06-01,62.490002,62.660000,61.660000,61.860001,55.144669,14317700
2020-06-02,61.700001,62.169998,60.830002,62.119999,55.376434,20702400
2020-06-03,62.450001,62.540001,61.529999,61.930000,55.207073,16737300
2020-06-04,61.740002,63.470001,61.340000,62.970001,56.134167,22010100
2020-06-05,63.360001,65.110001,63.160000,64.339996,57.355446,26813100
2020-06-08,63.970001,64.150002,62.939999,63.669998,56.758186,21546200
2020-06-09,62.990002,63.709999,62.900002,63.040001,56.196568,23594100
2020-06-10,62.790001,64.290001,62.750000,63.869999,56.936474,21367800
2020-06-11,63.070000,63.299999,59.520000,59.700001,53.219147,26998200
2020-06-12,60.110001,60.959999,58.119999,59.330002,52.889328,30419800
2020-06-15,59.330002,60.360001,58.580002,60.099998,53.575729,29651700
2020-06-16,61.490002,61.650002,59.490002,60.400002,53.843163,23226600
2020-06-17,60.740002,61.279999,60.060001,60.490002,53.923397,20454800
2020-06-18,60.349998,60.509998,59.320000,60.080002,53.557903,24899700
2020-06-19,60.650002,60.889999,59.099998,59.619999,53.147835,60336100
2020-06-22,59.730000,60.549999,58.830002,60.090000,53.566814,22846000
2020-06-23,60.189999,60.470001,59.860001,59.919998,53.415264,22809600
2020-06-24,59.639999,59.810001,58.669998,59.090000,52.675377,27764500
2020-06-25,58.980000,59.090000,57.480000,58.509998,52.158329,21906900
2020-06-26,58.490002,58.730000,57.070000,57.500000,51.257977,38477500
2020-06-29,57.470001,58.349998,56.759998,58.270000,51.944389,22150300
2020-06-30,58.709999,59.980000,58.540001,59.830002,53.335041,31542100
2020-07-01,59.910000,60.029999,58.759998,58.810001,52.425766,14748100
2020-07-02,59.189999,59.810001,58.970001,59.130001,52.711029,15578600
2020-07-06,58.720001,59.619999,58.599998,59.540001,53.076527,20536700
2020-07-07,59.070000,59.570000,58.139999,58.310001,51.980049,15996500
2020-07-08,58.450001,58.700001,57.930000,58.610001,52.247482,13277900
2020-07-09,58.200001,58.750000,57.700001,58.419998,52.078102,20683700
2020-07-10,57.950001,59.689999,57.830002,59.529999,53.067600,17742300
2020-07-13,59.840000,60.619999,58.389999,58.580002,52.220741,19082900
2020-07-14,57.869999,59.250000,57.349998,58.980000,52.577309,24190900
2020-07-15,59.029999,59.340000,58.419998,59.029999,52.621880,19986300
2020-07-16,58.540001,59.360001,58.400002,59.139999,52.719944,12425900
2020-07-17,59.419998,60.459999,59.279999,60.000000,53.486584,16322800
2020-07-20,60.080002,61.380001,59.340000,61.150002,54.511745,16868700
2020-07-21,61.520000,61.930000,60.439999,60.700001,54.110592,19803700
2020-07-22,61.310001,61.770000,60.619999,61.049999,54.422604,18959900
2020-07-23,61.259998,61.740002,59.980000,60.400002,53.843163,43518600
2020-07-24,52.150002,52.180000,49.500000,50.590000,45.098103,182269900
2020-07-27,51.029999,51.139999,49.470001,49.570000,44.188835,107526500
2020-07-28,49.480000,50.230000,49.139999,49.240002,43.894665,62362600
2020-07-29,49.490002,49.500000,47.900002,48.070000,42.851662,60500800
2020-07-30,47.830002,48.500000,47.590000,47.990002,42.780365,39735200
2020-07-31,48.130001,48.320000,46.970001,47.730000,42.548584,46536000
2020-08-03,48.270000,48.630001,47.740002,48.299999,43.056698,31767100
2020-08-04,48.599998,49.139999,48.500000,49.130001,43.796597,29045800
2020-08-05,49.720001,49.720001,48.660000,48.919998,43.609394,29438600
2020-08-06,48.790001,48.820000,48.099998,48.570000,43.591442,23795500
2020-08-07,48.529999,48.650002,47.700001,48.029999,43.106792,36765200
2020-08-10,48.200001,49.389999,48.060001,49.220001,44.174816,37442600
2020-08-11,49.630001,49.730000,48.060001,48.189999,43.250393,35348100
2020-08-12,48.669998,49.259998,48.240002,49.189999,44.147900,30659800
2020-08-13,49.259998,49.330002,48.389999,48.560001,43.582474,24774500
2020-08-14,48.730000,49.209999,48.650002,48.889999,43.878647,22321200
2020-08-17,49.110001,49.310001,48.730000,48.930000,43.914539,20018300
2020-08-18,49.259998,49.570000,48.619999,48.650002,43.663242,19251400
2020-08-19,48.790001,48.980000,48.250000,48.330002,43.376053,27775000
2020-08-20,49.810001,50.200001,49.000000,49.169998,44.129948,55081300
2020-08-21,49.020000,49.310001,48.650002,49.279999,44.228676,34621500
2020-08-24,49.259998,49.400002,48.820000,49.139999,44.103016,36295300
2020-08-25,49.349998,49.880001,49.209999,49.430000,44.363289,38384300
2020-08-26,49.389999,49.669998,49.230000,49.549999,44.470997,28616600
2020-08-27,49.790001,49.930000,49.169998,49.400002,44.336365,24420600
2020-08-28,49.570000,50.799999,49.459999,50.430000,45.260792,35384700
2020-08-31,51.000000,51.500000,50.320000,50.950001,45.727486,46114100
2020-09-01,50.910000,51.000000,50.220001,50.790001,45.583893,30472800
2020-09-02,51.209999,52.680000,51.090000,52.250000,46.894230,53000700
2020-09-03,52.500000,52.619999,50.139999,50.389999,45.224895,47394300
2020-09-04,50.529999,51.230000,49.490002,50.080002,44.946667,43318400
2020-09-08,49.259998,49.900002,48.849998,48.910000,43.896599,39752700
2020-09-09,49.529999,49.970001,49.040001,49.619999,44.533813,33437300
2020-09-10,50.000000,50.090000,48.709999,48.959999,43.941471,32649100
2020-09-11,49.259998,50.049999,48.950001,49.279999,44.228676,29333600
2020-09-14,48.849998,49.720001,48.849998,49.410000,44.345345,27212500
2020-09-15,49.790001,50.599998,49.730000,50.000000,44.874870,27598300
2020-09-16,50.509998,51.029999,50.169998,50.369999,45.206944,26531400
2020-09-17,49.369999,50.490002,49.299999,50.320000,45.162064,26959900
2020-09-18,50.330002,50.500000,49.040001,49.889999,44.776138,50123500
2020-09-21,49.389999,49.750000,48.830002,49.720001,44.623569,27377100
2020-09-22,49.889999,50.209999,49.470001,49.950001,44.829994,22290900
2020-09-23,49.830002,50.150002,48.660000,48.820000,43.815815,30078800
2020-09-24,48.529999,49.639999,48.419998,49.160000,44.120972,29343400
2020-09-25,48.959999,50.279999,48.750000,49.939999,44.821014,26633400
2020-09-28,50.509998,51.459999,50.160000,51.430000,46.158295,29652200
2020-09-29,51.310001,51.740002,50.950001,51.189999,45.942890,19558200
2020-09-30,51.240002,52.380001,51.150002,51.779999,46.472412,27711300
2020-10-01,52.400002,52.720001,51.990002,52.240002,46.885262,22127600
2020-10-02,51.500000,51.980000,50.990002,51.009998,45.781342,25811800
2020-10-05,51.299999,51.810001,51.270000,51.689999,46.391640,20883200
2020-10-06,51.709999,52.700001,51.230000,51.369999,46.104435,25642800
2020-10-07,51.849998,52.900002,51.790001,52.669998,47.271179,21978700
2020-10-08,52.910000,53.580002,52.669998,53.369999,47.899437,22369500
2020-10-09,53.549999,53.849998,52.669998,52.820000,47.405807,24343900
2020-10-12,53.549999,54.200001,53.209999,53.880001,48.357155,27303500
2020-10-13,54.270000,54.290001,53.619999,53.830002,48.312286,20005800
2020-10-14,54.009998,54.400002,53.509998,53.549999,48.060982,21874200
2020-10-15,52.750000,53.980000,52.619999,53.849998,48.330227,18272900
2020-10-16,53.900002,54.700001,53.900002,54.160000,48.608452,23414400
2020-10-19,54.470001,56.230000,53.840000,54.580002,48.985405,43537200
2020-10-20,54.599998,54.700001,53.270000,53.430000,47.953281,27224900
2020-10-21,53.139999,54.070000,52.820000,53.500000,48.016113,21866000
2020-10-22,53.119999,54.220001,53.070000,53.900002,48.375114,41522700
2020-10-23,48.349998,48.669998,47.660000,48.200001,43.259373,97322500
2020-10-26,47.849998,47.860001,46.250000,46.720001,41.931080,54161300
2020-10-27,45.980000,46.410000,45.360001,45.639999,40.961773,50130500
2020-10-28,44.889999,45.290001,44.200001,44.250000,39.714264,45066000
2020-10-29,44.240002,44.470001,43.919998,44.110001,39.588612,36796800
2020-10-30,44.099998,44.799999,43.610001,44.279999,39.741180,46781300
2020-11-02,44.959999,45.060001,44.240002,44.459999,39.902740,33856700
2020-11-03,44.730000,45.459999,44.700001,44.849998,40.252750,34349500
2020-11-04,45.110001,46.150002,44.779999,45.700001,41.015629,34748200
2020-11-05,46.150002,46.380001,45.529999,45.680000,41.295879,31103200
2020-11-06,45.540001,45.799999,44.900002,45.389999,41.033707,36233700
2020-11-09,46.639999,47.349998,45.540001,45.599998,41.223553,48481700
2020-11-10,45.400002,46.480000,45.250000,45.439999,41.078911,39224500
2020-11-11,45.900002,46.459999,45.860001,46.349998,41.901569,31496900
2020-11-12,46.130001,46.189999,44.549999,44.950001,40.635937,42881300
2020-11-13,44.990002,45.580002,44.970001,45.459999,41.096992,30884700
2020-11-16,46.040001,46.750000,45.790001,46.189999,41.756924,36306300
2020-11-17,45.750000,46.119999,45.410000,45.529999,41.160271,31118000
2020-11-18,45.549999,45.689999,45.040001,45.060001,40.735382,32817900
2020-11-19,44.919998,45.669998,44.700001,45.619999,41.241642,29469100
2020-11-20,45.660000,45.880001,45.330002,45.389999,41.033707,24199300
2020-11-23,45.480000,46.209999,45.450001,46.060001,41.639408,35489600
2020-11-24,46.290001,47.299999,46.009998,47.009998,42.498226,33901200
2020-11-25,47.029999,47.180000,46.570000,47.049999,42.534389,28126900
2020-11-27,47.360001,48.099998,47.360001,47.450001,42.896000,15921400
2020-11-30,47.419998,48.500000,47.270000,48.349998,43.709621,46332700
2020-12-01,48.750000,50.230000,48.709999,49.560001,44.803501,57768000
2020-12-02,49.220001,50.060001,49.180000,49.900002,45.110863,33753500
2020-12-03,49.919998,51.110001,49.779999,50.990002,46.096249,50261200
2020-12-04,51.060001,52.650002,51.000000,51.990002,47.000278,39767700
2020-12-07,51.000000,51.290001,49.560001,50.200001,45.382069,51040300
2020-12-08,49.830002,50.720001,49.810001,50.689999,45.825035,28956500
2020-12-09,50.279999,50.840000,49.730000,50.070000,45.264542,34068400
2020-12-10,49.660000,50.720001,49.590000,50.259998,45.436310,33706000
2020-12-11,50.139999,50.139999,49.119999,49.730000,44.957180,29398800
2020-12-14,49.820000,51.340000,49.740002,50.470001,45.626152,33436400
2020-12-15,50.980000,51.009998,50.209999,50.669998,45.806969,25465600
2020-12-16,50.709999,51.459999,50.680000,51.119999,46.213768,28351000
2020-12-17,51.150002,51.320000,50.220001,50.650002,45.788876,26399000
2020-12-18,50.570000,50.680000,47.110001,47.459999,42.905041,119298400
2020-12-21,46.320000,46.450001,45.240002,46.360001,41.910610,53775700
2020-12-22,46.250000,46.340000,45.770000,46.169998,41.738846,32171200
2020-12-23,46.169998,47.029999,46.070000,46.570000,42.100452,22564200
2020-12-24,46.599998,47.090000,46.340000,47.070000,42.552467,11865600
2020-12-28,47.189999,47.639999,46.860001,47.070000,42.552467,21269200
2020-12-29,47.220001,50.669998,46.490002,49.389999,44.649811,84531400
2020-12-30,49.110001,49.189999,48.560001,48.750000,44.071228,37385400
2020-12-31,48.750000,50.189999,48.720001,49.820000,45.038551,28576800
2021-01-04,49.889999,51.389999,49.400002,49.669998,44.902935,46102500
2021-01-05,49.450001,50.830002,49.330002,50.610001,45.752720,24866600
2021-01-06,50.439999,52.150002,50.200001,51.099998,46.195694,36809600
2021-01-07,51.490002,52.689999,51.299999,52.189999,47.181087,32092300
2021-01-08,52.450001,52.529999,51.270000,51.650002,46.692909,34625400
2021-01-11,51.290001,52.240002,51.250000,51.540001,46.593468,32925000
2021-01-12,51.900002,53.849998,51.560001,53.240002,48.130310,39883900
2021-01-13,59.500000,60.250000,56.900002,56.950001,51.484241,124070700
2021-01-14,58.450001,60.139999,57.840000,59.250000,53.563492,74680900
2021-01-15,58.849998,59.650002,57.500000,57.580002,52.053783,50265400
2021-01-19,57.939999,58.340000,57.099998,57.990002,52.424423,35647100
2021-01-20,58.240002,59.220001,58.090000,58.669998,53.039165,28701300
2021-01-21,59.040001,63.950001,58.220001,62.459999,56.465424,86519500
2021-01-22,58.849998,59.619999,56.650002,56.660000,51.222080,85729300
2021-01-25,56.380001,56.500000,54.060001,55.439999,50.119160,61968500
2021-01-26,55.279999,56.200001,54.849998,55.209999,49.911232,31485900
2021-01-27,54.610001,54.849998,53.299999,53.590000,48.446709,49722900
2021-01-28,54.790001,57.400002,54.700001,56.070000,50.688698,49202600
2021-01-29,55.980000,57.160000,55.360001,55.509998,50.182446,37256200
2021-02-01,55.950001,57.389999,55.709999,56.689999,51.249195,26926600
2021-02-02,57.189999,58.279999,56.880001,58.000000,52.433468,23580900
2021-02-03,57.889999,58.330002,57.380001,57.680000,52.144173,21893200
2021-02-04,57.610001,58.880001,57.189999,58.790001,53.470249,29853800
2021-02-05,59.000000,59.080002,58.119999,58.180000,52.915443,23432600
2021-02-08,58.380001,59.220001,57.950001,59.160000,53.806767,34358300
2021-02-09,58.770000,59.310001,57.939999,58.779999,53.461155,28754100
2021-02-10,59.299999,59.419998,58.119999,58.860001,53.533920,16325100
2021-02-11,59.099998,60.990002,58.860001,60.660000,55.171036,27539100
2021-02-12,60.599998,62.509998,60.430000,61.810001,56.216980,26214200
2021-02-16,62.000000,62.869999,61.700001,62.470001,56.817257,26326300
2021-02-17,61.490002,62.189999,61.209999,61.849998,56.253357,21055400
2021-02-18,60.650002,61.980000,60.639999,61.610001,56.035076,17846100
2021-02-19,61.910000,63.259998,61.849998,63.009998,57.308395,28290100
2021-02-22,61.880001,62.700001,60.660000,60.709999,55.216511,32288200
2021-02-23,60.480000,61.500000,59.169998,61.119999,55.589417,27374600
2021-02-24,60.529999,63.279999,60.380001,63.189999,57.472107,24669900
2021-02-25,62.410000,63.540001,60.130001,60.400002,54.934566,36394000
2021-02-26,60.889999,61.689999,59.680000,60.779999,55.280178,38216800
2021-03-01,61.720001,63.080002,61.650002,62.880001,57.190155,28495400
2021-03-02,62.799999,63.139999,61.110001,61.240002,55.698559,23320000
2021-03-03,60.639999,61.520000,59.700001,59.900002,54.479809,28740400
2021-03-04,59.830002,60.240002,57.910000,58.330002,53.051876,40210400
2021-03-05,59.259998,61.180000,58.509998,60.740002,55.243797,39511700
2021-03-08,60.470001,61.700001,59.720001,59.849998,54.434334,33112400
2021-03-09,61.180000,63.169998,60.840000,62.669998,56.999161,36387500
2021-03-10,63.220001,64.120003,62.130001,62.250000,56.617165,27160300
2021-03-11,62.939999,64.089996,62.389999,63.310001,57.581242,30701800
2021-03-12,62.650002,63.299999,62.240002,62.900002,57.208359,20173000
2021-03-15,63.610001,63.880001,62.480000,63.790001,58.017811,21247400
2021-03-16,64.150002,65.730003,64.080002,64.779999,58.918236,30186600
2021-03-17,64.220001,66.290001,63.709999,65.779999,59.827732,32394700
2021-03-18,65.629997,65.699997,63.650002,63.730000,57.963242,30094200
2021-03-19,63.180000,64.989998,62.919998,63.759998,57.990528,54951700
2021-03-22,64.820000,66.379997,64.559998,65.629997,59.691311,34380100
2021-03-23,66.000000,66.050003,63.169998,63.480000,57.735863,35160000
2021-03-24,66.580002,67.440002,61.990002,62.040001,56.426163,74584700
2021-03-25,61.660000,62.439999,60.980000,62.020000,56.407978,35401400
2021-03-26,61.799999,64.970001,61.770000,64.870003,59.000084,34705800
2021-03-29,64.010002,65.129997,63.610001,64.500000,58.663567,26161600
2021-03-30,63.770000,64.000000,63.150002,63.770000,57.999622,20709500
2021-03-31,64.010002,64.489998,63.580002,64.000000,58.208813,33013200
2021-04-01,64.720001,64.889999,63.580002,64.550003,58.709042,31416300
2021-04-05,64.949997,66.739998,64.699997,66.540001,60.518974,27947500
2021-04-06,66.059998,66.580002,65.290001,65.559998,59.627651,28771400
2021-04-07,65.669998,66.570000,65.360001,66.250000,60.255207,17793300
2021-04-08,66.970001,67.290001,66.360001,67.050003,60.982838,22224200
2021-04-09,66.800003,68.400002,66.629997,68.260002,62.083332,27177100
2021-04-12,68.199997,68.489998,64.709999,65.410004,59.491226,51266900
2021-04-13,65.610001,65.629997,64.209999,65.220001,59.318420,26822000
2021-04-14,65.309998,65.379997,63.840000,64.190002,58.381615,25768400
2021-04-15,63.970001,65.220001,63.680000,65.019997,59.136513,24927700
2021-04-16,65.330002,65.519997,64.570000,64.750000,58.890938,24625500
2021-04-19,64.699997,64.739998,63.070000,63.630001,57.872292,23997700
2021-04-20,63.639999,63.759998,62.410000,62.700001,57.026440,19872100
2021-04-21,62.790001,63.779999,62.299999,63.700001,57.935959,24364200
2021-04-22,63.349998,63.910000,62.279999,62.570000,56.908207,38257600
2021-04-23,59.160000,60.000000,57.900002,59.240002,53.879524,77479500
2021-04-26,59.099998,59.520000,58.459999,58.759998,53.442966,39645900
2021-04-27,58.560001,58.630001,57.770000,57.970001,52.724445,38167700
2021-04-28,57.520000,58.160000,57.150002,57.619999,52.406116,30387400
2021-04-29,57.880001,58.299999,57.470001,58.279999,53.006393,23290600
2021-04-30,57.610001,58.430000,57.070000,57.529999,52.324265,30731800
2021-05-03,57.860001,57.880001,56.840000,57.259998,52.078693,22281700
2021-05-04,56.880001,56.980000,55.810001,56.900002,51.751270,35323600
2021-05-05,56.959999,57.299999,56.459999,56.849998,51.705791,21001900
2021-05-06,56.619999,57.250000,56.250000,57.189999,52.335396,25529300
2021-05-07,57.700001,58.009998,57.240002,57.669998,52.774651,19959000
2021-05-10,57.150002,57.230000,55.880001,55.970001,51.218952,35046500
2021-05-11,55.049999,55.630001,54.299999,55.040001,50.367905,35968100
2021-05-12,54.389999,54.650002,53.419998,53.619999,49.068439,30232300
2021-05-13,54.040001,54.389999,53.459999,54.009998,49.425335,29192500
2021-05-14,54.599998,55.849998,54.259998,55.349998,50.651588,28158300
2021-05-17,55.290001,55.889999,54.759998,55.330002,50.633286,20010200
2021-05-18,55.950001,56.139999,54.799999,54.840000,50.184872,18703400
2021-05-19,54.070000,55.430000,53.840000,55.360001,50.660728,23769700
2021-05-20,55.570000,56.240002,55.360001,55.950001,51.200653,23145200
2021-05-21,56.419998,56.709999,55.980000,56.080002,51.319622,17723100
2021-05-24,56.650002,57.389999,56.400002,56.959999,52.124916,19164400
2021-05-25,57.560001,57.560001,56.419998,56.869999,52.042557,22309900
2021-05-26,57.049999,57.230000,56.590000,56.919998,52.088306,15173600
2021-05-27,57.110001,57.880001,57.000000,57.730000,52.829556,32387600
2021-05-28,57.549999,57.650002,56.939999,57.119999,52.271339,20303900
2021-06-01,57.610001,57.820000,56.590000,56.889999,52.060867,20326400
2021-06-02,56.910000,57.689999,56.759998,57.480000,52.600777,18483600
2021-06-03,56.980000,57.099998,56.090000,56.240002,51.466038,21831300
2021-06-04,56.549999,57.750000,56.540001,57.369999,52.500118,21493800
2021-06-07,57.410000,57.439999,56.779999,57.090000,52.243877,17364400
2021-06-08,57.450001,57.639999,56.599998,57.000000,52.161522,33254500
2021-06-09,57.360001,57.480000,56.970001,57.000000,52.161522,13904800
2021-06-10,57.150002,58.029999,56.930000,57.380001,52.509270,26738100
2021-06-11,57.470001,57.939999,56.950001,57.849998,52.939369,18119700
2021-06-14,58.020000,58.200001,57.230000,58.189999,53.250504,21784500
2021-06-15,58.209999,58.419998,57.799999,57.990002,53.067486,20806500
2021-06-16,58.150002,58.369999,56.770000,57.220001,52.362850,21879700
2021-06-17,57.049999,57.900002,56.700001,57.180000,52.326241,21498800
2021-06-18,56.680000,56.750000,55.099998,55.669998,50.944416,55118300
2021-06-21,55.750000,56.040001,55.369999,55.869999,51.127438,19254600
2021-06-22,55.939999,56.279999,55.500000,55.869999,51.127438,18682800
2021-06-23,55.869999,55.970001,55.230000,55.259998,50.569229,20287900
2021-06-24,55.490002,56.099998,55.340000,56.070000,51.310471,21209700
2021-06-25,56.020000,56.410000,55.750000,55.910000,51.164047,21101200
2021-06-28,56.360001,57.730000,56.340000,57.480000,52.600777,22480900
2021-06-29,57.549999,57.830002,55.880001,56.750000,51.932743,26360000
2021-06-30,56.340000,56.380001,55.389999,56.139999,51.374527,29891600
2021-07-01,56.130001,56.639999,55.869999,56.009998,51.255562,24871600
2021-07-02,56.549999,56.990002,56.320000,56.759998,51.941898,17219400
2021-07-06,56.919998,57.009998,55.700001,56.090000,51.328766,26186600
2021-07-07,56.369999,56.450001,55.709999,55.959999,51.209805,14857400
2021-07-08,55.310001,55.720001,54.790001,55.389999,50.688190,19162000
2021-07-09,55.509998,56.110001,55.310001,55.990002,51.237263,18708000
2021-07-12,56.259998,56.759998,56.110001,56.730000,51.914444,15392800
2021-07-13,56.619999,57.299999,56.340000,56.869999,52.042557,15716000
2021-07-14,57.169998,57.459999,56.330002,56.520000,51.722267,16263600
2021-07-15,56.400002,56.400002,55.570000,55.810001,51.072536,18917000
2021-07-16,56.049999,56.930000,54.900002,54.970001,50.303837,25263800
2021-07-19,54.410000,54.810001,53.970001,54.639999,50.001854,27007700
2021-07-20,54.919998,55.560001,54.270000,55.240002,50.550926,19867000
2021-07-21,55.180000,56.279999,55.009998,56.230000,51.456890,18497200
2021-07-22,56.060001,56.540001,55.680000,55.959999,51.209805,36691000
2021-07-23,54.580002,54.709999,52.320000,53.000000,48.501064,67742300
2021-07-26,52.810001,54.540001,52.759998,54.310001,49.699867,32881200
2021-07-27,53.119999,53.200001,52.310001,53.180000,48.665779,39878000
2021-07-28,53.029999,53.919998,52.939999,53.070000,48.565121,28478800
2021-07-29,53.480000,54.099998,53.320000,53.700001,49.141647,16886600
2021-07-30,53.650002,53.900002,53.250000,53.720001,49.159943,16465700
2021-08-02,53.990002,54.470001,53.540001,53.680000,49.123344,18098100
2021-08-03,53.889999,54.160000,53.259998,54.060001,49.471085,16375900
2021-08-04,54.250000,54.439999,53.700001,53.900002,49.324677,17612700
2021-08-05,53.990002,54.020000,53.580002,53.889999,49.635979,15310000
2021-08-06,53.860001,54.130001,53.730000,53.919998,49.663624,19256000
2021-08-09,54.080002,54.410000,53.830002,54.049999,49.783360,14670100
2021-08-10,54.240002,54.389999,53.509998,53.939999,49.682041,16215700
2021-08-11,54.259998,54.360001,53.840000,54.139999,49.866249,18590800
2021-08-12,54.169998,54.180000,53.259998,53.540001,49.313622,15070100
2021-08-13,53.500000,53.560001,53.060001,53.490002,49.267559,15281100
2021-08-16,53.230000,53.490002,53.000000,53.470001,49.249142,17690300
2021-08-17,53.169998,53.180000,52.220001,52.689999,48.530712,22014900
2021-08-18,52.599998,53.029999,52.110001,52.189999,48.070183,15061700
2021-08-19,52.049999,52.669998,51.580002,52.439999,48.300442,22999400
2021-08-20,52.160000,52.380001,51.419998,52.009998,47.904388,25728300
2021-08-23,52.590000,53.540001,52.480000,53.230000,49.028088,23976300
2021-08-24,53.560001,53.970001,53.310001,53.810001,49.562294,20348800
2021-08-25,54.080002,54.230000,53.730000,53.810001,49.562294,15048400
2021-08-26,53.750000,53.750000,52.970001,53.130001,48.935974,19570000
2021-08-27,53.360001,53.939999,52.919998,53.889999,49.635979,16525000
2021-08-30,54.259998,54.869999,53.759998,53.939999,49.682041,14581300
2021-08-31,54.439999,54.500000,53.660000,54.060001,49.792568,22350100
2021-09-01,54.110001,54.160000,53.529999,53.669998,49.433346,18615000
2021-09-02,53.799999,53.889999,53.349998,53.730000,49.488613,15869500
2021-09-03,53.439999,54.080002,53.320000,53.509998,49.285969,13456200
2021-09-07,53.570000,53.950001,53.439999,53.650002,49.414932,13915000
2021-09-08,53.730000,53.919998,52.990002,53.570000,49.341248,18235100
2021-09-09,53.660000,53.889999,53.340000,53.400002,49.184666,13495800
2021-09-10,53.849998,54.980000,53.810001,53.840000,49.589931,20324700
2021-09-13,54.610001,55.490002,54.410000,54.990002,50.649155,22639200
2021-09-14,55.369999,55.439999,54.270000,54.520000,50.216255,22072700
2021-09-15,54.669998,55.150002,54.419998,55.119999,50.768890,18796200
2021-09-16,54.860001,54.950001,54.240002,54.830002,50.501781,19863100
2021-09-17,54.590000,54.590000,53.669998,54.259998,49.976772,35359200
2021-09-20,53.209999,53.500000,52.320000,52.980000,48.797817,35051900
2021-09-21,53.200001,53.450001,52.830002,52.869999,48.696507,17968900
2021-09-22,53.400002,53.869999,53.000000,53.500000,49.276768,18594100
2021-09-23,53.750000,54.299999,53.599998,54.029999,49.764931,16474300
2021-09-24,53.779999,54.419998,53.730000,54.220001,49.939938,12976200
2021-09-27,53.939999,54.869999,53.820000,54.660000,50.345207,13899900
2021-09-28,54.180000,54.590000,53.959999,54.000000,49.737305,24691300
2021-09-29,54.000000,54.049999,53.180000,53.490002,49.267559,20514300
2021-09-30,53.759998,53.980000,53.259998,53.279999,49.074135,20534100
2021-10-01,53.650002,54.110001,53.049999,53.860001,49.608353,19895100
2021-10-04,53.930000,54.330002,53.080002,53.470001,49.249142,27353300
2021-10-05,53.549999,54.340000,53.480000,53.950001,49.691250,18129400
2021-10-06,53.480000,54.070000,53.070000,53.980000,49.718880,20059600
2021-10-07,54.320000,54.990002,54.119999,54.180000,49.903095,20704400
2021-10-08,54.549999,54.580002,53.700001,53.810001,49.562294,16068000
2021-10-11,53.810001,54.410000,53.419998,53.439999,49.221504,14398800
2021-10-12,53.570000,53.720001,52.009998,52.169998,48.051758,32784300
2021-10-13,52.380001,52.580002,51.869999,52.259998,48.134659,18534000
2021-10-14,52.900002,54.000000,52.730000,53.900002,49.645203,26586700
2021-10-15,54.200001,54.490002,53.810001,54.459999,50.160995,25231100
2021-10-18,54.189999,54.560001,53.720001,54.470001,50.170200,22407600
2021-10-19,54.630001,55.220001,54.369999,55.209999,50.851780,18392900
2021-10-20,55.250000,55.490002,55.080002,55.369999,50.999153,16850300
2021-10-21,54.930000,56.070000,54.830002,56.000000,51.579430,38390900
2021-10-22,50.389999,50.549999,49.139999,49.459999,45.555687,109971900
2021-10-25,49.830002,50.070000,49.310001,49.410000,45.509636,43178800
2021-10-26,49.400002,49.439999,47.930000,48.279999,44.468826,68405400
2021-10-27,48.520000,48.820000,47.869999,47.889999,44.109619,41081500
2021-10-28,48.139999,48.360001,47.880001,48.080002,44.284622,31317200
2021-10-29,48.099998,49.279999,47.919998,49.000000,45.131996,42301000
2021-11-01,49.400002,49.599998,49.000000,49.549999,45.638584,28013700
2021-11-02,49.610001,49.900002,49.230000,49.860001,45.924110,27193300
2021-11-03,49.930000,50.450001,49.709999,50.389999,46.412277,23962100
2021-11-04,50.240002,50.349998,49.730000,50.310001,46.660835,24806000
2021-11-05,50.549999,51.580002,50.540001,50.919998,47.226585,36816200
2021-11-08,51.459999,51.990002,51.060001,51.549999,47.810886,31647800
2021-11-09,51.540001,51.770000,50.770000,51.200001,47.486271,22508400
2021-11-10,50.980000,51.389999,50.709999,50.759998,47.078186,25040700
2021-11-11,51.009998,51.070000,50.410000,50.529999,46.864876,25420000
2021-11-12,50.599998,50.900002,50.180000,50.310001,46.660835,23884800
2021-11-15,50.410000,50.630001,50.119999,50.320000,46.670109,24695800
2021-11-16,50.369999,51.150002,50.340000,50.610001,46.939068,30927800
2021-11-17,50.599998,50.939999,49.980000,50.230000,46.586639,23546900
2021-11-18,50.240002,50.240002,48.970001,49.680000,46.076527,30658200
2021-11-19,49.599998,49.730000,49.240002,49.520000,45.928143,27607600
2021-11-22,49.549999,50.849998,49.410000,49.830002,46.215656,33389600
2021-11-23,50.160000,50.450001,48.639999,49.099998,45.538593,44713300
2021-11-24,48.860001,49.779999,48.630001,49.759998,46.150730,26035800
2021-11-26,48.900002,49.180000,48.119999,48.779999,45.241806,25269000
2021-11-29,49.299999,50.130001,48.720001,50.000000,46.373322,31478900
2021-11-30,49.500000,50.400002,48.680000,49.200001,45.631344,49460800
2021-12-01,49.840000,50.310001,48.520000,48.599998,45.074867,35093500
2021-12-02,48.610001,49.790001,48.330002,49.500000,45.909584,37240800
2021-12-03,49.680000,50.060001,48.759998,49.250000,45.677723,32224900
2021-12-06,49.480000,51.209999,49.180000,50.990002,47.291515,40336000
2021-12-07,54.660000,55.000000,52.209999,52.570000,48.756905,91731500
2021-12-08,52.570000,52.880001,51.380001,51.750000,47.996380,37143400
2021-12-09,51.299999,51.590000,50.430000,50.480000,46.818501,31694200
2021-12-10,50.840000,51.070000,50.049999,50.590000,46.920521,23783600
2021-12-13,50.849998,51.020000,49.950001,50.000000,46.373322,35726900
2021-12-14,49.820000,50.270000,49.320000,49.700001,46.095081,34120400
2021-12-15,49.869999,50.779999,49.330002,50.669998,46.994728,32590300
2021-12-16,50.740002,51.400002,50.580002,50.830002,47.143112,33132300
2021-12-17,50.590000,51.020000,50.009998,50.619999,46.948345,50102300
2021-12-20,49.910000,50.130001,48.959999,49.599998,46.002323,30140300
2021-12-21,49.939999,50.840000,49.939999,50.770000,47.087467,31956300
2021-12-22,50.639999,51.020000,50.209999,50.970001,47.272961,23307900
2021-12-23,51.080002,51.730000,51.049999,51.310001,47.588299,25198200
2021-12-27,51.349998,52.060001,51.299999,51.939999,48.172600,20985400
2021-12-28,51.930000,52.119999,51.630001,51.759998,48.005665,19290400
2021-12-29,51.810001,52.139999,51.660000,51.830002,48.070583,14174800
2021-12-30,51.919998,52.139999,51.650002,51.740002,47.987110,18359400
2021-12-31,51.889999,52.160000,51.459999,51.500000,47.764519,16319000
2022-01-03,51.650002,53.230000,51.599998,53.209999,49.350487,33857600
2022-01-04,53.570000,53.939999,52.650002,53.139999,49.285568,45681400
2022-01-05,54.189999,56.169998,53.830002,53.869999,49.962616,59109300
2022-01-06,54.610001,54.669998,53.419998,54.009998,50.092453,35757900
2022-01-07,54.189999,54.389999,53.150002,53.439999,49.563805,30717200
2022-01-10,53.970001,55.310001,53.310001,55.209999,51.205418,49260800
2022-01-11,55.500000,56.080002,54.730000,55.910000,51.854637,39795200
2022-01-12,56.139999,56.279999,54.810001,55.740002,51.696976,29136800
2022-01-13,56.000000,56.209999,54.770000,54.939999,50.954990,29605400
2022-01-14,54.849998,55.770000,54.529999,55.700001,51.659882,30151500
2022-01-18,55.310001,55.650002,54.680000,54.759998,50.788059,35313800
2022-01-19,54.630001,54.849998,53.560001,53.619999,49.730743,30595100
2022-01-20,53.860001,54.090000,51.939999,52.040001,48.265354,28582600
2022-01-21,52.080002,53.130001,51.950001,52.040001,48.265354,46372400
2022-01-24,51.480000,52.130001,49.880001,51.939999,48.172600,64198400
2022-01-25,51.009998,51.619999,50.250000,51.000000,47.300789,44095400
2022-01-26,51.130001,52.720001,50.750000,51.689999,47.940735,54895400
2022-01-27,49.980000,50.060001,47.779999,48.049999,44.564762,89642800
2022-01-28,47.709999,48.200001,46.299999,47.730000,44.267971,61945400
2022-01-31,47.680000,48.869999,47.310001,48.820000,45.278908,51828400
2022-02-01,48.779999,49.029999,48.360001,48.950001,45.399475,35386100
2022-02-02,48.250000,49.580002,48.090000,49.509998,45.918861,37962700
2022-02-03,49.250000,49.689999,48.250000,48.279999,44.778076,42145800
2022-02-04,47.860001,48.240002,47.130001,48.009998,44.866856,32431500
2022-02-07,48.130001,48.660000,47.959999,48.180000,45.025726,27558500
2022-02-08,47.980000,48.939999,47.900002,48.810001,45.614479,28051200
2022-02-09,49.330002,49.970001,48.830002,49.910000,46.642464,35217300
2022-02-10,49.180000,49.930000,48.759998,48.860001,45.661213,32762700
2022-02-11,48.950001,49.110001,47.500000,47.630001,44.511734,37208200
2022-02-14,47.919998,48.180000,47.110001,47.580002,44.465012,28456900
2022-02-15,47.700001,48.459999,47.189999,48.439999,45.268707,35837900
2022-02-16,48.060001,48.490002,47.599998,48.230000,45.072449,26022900
2022-02-17,47.860001,48.259998,47.380001,47.570000,44.455658,32030600
2022-02-18,46.189999,46.209999,44.509998,45.040001,42.091305,76520100
2022-02-22,44.689999,45.410000,43.849998,44.689999,41.764217,57093300
2022-02-23,45.169998,45.709999,44.549999,44.650002,41.726837,38176700
2022-02-24,43.900002,46.790001,43.630001,46.720001,43.661316,72740100
2022-02-25,46.930000,47.790001,46.250000,47.709999,44.586498,39266300
2022-02-28,47.000000,47.820000,46.849998,47.700001,44.577152,41946100
2022-03-01,47.540001,47.900002,46.220001,46.820000,43.754768,53853000
2022-03-02,47.520000,48.990002,47.480000,48.869999,45.670563,46936500
2022-03-03,48.180000,48.549999,47.619999,47.930000,44.792091,36389900
2022-03-04,47.369999,48.270000,47.369999,48.070000,44.922928,38310700
2022-03-07,48.009998,48.540001,47.599998,47.680000,44.558460,43813700
2022-03-08,47.689999,48.720001,46.889999,47.500000,44.390247,44813900
2022-03-09,48.410000,48.459999,46.889999,47.630001,44.511734,36076500
2022-03-10,47.290001,47.310001,46.160000,46.660000,43.605236,36456000
2022-03-11,47.150002,47.279999,45.770000,45.830002,42.829578,27082100
2022-03-14,45.900002,45.980000,44.299999,44.400002,41.493202,35993900
2022-03-15,44.500000,44.900002,44.070000,44.810001,41.876358,34448900
2022-03-16,45.299999,46.630001,45.270000,46.630001,43.577198,38885500
2022-03-17,46.320000,47.290001,45.730000,47.139999,44.053814,28555000
2022-03-18,46.820000,47.599998,46.349998,47.450001,44.343517,46237100
2022-03-21,47.459999,47.889999,47.070000,47.389999,44.287449,32910900
2022-03-22,47.500000,48.470001,47.400002,48.389999,45.221985,27923300
2022-03-23,48.459999,49.580002,48.060001,48.270000,45.109833,37126400
2022-03-24,48.660000,51.650002,48.590000,51.619999,48.240513,51677900
2022-03-25,50.689999,51.980000,50.450001,51.830002,48.436768,33239800
2022-03-28,51.360001,51.570000,50.560001,51.509998,48.137718,22932400
2022-03-29,52.000000,52.290001,51.279999,52.250000,48.829266,27303700
2022-03-30,52.250000,52.509998,51.220001,51.430000,48.062954,24623300
2022-03-31,51.200001,51.259998,49.509998,49.560001,46.315388,43698300
2022-04-01,49.830002,49.900002,47.330002,48.110001,44.960312,46598600
2022-04-04,48.169998,49.230000,47.919998,49.200001,45.978951,23784900
2022-04-05,48.830002,48.980000,48.020000,48.130001,44.978996,25779200
2022-04-06,47.439999,48.169998,47.240002,47.540001,44.427624,31518700
2022-04-07,47.430000,47.910000,46.770000,47.560001,44.446320,24117000
2022-04-08,47.279999,47.580002,46.849998,47.020000,43.941669,22167300
2022-04-11,46.900002,47.299999,46.529999,46.570000,43.521133,30352500
2022-04-12,47.320000,47.910000,46.410000,46.500000,43.455715,29861400
2022-04-13,46.750000,47.270000,46.549999,47.009998,43.932327,22171300
2022-04-14,46.750000,46.750000,45.619999,45.669998,42.680054,36181800
2022-04-18,45.529999,46.889999,45.520000,46.639999,43.586548,25593100
2022-04-19,46.599998,48.000000,46.340000,47.930000,44.792091,31483100
2022-04-20,48.360001,48.750000,47.980000,48.110001,44.960312,22787100
2022-04-21,48.619999,48.900002,47.400002,47.500000,44.390247,27316900
2022-04-22,47.450001,47.650002,46.500000,46.540001,43.493099,28219900
2022-04-25,46.209999,47.139999,46.180000,47.060001,43.979053,35999300
2022-04-26,46.689999,46.840000,45.509998,45.520000,42.539871,35356600
2022-04-27,45.480000,46.060001,45.009998,45.220001,42.259518,28320900
2022-04-28,45.790001,47.270000,45.540001,46.840000,43.773453,41097000
2022-04-29,44.990002,45.360001,43.500000,43.590000,40.736221,70765900
2022-05-02,43.720001,44.990002,43.509998,44.959999,42.016533,45446500
2022-05-03,44.790001,45.490002,44.230000,45.060001,42.109989,40158400
2022-05-04,45.060001,46.639999,44.410000,46.540001,43.493099,44625600
2022-05-05,45.599998,45.910000,44.130001,44.599998,42.009571,52996700
2022-05-06,44.490002,45.150002,43.840000,44.299999,41.726997,40916600
2022-05-09,43.810001,44.200001,42.869999,43.070000,40.568436,44925800
2022-05-10,44.349998,44.740002,43.500000,44.009998,41.453835,42770000
2022-05-11,44.020000,44.290001,42.779999,42.830002,40.342384,40351700
2022-05-12,42.730000,42.910000,42.009998,42.840000,40.351795,42329600
2022-05-13,43.419998,43.840000,42.970001,43.599998,41.067650,32034100
2022-05-16,43.419998,43.610001,42.790001,43.080002,40.577866,25071900
2022-05-17,43.820000,44.419998,43.650002,44.400002,41.821190,28596600
2022-05-18,43.980000,43.980000,42.220001,42.349998,39.890255,35218400
2022-05-19,42.320000,42.700001,41.720001,42.009998,39.570004,29181000
2022-05-20,42.250000,42.290001,40.310001,41.650002,39.230911,44802300
2022-05-23,41.689999,42.250000,41.330002,42.000000,39.560585,27199500
2022-05-24,41.700001,41.889999,41.099998,41.669998,39.249748,29837500
2022-05-25,41.439999,42.520000,41.389999,42.200001,39.748970,26283100
2022-05-26,42.169998,43.680000,42.080002,43.480000,40.954620,28826700
2022-05-27,43.590000,44.549999,43.549999,44.549999,41.962479,30553300
2022-05-31,44.250000,44.750000,43.650002,44.419998,41.840027,41111500
2022-06-01,44.770000,44.930000,43.529999,44.110001,41.548035,29885500
2022-06-02,44.189999,44.880001,43.939999,44.840000,42.235634,28727600
2022-06-03,44.110001,44.250000,43.340000,43.389999,40.869854,33174700
2022-06-06,43.810001,44.040001,43.080002,43.340000,40.822750,25437100
2022-06-07,43.060001,43.590000,42.660000,43.529999,41.001717,25168700
2022-06-08,42.250000,42.259998,41.029999,41.230000,38.835312,59649900
2022-06-09,41.009998,41.349998,40.009998,40.009998,37.686161,39047200
2022-06-10,39.849998,40.080002,39.180000,39.180000,36.904373,43066200
2022-06-13,38.549999,38.810001,37.669998,37.770000,35.576267,50335900
2022-06-14,38.009998,38.200001,37.540001,37.930000,35.726978,31351700
2022-06-15,38.560001,39.169998,37.919998,38.650002,36.405159,37652300
2022-06-16,37.700001,37.790001,36.930000,37.340000,35.171246,45576500
2022-06-17,37.480000,38.119999,36.599998,36.970001,34.822739,71393200
2022-06-21,37.360001,38.029999,37.330002,37.730000,35.538593,34004900
2022-06-22,37.330002,37.770000,37.220001,37.380001,35.208920,32571000
2022-06-23,37.610001,37.619999,36.910000,37.410000,35.237175,30163000
2022-06-24,37.849998,38.639999,37.740002,38.610001,36.367481,38159900
2022-06-27,38.869999,39.060001,38.470001,38.630001,36.386326,29585300
2022-06-28,38.580002,39.020000,37.740002,37.779999,35.585686,37824200
2022-06-29,37.540001,37.599998,37.020000,37.290001,35.124153,25437200
2022-06-30,37.209999,38.000000,36.730000,37.410000,35.237175,35141000
2022-07-01,37.090000,37.200001,35.880001,36.340000,34.229324,40596300
2022-07-05,35.930000,36.740002,35.540001,36.689999,34.558998,33215000
2022-07-06,36.820000,37.419998,36.459999,36.990002,34.841572,26258300
2022-07-07,37.889999,38.330002,37.730000,38.139999,35.924778,33165400
2022-07-08,37.660000,38.139999,37.389999,37.990002,35.783493,22566300
2022-07-11,37.660000,37.669998,37.029999,37.200001,35.039379,25904300
2022-07-12,37.650002,37.700001,36.990002,37.209999,35.048801,30546300
2022-07-13,36.680000,37.430000,36.619999,37.209999,35.048801,27059200
2022-07-14,36.990002,38.160000,36.290001,37.709999,35.519753,36690700
2022-07-15,38.270000,38.669998,37.730000,38.619999,36.376896,32892300
2022-07-18,39.099998,39.340000,38.529999,38.709999,36.461674,30814400
2022-07-19,39.320000,40.730000,39.240002,40.220001,37.883968,53095300
2022-07-20,40.209999,40.669998,39.560001,40.560001,38.204227,36387900
2022-07-21,40.509998,40.650002,39.820000,40.610001,38.251316,29661200
2022-07-22,40.369999,40.509998,38.939999,39.200001,36.923218,41350000
2022-07-25,39.279999,39.410000,38.549999,39.160000,36.885536,32263400
2022-07-26,39.099998,39.570000,38.880001,38.959999,36.697155,35925500
2022-07-27,39.270000,40.419998,39.230000,40.180000,37.846294,42571600
2022-07-28,40.090000,40.119999,39.040001,39.709999,37.403591,56662300
2022-07-29,35.599998,36.619999,35.240002,36.310001,34.201073,125292400
2022-08-01,36.049999,37.689999,36.049999,36.959999,34.813313,52513400
2022-08-02,36.590000,36.660000,36.000000,36.009998,33.918495,53929400
2022-08-03,36.090000,36.590000,35.259998,36.520000,34.398869,59513900
2022-08-04,36.009998,36.099998,35.360001,35.660000,33.927914,54046300
2022-08-05,35.349998,35.689999,35.180000,35.389999,33.671032,40205100
2022-08-08,35.360001,35.959999,35.200001,35.380001,33.661514,41534600
2022-08-09,35.220001,35.299999,34.400002,34.520000,32.843288,48202300
2022-08-10,34.990002,35.400002,34.590000,35.369999,33.652004,42243300
2022-08-11,35.639999,36.290001,35.490002,35.590000,33.861313,35569700
2022-08-12,35.799999,36.139999,35.669998,36.110001,34.356056,37675200
2022-08-15,36.099998,36.430000,35.709999,36.340000,34.574883,25400600
2022-08-16,36.160000,36.580002,35.700001,36.189999,34.432171,25000200
2022-08-17,35.810001,36.080002,35.270000,35.779999,34.042080,29176100
2022-08-18,35.680000,36.330002,35.570000,36.200001,34.441689,24598200
2022-08-19,35.799999,36.029999,35.189999,35.380001,33.661514,31425500
2022-08-22,35.000000,35.060001,33.730000,33.840000,32.196323,51006100
2022-08-23,33.980000,34.389999,33.910000,33.950001,32.300972,30687100
2022-08-24,33.970001,33.990002,33.599998,33.860001,32.215343,25105700
2022-08-25,33.869999,34.930000,33.820000,34.889999,33.195316,29799100
2022-08-26,34.950001,35.029999,33.349998,33.360001,31.739630,44851500
2022-08-29,33.230000,33.410000,32.810001,32.939999,31.340031,32976800
2022-08-30,33.040001,33.070000,32.150002,32.259998,30.693060,40182500
2022-08-31,32.389999,32.389999,31.770000,31.920000,30.369576,44074500
2022-09-01,31.570000,31.830000,31.129999,31.760000,30.217348,36440700
2022-09-02,32.209999,32.380001,31.059999,31.219999,29.703573,34893300
2022-09-06,31.389999,31.389999,30.330000,30.360001,28.885347,46989600
2022-09-07,30.420000,30.790001,30.049999,30.650000,29.161261,37329500
2022-09-08,30.370001,30.850000,29.910000,30.750000,29.256403,37359500
2022-09-09,31.190001,31.500000,31.080000,31.459999,29.931915,34069500
2022-09-12,31.740000,31.860001,31.100000,31.559999,30.027060,38305500
2022-09-13,30.830000,30.930000,29.250000,29.290001,27.867321,71417900
2022-09-14,29.549999,29.770000,29.010000,29.180000,27.762663,40767200
2022-09-15,29.150000,29.410000,28.709999,28.840000,27.439178,39919100
2022-09-16,28.700001,29.320000,28.420000,29.240000,27.819750,72748000
2022-09-19,29.020000,29.500000,28.900000,29.440001,28.010033,33151900
2022-09-20,29.070000,29.170000,28.709999,28.959999,27.553350,31129000
2022-09-21,29.150000,29.590000,28.459999,28.469999,27.087149,39977300
2022-09-22,28.400000,28.500000,28.040001,28.070000,26.706575,36092700
2022-09-23,27.900000,27.900000,27.190001,27.520000,26.183292,43491100
2022-09-26,27.559999,27.700001,26.860001,26.969999,25.660007,44786400
2022-09-27,27.400000,27.600000,26.620001,26.889999,25.583891,44121400
2022-09-28,26.860001,27.280001,26.600000,27.129999,25.812235,40433400
2022-09-29,26.780001,26.780001,26.190001,26.379999,25.098665,41831300
2022-09-30,26.299999,26.570000,25.740000,25.770000,24.518291,43821000
2022-10-03,26.330000,27.250000,26.070000,26.969999,25.660007,44096200
2022-10-04,27.430000,27.799999,27.090000,27.700001,26.354551,42427500
2022-10-05,27.370001,27.840000,26.889999,27.639999,26.297464,30120000
2022-10-06,27.440001,27.760000,27.000000,27.180000,25.859808,33985100
2022-10-07,26.170000,26.280001,25.650000,25.719999,24.470722,57215500
2022-10-10,25.940001,25.990000,25.090000,25.200001,23.975979,43409300
2022-10-11,25.010000,25.480000,24.690001,25.040001,23.823755,48134900
2022-10-12,25.049999,25.520000,24.660000,25.330000,24.099665,39634100
2022-10-13,24.730000,26.840000,24.590000,26.420000,25.136723,62447000
2022-10-14,26.459999,26.629999,25.760000,25.910000,24.651493,48185400
2022-10-17,26.309999,26.750000,26.170000,26.420000,25.136723,39416500
2022-10-18,26.740000,26.959999,25.540001,25.870001,24.613438,51126900
2022-10-19,25.740000,26.250000,25.690001,26.000000,24.737122,33882300
2022-10-20,26.150000,26.950001,25.950001,26.080000,24.813240,33247700
2022-10-21,25.850000,27.049999,25.790001,26.969999,25.660007,53058700
2022-10-24,26.750000,27.480000,26.520000,27.180000,25.859808,43831600
2022-10-25,27.180000,27.559999,27.000000,27.410000,26.078634,32205300
2022-10-26,27.190001,27.799999,26.990000,27.209999,25.888348,37111100
2022-10-27,27.450001,27.590000,26.129999,26.270000,24.994007,56305100
2022-10-28,28.180000,29.219999,27.860001,29.070000,27.658005,91695700
2022-10-31,29.080000,29.180000,28.049999,28.430000,27.049093,59507700
2022-11-01,28.799999,28.850000,27.889999,28.299999,26.925406,44418700
2022-11-02,28.270000,28.850000,27.410000,27.420000,26.088150,51956100
2022-11-03,27.450001,27.879999,27.170000,27.389999,26.059605,39678200
2022-11-04,27.570000,28.240000,27.410000,28.200001,27.192633,43051900
2022-11-07,28.360001,28.469999,27.889999,28.410000,27.395128,34389800
2022-11-08,28.760000,28.950001,27.930000,28.480000,27.462629,36258000
2022-11-09,28.219999,28.299999,27.520000,27.520000,26.536926,30544800
2022-11-10,28.879999,29.830000,28.650000,29.760000,28.696905,62943900
2022-11-11,28.930000,30.629999,28.870001,30.430000,29.342974,49826500
2022-11-14,30.340000,30.990000,30.180000,30.350000,29.265831,39395300
2022-11-15,31.100000,31.340000,30.170000,30.709999,29.612970,40933200
2022-11-16,30.110001,30.230000,29.440001,29.530001,28.475126,35582800
2022-11-17,29.070000,29.950001,29.000000,29.889999,28.822262,31983300
2022-11-18,30.260000,30.260000,29.610001,29.870001,28.802977,27122200
2022-11-21,29.660000,29.719999,28.910000,28.940001,27.906199,36086800
2022-11-22,29.139999,29.860001,29.059999,29.820000,28.754763,25584100
2022-11-23,29.730000,30.080000,29.490000,29.670000,28.610125,23143900
2022-11-25,29.680000,29.680000,29.340000,29.340000,28.291910,11314900
2022-11-28,29.100000,29.190001,28.540001,28.730000,27.703701,28267900
2022-11-29,28.850000,29.180000,28.740000,28.900000,27.867628,24361500
2022-11-30,28.770000,30.080000,28.219999,30.070000,28.995834,72072500
2022-12-01,30.240000,30.480000,29.520000,29.830000,28.764406,38896300
2022-12-02,29.170000,29.430000,28.709999,29.410000,28.359407,31546000
2022-12-05,29.420000,29.750000,28.889999,29.170000,28.127985,34040400
2022-12-06,29.190001,29.309999,28.340000,28.600000,27.578346,27701200
2022-12-07,28.280001,28.549999,28.150000,28.330000,27.317991,28239900
2022-12-08,28.320000,28.600000,28.070000,28.440001,27.424057,28486100
2022-12-09,28.389999,28.780001,28.190001,28.240000,27.231205,25641300
2022-12-12,28.129999,28.709999,27.860001,28.690001,27.665131,35117900
2022-12-13,29.790001,30.090000,28.370001,28.730000,27.703701,58546800
2022-12-14,28.510000,29.120001,28.010000,28.260000,27.250490,37141100
2022-12-15,27.940001,28.000000,27.120001,27.150000,26.180141,45682700
2022-12-16,27.000000,27.139999,26.450001,26.920000,25.958357,81104200
2022-12-19,26.900000,26.969999,26.500000,26.790001,25.833002,37662500
2022-12-20,26.540001,26.870001,26.420000,26.440001,25.495506,31863300
2022-12-21,26.590000,26.969999,26.580000,26.830000,25.871572,28100900
2022-12-22,26.450001,26.450001,25.350000,25.969999,25.042294,47478300
2022-12-23,25.920000,26.190001,25.680000,26.090000,25.158009,23600900
2022-12-27,25.850000,26.100000,25.650000,25.940001,25.013365,29548100
2022-12-28,25.840000,26.120001,25.500000,25.540001,24.627655,26176900
2022-12-29,25.770000,26.290001,25.750000,26.209999,25.273720,30944800
2022-12-30,25.900000,26.459999,25.799999,26.430000,25.485859,31030100
2023-01-03,27.049999,27.070000,26.370001,26.730000,25.775143,31308000
2023-01-04,27.410000,27.920000,27.160000,27.680000,26.691210,37665200
2023-01-05,27.440001,27.780001,27.379999,27.559999,26.575495,33552600
2023-01-06,27.930000,28.830000,27.379999,28.730000,27.703701,31788600
2023-01-09,28.840000,29.870001,28.840000,29.309999,28.262981,37493200
2023-01-10,29.240000,29.510000,28.920000,29.440001,28.388338,23008100
2023-01-11,29.680000,29.879999,29.000000,29.850000,28.783691,30375400
2023-01-12,29.980000,30.379999,29.469999,30.290001,29.207975,28963900
2023-01-13,29.969999,30.170000,29.809999,30.110001,29.034407,31361900
2023-01-17,30.180000,30.260000,29.520000,29.600000,28.542624,34759100
2023-01-18,29.799999,29.820000,28.629999,28.809999,27.780842,44199600
2023-01-19,28.610001,28.760000,28.240000,28.420000,27.404774,36886600
2023-01-20,28.420000,29.230000,28.250000,29.219999,28.176193,35158500
2023-01-23,29.330000,30.490000,29.180000,30.270000,29.188690,38795800
2023-01-24,29.940001,30.190001,29.730000,29.920000,28.851191,24855100
2023-01-25,29.520000,29.889999,29.170000,29.700001,28.639051,28268000
2023-01-26,30.059999,30.110001,29.330000,30.090000,29.015118,56088100
2023-01-27,27.070000,28.240000,26.780001,28.160000,27.154062,148548200
2023-01-30,27.719999,28.510000,27.670000,27.950001,26.951567,55145800
2023-01-31,27.780001,28.290001,27.530001,28.260000,27.250490,52621600
2023-02-01,27.889999,29.430000,27.680000,29.070000,28.031555,63330600
2023-02-02,29.250000,30.299999,28.799999,30.190001,29.111546,62230700
2023-02-03,29.620001,31.170000,29.530001,30.320000,29.236902,57603100
2023-02-06,29.549999,29.650000,28.610001,28.690001,28.002228,48726400
2023-02-07,28.650000,29.270000,28.430000,29.049999,28.353596,50780800
2023-02-08,28.950001,29.120001,28.209999,28.240000,27.563015,36479100
2023-02-09,28.680000,28.820000,27.570000,27.730000,27.065239,43906400
2023-02-10,27.629999,27.990000,27.340000,27.799999,27.133562,31232500
2023-02-13,27.870001,28.549999,27.719999,28.549999,27.865582,32347500
2023-02-14,28.379999,28.719999,27.990000,28.639999,27.953426,27928900
2023-02-15,28.360001,28.879999,28.160000,28.850000,28.158392,23359400
2023-02-16,28.500000,28.830000,28.129999,28.200001,27.523973,28972500
2023-02-17,28.000000,28.070000,27.379999,27.610001,26.948118,32086200
2023-02-21,27.110001,27.270000,26.040001,26.059999,25.435274,63668400
2023-02-22,25.910000,26.900000,25.299999,25.469999,24.859417,89195300
2023-02-23,25.780001,26.080000,25.320000,25.610001,24.996061,56473200
2023-02-24,25.219999,25.350000,24.920000,25.139999,24.537327,44089900
2023-02-27,25.549999,25.580000,24.879999,24.900000,24.303082,37657000
2023-02-28,24.940001,25.120001,24.730000,24.930000,24.332363,50255300
2023-03-01,25.030001,25.920000,24.969999,25.330000,24.722773,47823400
2023-03-02,25.209999,26.299999,25.120001,26.200001,25.571918,48309300
2023-03-03,26.200001,26.480000,26.010000,26.400000,25.767126,36744900
2023-03-06,26.469999,26.540001,25.930000,25.990000,25.366953,37879800
2023-03-07,25.840000,25.990000,25.500000,25.530001,24.917980,43164600
2023-03-08,25.559999,26.010000,25.450001,25.980000,25.357191,36071900
2023-03-09,25.980000,26.980000,25.969999,26.440001,25.806166,54886100
2023-03-10,26.549999,27.520000,26.320000,27.219999,26.567465,65187000
2023-03-13,26.740000,27.309999,26.610001,26.950001,26.303940,50977000
2023-03-14,27.350000,28.100000,27.250000,28.010000,27.338528,47689800
2023-03-15,27.730000,28.500000,27.660000,28.410000,27.728939,49322800
2023-03-16,28.389999,30.270000,28.389999,30.180000,29.456509,75779500
2023-03-17,29.920000,31.000000,29.440001,29.809999,29.095379,80628500
2023-03-20,29.799999,29.900000,28.629999,29.160000,28.460957,38780100
2023-03-21,29.000000,29.170000,27.980000,28.459999,27.777739,55650800
2023-03-22,28.480000,29.120001,28.100000,28.129999,27.455650,37415500
2023-03-23,28.379999,29.160000,28.219999,29.030001,28.334076,43785500
2023-03-24,29.040001,29.809999,28.930000,29.360001,28.656166,55912100
2023-03-27,29.370001,29.730000,29.080000,29.180000,28.480482,34758200
2023-03-28,29.080000,29.330000,28.629999,29.290001,28.587845,37407900
2023-03-29,29.770000,31.889999,29.760000,31.520000,30.764385,85556200
2023-03-30,31.850000,32.580002,31.809999,32.090000,31.320721,70077600
2023-03-31,31.799999,32.900002,31.730000,32.669998,31.886818,59765000
2023-04-03,32.939999,33.560001,32.540001,32.889999,32.101543,57038300
2023-04-04,32.849998,33.840000,32.840000,33.099998,32.306503,55714100
2023-04-05,32.799999,32.990002,32.340000,32.830002,32.042976,39615700
2023-04-06,32.599998,33.000000,32.459999,32.810001,32.023460,28551900
2023-04-10,32.599998,32.759998,32.200001,32.520000,31.740414,30534400
2023-04-11,32.660000,33.110001,32.320000,32.349998,31.574484,27059100
2023-04-12,32.770000,32.889999,31.959999,32.020000,31.252399,37070800
2023-04-13,31.820000,32.430000,31.650000,32.130001,31.359764,29722300
2023-04-14,32.000000,32.240002,31.690001,31.889999,31.125513,24623600
2023-04-17,31.950001,32.639999,31.770000,32.139999,31.369520,29601100
2023-04-18,32.430000,32.459999,31.780001,31.830000,31.066954,26041400
2023-04-19,31.100000,31.520000,31.080000,31.150000,30.403254,25746600
2023-04-20,30.760000,31.250000,30.709999,30.860001,30.120207,30255100
2023-04-21,30.840000,30.840000,30.230000,30.299999,29.573627,28655800
2023-04-24,30.129999,30.370001,29.610001,29.660000,28.948973,38732500
2023-04-25,29.440001,29.570000,28.870001,28.879999,28.187672,38289900
2023-04-26,29.200001,29.809999,28.840000,29.049999,28.353596,41218800
2023-04-27,28.750000,29.950001,28.510000,29.860001,29.144180,60186200
2023-04-28,31.980000,32.570000,30.809999,31.059999,30.315413,80252400
2023-05-01,31.110001,31.240000,30.280001,30.299999,29.573627,36918500
2023-05-02,30.299999,30.580000,29.750000,29.770000,29.056337,33463400
2023-05-03,30.639999,31.110001,30.250000,30.650000,29.915239,45554500
2023-05-04,30.440001,31.719999,30.379999,31.240000,30.615957,46104000
2023-05-05,31.379999,31.410000,30.730000,30.990000,30.370953,35024600
2023-05-08,30.700001,30.840000,30.389999,30.770000,30.155348,30882800
2023-05-09,30.379999,30.580000,29.910000,30.100000,29.498732,30706500
2023-05-10,30.290001,30.400000,29.490000,29.969999,29.371326,40526500
2023-05-11,29.600000,29.680000,28.820000,28.860001,28.283501,47144400
2023-05-12,29.030001,29.100000,28.719999,28.950001,28.371702,24153800
2023-05-15,28.900000,29.830000,28.879999,29.799999,29.204721,28717500
2023-05-16,29.620001,29.900000,29.209999,29.219999,28.636309,22812000
2023-05-17,29.520000,29.559999,28.680000,28.870001,28.293301,41667300
2023-05-18,29.000000,29.760000,28.870001,29.680000,29.087122,36529200
2023-05-19,29.600000,30.240000,29.500000,29.930000,29.332127,40683000
2023-05-22,29.850000,30.450001,29.820000,30.280001,29.675137,28693400
2023-05-23,30.049999,30.200001,29.490000,29.510000,28.920517,29400900
2023-05-24,29.309999,29.490000,28.820000,29.000000,28.420706,28045800
2023-05-25,28.290001,28.290001,26.860001,27.400000,26.852665,78009400
2023-05-26,27.440001,29.090000,27.100000,29.000000,28.420706,71910600
2023-05-30,29.700001,30.040001,29.000000,29.990000,29.390928,54874800
2023-05-31,29.700001,32.290001,29.670000,31.440001,30.811964,136243800
2023-06-01,31.799999,31.940001,31.020000,31.129999,30.508154,52667400
2023-06-02,31.400000,31.590000,30.830000,31.309999,30.684561,36521000
2023-06-05,31.309999,31.400000,29.830000,29.860001,29.263527,48244100
2023-06-06,29.770000,31.450001,29.700001,30.959999,30.341551,42295300
2023-06-07,31.030001,31.370001,30.930000,31.280001,30.655161,39098000
2023-06-08,31.430000,31.850000,31.059999,31.820000,31.184372,35199000
2023-06-09,31.930000,31.990000,30.680000,31.340000,30.713961,40218000
2023-06-12,31.400000,33.299999,31.360001,33.070000,32.409405,59881600
2023-06-13,33.770000,33.950001,33.070000,33.910000,33.232624,51990000
2023-06-14,33.869999,35.599998,33.799999,35.580002,34.869263,74404300
2023-06-15,35.279999,36.419998,35.220001,35.820000,35.104473,67676300
2023-06-16,36.360001,36.799999,35.599998,36.369999,35.643482,110240300
2023-06-20,36.770000,37.110001,34.720001,35.000000,34.300846,65970200
2023-06-21,34.919998,35.049999,32.830002,32.900002,32.242798,70973500
2023-06-22,32.689999,33.240002,32.130001,32.709999,32.056595,45740300
2023-06-23,32.209999,33.450001,32.029999,33.000000,32.340801,46327100
2023-06-26,33.189999,33.990002,33.099998,33.340000,32.674011,38952400
2023-06-27,33.220001,34.230000,33.009998,34.099998,33.418831,33038900
2023-06-28,33.610001,33.810001,33.029999,33.570000,32.899414,33906900
2023-06-29,33.340000,33.340000,32.490002,32.910000,32.252598,38313000
2023-06-30,33.360001,33.560001,33.160000,33.439999,32.772007,33811300
2023-07-03,33.540001,33.889999,33.139999,33.619999,32.948418,15753000
2023-07-05,33.310001,33.330002,32.500000,32.509998,31.860586,37664700
2023-07-06,31.900000,32.040001,31.379999,31.969999,31.331375,41693600
2023-07-07,32.000000,32.410000,31.820000,31.850000,31.213776,28356300
2023-07-10,31.870001,32.830002,31.770000,32.740002,32.085999,36305700
2023-07-11,32.820000,33.360001,32.500000,33.299999,32.634808,28148800
2023-07-12,33.689999,34.080002,33.060001,33.980000,33.301228,37762200
2023-07-13,34.150002,34.299999,33.619999,33.869999,33.193417,32745800
2023-07-14,33.779999,33.869999,33.000000,33.150002,32.487804,30438700
2023-07-17,33.160000,34.599998,33.070000,34.369999,33.683434,34111200
2023-07-18,34.279999,34.700001,33.830002,34.500000,33.810837,29662200
2023-07-19,34.400002,34.840000,34.330002,34.459999,33.771633,26486700
2023-07-20,33.700001,34.209999,33.230000,33.369999,32.703411,37878000
2023-07-21,33.730000,34.250000,33.419998,34.020000,33.340424,79737000
2023-07-24,33.840000,34.459999,33.560001,33.630001,32.958218,25225800
2023-07-25,33.700001,34.340000,33.400002,34.099998,33.418831,31771100
2023-07-26,33.720001,34.529999,33.700001,34.360001,33.673637,32643200
2023-07-27,34.820000,35.029999,34.110001,34.549999,33.859833,58890800
2023-07-28,36.750000,36.990002,35.509998,36.830002,36.094296,90863000
2023-07-31,36.869999,37.189999,35.669998,35.770000,35.055470,55630700
2023-08-01,35.820000,36.020000,35.279999,35.799999,35.084866,24702200
2023-08-02,35.150002,35.180000,34.279999,34.389999,33.703037,39052000
2023-08-03,34.290001,35.029999,34.130001,34.869999,34.173447,24817900
2023-08-04,34.480000,35.560001,34.480000,35.139999,34.561951,26674900
2023-08-07,35.410000,35.549999,34.750000,35.230000,34.650467,22486900
2023-08-08,34.669998,35.099998,33.860001,35.020000,34.443924,34753600
2023-08-09,35.000000,35.099998,34.230000,34.279999,33.716095,28720200
2023-08-10,34.700001,35.090000,34.480000,34.680000,34.109516,30957300
2023-08-11,34.459999,34.950001,34.360001,34.889999,34.316059,28783700
2023-08-14,34.669998,35.709999,34.470001,35.680000,35.093067,36896100
2023-08-15,35.410000,35.630001,34.750000,34.770000,34.198036,27420300
2023-08-16,34.520000,34.630001,33.459999,33.529999,32.978432,35757300
2023-08-17,33.560001,33.590000,32.349998,32.580002,32.044064,39906700
2023-08-18,32.230000,32.910000,32.180000,32.750000,32.211262,23701100
2023-08-21,32.599998,33.169998,32.020000,33.139999,32.594852,43718200
2023-08-22,33.220001,33.799999,32.830002,32.889999,32.348965,23425300
2023-08-23,32.880001,34.150002,32.799999,33.980000,33.421032,32324300
2023-08-24,33.720001,34.090000,32.490002,32.590000,32.053894,37931000
2023-08-25,32.529999,33.400002,32.349998,33.250000,32.703041,27324800
2023-08-28,33.500000,33.779999,33.209999,33.619999,33.066956,22341800
2023-08-29,33.490002,34.480000,33.470001,34.310001,33.745605,29943600
2023-08-30,34.060001,34.660000,33.779999,34.529999,33.961983,26279200
2023-08-31,34.320000,35.560001,34.299999,35.139999,34.561951,48157600
2023-09-01,35.790001,36.750000,35.730000,36.610001,36.007771,43808500
2023-09-05,36.580002,37.410000,36.459999,36.709999,36.106121,43379400
2023-09-06,36.560001,37.040001,36.029999,36.980000,36.371677,39643400
2023-09-07,36.830002,38.340000,36.750000,38.180000,37.551941,67659700
2023-09-08,38.119999,38.830002,37.709999,38.009998,37.384735,44255200
2023-09-11,38.240002,38.740002,37.840000,38.590000,37.955193,36349300
2023-09-12,38.650002,40.070000,38.650002,38.860001,38.220753,55326600
2023-09-13,38.799999,39.150002,38.250000,38.709999,38.073223,35407800
2023-09-14,38.810001,38.900002,38.299999,38.669998,38.033878,30616500
2023-09-15,38.419998,38.520000,37.619999,37.880001,37.256874,68881200
2023-09-18,37.619999,38.389999,37.509998,37.990002,37.365067,29322200
2023-09-19,38.040001,38.099998,36.020000,36.340000,35.742210,53288100
2023-09-20,36.220001,36.250000,34.630001,34.689999,34.119350,57660800
2023-09-21,34.570000,35.250000,34.459999,34.650002,34.080013,45240600
2023-09-22,34.810001,34.889999,34.139999,34.180000,33.617741,29232700
2023-09-25,34.000000,34.369999,33.770000,34.290001,33.725933,21729400
2023-09-26,34.139999,34.779999,33.639999,33.830002,33.273499,34198300
2023-09-27,33.919998,34.830002,33.880001,34.610001,34.040668,44369100
2023-09-28,34.650002,35.660000,34.380001,35.180000,34.601288,32265300
2023-09-29,35.650002,35.910000,35.160000,35.549999,34.965206,28763700
2023-10-02,35.610001,35.980000,34.980000,35.459999,34.876686,26086200
2023-10-03,35.270000,36.540001,35.270000,35.689999,35.102898,45292600
2023-10-04,36.520000,36.520000,35.330002,35.930000,35.338951,39842200
2023-10-05,35.970001,36.099998,35.599998,35.889999,35.299606,25771200
2023-10-06,35.869999,36.459999,35.180000,36.189999,35.594677,33262200
2023-10-09,35.700001,36.169998,35.500000,36.060001,35.466816,19376100
2023-10-10,36.139999,36.740002,35.810001,36.430000,35.830730,24044100
2023-10-11,36.619999,37.029999,36.380001,36.880001,36.273323,19262600
2023-10-12,36.799999,37.220001,36.389999,36.840000,36.233986,23639200
2023-10-13,36.740002,36.790001,35.860001,35.970001,35.378296,28390100
2023-10-16,36.139999,36.939999,36.080002,36.560001,35.958591,29555800
2023-10-17,35.919998,36.349998,35.070000,36.060001,35.466816,24993600
2023-10-18,35.520000,36.020000,35.450001,35.639999,35.053719,22086000
2023-10-19,35.959999,36.360001,35.520000,35.669998,35.083229,29201800
2023-10-20,35.650002,36.279999,34.869999,34.919998,34.345570,32303300
2023-10-23,34.599998,35.189999,33.389999,33.849998,33.293171,53924700
2023-10-24,33.639999,34.709999,33.639999,34.590000,34.020996,52673900
2023-10-25,34.180000,34.450001,32.549999,32.830002,32.289948,44658500
2023-10-26,32.889999,33.220001,32.150002,32.520000,31.985048,59142500
2023-10-27,34.660000,36.380001,34.599998,35.540001,34.955368,84128200
2023-10-30,35.470001,35.959999,34.919998,35.689999,35.102898,36656300
2023-10-31,35.660000,36.570000,35.619999,36.500000,35.899574,41185200
2023-11-01,36.500000,37.320000,36.279999,37.290001,36.676582,41710700
2023-11-02,37.580002,37.820000,36.910000,37.700001,37.079838,35440000
2023-11-03,38.000000,38.320000,37.669998,38.139999,37.512600,30502700
2023-11-06,38.020000,38.200001,37.849998,37.950001,37.448463,23877200
2023-11-07,38.240002,38.900002,37.980000,38.770000,38.257622,32052000
2023-11-08,38.849998,38.889999,37.750000,37.919998,37.418854,33483400
2023-11-09,38.049999,38.520000,37.770000,37.799999,37.300442,48955800
2023-11-10,38.240002,38.990002,38.240002,38.860001,38.346432,38862500
2023-11-13,38.349998,38.570000,38.139999,38.230000,37.724758,24558300
2023-11-14,38.799999,39.490002,38.070000,39.410000,38.889168,45457400
2023-11-15,39.590000,40.840000,39.580002,40.610001,40.073307,47392100
2023-11-16,41.000000,43.400002,40.820000,43.349998,42.777088,86405700
2023-11-17,42.910000,43.810001,42.560001,43.810001,43.231018,49735000
2023-11-20,43.779999,44.930000,43.779999,44.740002,44.148727,44564900
2023-11-21,44.500000,44.660000,43.299999,43.639999,43.063263,37252100
2023-11-22,44.029999,44.630001,43.540001,43.669998,43.092861,31481200
2023-11-24,43.680000,44.000000,43.610001,43.959999,43.379028,13037100
2023-11-27,43.650002,44.549999,43.650002,44.080002,43.497448,33339900
2023-11-28,43.689999,44.380001,43.660000,44.230000,43.645462,24548900
2023-11-29,44.599998,45.340000,44.599998,44.939999,44.346077,38982000
2023-11-30,44.650002,45.090000,44.410000,44.700001,44.109253,46263000
2023-12-01,44.360001,44.360001,42.860001,43.740002,43.161942,43928400
2023-12-04,43.299999,43.310001,41.689999,42.349998,41.790306,50417600
2023-12-05,41.910000,42.290001,41.610001,41.919998,41.365990,31859300
2023-12-06,42.480000,42.590000,41.169998,41.270000,40.724583,31992300
2023-12-07,41.750000,42.439999,41.180000,42.150002,41.592957,29118700
2023-12-08,41.840000,42.959999,41.810001,42.700001,42.135685,42815000
2023-12-11,43.160000,44.730000,43.080002,44.540001,43.951366,48288200
2023-12-12,44.360001,44.439999,43.630001,44.040001,43.457977,31452200
2023-12-13,44.080002,44.720001,43.330002,44.570000,43.980968,35216100
2023-12-14,45.009998,47.070000,44.650002,45.180000,44.582909,70620800
2023-12-15,45.939999,47.270000,45.669998,46.160000,45.549953,84583400
2023-12-18,46.150002,46.230000,45.400002,45.689999,45.086170,27895700
2023-12-19,45.599998,46.680000,45.509998,46.660000,46.043346,35358800
2023-12-20,46.639999,46.950001,45.700001,45.759998,45.155243,38159100
2023-12-21,46.480000,47.119999,46.020000,47.080002,46.457802,28320500
2023-12-22,47.250000,48.160000,47.200001,48.000000,47.365639,30095700
2023-12-26,48.919998,50.520000,48.709999,50.500000,49.832600,60287400
2023-12-27,50.630001,51.279999,50.189999,50.759998,50.089161,52148000
2023-12-28,50.810001,50.869999,50.160000,50.389999,49.724052,27705200
2023-12-29,50.299999,50.570000,49.770000,50.250000,49.585903,29288700
2024-01-02,49.200001,49.380001,47.450001,47.799999,47.168282,45905700
2024-01-03,47.099998,47.810001,46.799999,47.049999,46.428196,35858400
2024-01-04,45.720001,47.160000,45.240002,46.869999,46.250572,47797800
2024-01-05,47.029999,47.830002,46.639999,46.889999,46.270306,34344000
2024-01-08,47.070000,48.759998,46.970001,48.450001,47.809696,42135100
2024-01-09,48.009998,48.560001,47.799999,48.049999,47.414978,30097000
2024-01-10,48.240002,48.299999,46.939999,47.470001,46.842644,31480200
2024-01-11,47.439999,47.840000,46.730000,47.639999,47.010399,31707900
2024-01-12,47.599998,47.669998,46.610001,47.119999,46.497265,27587900
2024-01-16,46.980000,47.220001,46.380001,47.060001,46.438061,43720700
2024-01-17,46.419998,46.419998,45.650002,46.060001,45.451279,33488000
2024-01-18,47.029999,47.570000,46.169998,46.740002,46.122292,46681300
2024-01-19,47.000000,48.759998,46.439999,48.150002,47.513660,55979800
2024-01-22,48.849998,49.169998,47.639999,48.220001,47.582733,45639500
2024-01-23,48.119999,48.939999,47.320000,48.889999,48.243877,37224100
2024-01-24,49.169998,49.770000,48.270000,49.090000,48.441231,49375800
2024-01-25,50.000000,50.299999,48.970001,49.549999,48.895157,84845100
2024-01-26,44.180000,45.410000,43.349998,43.650002,43.073128,127665300
2024-01-29,43.709999,43.990002,42.810001,43.840000,43.260616,51790900
2024-01-30,43.669998,43.820000,42.889999,42.919998,42.352772,47958800
2024-01-31,42.570000,43.790001,42.360001,43.080002,42.510666,51584200
2024-02-01,43.150002,43.570000,42.490002,43.360001,42.786964,38819900
2024-02-02,43.000000,43.139999,41.599998,42.599998,42.037003,53683500
2024-02-05,42.619999,43.150002,42.430000,42.770000,42.204758,28890300
2024-02-06,42.700001,42.779999,42.139999,42.740002,42.298779,34068200
2024-02-07,42.889999,43.099998,42.549999,42.779999,42.338364,34269200
2024-02-08,42.720001,42.970001,42.330002,42.500000,42.061256,33206500
2024-02-09,42.549999,43.520000,42.400002,43.310001,42.862896,51193000
2024-02-12,43.389999,45.040001,43.320000,44.029999,43.575459,51107300
2024-02-13,43.000000,43.630001,42.759998,43.160000,42.714443,36622200
2024-02-14,43.820000,44.290001,43.389999,44.189999,43.733807,36186200
2024-02-15,44.759998,45.270000,44.020000,44.049999,43.595253,44024500
2024-02-16,44.029999,44.220001,43.119999,43.509998,43.060829,29975300
2024-02-20,44.259998,45.169998,43.419998,44.520000,44.060402,61514100
2024-02-21,44.480000,44.689999,43.080002,43.470001,43.021240,57485200
2024-02-22,44.680000,44.680000,42.529999,42.980000,42.536301,62809300
2024-02-23,43.130001,43.509998,42.660000,42.990002,42.546196,33810700
2024-02-26,43.500000,43.680000,42.820000,42.990002,42.546196,27035400
2024-02-27,43.250000,43.270000,42.509998,42.730000,42.288879,25126400
2024-02-28,42.439999,42.450001,41.910000,41.990002,41.556522,26928500
2024-02-29,42.369999,43.150002,42.360001,43.049999,42.605576,48875100
2024-03-01,43.410000,44.270000,43.130001,43.820000,43.367626,41426100
2024-03-04,44.270000,46.610001,43.849998,45.610001,45.139149,59990800
2024-03-05,44.560001,44.869999,42.689999,43.160000,42.714443,56655100
2024-03-06,43.930000,45.509998,43.560001,44.509998,44.050503,52652000
2024-03-07,45.549999,46.419998,45.180000,46.150002,45.673576,50378200
2024-03-08,46.439999,46.630001,44.000000,44.000000,43.545769,54916600
2024-03-11,43.869999,44.930000,43.660000,44.860001,44.396893,35051000
2024-03-12,45.060001,45.270000,44.459999,45.240002,44.772968,31795800
2024-03-13,44.509998,44.980000,43.200001,43.230000,42.783718,53195900
2024-03-14,43.230000,43.349998,42.509998,42.750000,42.308674,38100000
2024-03-15,42.450001,43.150002,42.349998,42.639999,42.199806,66952900
2024-03-18,43.090000,43.380001,42.599998,42.709999,42.269085,27668300
2024-03-19,42.250000,42.290001,41.439999,42.049999,41.615898,34673000
2024-03-20,42.990002,43.009998,41.410000,42.200001,41.764355,74865000
2024-03-21,42.990002,43.599998,42.320000,42.419998,41.982082,50807600
2024-03-22,42.250000,42.799999,42.090000,42.570000,42.130535,28503100
2024-03-25,40.889999,42.220001,40.570000,41.830002,41.398174,47276500
2024-03-26,41.950001,42.270000,41.660000,41.990002,41.556522,39109700
2024-03-27,42.540001,43.830002,42.500000,43.770000,43.318146,51017800
2024-03-28,43.759998,44.599998,43.709999,44.169998,43.714012,54204200
2024-04-01,44.290001,45.410000,44.180000,44.520000,44.060402,31712600
2024-04-02,43.930000,44.080002,43.500000,43.939999,43.486389,32748400
2024-04-03,41.400002,41.650002,40.220001,40.330002,39.913658,83718000
2024-04-04,40.590000,40.779999,39.700001,39.730000,39.319851,57307200
2024-04-05,39.349998,39.459999,38.509998,38.709999,38.310379,67263000
2024-04-08,38.639999,38.860001,37.910000,37.980000,37.587917,56967800
2024-04-09,38.049999,38.580002,37.330002,38.330002,37.934307,78671700
2024-04-10,38.020000,38.220001,37.020000,37.200001,36.815968,51108400
2024-04-11,37.430000,37.669998,37.080002,37.630001,37.241531,41909100
2024-04-12,36.689999,36.700001,35.599998,35.689999,35.321556,80254800
2024-04-15,36.040001,36.700001,35.889999,36.310001,35.935158,50751600
2024-04-16,36.270000,36.509998,35.759998,36.259998,35.885670,30607500
2024-04-17,36.099998,36.130001,35.369999,35.680000,35.311661,41173300
2024-04-18,35.419998,35.660000,34.770000,35.040001,34.678268,42334400
2024-04-19,35.130001,35.130001,34.180000,34.200001,33.846943,59070300
2024-04-22,34.419998,34.570000,34.080002,34.410000,34.054771,39909900
2024-04-23,34.340000,34.599998,34.180000,34.279999,33.926113,46834000
2024-04-24,34.860001,35.180000,34.340000,34.500000,34.143841,53261100
2024-04-25,34.560001,35.299999,34.500000,35.110001,34.747543,66549400
2024-04-26,31.780001,32.240002,30.639999,31.879999,31.550890,119742500
2024-04-29,31.860001,31.910000,31.070000,31.360001,31.036257,58533300
2024-04-30,31.040001,31.180000,30.420000,30.469999,30.155445,72346400
2024-05-01,30.170000,31.040001,30.020000,30.370001,30.056479,60654800
2024-05-02,30.590000,30.670000,30.190001,30.510000,30.195032,50899400
2024-05-03,30.980000,31.059999,30.700001,30.900000,30.581007,36794800
2024-05-06,31.120001,31.200001,30.730000,30.969999,30.774776,36185600
2024-05-07,31.090000,31.450001,30.610001,30.680000,30.486605,44683400
2024-05-08,30.000000,30.150000,29.730000,30.000000,29.810892,63734600
2024-05-09,29.930000,30.389999,29.809999,30.090000,29.900324,45003400
2024-05-10,30.330000,30.459999,29.840000,29.850000,29.661839,42931300
2024-05-13,30.030001,31.129999,30.000000,30.510000,30.317677,51459100
2024-05-14,30.620001,31.110001,30.610001,31.049999,30.854273,47759900
2024-05-15,31.379999,31.400000,30.809999,31.270000,31.072887,36992900
2024-05-16,31.629999,32.259998,31.520000,32.029999,31.828094,47752800
2024-05-17,32.060001,32.110001,31.590000,31.830000,31.629356,41449800
2024-05-20,31.850000,32.419998,31.760000,32.099998,31.897654,31989000
2024-05-21,31.980000,32.240002,31.620001,31.740000,31.539923,42975400
2024-05-22,31.910000,32.070000,31.100000,31.420000,31.221941,36706400
2024-05-23,31.450001,31.570000,29.870001,30.080000,29.890387,62014500
2024-05-24,30.290001,31.020000,30.129999,30.719999,30.526352,42434500
2024-05-28,30.940001,31.370001,30.660000,31.059999,30.864210,36799100
2024-05-29,30.469999,30.670000,30.110001,30.129999,29.940071,35848600
2024-05-30,30.209999,30.500000,30.059999,30.190001,29.999695,33351000
2024-05-31,30.219999,30.959999,29.940001,30.850000,30.655535,95797500
2024-06-03,31.030001,31.070000,30.049999,30.290001,30.099064,35544900
2024-06-04,30.750000,30.750000,29.940001,30.030001,29.840704,51027200
2024-06-05,30.270000,30.840000,30.010000,30.780001,30.585976,44161700
2024-06-06,30.549999,30.590000,30.160000,30.420000,30.228245,34248100
2024-06-07,30.250000,30.780001,30.209999,30.740000,30.546227,34085500
2024-06-10,30.549999,30.950001,30.290001,30.910000,30.715155,37396500
2024-06-11,30.770000,31.030001,30.530001,30.920000,30.725092,25326900
2024-06-12,31.459999,31.480000,30.389999,30.760000,30.566101,51323900
2024-06-13,30.379999,30.580000,30.139999,30.459999,30.267992,33787200
2024-06-14,30.290001,30.559999,30.209999,30.450001,30.258057,28125900
2024-06-17,30.340000,31.000000,30.180000,30.980000,30.784714,36235300
2024-06-18,30.990000,31.469999,30.500000,30.629999,30.436920,33294700
2024-06-20,30.559999,31.110001,30.450001,30.620001,30.426985,43826300
2024-06-21,30.850000,31.360001,30.670000,31.090000,30.894020,90795200
2024-06-24,31.139999,31.420000,30.530001,30.570000,30.377298,40611800
2024-06-25,30.700001,30.830000,30.290001,30.740000,30.546227,29323600
2024-06-26,30.639999,30.680000,30.270000,30.540001,30.347488,30743000
2024-06-27,30.420000,30.660000,30.290001,30.590000,30.397173,30184300
2024-06-28,30.750000,31.309999,30.719999,30.969999,30.774776,41467700
2024-07-01,30.910000,31.020000,30.610001,30.840000,30.645597,32401800
2024-07-02,30.860001,31.309999,30.590000,31.070000,30.874147,35999300
2024-07-03,31.120001,31.340000,30.910000,31.230000,31.033138,24065700
2024-07-05,31.400000,32.340000,31.309999,32.020000,31.818159,45309400
2024-07-08,33.029999,34.090000,32.820000,33.990002,33.775742,82315900
2024-07-09,35.020000,35.220001,33.720001,34.590000,34.371960,97546900
2024-07-10,34.439999,34.970001,34.130001,34.869999,34.650192,52256200
2024-07-11,35.029999,35.150002,33.310001,33.500000,33.288830,55213700
2024-07-12,33.770000,35.480000,33.770000,34.490002,34.272591,62792600
2024-07-15,34.700001,35.230000,34.310001,34.459999,34.242775,39847900
2024-07-16,34.360001,34.450001,33.840000,34.340000,34.123535,28409900
2024-07-17,36.080002,37.160000,34.400002,34.459999,34.242775,112304200
2024-07-18,34.959999,36.299999,34.529999,34.869999,34.650192,84188600
2024-07-19,34.570000,34.580002,32.849998,32.980000,32.772106,69628700
2024-07-22,33.279999,33.410000,32.759998,33.369999,33.159649,48503700
2024-07-23,32.959999,33.230000,32.830002,32.950001,32.742298,29466400
2024-07-24,32.529999,32.799999,31.660000,31.700001,31.500175,62216700
2024-07-25,31.370001,31.990000,30.950001,31.100000,30.903957,49774000
2024-07-26,31.430000,31.559999,31.020000,31.350000,31.152382,38352500
2024-07-29,31.420000,31.469999,30.790001,30.830000,30.635660,32342200
2024-07-30,30.850000,30.910000,30.010000,30.129999,29.940071,48256600
2024-07-31,30.540001,30.870001,30.280001,30.740000,30.546227,56110600
2024-08-01,30.430000,30.709999,28.889999,29.049999,28.866879,107672500
2024-08-02,21.940001,21.980000,20.420000,21.480000,21.344599,300895900
2024-08-05,20.200001,20.389999,19.290001,20.110001,19.983234,147385700
2024-08-06,20.320000,20.629999,19.750000,19.830000,19.705000,106670400
2024-08-07,19.920000,20.250000,18.950001,18.990000,18.990000,97972300
2024-08-08,19.100000,20.549999,18.840000,20.490000,20.490000,96836800
2024-08-09,20.080000,20.150000,19.500000,19.709999,19.709999,76394500
2024-08-12,19.870001,19.969999,19.000000,19.360001,19.360001,54677600
2024-08-13,19.480000,20.480000,19.469999,20.469999,20.469999,77511300
2024-08-14,20.490000,20.500000,19.790001,19.920000,19.920000,56758200
2024-08-15,20.320000,21.059999,20.230000,20.690001,20.690001,84814900
2024-08-16,20.530001,20.900000,20.410000,20.870001,20.870001,48582700
2024-08-19,20.889999,21.860001,20.840000,21.520000,21.520000,65956300
2024-08-20,21.209999,21.230000,20.820000,20.990000,20.990000,84161300
2024-08-21,21.070000,21.440001,21.070000,21.410000,21.410000,57028900
2024-08-22,21.389999,21.400000,20.040001,20.100000,20.100000,81444700
2024-08-23,20.320000,20.930000,20.260000,20.540001,20.540001,73398400
2024-08-26,20.530001,20.559999,19.950001,20.129999,20.129999,58534800
2024-08-27,20.129999,20.260000,19.840000,20.070000,20.070000,43862000
2024-08-28,19.980000,20.110001,19.510000,19.610001,19.610001,50144900
2024-08-29,19.760000,20.600000,19.750000,20.129999,20.129999,64529700
2024-08-30,21.250000,22.120001,21.000000,22.040001,22.040001,177785400
2024-09-03,21.540001,21.690001,19.990000,20.100000,20.100000,115305500
2024-09-04,19.760000,20.049999,19.280001,19.430000,19.430000,85871900
2024-09-05,19.280001,19.900000,19.240000,19.400000,19.400000,65388800
2024-09-06,19.440001,19.490000,18.639999,18.889999,18.889999,92686500
2024-09-09,19.000000,19.540001,18.950001,19.070000,19.070000,64244100
2024-09-10,19.030001,19.110001,18.510000,18.980000,18.980000,55621300
2024-09-11,19.010000,19.690001,18.520000,19.639999,19.639999,71403100
2024-09-12,19.430000,19.540001,19.040001,19.360001,19.360001,51520600
2024-09-13,19.490000,19.799999,19.490000,19.660000,19.660000,44236300
2024-09-16,20.030001,21.070000,19.760000,20.910000,20.910000,149337000
2024-09-17,21.709999,22.580000,21.240000,21.469999,21.469999,196249800
2024-09-18,21.360001,21.740000,20.719999,20.770000,20.770000,118727900
2024-09-19,21.280001,21.690001,21.030001,21.139999,21.139999,99829200
2024-09-20,20.889999,23.139999,20.350000,21.840000,21.840000,260377900
2024-09-23,22.430000,22.820000,22.030001,22.559999,22.559999,184439100
2024-09-24,22.530001,23.110001,22.290001,22.809999,22.809999,113082500
2024-09-25,22.799999,24.059999,22.730000,23.540001,23.540001,117013400
2024-09-26,24.280001,24.420000,23.250000,23.920000,23.920000,95416900
2024-09-27,24.160000,24.660000,23.700001,23.910000,23.910000,85883300
2024-09-30,23.740000,23.950001,23.090000,23.459999,23.459999,66308200
2024-10-01,23.459999,23.719999,22.260000,22.690001,22.690001,86344400
2024-10-02,22.670000,23.070000,22.350000,22.389999,22.389999,59033900
2024-10-03,22.139999,22.730000,21.650000,22.260000,22.260000,49565900
2024-10-04,22.700001,22.910000,22.299999,22.590000,22.590000,49845500
2024-10-07,22.400000,22.650000,22.020000,22.379999,22.379999,54928700
2024-10-08,22.250000,23.420000,22.049999,23.320000,23.320000,58650500
2024-10-09,23.250000,23.480000,23.059999,23.459999,23.459999,44759000
2024-10-10,23.190001,23.530001,22.959999,23.219999,23.219999,44874600
2024-10-11,23.049999,23.820000,22.980000,23.559999,23.559999,43585300
2024-10-14,23.580000,23.770000,23.270000,23.440001,23.440001,35403600
2024-10-15,23.410000,23.719999,22.469999,22.660000,22.660000,68900600
2024-10-16,22.379999,22.540001,21.740000,22.309999,22.309999,62151800
2024-10-17,22.719999,22.820000,22.400000,22.440001,22.440001,43807600
2024-10-18,22.610001,22.820000,22.500000,22.770000,22.770000,39971700
2024-10-21,22.610001,22.879999,22.250000,22.840000,22.840000,39727000
2024-10-22,22.730000,22.820000,22.170000,22.400000,22.400000,50160400
2024-10-23,22.299999,22.430000,21.580000,21.980000,21.980000,45799100
2024-10-24,22.090000,22.370001,21.969999,22.340000,22.340000,40554400
2024-10-25,22.420000,23.340000,22.410000,22.680000,22.680000,67503000
2024-10-28,22.670000,23.270000,22.559999,22.920000,22.920000,41915000
2024-10-29,22.870001,23.139999,22.410000,22.900000,22.900000,83422200
2024-10-30,22.420000,22.930000,22.260000,22.299999,22.299999,50941200
2024-10-31,22.150000,22.250000,21.469999,21.520000,21.520000,112485500
2024-11-01,23.000000,23.580000,21.910000,23.200001,23.200001,173471100
2024-11-04,22.959999,23.000000,22.000000,22.520000,22.520000,84616300
2024-11-05,22.580000,23.580000,22.400000,23.320000,23.320000,59153300
2024-11-06,24.299999,25.120001,24.049999,25.049999,25.049999,116760500
2024-11-07,25.430000,26.379999,25.190001,26.230000,26.230000,101489300
2024-11-08,26.000000,26.430000,25.830000,26.200001,26.200001,76428000
2024-11-11,25.959999,26.290001,24.830000,25.049999,25.049999,80185300
2024-11-12,24.660000,24.959999,23.889999,24.160000,24.160000,62539700
2024-11-13,24.059999,25.139999,24.020000,24.920000,24.920000,58202000
2024-11-14,25.120001,25.610001,24.930000,25.030001,25.030001,49252100
2024-11-15,24.809999,24.820000,24.230000,24.350000,24.350000,55104900
2024-11-18,24.330000,25.020000,24.160000,24.840000,24.840000,59589500
2024-11-19,24.500000,24.540001,24.100000,24.200001,24.200001,61190900
2024-11-20,24.070000,24.209999,23.549999,24.010000,24.010000,50191500
2024-11-21,24.080000,24.770000,23.830000,24.440001,24.440001,58928400
2024-11-22,24.350000,24.680000,24.139999,24.500000,24.500000,36784700
2024-11-25,25.040001,25.570000,24.760000,24.870001,24.870001,91128400
2024-11-26,24.950001,24.990000,23.809999,24.049999,24.049999,69613600
2024-11-27,23.830000,23.930000,23.059999,23.650000,23.650000,53992300
2024-11-29,23.719999,24.280001,23.600000,24.049999,24.049999,36616800
2024-12-02,24.840000,25.480000,23.440001,23.930000,23.930000,150497900
2024-12-03,23.680000,23.750000,22.440001,22.469999,22.469999,138160500
2024-12-04,22.530001,22.540001,21.809999,21.959999,21.959999,104649000
2024-12-05,22.040001,22.190001,20.660000,20.799999,20.799999,167993500
2024-12-06,20.950001,21.049999,20.660000,20.920000,20.920000,78539100
2024-12-09,20.920000,21.059999,20.730000,20.809999,20.809999,68818200
2024-12-10,20.830000,20.860001,19.959999,20.160000,20.160000,90004800
2024-12-11,20.139999,20.250000,19.870001,20.120001,20.120001,75209300
2024-12-12,20.020000,20.900000,19.920000,20.780001,20.780001,77695000
2024-12-13,20.600000,20.799999,20.250000,20.340000,20.340000,55104100
2024-12-16,20.170000,21.100000,20.000000,20.830000,20.830000,73832900
2024-12-17,20.639999,20.770000,20.290001,20.440001,20.440001,51767200
2024-12-18,20.480000,20.580000,19.209999,19.299999,19.299999,86041200
2024-12-19,19.530001,19.690001,19.030001,19.059999,19.059999,69117800
2024-12-20,18.969999,19.760000,18.900000,19.520000,19.520000,108453700
2024-12-23,19.580000,20.230000,19.520000,20.200001,20.200001,57988400
2024-12-24,20.219999,20.400000,19.959999,20.400000,20.400000,29884000
2024-12-26,20.230000,20.670000,20.080000,20.440001,20.440001,39846200
2024-12-27,20.209999,20.610001,20.090000,20.299999,20.299999,48260800
2024-12-30,20.010000,20.110001,19.730000,19.820000,19.820000,59608100
2024-12-31,19.990000,20.400000,19.879999,20.049999,20.049999,49846700
2025-01-02,20.230000,20.430000,20.000000,20.219999,20.219999,46438500
2025-01-03,20.389999,20.670000,20.059999,20.559999,20.559999,48983900
2025-01-06,20.830000,20.980000,19.780001,19.870001,19.870001,83271000
2025-01-07,20.020000,20.340000,19.900000,20.010000,20.010000,61726100
2025-01-08,19.830000,20.120001,19.709999,19.879999,19.879999,47897100
2025-01-10,19.660000,19.660000,18.910000,19.150000,19.150000,71244600
2025-01-13,18.920000,19.250000,18.730000,19.200001,19.200001,50669000
2025-01-14,19.360001,19.520000,18.820000,19.200001,19.200001,47147500
2025-01-15,19.400000,19.770000,19.170000,19.719999,19.719999,56306000
2025-01-16,19.750000,19.950001,19.400000,19.670000,19.670000,44898100
2025-01-17,21.260000,21.620001,20.790001,21.490000,21.490000,166483900
2025-01-21,22.030001,22.410000,21.750000,21.770000,21.770000,96262200
2025-01-22,21.730000,22.290001,21.570000,21.860001,21.860001,60972600
2025-01-23,21.690001,21.750000,21.350000,21.570000,21.570000,55778200
2025-01-24,21.360001,21.410000,20.750000,20.830000,20.830000,66300600
2025-01-27,20.809999,21.059999,20.139999,20.290001,20.290001,83582100
2025-01-28,20.340000,20.340000,19.740000,19.799999,19.799999,73411400
2025-01-29,19.870001,20.080000,19.660000,19.750000,19.750000,86506800
2025-01-30,19.719999,20.100000,19.430000,20.010000,20.010000,108167000
2025-01-31,20.100000,20.330000,19.379999,19.430000,19.430000,117081700
2025-02-03,18.969999,19.750000,18.780001,19.379999,19.379999,77523100
2025-02-04,19.100000,19.530001,19.020000,19.290001,19.290001,54098200
2025-02-05,19.190001,19.770000,18.910000,19.650000,19.650000,66059200
2025-02-06,19.510000,19.700001,19.219999,19.379999,19.379999,45553800
2025-02-07,19.350000,19.360001,19.030001,19.100000,19.100000,58277900
2025-02-10,19.250000,20.080000,19.240000,19.770000,19.770000,73007300
2025-02-11,19.870001,21.879999,19.860001,20.969999,20.969999,150960700
2025-02-12,21.980000,22.559999,20.930000,22.480000,22.480000,162631200
2025-02-13,22.840000,24.830000,22.790001,24.129999,24.129999,248661300
2025-02-14,24.360001,25.190001,22.860001,23.600000,23.600000,230254100
2025-02-18,24.600000,27.549999,24.490000,27.389999,27.389999,284292200
2025-02-19,25.980000,26.330000,25.459999,25.719999,25.719999,151881700
2025-02-20,25.559999,26.120001,24.480000,26.090000,26.090000,144939600
2025-02-21,25.959999,26.290001,24.840000,24.870001,24.870001,111630900
2025-02-24,24.549999,24.799999,23.620001,24.270000,24.270000,91358100
2025-02-25,24.209999,24.280001,22.770000,22.990000,22.990000,88886500
2025-02-26,23.250000,23.820000,23.209999,23.520000,23.520000,67449300
2025-02-27,23.700001,24.400000,23.070000,23.090000,23.090000,97871900
2025-02-28,23.020000,24.440001,22.639999,23.730000,23.730000,104133800
2025-03-03,25.000000,25.040001,22.520000,22.740000,22.740000,141348700
2025-03-04,22.540001,22.629999,20.760000,21.330000,21.330000,152182200
2025-03-05,21.330000,21.360001,20.180000,20.809999,20.809999,127219300
2025-03-06,20.260000,21.129999,20.000000,20.750000,20.750000,96466400
2025-03-07,20.270000,21.200001,20.110001,20.639999,20.639999,81099600
2025-03-10,20.240000,20.510000,19.650000,19.930000,19.930000,82760600
2025-03-11,19.969999,20.059999,19.290001,19.780001,19.780001,80789000
2025-03-12,20.790001,21.170000,20.209999,20.680000,20.680000,128671100
2025-03-13,23.500000,24.530001,23.129999,23.700001,23.700001,243261000
2025-03-14,23.680000,24.370001,23.520000,24.049999,24.049999,116901600
2025-03-17,24.420000,26.150000,24.370001,25.690001,25.690001,160723600
2025-03-18,25.549999,26.410000,25.389999,25.920000,25.920000,132488800
2025-03-19,24.900000,25.230000,24.030001,24.120001,24.120001,135491400
2025-03-20,23.770000,24.309999,23.730000,23.959999,23.959999,68937600
2025-03-21,23.600000,24.700001,23.490000,24.260000,24.260000,94110700
2025-03-24,24.719999,24.990000,24.129999,24.219999,24.219999,69169000
2025-03-25,24.180000,24.750000,24.110001,24.200001,24.200001,51743300
2025-03-26,24.250000,24.420000,23.250000,23.420000,23.420000,59496700
2025-03-27,23.290001,23.760000,22.860001,23.620001,23.620001,57720600
2025-03-28,23.350000,23.580000,22.559999,22.709999,22.709999,58365300
2025-03-31,22.379999,22.750000,21.750000,22.709999,22.709999,65832000
2025-04-01,22.559999,22.620001,21.660000,22.049999,22.049999,64060400
2025-04-02,21.889999,22.379999,21.700001,21.980000,21.980000,58878800
2025-04-03,21.400000,23.900000,20.860001,22.430000,22.430000,242972100
2025-04-04,21.700001,22.200001,19.700001,19.850000,19.850000,175014700
2025-04-07,19.139999,20.670000,18.559999,19.570000,19.570000,142491200
2025-04-08,20.059999,20.389999,17.670000,18.129999,18.129999,163982700
2025-04-09,18.070000,21.730000,17.980000,21.530001,21.530001,224183500
2025-04-10,20.680000,20.820000,19.160000,19.879999,19.879999,129064900
2025-04-11,19.250000,19.799999,18.180000,19.740000,19.740000,128425800
2025-04-14,20.590000,21.049999,19.980000,20.309999,20.309999,101964400
2025-04-15,20.200001,20.469999,19.809999,19.850000,19.850000,64056900
2025-04-16,19.340000,19.430000,18.719999,19.230000,19.230000,89469700
2025-04-17,18.910000,19.100000,18.559999,18.930000,18.930000,85646700
2025-04-21,18.930000,18.990000,18.250000,18.840000,18.840000,72409900
2025-04-22,19.059999,19.740000,19.040001,19.510000,19.510000,83365600
2025-04-23,20.719999,21.030001,20.309999,20.590000,20.590000,97188100
2025-04-24,21.040001,21.549999,20.879999,21.490000,21.490000,117086200
2025-04-25,19.730000,20.180000,19.340000,20.049999,20.049999,147711200
2025-04-28,20.120001,21.080000,20.049999,20.510000,20.510000,96624400
2025-04-29,20.309999,20.850000,20.219999,20.340000,20.340000,70031900
2025-04-30,19.709999,20.180000,19.549999,20.100000,20.100000,68297300
2025-05-01,20.219999,20.650000,19.940001,19.980000,19.980000,72607500
2025-05-02,20.260000,20.780001,20.209999,20.620001,20.620001,63298500
2025-05-05,20.389999,20.580000,20.240000,20.270000,20.270000,44237000
2025-05-06,19.920000,20.120001,19.770000,19.940001,19.940001,51330800
2025-05-07,19.969999,20.370001,19.820000,20.309999,20.309999,61002600
2025-05-08,21.010000,21.240000,20.639999,21.000000,21.000000,71651700
2025-05-09,21.200001,21.450001,20.830000,21.420000,21.420000,51768600
2025-05-12,22.180000,22.670000,21.879999,22.180000,22.180000,94578700
2025-05-13,22.360001,22.879999,22.299999,22.559999,22.559999,76850400
2025-05-14,22.350000,22.459999,21.459999,21.520000,21.520000,91584800
2025-05-15,21.230000,21.629999,21.190001,21.549999,21.549999,66705500
2025-05-16,21.530001,21.760000,21.350000,21.660000,21.660000,55795100
2025-05-19,21.180000,21.559999,21.049999,21.379999,21.379999,64279100
2025-05-20,21.330000,21.410000,21.120001,21.270000,21.270000,48497400
2025-05-21,21.190001,21.629999,20.590000,20.690001,20.690001,62904700
2025-05-22,20.730000,20.900000,20.510000,20.549999,20.549999,56077500
2025-05-23,20.160000,20.270000,19.940001,20.049999,20.049999,68206100
2025-05-27,20.440001,20.670000,20.180000,20.549999,20.549999,69504600
2025-05-28,20.570000,20.639999,20.330000,20.370001,20.370001,46096500
2025-05-29,20.540001,20.600000,20.100000,20.250000,20.250000,66372200
2025-05-30,20.260000,20.260000,19.309999,19.549999,19.549999,114281900
2025-06-02,19.480000,19.820000,19.370001,19.740000,19.740000,67885500
2025-06-03,19.750000,20.410000,19.400000,20.290001,20.290001,80401900
2025-06-04,20.340000,20.500000,20.010000,20.250000,20.250000,71166500
2025-06-05,20.270000,20.549999,19.850000,19.990000,19.990000,72458400
2025-06-06,20.170000,20.440001,20.030001,20.059999,20.059999,70072800
2025-06-09,20.219999,20.959999,20.219999,20.480000,20.480000,92893900
2025-06-10,20.500000,22.440001,20.280001,22.080000,22.080000,171457000
2025-06-11,21.780001,21.830000,20.379999,20.680000,20.680000,146784500
2025-06-12,20.500000,20.980000,20.410000,20.770000,20.770000,78175900
2025-06-13,20.330000,20.600000,20.100000,20.139999,20.139999,87655900
2025-06-16,20.410000,20.930000,20.299999,20.740000,20.740000,86745100
2025-06-17,20.629999,21.480000,20.620001,20.799999,20.799999,87512200
2025-06-18,20.809999,21.600000,20.660000,21.490000,21.490000,94200600
2025-06-20,21.700001,21.889999,20.879999,21.080000,21.080000,133472800
2025-06-23,21.070000,21.580000,20.730000,21.190001,21.190001,81461000
2025-06-24,21.340000,22.690001,21.330000,22.549999,22.549999,130368700
2025-06-25,22.580000,22.770000,22.129999,22.200001,22.200001,64975100
2025-06-26,22.400000,22.620001,22.209999,22.500000,22.500000,63229300
2025-06-27,22.709999,23.379999,22.420000,22.690001,22.690001,95542400
2025-06-30,22.969999,22.969999,22.270000,22.400000,22.400000,77102400
2025-07-01,22.330000,23.160000,22.280001,22.850000,22.850000,79094900
2025-07-02,22.530001,22.770000,21.520000,21.879999,21.879999,138245300
2025-07-03,22.150000,22.629999,21.990000,22.490000,22.490000,61176000
2025-07-07,22.209999,22.389999,21.860001,22.000000,22.000000,80725200
2025-07-08,22.180000,23.790001,22.129999,23.590000,23.590000,119545500
2025-07-09,23.290001,23.530001,23.129999,23.440001,23.440001,70247700
2025-07-10,23.629999,24.040001,23.480000,23.820000,23.820000,54599800
2025-07-11,23.559999,23.660000,23.160000,23.430000,23.430000,49367900
2025-07-14,23.240000,23.400000,22.879999,23.299999,23.299999,48420500
2025-07-15,23.570000,23.780001,22.900000,22.920000,22.920000,66099400
2025-07-16,22.990000,23.129999,22.250000,22.690001,22.690001,58865900
2025-07-17,22.660000,23.049999,22.590000,22.799999,22.799999,49384000
2025-07-18,23.219999,23.590000,22.900000,23.100000,23.100000,60195600
2025-07-21,23.400000,23.830000,23.160000,23.260000,23.260000,61658000
2025-07-22,23.340000,23.540001,23.080000,23.240000,23.240000,53969800
2025-07-23,23.260000,23.620001,22.920000,23.490000,23.490000,68711700
2025-07-24,23.490000,23.580000,22.600000,22.629999,22.629999,131963300
2025-07-25,20.680000,21.049999,20.360001,20.700001,20.700001,245077700
2025-07-28,20.820000,21.290001,20.650000,20.680000,20.680000,86105600
2025-07-29,20.690001,20.850000,20.340000,20.410000,20.410000,100831500
2025-07-30,20.430000,20.620001,20.080000,20.340000,20.340000,67420300
2025-07-31,20.170000,20.230000,19.660000,19.799999,19.799999,90665200
2025-08-01,19.500000,19.549999,18.969999,19.309999,19.309999,86496100
2025-08-04,19.520000,19.590000,19.350000,19.500000,19.500000,69249400
2025-08-05,19.700001,20.540001,19.680000,20.190001,20.190001,97338200
2025-08-06,20.120001,20.480000,19.870001,20.410000,20.410000,67074200
2025-08-07,20.000000,20.440001,19.600000,19.770000,19.770000,131382800
2025-08-08,20.000000,20.020000,19.610001,19.950001,19.950001,75415000
2025-08-11,20.450001,21.600000,20.440001,20.650000,20.650000,175545600
2025-08-12,21.200001,21.860001,20.760000,21.809999,21.809999,134153600
2025-08-13,21.620001,22.299999,21.360001,22.219999,22.219999,86024400
2025-08-14,21.990000,24.200001,21.900000,23.860001,23.860001,188052500
2025-08-15,25.010000,25.650000,24.110001,24.559999,24.559999,310161100
2025-08-18,24.000000,24.900000,23.209999,23.660000,23.660000,212515600
2025-08-19,24.940001,26.530001,24.940001,25.309999,25.309999,297659200
2025-08-20,24.900000,24.930000,23.330000,23.540001,23.540001,161149400
2025-08-21,23.530001,23.570000,22.780001,23.500000,23.500000,97718300
2025-08-22,23.650000,25.230000,23.650000,24.799999,24.799999,200266800
2025-08-25,25.500000,25.879999,24.440001,24.549999,24.549999,156825600
2025-08-26,24.580000,24.740000,24.100000,24.350000,24.350000,78558200
2025-08-27,24.190001,24.990000,24.049999,24.850000,24.850000,90934400
2025-08-28,24.959999,25.139999,24.610001,24.930000,24.930000,60035100
2025-08-29,24.760000,24.969999,24.280001,24.350000,24.350000,63734400
2025-09-02,23.879999,24.240000,23.680000,24.209999,24.209999,57661800
2025-09-03,24.090000,24.090000,23.719999,24.000000,24.000000,47822900
2025-09-04,23.850000,24.639999,23.750000,24.610001,24.610001,59056500
2025-09-05,24.600000,24.709999,24.170000,24.490000,24.490000,55975300
2025-09-08,24.480000,24.740000,24.120001,24.480000,24.480000,51122100
2025-09-09,24.530001,24.809999,24.270000,24.440001,24.440001,42146200
2025-09-10,24.420000,24.870001,24.280001,24.770000,24.770000,61600700
2025-09-11,24.760000,24.930000,24.570000,24.610001,24.610001,55536900
2025-09-12,24.610001,24.629999,24.049999,24.080000,24.080000,52672800
2025-09-15,24.330000,25.459999,24.219999,24.770000,24.770000,83951600
2025-09-16,24.820000,25.340000,24.690001,25.270000,25.270000,60336600
2025-09-17,25.080000,25.260000,24.450001,24.900000,24.900000,63093700
2025-09-18,31.780001,32.380001,30.160000,30.570000,30.570000,523908000
2025-09-19,30.379999,30.629999,29.330000,29.580000,29.580000,225702900
2025-09-22,29.670000,30.100000,28.730000,28.760000,28.760000,130314500
2025-09-23,28.990000,30.200001,28.820000,29.340000,29.340000,126317900
2025-09-24,29.379999,31.700001,29.230000,31.219999,31.219999,164458500
2025-09-25,31.610001,34.250000,31.209999,33.990002,33.990002,295709300
2025-09-26,35.020000,36.299999,34.490002,35.500000,35.500000,268583300
2025-09-29,34.520000,35.049999,33.730000,34.480000,34.480000,152605900
2025-09-30,33.930000,34.240002,33.020000,33.549999,33.549999,124818400
2025-10-01,33.529999,36.060001,33.500000,35.939999,35.939999,162649700
2025-10-02,35.759998,37.570000,35.439999,37.299999,37.299999,149361700
2025-10-03,37.950001,38.080002,36.450001,36.830002,36.830002,125359300
2025-10-06,37.189999,38.680000,36.430000,36.590000,36.590000,112086100
2025-10-07,36.639999,38.049999,36.349998,37.169998,37.169998,111140200
2025-10-08,36.549999,37.790001,35.910000,37.430000,37.430000,103202100
2025-10-09,37.529999,38.099998,36.860001,37.799999,37.799999,89884700
2025-10-10,38.459999,39.650002,36.299999,36.369999,36.369999,183063300
2025-10-13,36.439999,37.509998,36.279999,37.220001,37.220001,104020700
2025-10-14,36.000000,36.549999,34.689999,35.630001,35.630001,117908300
2025-10-15,36.400002,37.490002,35.639999,37.150002,37.150002,99242700
2025-10-16,37.150002,38.020000,36.410000,36.840000,36.840000,83357800
2025-10-17,36.360001,38.380001,36.080002,37.009998,37.009998,119394700
2025-10-20,37.570000,38.520000,37.560001,38.099998,38.099998,80230200
2025-10-21,38.139999,38.349998,37.669998,38.119999,38.119999,73134900
2025-10-22,37.840000,37.930000,36.040001,36.919998,36.919998,87099900
2025-10-23,36.599998,38.400002,36.430000,38.160000,38.160000,121974200
2025-10-24,40.020000,41.119999,37.830002,38.279999,38.279999,246380000
2025-10-27,38.389999,40.669998,38.230000,39.540001,39.540001,160007600
2025-10-28,39.590000,42.480000,39.540001,41.529999,41.529999,181256400
2025-10-29,41.599998,42.040001,40.919998,41.340000,41.340000,106962900
2025-10-30,40.970001,41.430000,40.110001,40.160000,40.160000,84855500
2025-10-31,40.680000,40.830002,39.790001,39.990002,39.990002,80471400
2025-11-03,40.250000,40.450001,39.049999,39.500000,39.500000,61267500
2025-11-04,38.139999,38.250000,36.630001,37.029999,37.029999,102250300
2025-11-05,37.419998,38.689999,37.110001,38.380001,38.380001,74631600
2025-11-06,38.340000,39.840000,36.799999,37.240002,37.240002,77629900
2025-11-07,37.259998,38.270000,36.970001,38.130001,38.130001,95521400
2025-11-10,38.930000,39.529999,37.970001,38.450001,38.450001,77820300
2025-11-11,38.150002,38.220001,37.490002,37.880001,37.880001,53741900
2025-11-12,38.060001,38.200001,37.349998,37.889999,37.889999,53876000
2025-11-13,37.270000,37.310001,35.450001,35.910000,35.910000,95593200
2025-11-14,35.029999,36.099998,34.619999,35.520000,35.520000,71716200
2025-11-17,35.450001,35.730000,34.230000,34.709999,34.709999,72580100
2025-11-18,34.250000,34.759998,33.570000,34.330002,34.330002,61504800
2025-11-19,34.330002,35.750000,34.250000,35.110001,35.110001,67115500
2025-11-20,36.000000,36.680000,33.480000,33.619999,33.619999,96389100
2025-11-21,33.509998,34.980000,32.889999,34.500000,34.500000,105641700
2025-11-24,34.970001,36.160000,34.689999,35.790001,35.790001,103804200
2025-11-25,35.549999,36.130001,34.680000,35.830002,35.830002,62203300
2025-11-26,36.200001,37.240002,36.130001,36.810001,36.810001,54563400
2025-11-28,37.400002,40.590000,37.340000,40.560001,40.560001,95799500
2025-12-01,39.860001,40.380001,39.599998,40.009998,40.009998,74534900
2025-12-02,40.470001,43.680000,40.049999,43.470001,43.470001,167205800
2025-12-03,43.389999,44.020000,42.509998,43.759998,43.759998,91957200
2025-12-04,43.259998,43.279999,40.139999,40.500000,40.500000,107850200
2025-12-05,41.160000,42.830002,41.150002,41.410000,41.410000,103042000
2025-12-08,41.939999,42.119999,39.700001,40.299999,40.299999,93953600
2025-12-09,40.730000,41.259998,40.029999,40.500000,40.500000,61877200
2025-12-10,40.110001,40.990002,38.889999,40.779999,40.779999,75974900
2025-12-11,40.070000,40.189999,39.080002,39.509998,39.509998,59096800
2025-12-12,39.250000,40.029999,37.619999,37.810001,37.810001,87784500
2025-12-15,38.330002,38.480000,37.320000,37.509998,37.509998,60898500
2025-12-16,37.580002,37.959999,36.919998,37.310001,37.310001,50490300
2025-12-17,37.590000,37.840000,35.970001,36.049999,36.049999,54792000
2025-12-18,37.380001,37.490002,35.669998,36.279999,36.279999,69468400
2025-12-19,36.480000,37.580002,36.439999,36.820000,36.820000,163221300
2025-12-22,37.889999,37.900002,36.290001,36.369999,36.369999,51685400
2025-12-23,36.240002,36.799999,36.029999,36.349998,36.349998,35958000
2025-12-24,35.169998,36.180000,34.950001,36.160000,36.160000,37443800
2025-12-26,36.169998,36.490002,35.849998,36.200001,36.200001,28779400
2025-12-29,36.009998,36.799999,35.820000,36.680000,36.680000,38062300
2025-12-30,36.910000,38.259998,36.820000,37.299999,37.299999,61935300