Date,Open,High,Low,Close,Adj Close,Volume
2020-01-02,145.869995,146.020004,145.080002,145.970001,121.936935,5777000
2020-01-03,143.500000,145.369995,143.000000,144.279999,120.525192,5752400
2020-01-06,144.000000,144.199997,142.850006,144.100006,120.374840,7731300
2020-01-07,144.009995,145.449997,141.380005,144.979996,121.109962,7382900
2020-01-08,144.869995,145.979996,143.699997,144.960007,121.093239,6605800
2020-01-09,145.759995,146.029999,144.990005,145.389999,121.452454,6112700
2020-01-10,145.750000,146.179993,144.899994,145.059998,121.176781,5042600
2020-01-13,145.479996,145.789993,144.720001,145.699997,121.711388,4593200
2020-01-14,145.050003,146.610001,144.729996,146.520004,122.396400,7037500
2020-01-15,146.399994,147.399994,146.240005,147.009995,122.805725,4960300
2020-01-16,147.419998,148.839996,146.199997,148.199997,123.799782,6476000
2020-01-17,148.410004,149.410004,147.929993,149.169998,124.610069,9083600
2020-01-21,148.580002,150.169998,148.500000,149.270004,124.693634,9543900
2020-01-22,146.699997,149.179993,146.000000,148.250000,123.841606,10305300
2020-01-23,148.039993,148.770004,146.759995,148.529999,124.075439,8671900
2020-01-24,148.580002,148.949997,147.929993,148.320007,123.900017,9051900
2020-01-27,147.520004,149.460007,147.000000,148.750000,124.259262,7587100
2020-01-28,148.460007,150.570007,148.149994,149.500000,124.885773,7336600
2020-01-29,149.449997,151.190002,149.130005,150.539993,125.754555,6288600
2020-01-30,150.029999,150.509995,149.050003,150.360001,125.604179,6470600
2020-01-31,149.750000,150.000000,148.639999,148.869995,124.359459,8651700
2020-02-03,149.419998,150.490005,149.240005,150.169998,125.445442,5765200
2020-02-04,151.490005,152.750000,151.199997,151.600006,126.639999,6541400
2020-02-05,151.720001,154.020004,151.309998,153.990005,128.636505,5979900
2020-02-06,154.250000,154.500000,152.740005,153.529999,128.252258,6201200
2020-02-07,153.339996,153.460007,151.550003,151.889999,126.882256,5700300
2020-02-10,151.679993,151.910004,150.889999,151.860001,126.857246,4835600
2020-02-11,152.289993,152.380005,151.539993,151.990005,126.965813,3715300
2020-02-12,151.869995,152.149994,150.919998,151.089996,126.213974,5166800
2020-02-13,150.160004,151.039993,149.880005,150.089996,125.378593,5480200
2020-02-14,150.559998,150.639999,149.149994,150.130005,125.412025,5716300
2020-02-18,150.470001,150.740005,149.059998,149.139999,124.585045,7230700
2020-02-19,149.210007,149.759995,148.580002,148.940002,124.417976,6115200
2020-02-20,148.610001,149.380005,147.399994,148.369995,123.941788,7464700
2020-02-21,148.089996,150.240005,147.539993,149.929993,125.244957,7776800
2020-02-24,146.500000,149.000000,145.250000,145.910004,122.664093,10588900
2020-02-25,145.990005,146.750000,143.830002,144.649994,121.604774,10529000
2020-02-26,145.350006,146.220001,143.589996,143.679993,120.789337,10093800
2020-02-27,142.559998,144.770004,138.949997,139.119995,116.955833,12566700
2020-02-28,135.360001,137.289993,130.820007,134.479996,113.055038,19820300
2020-03-02,134.779999,140.130005,134.009995,140.020004,117.712456,11508200
2020-03-03,140.000000,140.990005,133.100006,135.589996,113.988228,13662500
2020-03-04,137.679993,143.639999,137.139999,143.479996,120.621216,10560500
2020-03-05,140.800003,142.679993,139.839996,142.009995,119.385376,11339200
2020-03-06,138.479996,143.009995,137.410004,142.029999,119.402229,12239100
2020-03-09,136.330002,139.679993,134.899994,136.440002,114.702797,13848600
2020-03-10,139.970001,141.949997,134.229996,141.639999,119.074379,12698100
2020-03-11,138.089996,138.750000,131.500000,131.800003,110.802048,17763400
2020-03-12,127.309998,133.759995,124.500000,125.410004,105.430069,21539200
2020-03-13,129.320007,134.919998,124.650002,134.289993,112.895325,20084200
2020-03-16,123.570000,133.759995,122.430000,127.129997,106.876038,18877900
2020-03-17,128.550003,136.770004,127.809998,136.589996,114.828896,18911800
2020-03-18,131.020004,135.669998,128.710007,134.960007,113.458626,17521100
2020-03-19,134.990005,134.990005,126.150002,127.050003,106.808800,18482300
2020-03-20,126.830002,127.440002,118.129997,119.889999,100.789497,19785100
2020-03-23,117.000000,118.559998,109.160004,111.139999,93.433517,20815200
2020-03-24,118.760002,119.650002,113.860001,119.180000,100.192612,17604800
2020-03-25,118.910004,123.959999,116.699997,119.400002,100.377571,13986100
2020-03-26,120.570000,127.099998,120.379997,126.570000,106.405251,15066800
2020-03-27,121.650002,127.620003,120.580002,123.160004,103.538528,12133200
2020-03-30,128.460007,133.990005,127.500000,133.009995,111.819260,21754000
2020-03-31,134.990005,135.710007,130.050003,131.130005,110.238777,15746100
2020-04-01,127.699997,130.229996,125.500000,128.809998,108.288368,12606100
2020-04-02,129.119995,134.000000,127.220001,133.149994,111.936958,11594500
2020-04-03,132.380005,134.789993,131.580002,134.169998,112.794449,10071200
2020-04-06,137.009995,140.970001,135.539993,139.759995,117.493866,14994400
2020-04-07,139.860001,142.029999,137.259995,137.479996,115.577110,11567100
2020-04-08,137.750000,144.130005,137.300003,143.259995,120.436256,10758200
2020-04-09,144.009995,145.419998,140.279999,141.229996,118.729713,11125400
2020-04-13,140.000000,141.490005,137.839996,139.770004,117.502266,8153200
2020-04-14,145.419998,147.419998,144.050003,146.029999,122.764931,13838000
2020-04-15,145.550003,147.910004,143.539993,147.660004,124.135262,11962300
2020-04-16,148.309998,150.679993,146.440002,149.669998,125.825043,12181700
2020-04-17,151.990005,152.300003,149.600006,152.020004,127.800636,10920000
2020-04-20,150.929993,153.000000,150.089996,151.669998,127.506424,12226200
2020-04-21,150.119995,151.639999,148.570007,149.679993,125.833427,9951100
2020-04-22,152.809998,155.000000,151.729996,152.990005,128.616104,11515600
2020-04-23,154.250000,157.000000,153.699997,155.509995,130.734619,10665000
2020-04-24,155.570007,156.300003,153.639999,154.860001,130.188187,8653400
2020-04-27,154.809998,156.050003,154.000000,154.289993,129.708984,8924000
2020-04-28,151.250000,153.100006,150.699997,151.389999,127.271027,8558700
2020-04-29,151.380005,151.630005,149.160004,150.240005,126.304222,9285200
2020-04-30,148.460007,150.429993,147.160004,150.039993,126.136093,14829600
2020-05-01,149.619995,149.669998,146.789993,148.289993,124.664856,7309000
2020-05-04,148.770004,149.080002,147.089996,148.270004,124.648087,7198400
2020-05-05,149.000000,150.779999,148.639999,149.500000,125.682129,6562300
2020-05-06,150.000000,150.320007,148.039993,148.080002,124.488365,6191600
2020-05-07,149.369995,149.529999,147.130005,147.589996,124.076424,5570500
2020-05-08,148.919998,149.179993,147.889999,148.699997,125.009529,4712100
2020-05-11,148.449997,150.100006,148.119995,149.110001,125.354294,5887500
2020-05-12,150.100006,150.339996,147.029999,147.139999,123.698097,7039200
2020-05-13,146.080002,148.949997,146.009995,147.130005,123.689720,6970500
2020-05-14,145.389999,147.759995,144.259995,147.639999,124.118431,6871400
2020-05-15,147.869995,150.479996,145.660004,150.440002,126.472366,10340400
2020-05-18,152.490005,153.619995,150.460007,150.520004,126.539635,7388400
2020-05-19,150.100006,151.100006,148.399994,149.020004,125.278618,6107300
2020-05-20,149.750000,150.389999,147.270004,147.679993,124.152069,5713400
2020-05-21,148.500000,148.500000,145.820007,146.710007,123.336655,6487300
2020-05-22,144.570007,146.289993,144.059998,144.369995,122.210754,6140900
2020-05-26,146.190002,146.440002,144.300003,144.559998,122.371590,7072300
2020-05-27,144.320007,145.250000,143.009995,144.889999,122.650940,7950000
2020-05-28,146.020004,148.110001,145.809998,146.970001,124.411682,6189600
2020-05-29,147.960007,149.350006,145.330002,148.750000,125.918480,8504000
2020-06-01,147.289993,148.339996,146.009995,147.190002,124.597923,6141800
2020-06-02,147.059998,148.350006,146.119995,148.250000,125.495247,6078300
2020-06-03,148.520004,149.139999,146.449997,148.649994,125.833817,6339500
2020-06-04,146.800003,148.369995,145.580002,146.729996,124.208511,8170500
2020-06-05,147.690002,149.639999,146.600006,147.300003,124.691032,9725400
2020-06-08,145.880005,147.610001,145.740005,146.770004,124.242371,7555600
2020-06-09,148.250000,149.330002,145.649994,145.960007,123.556717,8247200
2020-06-10,146.600006,150.029999,146.600006,147.800003,125.114304,10137100
2020-06-11,148.580002,149.169998,140.750000,140.869995,119.247971,11913300
2020-06-12,142.839996,143.710007,140.279999,142.149994,120.331528,8687400
2020-06-15,141.000000,142.399994,139.389999,141.250000,119.569641,8649600
2020-06-16,144.089996,145.419998,142.770004,144.460007,122.286934,7579100
2020-06-17,144.899994,145.419998,143.470001,144.020004,121.914467,5100100
2020-06-18,142.520004,144.119995,141.869995,143.410004,121.398132,4797400
2020-06-19,145.789993,145.880005,143.250000,143.830002,121.753670,12206900
2020-06-22,143.470001,143.660004,142.029999,143.389999,121.381165,5285600
2020-06-23,143.740005,144.080002,142.679993,142.860001,120.932533,5921600
2020-06-24,141.490005,142.190002,138.720001,139.820007,118.359138,8211200
2020-06-25,140.570007,140.570007,137.539993,139.669998,118.232185,7421200
2020-06-26,139.529999,139.600006,137.020004,137.809998,116.657623,12849700
2020-06-29,138.740005,139.699997,137.979996,139.039993,117.698860,5309800
2020-06-30,139.399994,141.020004,137.839996,140.630005,119.044800,7738300
2020-07-01,140.690002,141.389999,140.059998,140.380005,118.833176,6174800
2020-07-02,141.250000,141.839996,140.330002,140.970001,119.332603,5152200
2020-07-06,142.169998,143.770004,141.880005,142.979996,121.034111,6156400
2020-07-07,141.389999,143.970001,141.229996,142.850006,120.924057,5622600
2020-07-08,142.869995,143.389999,141.699997,143.270004,121.279602,6257400
2020-07-09,142.759995,144.429993,140.580002,142.490005,120.619331,5738600
2020-07-10,142.750000,142.869995,141.429993,142.369995,120.517746,4282400
2020-07-13,143.610001,146.639999,143.279999,145.210007,122.921799,6951900
2020-07-14,145.320007,148.389999,145.259995,147.919998,125.215858,7447100
2020-07-15,149.729996,150.210007,148.229996,148.259995,125.503693,8512800
2020-07-16,148.679993,149.339996,146.679993,149.250000,126.341774,9304700
2020-07-17,150.000000,150.580002,148.690002,149.350006,126.426384,7441100
2020-07-20,150.229996,150.320007,148.429993,149.600006,126.638023,6191500
2020-07-21,149.600006,151.669998,149.500000,149.740005,126.756561,5575900
2020-07-22,149.929993,150.410004,147.850006,150.009995,126.985100,5910200
2020-07-23,150.210007,150.850006,149.279999,149.610001,126.646469,6566300
2020-07-24,150.500000,150.600006,147.029999,148.119995,125.385147,5405900
2020-07-27,147.369995,148.919998,146.860001,147.179993,124.589439,5675200
2020-07-28,147.399994,147.990005,146.750000,146.830002,124.293175,4842200
2020-07-29,146.389999,147.470001,146.070007,146.539993,124.047676,4489100
2020-07-30,147.440002,147.500000,146.139999,146.839996,124.301651,5922500
2020-07-31,146.660004,147.449997,143.960007,145.759995,123.387367,8259600
2020-08-03,146.389999,147.789993,146.149994,147.350006,124.733368,4078700
2020-08-04,146.990005,147.220001,145.820007,147.220001,124.623329,4162200
2020-08-05,149.100006,149.309998,147.800003,148.399994,125.622215,5467500
2020-08-06,148.399994,149.250000,146.500000,147.550003,124.902687,4837900
2020-08-07,147.509995,148.649994,147.149994,148.600006,125.791496,3635100
2020-08-10,148.860001,149.009995,147.720001,148.029999,125.308990,4096600
2020-08-11,149.139999,149.229996,146.369995,146.970001,124.411682,6388400
2020-08-12,147.539993,150.240005,147.490005,149.660004,126.688820,5257300
2020-08-13,148.539993,149.190002,147.529999,148.000000,125.283562,5155500
2020-08-14,147.610001,149.339996,147.580002,148.240005,125.486740,4240200
2020-08-17,148.320007,150.229996,148.229996,148.990005,126.121613,4306900
2020-08-18,149.259995,150.100006,148.570007,150.089996,127.052773,4322600
2020-08-19,149.580002,151.580002,149.320007,150.389999,127.306740,7816300
2020-08-20,149.750000,151.580002,149.550003,151.419998,128.178650,4874700
2020-08-21,151.779999,153.649994,150.589996,152.759995,129.312973,6722800
2020-08-24,152.740005,152.899994,150.350006,152.149994,129.653824,5387900
2020-08-25,152.779999,153.070007,151.539993,152.059998,129.577179,3863500
2020-08-26,151.860001,152.649994,150.639999,152.300003,129.781677,8008300
2020-08-27,152.419998,153.259995,151.889999,152.979996,130.361160,5575400
2020-08-28,152.740005,153.699997,151.899994,153.639999,130.923508,5395700
2020-08-31,153.000000,154.399994,152.259995,153.410004,130.727585,6362700
2020-09-01,153.869995,154.080002,150.070007,151.520004,129.116959,6307700
2020-09-02,150.789993,154.330002,149.250000,153.830002,131.085464,6881900
2020-09-03,154.830002,155.470001,148.300003,149.550003,127.438309,8672800
2020-09-04,150.169998,150.949997,147.130005,148.589996,126.620209,7200100
2020-09-08,150.250000,150.889999,146.899994,147.259995,125.486839,8756800
2020-09-09,148.149994,151.100006,148.119995,149.699997,127.566048,6960700
2020-09-10,149.250000,149.779999,146.520004,146.910004,125.188606,6191800
2020-09-11,147.050003,148.529999,146.630005,147.779999,125.929962,3934700
2020-09-14,148.119995,149.470001,148.009995,148.350006,126.415703,4375800
2020-09-15,149.449997,150.589996,148.520004,148.889999,126.875885,3658800
2020-09-16,149.389999,150.059998,148.350006,148.399994,126.458282,4323000
2020-09-17,148.039993,148.630005,146.050003,147.169998,125.410141,5461400
2020-09-18,146.509995,149.649994,146.199997,149.179993,127.122986,12174000
2020-09-21,147.580002,147.929993,142.960007,145.100006,123.646233,7574500
2020-09-22,144.690002,145.350006,143.720001,144.210007,122.887810,5295900
2020-09-23,147.479996,147.550003,144.380005,144.440002,123.083817,8784400
2020-09-24,144.559998,145.250000,143.339996,144.669998,123.279800,5614800
2020-09-25,144.000000,146.250000,143.889999,145.660004,124.123405,5531200
2020-09-28,146.729996,148.289993,146.419998,147.110001,125.359039,5843200
2020-09-29,147.600006,147.919998,146.059998,147.059998,125.316437,6768600
2020-09-30,147.449997,149.729996,146.839996,148.880005,126.867317,8487700
2020-10-01,149.309998,149.649994,146.460007,147.320007,125.537964,6457800
2020-10-02,146.210007,148.410004,145.830002,146.240005,124.617706,5485600
2020-10-05,147.000000,148.380005,146.419998,148.229996,126.313431,4992800
2020-10-06,148.279999,148.610001,145.869995,146.259995,124.634689,5118200
2020-10-07,146.490005,148.229996,145.809998,147.880005,126.015160,5603100
2020-10-08,148.500000,149.850006,148.039993,148.889999,126.875885,4413500
2020-10-09,149.649994,151.479996,149.449997,150.970001,128.648315,5054100
2020-10-12,151.600006,153.139999,151.020004,151.839996,129.389664,7273200
2020-10-13,149.000000,150.119995,147.770004,148.360001,126.424225,11057600
2020-10-14,148.820007,149.029999,147.389999,148.100006,126.202660,7706400
2020-10-15,147.479996,147.899994,146.330002,147.190002,125.427208,5978600
2020-10-16,147.600006,148.759995,147.009995,148.100006,126.202660,6097000
2020-10-19,148.529999,148.899994,144.130005,144.320007,122.981560,7250800
2020-10-20,144.660004,145.750000,144.119995,144.550003,123.177551,5325400
2020-10-21,144.119995,145.339996,143.910004,143.929993,122.649193,5221300
2020-10-22,144.160004,145.690002,143.839996,145.080002,123.629173,5279700
2020-10-23,145.880005,147.470001,144.350006,145.240005,123.765518,4154400
2020-10-26,144.429993,144.770004,142.750000,143.970001,122.683304,6929500
2020-10-27,143.740005,144.289993,142.919998,143.149994,121.984520,4890100
2020-10-28,141.429993,141.979996,138.179993,138.360001,117.902779,8426100
2020-10-29,138.000000,138.699997,136.050003,137.190002,116.905769,7205400
2020-10-30,136.679993,137.539993,133.649994,137.110001,116.837578,7364100
2020-11-02,138.979996,139.009995,137.490005,138.690002,118.183968,7088000
2020-11-03,140.020004,140.960007,137.779999,138.500000,118.022064,6363000
2020-11-04,139.490005,142.539993,138.699997,139.399994,118.788986,10263500
2020-11-05,140.550003,141.830002,139.259995,139.759995,119.095764,8016200
2020-11-06,140.399994,143.190002,139.649994,142.250000,121.217606,5942500
2020-11-09,148.429993,148.990005,144.919998,146.080002,124.481339,12351600
2020-11-10,147.250000,148.750000,146.259995,148.279999,126.356018,7386500
2020-11-11,149.169998,149.199997,146.860001,147.800003,125.947006,6382400
2020-11-12,147.610001,148.649994,146.750000,148.300003,126.373085,4710300
2020-11-13,149.089996,150.410004,148.410004,149.899994,127.736526,5893500
2020-11-16,150.919998,151.300003,149.800003,150.850006,128.546082,6266400
2020-11-17,150.000000,150.630005,149.119995,149.350006,127.267853,7297700
2020-11-18,148.869995,149.759995,147.369995,147.369995,125.580582,6661000
2020-11-19,147.300003,147.460007,145.589996,147.139999,125.384598,7987700
2020-11-20,147.050003,147.940002,146.130005,146.360001,124.719910,6354900
2020-11-23,146.009995,146.009995,143.039993,143.869995,123.449997,7318300
2020-11-24,144.000000,144.759995,143.610001,143.869995,123.449997,11034800
2020-11-25,144.059998,144.169998,142.860001,143.679993,123.286957,7594600
2020-11-27,144.500000,144.660004,143.220001,144.000000,123.561554,3059000
2020-11-30,144.229996,144.860001,143.059998,144.679993,124.145012,15663200
2020-12-01,146.289993,149.130005,145.860001,147.449997,126.521889,9738200
2020-12-02,147.850006,149.710007,147.699997,148.139999,127.113945,7745500
2020-12-03,148.039993,149.580002,147.690002,149.000000,127.851868,7310500
2020-12-04,149.789993,150.309998,149.270004,150.270004,128.941620,6747100
2020-12-07,149.350006,149.910004,148.509995,148.970001,127.826141,6634700
2020-12-08,150.000000,152.139999,149.550003,151.550003,130.039917,8339800
2020-12-09,152.830002,153.500000,151.759995,153.100006,131.369949,8440100
2020-12-10,152.820007,152.979996,151.679993,152.250000,130.640564,7392900
2020-12-11,151.529999,153.410004,151.229996,152.949997,131.241211,5977400
2020-12-14,153.250000,153.479996,148.990005,149.070007,127.911957,8547300
2020-12-15,150.000000,150.750000,149.529999,150.570007,129.199020,7612600
2020-12-16,150.199997,150.919998,149.550003,149.669998,128.426758,8486100
2020-12-17,150.089996,153.889999,149.960007,153.619995,131.816147,9920300
2020-12-18,153.649994,155.100006,151.669998,154.509995,132.579803,17137200
2020-12-21,152.009995,153.410004,150.050003,153.020004,131.301315,7893400
2020-12-22,152.399994,153.899994,151.860001,152.720001,131.043884,4699500
2020-12-23,152.800003,153.600006,151.899994,151.940002,130.374603,4607300
2020-12-24,151.850006,153.039993,151.820007,152.470001,130.829346,2114900
2020-12-28,153.320007,153.869995,152.300003,153.190002,131.447174,3855500
2020-12-29,154.110001,154.929993,153.800003,154.139999,132.262314,5212000
2020-12-30,154.740005,156.380005,154.600006,156.050003,133.901245,5412800
2020-12-31,156.529999,157.660004,155.110001,157.380005,135.042465,5099900
2021-01-04,157.240005,157.380005,154.130005,156.500000,134.287384,11765900
2021-01-05,156.250000,158.759995,155.070007,158.339996,135.866226,9602300
2021-01-06,157.240005,160.229996,156.720001,159.830002,137.144699,8230100
2021-01-07,159.000000,161.029999,158.350006,160.369995,137.608047,7747200
2021-01-08,160.509995,161.100006,159.880005,160.039993,137.324905,8228900
2021-01-11,160.559998,161.320007,158.770004,159.369995,136.750031,7066200
2021-01-12,159.149994,159.660004,157.330002,158.130005,135.686035,6903200
2021-01-13,158.229996,158.460007,156.750000,157.889999,135.480087,6643100
2021-01-14,160.449997,161.949997,159.610001,160.649994,137.848328,10030800
2021-01-15,160.300003,161.410004,159.110001,160.300003,137.548004,7630800
2021-01-19,162.000000,163.039993,161.100006,162.779999,139.676010,9057600
2021-01-20,163.199997,164.139999,161.800003,162.380005,139.332779,6839900
2021-01-21,161.320007,162.479996,160.059998,161.729996,138.775040,6818000
2021-01-22,162.360001,165.160004,161.869995,163.550003,140.336716,8137000
2021-01-25,165.009995,166.089996,163.660004,165.979996,142.421875,9924400
2021-01-26,169.699997,173.649994,169.389999,170.479996,146.283142,14205700
2021-01-27,169.119995,170.919998,167.449997,167.880005,144.052185,14207300
2021-01-28,168.199997,170.860001,167.800003,169.160004,145.150497,8944400
2021-01-29,164.259995,166.000000,160.550003,163.130005,139.976334,22505900
2021-02-01,165.309998,165.309998,162.600006,162.710007,139.615921,9971400
2021-02-02,163.380005,163.660004,161.179993,161.250000,138.363220,11443300
2021-02-03,160.940002,161.520004,159.570007,160.500000,137.719635,8601900
2021-02-04,161.000000,162.089996,159.759995,161.990005,138.998169,7758100
2021-02-05,164.860001,165.440002,163.860001,164.449997,141.108978,9495300
2021-02-08,165.029999,165.919998,163.880005,164.919998,141.512283,6035300
2021-02-09,165.199997,166.589996,164.970001,166.270004,142.670700,5544200
2021-02-10,167.889999,167.940002,165.699997,166.809998,143.134018,5921300
2021-02-11,167.000000,167.380005,165.600006,166.059998,142.490448,4871300
2021-02-12,164.399994,166.850006,164.000000,166.580002,142.936661,4413100
2021-02-16,166.580002,167.050003,164.639999,165.070007,141.641022,5656100
2021-02-17,164.970001,166.089996,164.360001,165.660004,142.147263,6676700
2021-02-18,164.960007,166.160004,164.300003,165.740005,142.215881,5189100
2021-02-19,165.600006,165.960007,162.910004,162.979996,139.847641,8190900
2021-02-22,161.869995,162.539993,160.289993,161.869995,139.761292,6447100
2021-02-23,161.479996,163.190002,160.399994,160.440002,138.526627,7042800
2021-02-24,162.399994,164.389999,160.919998,162.589996,140.382904,10286100
2021-02-25,163.130005,163.699997,161.990005,162.759995,140.529724,9719700
2021-02-26,162.000000,162.410004,157.970001,158.460007,136.817062,14417500
2021-03-01,161.449997,161.529999,159.089996,159.320007,137.559586,10551400
2021-03-02,159.779999,160.779999,158.600006,159.020004,137.300583,7610900
2021-03-03,158.250000,158.899994,156.059998,156.220001,134.883011,8499600
2021-03-04,155.990005,156.100006,151.470001,153.070007,132.163254,11033200
2021-03-05,153.979996,156.690002,153.130005,156.100006,134.779373,8331600
2021-03-08,157.000000,159.330002,155.979996,157.399994,135.901794,6546700
2021-03-09,156.889999,160.750000,156.889999,157.699997,136.160843,7461300
2021-03-10,158.820007,159.899994,157.360001,159.149994,137.412796,6635600
2021-03-11,159.539993,160.630005,158.919998,159.139999,137.404190,6305600
2021-03-12,159.279999,160.309998,159.190002,159.600006,137.801331,5474800
2021-03-15,159.750000,160.660004,158.500000,160.419998,138.509323,5524100
2021-03-16,160.460007,161.679993,160.240005,161.369995,139.329590,6369100
2021-03-17,160.830002,161.729996,159.529999,160.770004,138.811508,6001400
2021-03-18,160.210007,161.490005,159.960007,160.470001,138.552521,4801800
2021-03-19,160.690002,161.500000,159.470001,160.039993,138.181229,14891500
2021-03-22,158.309998,160.649994,158.000000,160.500000,138.578400,7544100
2021-03-23,160.210007,161.199997,158.880005,160.350006,138.448944,7178300
2021-03-24,160.100006,162.479996,159.820007,161.910004,139.795837,6370100
2021-03-25,162.440002,162.449997,160.639999,161.970001,139.847641,6269800
2021-03-26,162.089996,165.100006,161.380005,164.929993,142.403351,7619200
2021-03-29,163.830002,167.029999,163.630005,166.039993,143.361740,8535100
2021-03-30,165.020004,165.660004,164.229996,165.009995,142.472443,7236300
2021-03-31,164.960007,165.389999,163.699997,164.350006,141.902557,8281500
2021-04-01,162.600006,163.839996,162.259995,162.830002,140.590210,7229700
2021-04-05,163.639999,164.750000,162.660004,163.429993,141.108246,7387100
2021-04-06,164.080002,164.520004,163.000000,163.389999,141.073685,5074200
2021-04-07,163.550003,164.279999,163.320007,163.610001,141.263641,4608000
2021-04-08,164.000000,164.110001,162.850006,162.970001,140.711075,5039400
2021-04-09,162.119995,162.929993,159.779999,161.250000,139.225983,8418300
2021-04-12,161.089996,162.080002,160.339996,161.639999,139.562698,5022800
2021-04-13,156.860001,159.929993,156.529999,159.479996,137.697739,18424100
2021-04-14,157.830002,160.110001,157.539993,159.919998,138.077621,7718300
2021-04-15,160.720001,162.389999,160.229996,160.389999,138.483429,7524600
2021-04-16,161.339996,162.509995,160.559998,162.240005,140.080765,9049400
2021-04-19,162.500000,163.110001,160.839996,162.690002,140.469315,8353500
2021-04-20,161.000000,167.789993,161.000000,166.479996,143.741653,14050700
2021-04-21,166.369995,166.910004,165.289993,166.589996,143.836594,6333200
2021-04-22,165.839996,166.279999,164.619995,165.179993,142.619217,7233000
2021-04-23,164.529999,166.059998,164.000000,165.520004,142.912796,6015300
2021-04-26,165.210007,165.410004,163.759995,164.119995,141.703979,6027800
2021-04-27,163.759995,163.910004,162.470001,163.179993,140.892349,6217700
2021-04-28,162.860001,163.199997,161.649994,161.979996,139.856277,7448000
2021-04-29,161.899994,164.259995,161.809998,164.199997,141.773071,6394300
2021-04-30,164.149994,164.330002,162.520004,162.729996,140.503830,9079100
2021-05-03,163.600006,165.320007,163.119995,165.210007,142.645111,6594100
2021-05-04,164.830002,167.850006,164.669998,167.770004,144.855484,10179500
2021-05-05,167.500000,168.399994,166.789993,167.070007,144.251083,7792300
2021-05-06,166.789993,167.889999,166.240005,167.740005,144.829559,5529900
2021-05-07,168.300003,169.179993,167.830002,168.500000,145.485764,5316200
2021-05-10,169.899994,171.529999,169.229996,170.270004,147.013992,8357500
2021-05-11,170.649994,170.869995,168.279999,168.880005,145.813843,8217900
2021-05-12,168.539993,169.800003,167.949997,168.199997,145.226700,6758300
2021-05-13,166.970001,170.699997,166.970001,169.960007,146.746353,8018600
2021-05-14,171.479996,171.610001,170.169998,170.220001,146.970840,5797700
2021-05-17,170.399994,171.889999,170.309998,170.389999,147.117630,5722600
2021-05-18,169.979996,171.369995,169.529999,170.449997,147.169403,5846000
2021-05-19,169.910004,170.160004,168.039993,170.080002,146.849960,5533800
2021-05-20,169.940002,171.589996,169.690002,171.070007,147.704727,4853200
2021-05-21,171.330002,172.740005,170.869995,170.960007,147.609741,6501800
2021-05-24,170.899994,171.350006,169.770004,170.550003,148.174454,5195100
2021-05-25,170.669998,171.029999,169.740005,170.080002,147.766144,7444700
2021-05-26,170.000000,170.080002,168.279999,169.070007,146.888672,5726400
2021-05-27,169.259995,170.169998,168.380005,168.809998,146.662766,8114700
2021-05-28,169.520004,171.009995,169.169998,169.250000,147.045029,6400800
2021-06-01,170.149994,170.199997,165.380005,165.529999,143.813065,10448400
2021-06-02,165.300003,166.729996,165.110001,166.199997,144.395157,6806000
2021-06-03,165.889999,167.149994,165.710007,166.039993,144.256149,5808800
2021-06-04,167.009995,167.570007,165.869995,165.970001,144.195343,6510300
2021-06-07,166.000000,166.320007,164.630005,164.839996,143.213577,5362800
2021-06-08,165.279999,165.660004,162.070007,163.389999,141.953873,7746800
2021-06-09,163.990005,165.779999,163.660004,165.589996,143.865219,5552600
2021-06-10,166.000000,167.580002,165.949997,167.080002,145.159729,6463100
2021-06-11,167.070007,167.080002,164.220001,164.960007,143.317841,7389900
2021-06-14,164.500000,165.460007,163.899994,165.369995,143.674057,4931300
2021-06-15,165.229996,165.860001,164.389999,164.490005,142.909500,5062900
2021-06-16,164.800003,165.750000,163.479996,164.429993,142.857407,6988500
2021-06-17,164.190002,165.699997,163.500000,165.220001,143.543762,5874700
2021-06-18,163.270004,164.190002,161.789993,161.979996,140.728790,12993000
2021-06-21,162.770004,164.259995,162.250000,163.839996,142.344772,6592300
2021-06-22,163.710007,164.039993,163.279999,163.619995,142.153671,5627800
2021-06-23,163.690002,163.690002,162.479996,162.630005,141.293564,4493400
2021-06-24,163.270004,164.199997,162.800003,163.369995,141.936462,4549200
2021-06-25,162.940002,164.779999,162.889999,164.210007,142.666260,10963800
2021-06-28,164.440002,165.070007,163.520004,164.020004,142.501175,5604000
2021-06-29,164.000000,164.639999,163.410004,164.029999,142.509903,3749500
2021-06-30,164.000000,164.970001,163.669998,164.740005,143.126724,6151700
2021-07-01,164.740005,166.009995,164.630005,165.960007,144.186661,6320200
2021-07-02,166.020004,169.300003,165.639999,168.979996,146.810471,9059900
2021-07-06,167.910004,168.860001,166.990005,167.970001,145.932938,6098500
2021-07-07,167.479996,169.500000,167.479996,169.410004,147.184067,6293500
2021-07-08,168.699997,169.460007,167.580002,169.080002,146.897293,5755500
2021-07-09,169.369995,170.369995,169.240005,169.750000,147.479446,6120900
2021-07-12,169.729996,171.179993,168.539993,169.479996,147.244812,7840500
2021-07-13,168.970001,169.759995,168.669998,169.270004,147.062378,4691200
2021-07-14,170.000000,170.830002,169.039993,170.419998,148.061539,6162900
2021-07-15,169.300003,169.899994,167.720001,168.369995,146.280472,6656900
2021-07-16,168.339996,169.089996,167.949997,168.100006,146.045914,5834900
2021-07-19,166.479996,168.190002,165.320007,166.880005,144.985992,8219700
2021-07-20,166.899994,170.809998,166.839996,168.449997,146.349976,9902800
2021-07-21,169.300003,169.690002,167.479996,169.490005,147.253525,7585200
2021-07-22,169.360001,171.070007,168.649994,169.979996,147.679245,5281900
2021-07-23,171.000000,172.179993,170.380005,171.789993,149.251770,5014900
2021-07-26,171.820007,172.139999,170.860001,171.869995,149.321304,4484900
2021-07-27,171.800003,172.720001,170.669998,172.660004,150.007675,7089300
2021-07-28,172.729996,173.380005,172.080002,172.179993,149.590607,5750700
2021-07-29,172.740005,173.339996,171.089996,172.179993,149.590607,4214100
2021-07-30,172.539993,172.979996,171.839996,172.199997,149.607986,5346400
2021-08-02,172.470001,172.839996,171.300003,172.270004,149.668823,3721500
2021-08-03,172.729996,174.500000,172.440002,174.389999,151.510681,6033000
2021-08-04,174.199997,174.589996,173.259995,173.360001,150.615799,4793100
2021-08-05,173.850006,173.850006,172.419998,173.690002,150.902496,4291000
2021-08-06,173.940002,173.940002,172.449997,173.110001,150.398590,4581100
2021-08-09,173.720001,174.250000,172.929993,173.710007,150.919922,3950200
2021-08-10,173.259995,174.110001,172.779999,173.770004,150.972015,3678300
2021-08-11,174.250000,174.470001,173.559998,173.800003,150.998077,4221300
2021-08-12,173.820007,175.289993,173.589996,175.199997,152.214417,4300400
2021-08-13,175.289993,176.289993,175.119995,176.250000,153.126663,5882100
2021-08-16,176.550003,177.889999,175.949997,177.839996,154.508057,4782800
2021-08-17,177.309998,179.509995,177.309998,179.470001,155.924240,6041900
2021-08-18,179.500000,179.500000,177.130005,177.190002,153.943314,7134100
2021-08-19,176.619995,179.330002,176.070007,178.570007,155.142303,5615000
2021-08-20,178.889999,179.919998,178.070007,179.440002,155.898163,5428700
2021-08-23,178.389999,178.929993,177.539993,177.610001,155.225159,6461700
2021-08-24,176.990005,177.210007,175.279999,175.389999,153.285004,5734800
2021-08-25,175.690002,175.899994,173.889999,174.229996,152.271149,5700300
2021-08-26,173.949997,174.720001,173.050003,173.300003,151.458344,5031600
2021-08-27,174.279999,174.279999,172.750000,172.929993,151.134979,7046100
2021-08-30,172.789993,174.279999,172.779999,173.660004,151.772995,3252700
2021-08-31,173.490005,174.490005,172.479996,173.130005,151.309799,7106800
2021-09-01,172.899994,173.740005,172.059998,173.740005,151.842911,5327400
2021-09-02,174.339996,175.190002,173.910004,174.929993,152.882919,4544300
2021-09-03,175.100006,175.220001,173.809998,175.039993,152.979080,4096900
2021-09-07,174.350006,175.029999,171.669998,172.320007,150.601929,6859900
2021-09-08,171.619995,172.979996,171.080002,171.899994,150.234818,4661700
2021-09-09,171.190002,171.479996,167.699997,168.070007,146.887543,7114600
2021-09-10,168.550003,169.089996,166.869995,166.970001,145.926163,6699300
2021-09-13,167.919998,168.119995,165.130005,165.800003,144.903610,6273500
2021-09-14,166.399994,166.539993,164.509995,164.800003,144.029648,5259600
2021-09-15,165.000000,165.960007,164.309998,165.419998,144.571503,7935300
2021-09-16,165.649994,166.460007,164.190002,165.220001,144.396744,5665400
2021-09-17,164.300003,164.910004,163.559998,164.750000,143.985947,13419800
2021-09-20,163.479996,165.169998,162.169998,163.809998,143.164444,7270800
2021-09-21,164.610001,165.979996,164.240005,164.529999,143.793732,6663600
2021-09-22,165.350006,165.949997,163.630005,163.929993,143.269302,5657100
2021-09-23,164.399994,165.770004,164.149994,164.860001,144.082108,4697900
2021-09-24,164.750000,165.649994,163.889999,164.360001,143.645126,4399300
2021-09-27,164.000000,164.360001,162.850006,163.169998,142.605072,5775500
2021-09-28,163.100006,163.910004,161.770004,162.809998,142.290451,7610400
2021-09-29,163.000000,164.660004,162.779999,164.020004,143.347977,5124100
2021-09-30,164.639999,165.399994,161.410004,161.500000,141.145599,6972300
2021-10-01,161.529999,161.899994,158.619995,160.470001,140.245407,8568300
2021-10-04,159.990005,161.000000,157.669998,159.220001,139.152954,8620700
2021-10-05,159.860001,161.110001,159.149994,159.580002,139.467575,5129000
2021-10-06,159.869995,159.949997,157.839996,159.910004,139.755951,7312600
2021-10-07,160.020004,162.610001,160.020004,161.339996,141.005753,5309200
2021-10-08,161.320007,161.610001,160.250000,160.929993,140.647400,4343200
2021-10-11,160.860001,161.850006,159.940002,160.250000,140.053131,4101600
2021-10-12,160.000000,160.179993,157.339996,157.690002,137.815781,6686400
2021-10-13,157.820007,160.080002,157.750000,159.199997,139.135452,6901100
2021-10-14,159.710007,161.139999,159.600006,160.110001,139.930771,4579200
2021-10-15,161.029999,161.809998,160.410004,161.300003,140.970764,6918400
2021-10-18,160.250000,160.889999,159.199997,160.119995,139.939499,7465500
2021-10-19,160.899994,165.149994,160.729996,163.869995,143.216873,10081300
2021-10-20,163.979996,164.750000,163.259995,163.779999,143.138199,6003200
2021-10-21,164.300003,164.389999,162.279999,163.399994,142.806091,4524100
2021-10-22,163.059998,164.059998,162.960007,163.720001,143.085800,4304300
2021-10-25,163.720001,164.309998,161.710007,164.080002,143.400452,6715400
2021-10-26,164.559998,166.029999,164.050003,165.750000,144.859924,6939100
2021-10-27,165.679993,165.759995,163.309998,163.740005,143.103241,7018800
2021-10-28,163.770004,165.199997,162.320007,162.850006,142.325455,6278800
2021-10-29,162.350006,163.250000,160.610001,162.880005,142.351669,8526800
2021-11-01,163.160004,163.979996,159.399994,163.020004,142.473984,5846400
2021-11-02,163.699997,166.979996,162.979996,165.589996,144.720123,8450600
2021-11-03,165.039993,165.770004,163.429993,165.059998,144.256927,6717800
2021-11-04,164.940002,164.990005,162.669998,164.600006,143.854904,8224400
2021-11-05,162.479996,164.600006,162.199997,163.429993,142.832336,6215900
2021-11-08,163.679993,164.169998,162.009995,162.869995,142.342911,5578800
2021-11-09,162.610001,163.589996,162.020004,162.509995,142.028290,6112800
2021-11-10,162.529999,164.839996,162.350006,164.270004,143.566467,6225100
2021-11-11,163.490005,163.809998,162.490005,163.059998,142.508957,4118800
2021-11-12,167.429993,167.619995,164.610001,165.009995,144.213211,18995200
2021-11-15,165.000000,165.460007,163.220001,163.520004,142.911011,7496200
2021-11-16,163.179993,164.350006,162.619995,162.669998,142.168091,7594700
2021-11-17,162.869995,163.860001,161.789993,163.279999,142.701248,5414500
2021-11-18,163.449997,164.470001,162.130005,162.399994,141.932114,6358700
2021-11-19,163.039993,163.190002,161.779999,162.889999,142.360397,7620700
2021-11-22,161.029999,162.639999,159.649994,159.699997,140.486633,7634500
2021-11-23,159.520004,161.000000,158.779999,160.690002,141.357529,7734000
2021-11-24,160.139999,160.619995,159.380005,160.240005,140.961685,5230900
2021-11-26,160.600006,161.160004,158.660004,159.199997,140.046799,8523100
2021-11-29,159.500000,160.419998,158.419998,159.750000,140.530670,9188500
2021-11-30,158.509995,159.000000,155.850006,155.929993,137.170197,14981700
2021-12-01,156.880005,160.080002,156.250000,158.080002,139.061554,9835800
2021-12-02,157.259995,159.289993,156.750000,157.089996,138.190689,11334700
2021-12-03,157.910004,159.669998,157.589996,159.380005,140.205170,8750500
2021-12-06,160.190002,163.520004,159.830002,162.940002,143.336838,9692000
2021-12-07,164.000000,164.270004,162.410004,163.360001,143.706329,8311300
2021-12-08,163.470001,164.570007,162.639999,164.339996,144.568420,6216400
2021-12-09,164.179993,165.979996,163.490005,165.899994,145.940735,8574200
2021-12-10,165.570007,166.690002,164.649994,165.490005,145.580048,6572200
2021-12-13,164.750000,169.199997,163.800003,168.449997,148.183945,11142300
2021-12-14,168.330002,170.970001,167.160004,170.289993,149.802582,10482400
2021-12-15,169.850006,171.300003,169.419998,171.139999,150.550308,8552200
2021-12-16,171.259995,173.509995,170.839996,173.009995,152.195313,8998600
2021-12-17,169.639999,170.779999,167.660004,168.229996,147.990417,16726200
2021-12-20,167.809998,168.509995,166.550003,167.750000,147.568176,7954500
2021-12-21,168.059998,168.100006,165.979996,167.210007,147.093109,7954200
2021-12-22,167.059998,168.169998,166.119995,167.929993,147.726486,4178200
2021-12-23,167.880005,168.949997,167.360001,168.250000,148.007980,3501500
2021-12-27,169.139999,169.850006,168.699997,169.669998,149.257187,3704800
2021-12-28,169.789993,170.639999,169.589996,170.350006,149.855392,3187000
2021-12-29,170.000000,171.990005,169.910004,171.550003,150.911026,3662000
2021-12-30,172.119995,172.880005,171.750000,172.309998,151.579559,4231800
2021-12-31,172.529999,172.679993,171.029999,171.070007,150.488770,4409500
2022-01-03,170.210007,171.600006,169.100006,171.539993,150.902191,6012200
2022-01-04,171.059998,172.289993,170.600006,171.080002,150.497543,6748400
2022-01-05,172.000000,173.470001,171.619995,172.220001,151.500351,7016100
2022-01-06,172.149994,172.500000,170.800003,171.630005,150.981400,7301600
2022-01-07,171.460007,174.300003,171.130005,173.949997,153.022247,6986000
2022-01-10,173.690002,173.690002,172.160004,173.089996,152.265671,7698400
2022-01-11,172.990005,173.389999,170.110001,171.250000,150.647079,8341100
2022-01-12,169.610001,170.080002,168.339996,169.789993,149.362717,8116200
2022-01-13,169.000000,170.419998,168.460007,168.759995,148.456650,6159400
2022-01-14,168.630005,168.649994,167.149994,167.839996,147.647354,5847700
2022-01-18,167.100006,167.720001,166.009995,167.100006,146.996384,7815600
2022-01-19,167.199997,168.720001,166.320007,166.580002,146.538925,5926500
2022-01-20,167.289993,167.860001,164.929993,165.250000,145.368927,6011300
2022-01-21,166.190002,167.990005,164.470001,164.869995,145.034622,10550300
2022-01-24,164.000000,164.169998,158.259995,162.970001,143.363220,14054600
2022-01-25,162.360001,168.410004,161.580002,167.630005,147.462601,14081200
2022-01-26,167.539993,169.220001,166.229996,168.380005,148.122375,9963200
2022-01-27,169.389999,171.910004,169.000000,170.589996,150.066483,9066700
2022-01-28,170.860001,171.839996,169.300003,171.789993,151.122131,9783100
2022-01-31,171.500000,172.619995,170.820007,172.289993,151.561951,8054800
2022-02-01,171.740005,171.979996,169.429993,170.880005,150.321594,8154700
2022-02-02,169.649994,172.990005,169.649994,172.770004,151.984238,7382800
2022-02-03,172.259995,173.619995,171.039993,172.759995,151.975403,6240400
2022-02-04,171.000000,172.979996,170.119995,171.630005,150.981400,6392200
2022-02-07,171.410004,171.740005,170.009995,171.059998,150.479965,6065700
2022-02-08,171.020004,172.050003,170.479996,171.509995,150.875793,6296100
2022-02-09,172.070007,172.240005,171.250000,171.490005,150.858200,5387500
2022-02-10,171.210007,171.220001,169.300003,169.419998,149.037247,10355300
2022-02-11,169.119995,170.149994,167.539993,167.710007,147.532944,13125300
2022-02-14,167.710007,167.970001,163.809998,165.600006,145.676849,8967600
2022-02-15,166.130005,168.100006,166.009995,167.309998,147.181122,6631400
2022-02-16,166.490005,167.839996,165.710007,167.210007,147.093109,8482400
2022-02-17,167.210007,167.449997,164.919998,166.190002,146.195862,6227600
2022-02-18,164.979996,165.360001,162.940002,163.360001,144.628830,6423200
2022-02-22,163.570007,163.740005,160.440002,161.139999,142.663345,6868900
2022-02-23,161.509995,162.639999,160.850006,161.220001,142.734177,8016900
2022-02-24,159.779999,160.130005,155.720001,158.139999,140.007355,12883400
2022-02-25,160.000000,166.990005,159.699997,166.000000,146.966064,11340400
2022-02-28,162.869995,165.179993,162.380005,164.570007,145.700073,9373500
2022-03-01,163.039993,164.750000,162.410004,164.000000,145.195419,8737800
2022-03-02,164.410004,167.630005,164.039993,166.039993,147.001495,6793300
2022-03-03,166.699997,169.339996,166.320007,168.479996,149.161728,7333700
2022-03-04,167.639999,169.860001,166.850006,169.479996,150.047058,6302500
2022-03-07,168.300003,173.119995,167.360001,172.210007,152.464035,11663400
2022-03-08,172.039993,173.119995,168.509995,168.720001,149.374207,11100300
2022-03-09,170.009995,170.229996,167.889999,169.360001,149.940811,7248200
2022-03-10,168.559998,170.149994,168.080002,169.660004,150.206436,6171400
2022-03-11,169.130005,171.460007,169.020004,169.350006,149.931961,5188000
2022-03-14,170.679993,174.119995,170.350006,171.690002,152.003647,7729500
2022-03-15,173.330002,176.520004,172.550003,176.139999,155.943420,10554400
2022-03-16,175.460007,176.949997,172.559998,174.520004,154.509155,9603300
2022-03-17,175.210007,176.839996,174.199997,176.800003,156.527740,7472100
2022-03-18,177.000000,177.000000,173.660004,174.839996,154.792496,13809500
2022-03-21,174.660004,177.160004,174.320007,175.830002,155.668945,7574900
2022-03-22,175.830002,176.369995,173.910004,175.000000,154.934158,8442100
2022-03-23,175.229996,175.539993,174.089996,174.339996,154.349777,5254200
2022-03-24,175.000000,175.539993,174.070007,175.240005,155.146591,5012300
2022-03-25,175.690002,177.699997,175.220001,176.919998,156.633972,4809500
2022-03-28,176.649994,178.179993,176.350006,177.830002,157.439636,5604200
2022-03-29,178.619995,179.399994,176.800003,177.740005,157.359955,5933400
2022-03-30,178.440002,179.860001,177.679993,179.589996,158.997818,6277600
2022-03-31,179.589996,180.210007,176.979996,177.229996,156.908447,11490400
2022-04-01,177.050003,178.429993,175.600006,178.190002,157.758347,6525600
2022-04-04,178.190002,178.190002,175.520004,176.470001,156.235580,6860600
2022-04-05,176.470001,179.649994,176.289993,177.610001,157.244858,7446100
2022-04-06,179.389999,182.600006,178.619995,182.229996,161.335114,10330900
2022-04-07,181.669998,182.949997,180.229996,181.759995,160.919022,7385200
2022-04-08,181.330002,183.190002,180.429993,182.119995,161.237732,7144500
2022-04-11,183.000000,184.199997,179.600006,179.839996,159.219162,5932000
2022-04-12,179.199997,180.809998,178.199997,179.899994,159.272293,5957500
2022-04-13,179.899994,180.839996,179.240005,180.660004,159.945175,5643100
2022-04-14,180.000000,181.399994,179.729996,179.899994,159.272293,6188200
2022-04-18,179.729996,180.389999,176.740005,177.660004,157.289154,6318700
2022-04-19,180.720001,185.940002,179.949997,183.080002,162.087646,14380800
2022-04-20,182.240005,184.320007,181.899994,183.889999,162.804779,8044900
2022-04-21,183.929993,184.869995,182.559998,183.360001,162.335556,6969200
2022-04-22,182.470001,183.149994,181.380005,181.539993,160.724228,8003600
2022-04-25,182.339996,186.690002,182.100006,186.009995,164.681686,11176500
2022-04-26,185.100006,186.570007,184.179993,184.679993,163.504181,10190000
2022-04-27,184.240005,184.820007,181.740005,182.100006,161.220047,11090100
2022-04-28,182.250000,184.500000,181.919998,183.460007,162.424088,9403900
2022-04-29,182.500000,182.550003,180.199997,180.460007,159.768051,8463100
2022-05-02,180.470001,181.410004,177.029999,178.639999,158.156754,7145400
2022-05-03,178.800003,180.630005,177.679993,178.289993,157.846909,5898700
2022-05-04,178.149994,180.500000,177.149994,180.199997,159.537857,5923000
2022-05-05,179.419998,179.710007,175.270004,176.759995,156.492310,7089200
2022-05-06,175.139999,176.869995,174.690002,176.369995,156.147049,6434000
2022-05-09,175.449997,178.559998,174.589996,177.330002,156.996979,7855200
2022-05-10,178.229996,179.179993,176.500000,177.089996,156.784485,8186700
2022-05-11,175.960007,178.320007,175.880005,176.130005,155.934586,6138900
2022-05-12,176.470001,177.949997,174.710007,177.869995,157.475067,6898600
2022-05-13,178.699997,178.889999,175.800003,176.850006,156.572021,7732200
2022-05-16,176.850006,179.130005,176.169998,178.080002,157.660980,5516700
2022-05-17,178.720001,179.699997,176.589996,178.820007,158.316132,5751100
2022-05-18,178.839996,179.369995,175.169998,175.500000,155.376785,8608800
2022-05-19,174.720001,174.800003,172.690002,173.940002,153.995651,6874500
2022-05-20,174.850006,177.160004,174.050003,176.979996,156.687103,7522100
2022-05-23,177.600006,179.929993,177.460007,179.440002,159.885880,7040800
2022-05-24,179.250000,181.740005,179.100006,181.399994,161.632294,6419800
2022-05-25,180.529999,181.550003,179.059998,179.619995,160.046265,6558900
2022-05-26,181.000000,181.000000,178.600006,179.460007,159.903702,6897600
2022-05-27,179.759995,181.160004,178.229996,181.089996,161.356049,5853600
2022-05-31,178.000000,180.169998,175.009995,179.529999,159.966080,16391400
2022-06-01,179.149994,179.830002,175.899994,177.710007,158.344406,5175400
2022-06-02,177.740005,177.809998,174.589996,177.149994,157.845398,8666500
2022-06-03,177.070007,178.669998,176.149994,176.419998,157.194977,4234200
2022-06-06,177.210007,178.500000,176.000000,176.399994,157.177200,5386500
2022-06-07,176.979996,179.300003,176.399994,178.339996,158.905792,5447800
2022-06-08,178.100006,179.449997,176.800003,177.279999,157.961304,4333100
2022-06-09,177.210007,178.649994,173.639999,173.710007,154.780289,5509600
2022-06-10,172.169998,173.970001,170.619995,172.550003,153.746704,6647300
2022-06-13,170.080002,172.250000,170.080002,170.809998,152.196320,7997000
2022-06-14,171.059998,171.110001,167.259995,168.190002,149.861847,7116800
2022-06-15,169.639999,171.440002,168.639999,169.990005,151.465668,7796100
2022-06-16,168.399994,170.210007,167.410004,170.080002,151.545868,7056700
2022-06-17,170.630005,172.199997,169.240005,169.460007,150.993423,12486600
2022-06-21,170.750000,173.860001,169.559998,173.009995,154.156555,8219700
2022-06-22,172.000000,177.919998,171.690002,175.740005,156.589066,10593100
2022-06-23,177.000000,179.820007,176.520004,179.660004,160.081909,10223500
2022-06-24,180.779999,182.529999,179.979996,182.289993,162.425308,9374400
2022-06-27,181.639999,183.350006,181.500000,182.119995,162.273834,5908600
2022-06-28,182.169998,182.970001,176.309998,176.940002,157.658340,9245700
2022-06-29,177.220001,178.300003,176.429993,176.990005,157.702866,7097900
2022-06-30,176.860001,178.289993,175.029999,177.509995,158.166199,10777200
2022-07-01,177.449997,179.720001,176.690002,179.520004,159.957138,5498400
2022-07-05,178.830002,179.130005,174.610001,178.139999,158.727570,5676400
2022-07-06,178.070007,179.440002,177.410004,178.300003,158.870102,5335600
2022-07-07,177.860001,179.119995,177.509995,178.500000,159.048325,5725800
2022-07-08,178.330002,179.990005,177.770004,178.279999,158.852310,3828300
2022-07-11,177.699997,179.020004,177.520004,178.350006,158.914688,3645200
2022-07-12,177.979996,178.449997,175.199997,175.850006,156.687103,4708800
2022-07-13,175.660004,176.330002,174.500000,175.440002,156.321777,5291700
2022-07-14,172.529999,176.009995,172.300003,175.679993,156.535583,5359600
2022-07-15,177.710007,178.509995,176.550003,178.229996,158.807724,5691100
2022-07-18,177.740005,178.190002,173.910004,174.229996,155.243652,7605700
2022-07-19,176.330002,176.750000,169.880005,171.690002,152.980423,13256400
2022-07-20,172.199997,172.550003,169.759995,170.710007,152.107193,7455800
2022-07-21,170.050003,171.389999,169.770004,171.309998,152.641861,5729200
2022-07-22,171.600006,172.490005,171.059998,172.119995,153.363586,4257000
2022-07-25,172.119995,172.979996,171.720001,172.460007,153.666504,4437300
2022-07-26,172.559998,174.979996,172.490005,173.679993,154.753555,4525500
2022-07-27,172.630005,174.100006,171.130005,173.199997,154.325851,4648500
2022-07-28,173.399994,176.089996,171.440002,174.199997,155.216888,5513000
2022-07-29,173.789993,174.850006,172.910004,174.520004,155.502045,6451400
2022-08-01,174.169998,175.160004,173.539993,173.910004,154.958496,5461400
2022-08-02,175.009995,175.490005,172.699997,172.919998,154.076416,5794200
2022-08-03,172.550003,175.259995,171.770004,174.589996,155.564438,5010000
2022-08-04,174.809998,175.089996,171.600006,171.789993,153.069504,5651600
2022-08-05,171.300003,171.529999,169.789993,171.110001,152.463638,5235500
2022-08-08,171.300003,171.479996,169.440002,170.199997,151.652817,4629800
2022-08-09,170.539993,171.119995,169.729996,170.179993,151.634979,5532500
2022-08-10,171.020004,171.240005,169.529999,170.669998,152.071579,5603400
2022-08-11,168.520004,169.949997,166.979996,167.139999,148.926270,9328700
2022-08-12,167.539993,167.940002,165.149994,165.300003,147.286758,14606900
2022-08-15,166.000000,166.750000,165.130005,166.089996,147.990677,10072000
2022-08-16,165.860001,168.250000,165.600006,167.570007,149.309418,7453600
2022-08-17,166.410004,168.559998,166.410004,167.580002,149.318298,7406600
2022-08-18,167.679993,168.300003,165.929993,166.770004,148.596573,8312100
2022-08-19,167.100006,170.119995,167.000000,169.309998,150.859787,8128500
2022-08-22,168.899994,168.919998,167.169998,167.589996,150.330566,5462600
2022-08-23,167.000000,167.770004,165.800003,166.130005,149.020920,5566300
2022-08-24,166.559998,166.589996,165.070007,165.580002,148.527573,5684300
2022-08-25,165.949997,167.240005,164.699997,167.130005,149.917938,5678700
2022-08-26,167.460007,167.500000,164.199997,164.270004,147.352463,5667100
2022-08-29,163.470001,163.839996,162.020004,163.000000,146.213272,5259200
2022-08-30,163.300003,163.539993,162.029999,162.429993,145.701920,6973300
2022-08-31,163.229996,163.550003,161.270004,161.339996,144.724228,8741700
2022-09-01,161.490005,165.500000,161.479996,165.339996,148.312256,7509600
2022-09-02,165.860001,166.199997,162.009995,162.740005,145.980042,5803700
2022-09-06,163.940002,166.220001,162.820007,163.179993,146.374695,7394600
2022-09-07,162.910004,164.419998,162.160004,164.070007,147.173035,4590600
2022-09-08,163.880005,165.419998,163.080002,165.389999,148.357147,5838400
2022-09-09,164.990005,166.199997,164.389999,165.710007,148.644165,5500600
2022-09-12,166.110001,166.570007,165.220001,165.639999,148.581375,6365300
2022-09-13,163.570007,164.440002,160.809998,161.330002,144.715225,6726400
2022-09-14,162.380005,165.360001,162.380005,164.660004,147.702316,9555700
2022-09-15,164.449997,166.070007,164.100006,165.080002,148.079025,7174500
2022-09-16,165.320007,167.630005,164.750000,167.600006,150.339508,20201500
2022-09-19,166.300003,166.429993,164.080002,166.279999,149.155457,7380900
2022-09-20,165.220001,165.899994,164.320007,164.970001,147.980377,7143400
2022-09-21,165.020004,166.800003,163.240005,163.279999,146.464401,8071200
2022-09-22,163.149994,167.160004,162.830002,166.179993,149.065735,7401100
2022-09-23,165.740005,167.479996,164.660004,166.720001,149.550125,9598600
2022-09-26,165.800003,166.839996,164.380005,165.699997,148.635193,8735500
2022-09-27,166.360001,167.669998,164.399994,164.940002,147.953445,8686700
2022-09-28,166.250000,167.380005,165.100006,166.360001,149.227219,8660900
2022-09-29,166.479996,167.169998,163.889999,164.529999,147.585709,7008100
2022-09-30,165.000000,165.740005,163.320007,163.360001,146.536194,8985200
2022-10-03,164.289993,164.380005,161.699997,163.199997,146.392624,8657000
2022-10-04,163.850006,166.000000,162.919998,165.619995,148.563416,6236100
2022-10-05,165.020004,166.039993,164.210007,165.110001,148.105972,4539400
2022-10-06,164.789993,165.000000,161.690002,161.910004,145.235519,5890700
2022-10-07,161.770004,162.220001,159.169998,160.199997,143.701599,6363500
2022-10-10,160.630005,161.279999,159.179993,160.410004,143.889999,5315600
2022-10-11,160.369995,164.110001,160.369995,162.729996,145.971024,6212200
2022-10-12,162.940002,164.880005,162.500000,162.690002,145.935181,4341700
2022-10-13,160.889999,165.990005,160.750000,165.149994,148.141815,6465100
2022-10-14,164.440002,165.679993,163.600006,164.460007,147.522888,5684600
2022-10-17,165.399994,167.210007,165.009995,166.589996,149.433533,6710800
2022-10-18,165.000000,167.169998,163.050003,166.009995,148.913254,10883600
2022-10-19,166.000000,166.250000,163.889999,164.690002,147.729218,10044600
2022-10-20,165.000000,165.740005,164.330002,165.110001,148.105972,5659900
2022-10-21,164.710007,169.369995,164.429993,168.710007,151.335205,8487600
2022-10-24,169.809998,172.080002,169.250000,170.979996,153.371414,6855500
2022-10-25,170.169998,171.110001,168.520004,170.710007,153.129211,5661900
2022-10-26,171.320007,172.570007,170.520004,172.210007,154.474716,6123800
2022-10-27,172.350006,173.429993,171.720001,172.309998,154.564468,5390900
2022-10-28,173.000000,175.389999,172.589996,174.869995,156.860809,6073900
2022-10-31,174.520004,175.160004,173.419998,173.970001,156.053497,7810000
2022-11-01,174.059998,174.630005,170.419998,173.089996,155.264084,6985000
2022-11-02,172.889999,173.940002,170.289993,170.429993,152.878067,6877300
2022-11-03,169.809998,171.470001,168.940002,170.720001,153.138184,4819900
2022-11-04,171.559998,172.500000,169.240005,171.479996,153.819931,5300900
2022-11-07,171.669998,173.850006,171.440002,172.979996,155.165436,6621000
2022-11-08,173.130005,174.690002,172.179993,173.839996,155.936905,5148400
2022-11-09,174.270004,175.000000,172.339996,172.449997,154.690063,6150000
2022-11-10,174.350006,174.770004,172.039993,174.470001,156.501999,7877500
2022-11-11,172.729996,173.110001,166.820007,169.250000,151.819580,11074700
2022-11-14,170.250000,173.259995,170.250000,171.910004,154.205643,6581500
2022-11-15,172.190002,173.000000,170.520004,172.389999,154.636185,9351000
2022-11-16,173.639999,174.990005,173.130005,173.460007,155.596008,5500900
2022-11-17,173.000000,174.990005,172.979996,174.860001,156.851837,4464100
2022-11-18,175.000000,176.639999,174.619995,176.199997,158.053848,6555700
2022-11-21,175.889999,176.550003,174.830002,175.970001,158.866348,5706600
2022-11-22,176.399994,177.190002,176.330002,176.820007,159.633743,4707900
2022-11-23,176.440002,177.399994,176.009995,177.009995,159.805252,5389200
2022-11-25,177.380005,178.119995,176.860001,177.240005,160.012924,3058600
2022-11-28,176.750000,177.770004,176.559998,177.330002,160.094162,6183100
2022-11-29,177.009995,177.259995,174.660004,176.089996,158.974701,6700500
2022-11-30,176.369995,178.009995,174.779999,178.000000,160.699051,13288000
2022-12-01,179.000000,179.960007,177.770004,178.740005,161.367111,6282600
2022-12-02,177.500000,178.960007,176.960007,178.880005,161.493500,5823900
2022-12-05,178.360001,179.360001,178.000000,178.779999,161.403214,5120600
2022-12-06,179.919998,180.000000,175.929993,176.100006,158.983719,7943500
2022-12-07,176.570007,177.880005,176.229996,177.169998,159.949692,5702600
2022-12-08,176.820007,177.470001,176.339996,177.199997,159.976791,4798500
2022-12-09,177.119995,177.889999,175.660004,175.740005,158.658707,4561000
2022-12-12,175.949997,177.869995,175.600006,177.839996,160.554611,4882400
2022-12-13,179.100006,180.199997,178.309998,179.210007,161.791412,9177500
2022-12-14,178.580002,181.039993,178.580002,179.759995,162.287979,9533600
2022-12-15,179.199997,179.839996,176.399994,177.490005,160.238586,7602400
2022-12-16,177.000000,177.000000,174.860001,175.669998,158.595490,18841800
2022-12-19,175.350006,176.169998,174.070007,175.479996,158.423981,5736000
2022-12-20,176.000000,176.440002,175.169998,175.669998,158.595490,6174700
2022-12-21,176.270004,178.179993,175.649994,177.679993,160.410156,5472000
2022-12-22,176.770004,177.509995,175.339996,177.029999,159.823334,5709100
2022-12-23,176.669998,177.520004,175.809998,177.479996,160.229584,3683400
2022-12-27,178.110001,178.350006,176.990005,177.429993,160.184418,3067300
2022-12-28,177.759995,178.449997,176.649994,176.660004,159.489304,2645400
2022-12-29,177.550003,178.300003,177.070007,177.559998,160.301773,2828800
2022-12-30,177.490005,177.770004,175.399994,176.649994,159.480255,4216600
2023-01-03,176.160004,178.380005,176.009995,178.190002,160.870590,6344900
2023-01-04,178.889999,180.190002,178.479996,180.130005,162.622040,9788800
2023-01-05,179.020004,179.990005,178.410004,178.800003,161.421295,6255300
2023-01-06,180.130005,180.929993,179.389999,180.250000,162.730331,5706000
2023-01-09,179.300003,179.759995,175.179993,175.580002,158.514282,7925300
2023-01-10,175.699997,176.139999,174.320007,175.160004,158.135086,5047500
2023-01-11,175.570007,175.720001,172.110001,174.880005,157.882309,6494800
2023-01-12,174.259995,174.710007,172.800003,174.000000,157.087830,4269400
2023-01-13,173.190002,174.009995,172.380005,173.429993,156.573227,6088000
2023-01-17,174.000000,174.580002,172.089996,172.360001,155.607254,6053300
2023-01-18,171.649994,172.000000,169.710007,169.759995,153.259933,7047800
2023-01-19,169.029999,171.279999,168.710007,169.529999,153.052322,6939500
2023-01-20,170.100006,170.110001,167.479996,168.740005,152.339081,8620600
2023-01-23,169.100006,169.630005,167.949997,168.309998,151.950897,8425400
2023-01-24,169.020004,170.990005,166.009995,168.309998,151.950897,10541800
2023-01-25,167.169998,169.509995,167.080002,169.509995,153.034241,7099800
2023-01-26,169.550003,169.910004,168.649994,168.889999,152.474487,6946100
2023-01-27,168.539993,168.869995,167.770004,168.229996,151.878662,6058100
2023-01-30,167.929993,168.539993,161.080002,162.000000,146.254196,23259100
2023-01-31,161.699997,163.429993,161.050003,163.419998,147.536163,11612500
2023-02-01,162.990005,165.979996,162.399994,164.919998,148.890366,9865300
2023-02-02,163.000000,166.220001,162.820007,165.539993,149.450104,10099000
2023-02-03,166.029999,166.339996,163.889999,164.610001,148.610535,6868500
2023-02-06,164.550003,164.850006,163.100006,163.360001,147.482010,7021000
2023-02-07,161.600006,163.880005,161.419998,163.399994,147.518112,7310800
2023-02-08,163.300003,164.559998,162.899994,163.610001,147.707718,6054700
2023-02-09,163.630005,164.800003,161.070007,161.399994,145.712524,7949500
2023-02-10,161.770004,162.789993,161.350006,162.149994,146.389587,7028000
2023-02-13,161.330002,162.820007,161.149994,162.750000,146.931305,6414700
2023-02-14,162.740005,162.970001,161.759995,162.039993,146.290268,6316000
2023-02-15,161.949997,161.979996,159.289993,159.369995,143.879807,12621800
2023-02-16,159.070007,159.649994,157.919998,158.240005,142.859680,11177000
2023-02-17,157.020004,161.110001,156.619995,160.389999,145.842117,12401900
2023-02-21,159.649994,160.350006,157.889999,158.000000,143.668930,9423900
2023-02-22,158.500000,158.850006,157.369995,157.779999,143.468872,9820200
2023-02-23,157.710007,158.589996,156.669998,157.729996,143.423401,9385100
2023-02-24,156.649994,156.850006,155.210007,155.970001,141.823029,8689700
2023-02-27,156.449997,156.899994,155.080002,155.630005,141.513901,7267100
2023-02-28,154.979996,155.270004,153.039993,153.259995,139.358841,9062300
2023-03-01,153.009995,153.240005,151.910004,152.570007,138.731461,6767000
2023-03-02,151.750000,152.759995,151.229996,152.449997,138.622330,8762500
2023-03-03,153.369995,154.119995,152.839996,154.020004,140.049927,5747200
2023-03-06,154.660004,155.729996,154.570007,155.559998,141.450226,8148200
2023-03-07,156.089996,156.250000,153.350006,154.089996,140.113586,7457700
2023-03-08,153.979996,154.199997,152.479996,152.960007,139.086075,6230500
2023-03-09,153.460007,153.600006,150.710007,151.240005,137.522095,7439400
2023-03-10,151.860001,153.490005,151.100006,151.610001,137.858521,8504300
2023-03-13,152.089996,155.910004,151.570007,153.059998,139.176987,10799600
2023-03-14,153.279999,154.029999,151.899994,153.919998,139.958984,8421200
2023-03-15,152.839996,154.889999,152.529999,154.350006,140.349976,7757700
2023-03-16,153.449997,154.369995,152.600006,154.029999,140.059021,7605500
2023-03-17,154.479996,154.949997,152.300003,152.380005,138.558670,20540700
2023-03-20,152.470001,154.070007,152.380005,153.889999,139.931702,7129000
2023-03-21,154.000000,154.130005,152.169998,153.889999,139.931702,8376800
2023-03-22,153.850006,154.059998,151.029999,151.050003,137.349319,7943500
2023-03-23,151.179993,151.690002,150.110001,151.130005,137.422058,9051500
2023-03-24,151.479996,152.759995,150.830002,152.649994,138.804169,5696200
2023-03-27,154.199997,154.539993,153.110001,153.300003,139.395218,6772300
2023-03-28,152.389999,153.449997,151.729996,151.820007,138.049484,6115300
2023-03-29,152.240005,153.380005,152.070007,153.309998,139.404312,6012000
2023-03-30,153.580002,153.800003,152.809998,153.429993,139.513443,4555700
2023-03-31,153.789993,155.190002,153.240005,155.000000,140.941040,9890000
2023-04-03,154.949997,157.009995,153.940002,156.850006,142.623215,6841900
2023-04-04,156.970001,158.970001,156.589996,158.490005,144.114487,8314500
2023-04-05,164.369995,165.660004,162.759995,165.610001,150.588654,16704200
2023-04-06,165.990005,167.229996,164.800003,165.149994,150.170410,9615400
2023-04-10,164.630005,164.839996,163.639999,164.320007,149.415665,5354000
2023-04-11,164.419998,165.279999,164.039993,164.270004,149.370209,5903800
2023-04-12,163.940002,164.839996,163.100006,163.919998,149.051956,5764100
2023-04-13,164.179993,166.330002,163.809998,166.110001,151.043320,5640600
2023-04-14,165.970001,166.119995,164.059998,165.839996,150.797821,7225100
2023-04-17,165.740005,166.240005,164.940002,165.669998,150.643219,8046400
2023-04-18,164.250000,164.690002,159.649994,161.009995,146.405899,14571500
2023-04-19,161.990005,162.679993,161.169998,162.529999,147.788071,6752000
2023-04-20,162.429993,163.820007,160.960007,163.580002,148.742767,9498800
2023-04-21,164.440002,164.970001,161.970001,162.690002,147.933533,7014200
2023-04-24,162.690002,163.809998,161.869995,163.679993,148.833725,5278900
2023-04-25,164.309998,165.350006,164.160004,165.179993,150.197678,6263100
2023-04-26,164.089996,164.389999,162.240005,162.619995,147.869888,5518200
2023-04-27,162.899994,163.410004,162.130005,163.000000,148.215378,5739700
2023-04-28,162.809998,163.759995,162.559998,163.699997,148.851898,6024900
2023-05-01,163.600006,164.300003,162.240005,163.600006,148.761002,4893400
2023-05-02,164.339996,165.479996,163.559998,165.029999,150.061279,7541700
2023-05-03,165.550003,166.179993,162.509995,162.869995,148.097214,5937200
2023-05-04,162.679993,162.899994,161.250000,162.130005,147.424332,5128000
2023-05-05,162.839996,163.130005,161.690002,162.679993,147.924438,5194500
2023-05-08,161.990005,162.570007,161.339996,162.309998,147.588013,4994900
2023-05-09,161.750000,162.130005,160.789993,161.050003,146.442291,5520500
2023-05-10,161.199997,161.970001,160.059998,161.649994,146.987823,6756600
2023-05-11,161.830002,162.190002,159.389999,160.990005,146.387711,5867600
2023-05-12,161.360001,161.559998,160.009995,160.779999,146.196732,3904200
2023-05-15,160.800003,161.029999,158.940002,159.550003,145.078354,5104500
2023-05-16,159.059998,160.250000,158.529999,159.339996,144.887390,5599200
2023-05-17,159.789993,160.059998,157.770004,158.990005,144.569107,6840700
2023-05-18,158.660004,158.929993,157.559998,158.479996,144.105362,5173000
2023-05-19,158.589996,159.929993,158.139999,158.910004,144.496368,6527100
2023-05-22,158.000000,159.139999,156.779999,156.869995,143.717651,5675900
2023-05-23,157.100006,158.270004,156.369995,156.809998,143.662674,5793000
2023-05-24,157.080002,157.139999,155.919998,156.660004,143.525253,5015100
2023-05-25,156.050003,156.289993,153.720001,154.410004,141.463882,6886100
2023-05-26,154.690002,155.279999,154.199997,154.350006,141.408936,6845400
2023-05-30,153.970001,155.380005,153.320007,154.369995,141.427246,5593100
2023-05-31,154.699997,155.690002,153.850006,155.059998,142.059418,11324600
2023-06-01,154.539993,155.039993,153.149994,154.539993,141.582993,7901300
2023-06-02,154.720001,157.309998,154.089996,156.970001,143.809280,7659700
2023-06-05,156.750000,158.639999,156.750000,158.320007,145.046066,6430500
2023-06-06,159.580002,159.610001,157.399994,158.179993,144.917786,5073600
2023-06-07,158.100006,158.800003,157.440002,158.520004,145.229324,6504300
2023-06-08,158.500000,160.419998,157.820007,160.259995,146.823410,5818400
2023-06-09,160.419998,160.729996,159.470001,160.009995,146.594376,6264400
2023-06-12,160.000000,160.250000,158.729996,159.899994,146.493591,6510600
2023-06-13,159.729996,160.839996,159.149994,160.740005,147.263214,6066800
2023-06-14,161.600006,162.080002,160.979996,161.559998,148.014420,6699100
2023-06-15,162.050003,163.910004,161.429993,163.729996,150.002502,7138300
2023-06-16,164.479996,164.990005,163.869995,164.229996,150.460556,13426600
2023-06-20,164.259995,165.309998,163.809998,164.130005,150.368958,7995800
2023-06-21,163.580002,164.919998,162.690002,163.880005,150.139923,7177500
2023-06-22,163.899994,165.720001,163.789993,165.619995,151.734009,5485900
2023-06-23,166.110001,166.270004,165.029999,165.479996,151.605759,9450700
2023-06-26,164.979996,164.979996,161.330002,163.630005,149.910873,6978800
2023-06-27,163.679993,163.880005,162.440002,163.289993,149.599350,4927500
2023-06-28,163.199997,163.199997,161.910004,162.960007,149.297058,6780400
2023-06-29,162.639999,164.320007,162.229996,164.100006,150.341446,4547500
2023-06-30,164.860001,165.940002,164.350006,165.520004,151.642395,7580000
2023-07-03,164.339996,164.389999,162.960007,163.350006,149.654343,4033700
2023-07-05,162.990005,163.919998,162.729996,162.809998,149.159607,7224600
2023-07-06,162.250000,162.369995,161.000000,161.600006,148.051071,6332500
2023-07-07,160.470001,161.039993,159.199997,159.250000,145.898102,7022200
2023-07-10,159.429993,160.300003,159.000000,159.509995,146.136307,5739200
2023-07-11,159.130005,160.300003,157.600006,158.630005,145.330078,6606700
2023-07-12,158.940002,158.940002,157.880005,158.080002,144.826233,6940400
2023-07-13,158.000000,159.130005,157.410004,158.809998,145.494995,6401700
2023-07-14,159.179993,160.229996,158.979996,159.869995,146.466125,5362200
2023-07-17,159.750000,159.869995,158.149994,159.070007,145.733185,5486800
2023-07-18,159.070007,160.889999,158.190002,159.059998,145.724030,6332500
2023-07-19,157.910004,160.410004,157.330002,158.740005,145.430893,7522600
2023-07-20,161.940002,169.139999,161.300003,168.380005,154.262589,21892900
2023-07-21,168.179993,170.820007,168.179993,170.190002,155.920868,12080000
2023-07-24,171.500000,173.820007,170.990005,171.080002,156.736252,15155400
2023-07-25,170.449997,172.679993,169.750000,172.389999,157.936401,13790100
2023-07-26,172.000000,173.850006,171.399994,172.720001,158.238754,14288200
2023-07-27,172.179993,174.289993,172.039993,173.690002,159.127411,12446400
2023-07-28,174.000000,175.360001,173.229996,174.479996,159.851166,14138800
2023-07-31,169.690002,170.220001,166.710007,167.529999,153.483902,22632700
2023-08-01,166.369995,169.089996,166.059998,168.889999,154.729874,15810300
2023-08-02,168.850006,171.240005,168.850006,169.910004,155.664352,14595600
2023-08-03,169.949997,171.320007,169.669998,170.639999,156.333130,17424800
2023-08-04,170.339996,172.679993,167.889999,169.039993,154.867279,23415100
2023-08-07,169.490005,173.339996,169.360001,173.100006,158.586899,17736400
2023-08-08,172.990005,173.550003,171.389999,173.179993,158.660141,27378700
2023-08-09,173.000000,174.250000,172.050003,173.070007,158.559387,42974400
2023-08-10,174.000000,175.970001,171.639999,172.169998,157.734848,48213800
2023-08-11,172.479996,173.949997,171.619995,173.850006,159.274002,45905600
2023-08-14,173.520004,175.600006,171.750000,173.440002,158.898376,64036900
2023-08-15,172.800003,174.559998,172.139999,172.940002,158.440277,88958100
2023-08-16,172.529999,174.729996,172.130005,172.389999,157.936401,85832700
2023-08-17,172.860001,175.389999,172.759995,174.009995,159.420563,70904200
2023-08-18,173.169998,173.990005,171.309998,172.490005,158.028030,49631700
2023-08-21,169.690002,169.850006,165.960007,167.350006,153.318954,151319500
2023-08-22,166.860001,167.839996,165.410004,166.020004,152.100510,56834800
2023-08-23,165.899994,166.500000,163.470001,164.529999,150.735413,119011400
2023-08-24,164.029999,166.669998,163.860001,165.089996,151.248459,70755100
2023-08-25,164.300003,167.779999,164.059998,166.250000,153.417038,18185500
2023-08-28,165.000000,166.210007,163.169998,164.289993,151.608353,18458000
2023-08-29,164.869995,165.679993,162.770004,164.309998,151.626816,12208600
2023-08-30,165.110001,165.830002,163.679993,163.729996,151.091583,9939100
2023-08-31,163.369995,163.570007,161.279999,161.679993,149.199814,15333000
2023-09-01,161.419998,162.479996,160.009995,160.479996,148.092422,8610100
2023-09-05,160.559998,161.970001,160.279999,160.679993,148.276993,9019800
2023-09-06,159.839996,160.000000,157.350006,158.009995,145.813110,9753800
2023-09-07,159.139999,161.059998,158.979996,160.029999,147.677185,9931800
2023-09-08,159.589996,160.679993,159.190002,160.559998,148.166275,6957000
2023-09-11,161.059998,162.690002,160.449997,162.660004,150.104187,6309300
2023-09-12,162.220001,163.929993,161.529999,163.580002,150.953140,6045800
2023-09-13,163.759995,164.949997,163.000000,163.990005,151.331543,7397500
2023-09-14,164.679993,165.270004,163.440002,163.740005,151.100800,7758400
2023-09-15,163.979996,164.820007,161.210007,161.449997,148.987564,13392100
2023-09-18,162.119995,163.149994,160.750000,162.470001,149.928833,5789000
2023-09-19,162.250000,162.850006,161.380005,162.199997,149.679703,5550800
2023-09-20,162.190002,163.539993,161.660004,162.910004,150.334869,3837400
2023-09-21,162.570007,163.500000,161.589996,161.660004,149.181366,4526700
2023-09-22,161.300003,161.399994,160.250000,160.500000,148.110916,4976700
2023-09-25,160.070007,160.360001,158.729996,160.259995,147.889435,6722500
2023-09-26,159.809998,160.080002,158.860001,159.020004,146.745148,4904800
2023-09-27,158.580002,158.759995,155.259995,157.110001,144.982605,10211600
2023-09-28,157.500000,157.960007,156.220001,156.880005,144.770340,7861900
2023-09-29,157.369995,157.600006,155.350006,155.750000,143.727585,7680700
2023-10-02,155.419998,155.419998,153.320007,155.149994,143.173874,7259700
2023-10-03,154.679993,155.500000,153.889999,155.339996,143.349213,5740800
2023-10-04,155.570007,155.929993,154.570007,155.520004,143.515320,4955200
2023-10-05,156.270004,158.039993,156.070007,157.139999,145.010239,5993300
2023-10-06,157.080002,158.300003,156.589996,157.639999,145.471695,5802200
2023-10-09,157.179993,158.880005,157.089996,158.539993,146.302185,4414100
2023-10-10,158.380005,159.270004,157.899994,158.360001,146.136093,5273500
2023-10-11,158.460007,159.050003,156.039993,156.179993,144.124374,6922900
2023-10-12,155.919998,156.559998,155.070007,156.330002,144.262787,5792400
2023-10-13,156.729996,157.360001,156.050003,156.850006,144.742630,5359800
2023-10-16,157.820007,158.250000,156.839996,157.529999,145.370132,6408100
2023-10-17,155.979996,158.949997,154.610001,156.089996,144.041321,12244400
2023-10-18,155.410004,155.949997,152.050003,152.729996,140.940659,9097300
2023-10-19,151.669998,153.110001,150.149994,152.320007,140.562332,7733800
2023-10-20,152.740005,153.869995,152.330002,153.000000,141.189850,7207000
2023-10-23,152.860001,153.500000,151.210007,151.389999,139.704117,5874000
2023-10-24,150.750000,151.960007,150.130005,151.229996,139.556473,6155300
2023-10-25,151.240005,152.169998,150.229996,151.570007,139.870193,5880800
2023-10-26,151.970001,151.970001,148.880005,149.000000,137.498581,7612500
2023-10-27,148.490005,148.660004,144.949997,145.600006,134.361069,11385800
2023-10-30,146.089996,147.240005,146.000000,147.029999,135.680649,8205300
2023-10-31,147.539993,148.539993,146.639999,148.339996,136.889542,7576900
2023-11-01,149.190002,149.759995,148.460007,148.690002,137.212540,5733000
2023-11-02,147.710007,150.399994,147.539993,150.240005,138.642883,5349100
2023-11-03,151.210007,152.270004,150.149994,151.339996,139.657974,4926800
2023-11-06,151.779999,152.429993,151.369995,151.699997,139.990173,4851400
2023-11-07,151.929993,152.250000,150.679993,150.899994,139.251923,4840400
2023-11-08,151.350006,151.830002,150.339996,150.350006,138.744400,5460000
2023-11-09,150.500000,150.500000,147.259995,147.419998,136.040558,6973600
2023-11-10,148.250000,148.500000,145.639999,147.250000,135.883698,6930700
2023-11-13,147.250000,147.899994,146.649994,147.630005,136.234344,5889300
2023-11-14,147.639999,148.539993,146.970001,147.660004,136.262054,6713600
2023-11-15,147.350006,149.419998,147.270004,148.800003,137.314041,6729100
2023-11-16,149.500000,150.169998,148.639999,150.100006,138.513687,6875600
2023-11-17,150.550003,150.789993,149.070007,149.789993,138.227631,7023300
2023-11-20,147.910004,150.399994,147.539993,149.910004,139.446198,8851700
2023-11-21,150.100006,151.289993,149.610001,151.119995,140.571701,5916300
2023-11-22,151.630005,152.039993,150.389999,150.820007,140.292679,4633500
2023-11-24,150.860001,152.679993,150.860001,152.500000,141.855377,3351400
2023-11-27,152.289993,152.320007,150.970001,151.279999,140.720535,6449700
2023-11-28,151.399994,151.809998,150.839996,151.630005,141.046143,5909000
2023-11-29,151.330002,152.199997,151.070007,152.110001,141.492615,5190000
2023-11-30,152.259995,155.139999,151.919998,154.660004,143.864624,12481900
2023-12-01,156.440002,158.460007,155.470001,158.380005,147.324966,10342900
2023-12-04,158.000000,160.020004,158.000000,158.880005,147.790070,8920300
2023-12-05,158.800003,159.630005,158.220001,158.550003,147.483093,7268200
2023-12-06,158.520004,158.660004,156.169998,156.619995,145.687805,6642900
2023-12-07,156.580002,156.580002,154.710007,155.399994,144.552948,6532400
2023-12-08,155.419998,155.850006,153.839996,154.419998,143.641388,6254700
2023-12-11,154.500000,155.479996,154.350006,155.059998,144.236710,6090400
2023-12-12,155.000000,155.320007,153.649994,155.070007,144.246002,5324400
2023-12-13,153.660004,155.940002,151.770004,155.789993,144.915756,10764600
2023-12-14,156.470001,157.160004,155.050003,156.869995,145.920380,9240700
2023-12-15,155.490005,156.690002,153.759995,155.160004,144.329742,21727800
2023-12-18,155.210007,156.440002,154.759995,155.440002,144.590179,7231400
2023-12-19,155.300003,156.500000,154.940002,156.460007,145.539017,6651500
2023-12-20,156.539993,156.660004,153.110001,153.270004,142.571671,7008300
2023-12-21,153.690002,155.130005,153.300003,154.839996,144.032043,4598600
2023-12-22,155.250000,156.529999,155.020004,155.460007,144.608795,3798900
2023-12-26,155.000000,156.350006,154.850006,156.139999,145.241302,4170000
2023-12-27,155.500000,156.520004,155.419998,156.350006,145.436661,5288100
2023-12-28,156.000000,157.240005,155.990005,156.580002,145.650620,4377500
2023-12-29,156.509995,156.899994,155.979996,156.740005,145.799438,4313700
2024-01-02,156.929993,161.639999,156.789993,159.970001,148.803986,9622100
2024-01-03,160.639999,161.440002,159.800003,160.970001,149.734161,8232000
2024-01-04,161.589996,161.979996,160.419998,160.630005,149.417923,6766600
2024-01-05,160.500000,161.339996,159.470001,161.130005,149.883026,5602500
2024-01-08,161.100006,161.660004,159.610001,161.529999,150.255096,6569800
2024-01-09,161.630005,163.279999,160.600006,161.630005,150.348145,6357000
2024-01-10,161.820007,162.619995,161.199997,161.869995,150.571350,4945100
2024-01-11,162.070007,162.199997,160.779999,161.149994,149.901627,4946000
2024-01-12,161.839996,162.470001,161.690002,162.389999,151.055084,4496900
2024-01-16,161.570007,162.250000,160.179993,160.520004,149.315613,6923200
2024-01-17,160.250000,161.300003,159.869995,160.429993,149.231873,5072100
2024-01-18,160.000000,161.369995,159.690002,161.210007,149.957428,5368500
2024-01-19,161.149994,161.919998,160.279999,161.679993,150.394623,7071300
2024-01-22,162.000000,163.580002,161.339996,162.470001,151.129501,6824200
2024-01-23,159.660004,160.509995,156.910004,159.809998,148.655167,9149800
2024-01-24,159.750000,160.600006,158.160004,158.960007,147.864487,7247900
2024-01-25,159.000000,159.619995,158.470001,159.559998,148.422607,5478900
2024-01-26,160.429993,160.740005,159.360001,159.500000,148.366791,5591900
2024-01-29,159.009995,160.070007,158.960007,159.360001,148.236572,6483200
2024-01-30,159.350006,159.759995,158.130005,158.770004,147.687744,7200500
2024-01-31,160.399994,160.619995,158.669998,158.899994,147.808655,8256800
2024-02-01,158.160004,158.490005,157.050003,158.360001,147.306351,8012000
2024-02-02,157.970001,158.309998,155.940002,156.610001,145.678528,8295900
2024-02-05,156.610001,156.889999,155.339996,155.800003,144.925064,9121600
2024-02-06,155.830002,158.729996,155.600006,158.059998,147.027328,9229900
2024-02-07,157.800003,159.369995,157.690002,157.979996,146.952881,8690300
2024-02-08,157.339996,157.339996,155.309998,156.399994,145.483185,9755000
2024-02-09,156.270004,157.199997,155.669998,156.759995,145.818024,6529200
2024-02-12,156.580002,158.410004,156.350006,157.850006,146.831955,6701500
2024-02-13,157.639999,158.449997,155.750000,156.470001,145.548294,8621000
2024-02-14,156.350006,156.460007,154.839996,155.740005,144.869247,9098800
2024-02-15,155.979996,158.479996,155.889999,157.919998,146.897064,7462500
2024-02-16,156.600006,157.259995,155.669998,156.550003,146.728363,8541000
2024-02-20,156.559998,158.610001,156.440002,157.860001,147.956207,9501700
2024-02-21,158.020004,158.690002,157.130005,158.679993,148.724731,7472500
2024-02-22,158.979996,160.740005,157.770004,160.449997,150.383682,8065000
2024-02-23,160.880005,162.250000,160.160004,161.839996,151.686478,6726000
2024-02-26,161.800003,162.009995,160.570007,160.789993,150.702362,5465400
2024-02-27,160.339996,161.039993,159.639999,160.979996,150.880432,5078600
2024-02-28,161.000000,161.610001,160.289993,161.550003,151.414703,6071100
2024-02-29,162.000000,162.190002,160.940002,161.380005,151.255325,9849100
2024-03-01,161.830002,162.570007,161.089996,162.119995,151.948898,5670100
2024-03-04,161.320007,161.610001,158.270004,159.839996,149.811966,8532900
2024-03-05,160.619995,161.240005,159.199997,159.970001,149.933823,8298200
2024-03-06,159.460007,160.929993,159.220001,159.339996,149.343323,5773700
2024-03-07,160.000000,160.360001,158.240005,158.869995,148.902817,5188700
2024-03-08,158.869995,160.389999,158.429993,159.520004,149.512024,5284000
2024-03-11,159.490005,161.320007,158.880005,161.229996,151.114746,4620800
2024-03-12,161.580002,163.110001,161.130005,162.740005,152.530029,8018700
2024-03-13,162.529999,162.679993,159.809998,161.100006,150.992905,6260000
2024-03-14,160.940002,161.539993,158.690002,159.210007,149.221512,6988300
2024-03-15,158.059998,159.190002,157.100006,158.179993,148.256088,13165500
2024-03-18,158.570007,158.690002,156.500000,156.759995,146.925186,6602300
2024-03-19,156.669998,156.860001,155.660004,156.210007,146.409729,7840600
2024-03-20,155.699997,156.440002,155.210007,155.759995,145.987946,5982300
2024-03-21,155.589996,156.949997,155.100006,155.750000,145.978577,5915800
2024-03-22,155.690002,156.360001,155.110001,155.229996,145.491180,7248600
2024-03-25,155.399994,155.979996,154.899994,155.220001,145.481827,7498100
2024-03-26,155.610001,156.229996,154.759995,155.770004,145.997330,6864100
2024-03-27,155.990005,158.220001,155.440002,157.960007,148.049911,8461600
2024-03-28,158.199997,159.139999,158.110001,158.190002,148.265488,6181500
2024-04-01,157.720001,158.149994,156.770004,157.779999,147.881210,4364700
2024-04-02,156.570007,157.830002,155.949997,157.729996,147.834335,6102300
2024-04-03,157.789993,158.050003,154.250000,154.259995,144.582062,8098200
2024-04-04,155.309998,155.500000,152.410004,152.500000,142.932449,6947400
2024-04-05,152.029999,153.009995,151.610001,152.389999,142.829361,6783000
2024-04-08,151.990005,153.039993,151.559998,151.589996,142.079544,5935400
2024-04-09,151.550003,152.529999,150.940002,152.289993,142.735611,6135300
2024-04-10,151.529999,151.820007,149.759995,150.199997,140.776749,6809500
2024-04-11,150.800003,150.869995,148.389999,148.789993,139.455215,8374400
2024-04-12,148.059998,149.070007,147.149994,147.520004,138.264893,7100200
2024-04-15,148.369995,149.490005,147.369995,147.589996,138.330505,8502300
2024-04-16,145.009995,146.250000,143.389999,144.449997,135.387466,12774900
2024-04-17,145.000000,145.410004,143.539993,144.770004,135.687439,9378100
2024-04-18,144.979996,145.800003,143.130005,145.740005,136.596558,9887700
2024-04-19,146.149994,148.130005,144.539993,147.910004,138.630447,9750800
2024-04-22,148.509995,150.270004,147.300003,149.119995,139.764496,10118700
2024-04-23,149.860001,150.490005,148.199997,149.559998,140.176910,10110400
2024-04-24,148.139999,148.990005,146.860001,148.529999,139.211517,9756300
2024-04-25,149.369995,149.580002,146.330002,146.820007,137.608826,7642700
2024-04-26,146.699997,147.179993,145.949997,146.139999,136.971481,6183000
2024-04-29,146.139999,147.220001,145.990005,146.820007,137.608826,6149600
2024-04-30,146.880005,146.880005,144.529999,144.589996,135.518707,8817700
2024-05-01,148.740005,151.850006,147.619995,151.179993,141.695297,14470900
2024-05-02,152.039993,152.330002,149.139999,149.919998,140.514328,8459800
2024-05-03,149.889999,149.889999,147.820007,149.270004,139.905106,6532700
2024-05-06,149.869995,150.050003,147.910004,148.580002,139.258392,5042800
2024-05-07,149.380005,149.729996,148.449997,148.720001,139.389618,7333500
2024-05-08,149.119995,149.729996,148.699997,148.949997,139.605179,7735100
2024-05-09,148.979996,150.100006,148.889999,149.850006,140.448730,6546200
2024-05-10,150.000000,150.089996,149.190002,149.910004,140.504959,5710600
2024-05-13,150.039993,152.000000,149.710007,151.220001,141.732773,5628500
2024-05-14,151.850006,152.210007,150.699997,151.380005,141.882736,8254200
2024-05-15,151.820007,152.949997,151.300003,152.669998,143.091782,5548000
2024-05-16,153.000000,154.380005,152.330002,154.279999,144.600784,7591000
2024-05-17,154.860001,154.860001,153.710007,154.639999,144.938187,6521800
2024-05-20,153.100006,153.389999,151.259995,151.270004,142.925690,7742300
2024-05-21,151.779999,152.589996,150.789993,151.240005,142.897369,5492400
2024-05-22,150.839996,154.080002,150.320007,153.500000,145.032684,6609800
2024-05-23,152.750000,152.839996,149.380005,149.699997,141.442276,8000400
2024-05-24,149.529999,149.809998,146.759995,146.970001,138.862885,9520600
2024-05-28,146.789993,146.789993,144.149994,144.380005,136.415771,10499800
2024-05-29,143.820007,145.419998,143.710007,144.440002,136.472443,8263800
2024-05-30,144.619995,145.610001,144.020004,145.279999,137.266113,8490300
2024-05-31,145.570007,147.479996,145.190002,146.669998,138.579422,14621200
2024-06-03,147.250000,148.899994,146.770004,147.740005,139.590393,7329200
2024-06-04,147.479996,148.309998,146.190002,147.800003,139.647110,8876400
2024-06-05,147.970001,147.990005,145.850006,145.970001,137.918045,5891300
2024-06-06,145.500000,147.000000,144.660004,146.419998,138.343231,5016300
2024-06-07,146.679993,148.300003,146.339996,147.080002,138.966797,5111600
2024-06-10,146.529999,147.559998,145.600006,147.130005,139.014069,5749900
2024-06-11,146.809998,147.160004,145.440002,146.759995,138.664459,5661200
2024-06-12,147.059998,147.210007,144.779999,145.410004,137.388962,6180500
2024-06-13,145.070007,146.000000,143.880005,145.449997,137.426727,6840400
2024-06-14,145.139999,145.970001,144.479996,145.539993,137.511734,4075300
2024-06-17,145.020004,146.429993,144.740005,145.949997,137.899124,6666600
2024-06-18,145.960007,146.389999,145.259995,145.649994,137.615677,6156600
2024-06-20,145.270004,148.080002,145.009995,147.779999,139.628189,8749700
2024-06-21,147.889999,149.080002,147.369995,148.750000,140.544708,15172300
2024-06-24,149.000000,149.720001,148.169998,149.119995,140.894287,6914700
2024-06-25,149.179993,149.199997,146.940002,147.190002,139.070755,5912500
2024-06-26,146.199997,147.190002,145.779999,146.820007,138.721161,5267800
2024-06-27,146.800003,147.360001,144.839996,145.800003,137.757431,5739200
2024-06-28,146.039993,147.070007,145.649994,146.160004,138.097580,10495700
2024-07-01,146.070007,148.699997,145.619995,146.440002,138.362122,5144400
2024-07-02,146.429993,147.149994,145.740005,146.029999,137.974731,5492000
2024-07-03,146.199997,146.649994,144.740005,145.690002,137.653488,3246200
2024-07-05,145.770004,146.550003,144.500000,146.479996,138.399918,4888500
2024-07-08,146.399994,147.220001,145.250000,145.479996,137.455063,5260200
2024-07-09,145.669998,147.130005,145.179993,147.050003,138.938477,5890400
2024-07-10,147.259995,149.470001,146.679993,149.429993,141.187180,6093200
2024-07-11,149.580002,150.580002,148.639999,149.699997,141.442276,6350400
2024-07-12,150.000000,150.880005,149.240005,149.880005,141.612366,5336400
2024-07-15,150.080002,150.250000,148.869995,149.240005,141.007660,6711400
2024-07-16,149.690002,151.080002,149.160004,151.009995,142.680038,6469600
2024-07-17,151.550003,157.490005,151.419998,156.580002,147.942795,13801400
2024-07-18,155.600006,157.070007,154.619995,155.419998,146.846786,10166200
2024-07-19,156.509995,156.509995,154.119995,154.690002,146.157028,7398000
2024-07-22,154.770004,155.110001,153.589996,154.240005,145.731873,6840600
2024-07-23,153.309998,153.500000,151.570007,152.350006,143.946121,6261900
2024-07-24,152.759995,156.410004,152.330002,156.279999,147.659348,7168200
2024-07-25,156.479996,160.580002,156.000000,159.639999,150.834000,10019600
2024-07-26,159.750000,161.580002,159.470001,160.639999,151.778839,8356900
2024-07-29,159.970001,160.000000,158.050003,158.559998,149.813538,5625000
2024-07-30,158.539993,161.550003,158.360001,161.330002,152.430771,6545700
2024-07-31,159.850006,160.350006,157.740005,157.850006,149.142731,8293200
2024-08-01,158.479996,160.809998,157.710007,160.759995,151.892197,7213400
2024-08-02,161.899994,164.850006,161.000000,164.139999,155.085770,11280400
2024-08-05,163.789993,165.779999,160.580002,161.250000,152.355179,12032200
2024-08-06,161.050003,161.479996,158.940002,158.970001,150.200943,7607100
2024-08-07,158.869995,160.619995,158.190002,158.899994,150.134811,5993000
2024-08-08,158.570007,160.699997,158.029999,160.220001,151.381989,5094800
2024-08-09,160.119995,160.929993,159.339996,160.619995,151.759918,4579200
2024-08-12,160.970001,161.699997,158.710007,159.880005,151.060760,7605400
2024-08-13,160.270004,160.369995,156.440002,158.389999,149.652939,9711400
2024-08-14,157.830002,159.550003,157.399994,158.479996,149.737961,5141200
2024-08-15,158.369995,159.500000,157.839996,159.089996,150.314331,7237800
2024-08-16,159.139999,159.940002,158.179993,159.389999,150.597763,5012800
2024-08-19,159.460007,160.289993,159.130005,159.630005,150.824539,4408400
2024-08-20,160.000000,160.929993,159.669998,160.160004,151.325317,7275100
2024-08-21,160.399994,161.479996,160.309998,161.429993,152.525253,5019400
2024-08-22,162.000000,162.490005,160.789993,162.350006,153.394516,6552100
2024-08-23,162.500000,164.220001,161.699997,164.130005,155.076324,7093400
2024-08-26,164.169998,165.710007,163.539993,164.610001,155.529846,6870600
2024-08-27,163.500000,164.039993,162.160004,162.949997,155.129974,4388700
2024-08-28,163.000000,165.000000,162.710007,163.919998,156.053452,5187000
2024-08-29,164.630005,164.720001,163.360001,164.229996,156.348557,7390100
2024-08-30,164.119995,165.979996,163.809998,165.860001,157.900360,7971000
2024-09-03,165.240005,167.809998,164.770004,167.160004,159.137970,6956500
2024-09-04,167.809998,168.850006,166.039993,167.360001,159.328354,6939100
2024-09-05,167.199997,167.369995,164.830002,164.990005,157.072113,4600400
2024-09-06,165.179993,165.940002,164.119995,164.380005,156.491364,6016900
2024-09-09,164.839996,167.410004,164.470001,166.610001,158.614349,7538200
2024-09-10,167.500000,168.460007,166.750000,167.380005,159.347397,6559600
2024-09-11,166.789993,166.789993,164.089996,164.820007,156.910263,5920200
2024-09-12,164.199997,165.100006,162.710007,164.639999,156.738892,4540900
2024-09-13,164.740005,165.750000,163.820007,165.520004,157.576645,3693400
2024-09-16,166.360001,167.250000,165.779999,166.990005,158.976105,5187800
2024-09-17,166.240005,167.720001,165.929993,167.070007,159.052277,5066500
2024-09-18,166.630005,168.350006,165.740005,166.149994,158.176422,4722800
2024-09-19,166.229996,166.369995,164.419998,164.820007,156.910263,4956100
2024-09-20,164.300003,164.869995,163.550003,164.160004,156.281952,11839000
2024-09-23,164.399994,164.500000,162.720001,163.220001,155.387039,4671600
2024-09-24,162.789993,163.490005,161.550003,162.779999,154.968155,6041600
2024-09-25,163.000000,163.320007,160.360001,160.600006,152.892792,5420000
2024-09-26,160.240005,161.539993,160.020004,161.389999,153.644867,6122000
2024-09-27,162.000000,163.429993,161.339996,161.399994,153.654358,7553800
2024-09-30,161.570007,162.179993,160.679993,162.059998,154.282715,6010000
2024-10-01,162.429993,162.750000,161.179993,161.990005,154.216095,4408000
2024-10-02,161.509995,162.119995,160.649994,161.169998,153.435394,4684400
2024-10-03,160.779999,161.440002,160.220001,160.500000,152.797577,4791200
2024-10-04,159.630005,160.500000,158.779999,160.289993,152.597641,5331100
2024-10-07,160.250000,160.860001,159.220001,159.529999,151.874115,4266000
2024-10-08,159.490005,160.250000,158.949997,159.690002,152.026428,4766300
2024-10-09,159.919998,161.220001,159.509995,160.649994,152.940353,6047200
2024-10-10,161.360001,161.389999,160.000000,160.509995,152.807053,4793900
2024-10-11,162.179993,162.660004,161.199997,161.460007,153.711502,5253500
2024-10-14,161.399994,162.139999,160.899994,161.600006,153.844772,5964000
2024-10-15,160.000000,166.750000,159.000000,164.100006,156.224792,10548000
2024-10-16,164.000000,164.990005,162.639999,164.279999,156.396164,5982100
2024-10-17,164.259995,165.000000,163.630005,164.470001,156.577057,4798000
2024-10-18,164.889999,165.289993,163.929993,165.119995,157.195831,5908000
2024-10-21,165.100006,165.250000,162.309998,162.830002,155.015747,6082700
2024-10-22,162.320007,163.729996,161.899994,163.449997,155.605988,5680300
2024-10-23,162.820007,166.000000,162.419998,165.860001,157.900360,7441600
2024-10-24,165.000000,165.509995,163.339996,163.669998,155.815414,5386300
2024-10-25,163.679993,163.919998,160.610001,160.880005,153.159348,6400400
2024-10-28,161.130005,161.970001,161.000000,161.600006,153.844772,4842500
2024-10-29,161.460007,162.169998,160.059998,160.089996,152.407227,5216900
2024-10-30,159.449997,161.279999,159.029999,160.610001,152.902298,5820500
2024-10-31,159.990005,160.869995,159.460007,159.860001,152.188278,8613900
2024-11-01,160.580002,161.059998,159.880005,160.130005,152.445343,5256400
2024-11-04,159.699997,160.279999,158.070007,158.240005,150.646011,4644000
2024-11-05,157.669998,158.589996,156.350006,158.350006,150.750748,6547100
2024-11-06,159.899994,160.850006,157.350006,157.880005,150.303329,8926600
2024-11-07,158.470001,158.750000,156.509995,156.729996,149.208496,7522800
2024-11-08,157.000000,157.080002,155.410004,155.470001,148.008957,8926100
2024-11-11,155.619995,157.580002,154.910004,155.039993,147.599594,7146800
2024-11-12,154.529999,155.039993,152.369995,152.639999,145.314789,7181400
2024-11-13,152.500000,153.509995,151.419998,153.240005,145.885986,7161900
2024-11-14,153.179993,153.589996,150.759995,151.869995,144.581696,7716400
2024-11-15,150.899994,154.429993,150.899994,154.000000,146.609497,11328500
2024-11-18,152.589996,155.330002,152.330002,154.770004,147.342575,7510600
2024-11-19,153.949997,153.990005,152.050003,153.000000,145.657501,8233700
2024-11-20,153.029999,153.250000,151.809998,153.110001,145.762222,9061300
2024-11-21,153.619995,156.059998,152.809998,155.500000,148.037521,10141100
2024-11-22,155.899994,157.119995,154.110001,155.169998,147.723358,8266000
2024-11-25,155.169998,157.039993,155.139999,155.779999,148.304077,12256200
2024-11-26,155.160004,155.250000,153.160004,154.520004,148.284897,5683500
2024-11-27,154.630005,156.630005,154.600006,155.399994,149.129364,4140400
2024-11-29,154.889999,155.669998,154.169998,155.009995,148.755127,5687800
2024-12-02,154.750000,155.000000,153.929993,154.800003,148.553589,6946500
2024-12-03,154.800003,154.800003,152.309998,152.360001,146.212036,8674400
2024-12-04,151.289993,151.559998,149.750000,150.470001,144.398315,10333100
2024-12-05,150.000000,150.380005,148.949997,149.520004,143.486664,7898100
2024-12-06,149.389999,150.050003,148.380005,149.309998,143.285141,8389600
2024-12-09,149.289993,150.889999,148.440002,149.600006,143.563416,8410300
2024-12-10,149.929993,150.830002,148.330002,149.229996,143.208359,9398700
2024-12-11,148.500000,148.500000,146.369995,146.639999,140.722855,13446700
2024-12-12,147.199997,147.770004,146.009995,146.240005,140.339005,6176300
2024-12-13,145.660004,146.929993,145.039993,146.619995,140.703659,8324900
2024-12-16,146.729996,147.250000,143.520004,143.850006,138.045441,8732400
2024-12-17,143.839996,146.660004,143.710007,146.410004,140.502121,10343000
2024-12-18,145.679993,146.740005,144.669998,144.750000,138.909119,9336100
2024-12-19,144.139999,145.220001,143.369995,143.580002,137.786346,9516700
2024-12-20,143.050003,145.470001,142.750000,144.470001,138.640411,17702800
2024-12-23,144.630005,145.330002,143.449997,145.270004,139.408157,8720800
2024-12-24,145.000000,145.850006,144.330002,145.850006,139.964737,3164100
2024-12-26,145.509995,146.369995,145.089996,145.580002,139.705627,4656300
2024-12-27,144.869995,146.600006,144.679993,145.050003,139.197037,5588300
2024-12-30,144.839996,144.880005,142.949997,143.339996,137.556015,6268700
2024-12-31,143.759995,144.669998,143.309998,144.619995,138.784363,5811400
2025-01-02,145.229996,145.770004,143.779999,144.020004,138.208603,6051300
2025-01-03,144.070007,144.570007,143.619995,144.190002,138.371719,5878800
2025-01-06,143.509995,144.820007,142.929993,143.660004,137.863113,7910500
2025-01-07,143.759995,147.179993,143.589996,146.229996,140.329391,8422000
2025-01-08,145.490005,145.589996,141.440002,142.270004,136.529205,11175600
2025-01-10,141.000000,143.669998,140.679993,142.059998,136.327667,8821500
2025-01-13,142.979996,145.070007,142.309998,144.470001,138.640411,10376400
2025-01-14,144.500000,144.809998,142.860001,144.750000,138.909119,8681700
2025-01-15,145.309998,146.050003,144.259995,144.970001,139.120239,7434600
2025-01-16,144.320007,148.070007,144.059998,147.770004,141.807251,8964000
2025-01-17,147.440002,148.380005,146.610001,147.029999,141.097107,10773100
2025-01-21,147.559998,148.860001,147.050003,148.149994,142.171921,11111700
2025-01-22,144.000000,145.470001,142.110001,145.270004,139.408157,16834700
2025-01-23,145.440002,147.910004,144.809998,146.639999,140.722855,10506400
2025-01-24,146.809998,147.630005,146.380005,146.820007,140.895599,9887300
2025-01-27,148.449997,153.449997,148.000000,152.889999,146.720657,15152300
2025-01-28,152.660004,152.970001,150.300003,150.380005,144.311966,10320600
2025-01-29,150.500000,151.880005,150.000000,151.149994,145.050858,7156400
2025-01-30,151.910004,154.139999,151.360001,152.869995,146.701462,8911000
2025-01-31,152.619995,153.179993,152.059998,152.149994,146.010498,8457800
2025-02-03,152.000000,152.470001,150.779999,151.869995,145.741806,6687500
2025-02-04,151.360001,154.179993,150.949997,153.490005,147.296448,9645000
2025-02-05,153.820007,154.729996,153.309998,154.690002,148.448029,8947000
2025-02-06,154.789993,154.839996,153.380005,153.509995,147.315643,7418100
2025-02-07,153.529999,154.490005,152.800003,153.119995,146.941360,6204900
2025-02-10,153.610001,154.369995,152.289993,154.240005,148.016205,6936200
2025-02-11,154.110001,156.389999,153.940002,156.130005,149.829941,7554500
2025-02-12,155.270004,155.660004,154.270004,155.259995,148.995041,7746000
2025-02-13,155.259995,158.130005,154.789993,157.250000,150.904724,10704700
2025-02-14,157.289993,157.470001,156.059998,156.149994,149.849106,6411800
2025-02-18,154.139999,155.449997,153.240005,154.990005,149.926498,9670700
2025-02-19,155.000000,158.300003,154.750000,157.889999,152.731750,7974700
2025-02-20,156.949997,159.949997,156.949997,159.679993,154.463287,7224000
2025-02-21,159.880005,163.509995,159.279999,162.300003,156.997665,12546900
2025-02-24,162.679993,164.869995,162.050003,163.740005,158.390640,10201900
2025-02-25,164.100006,166.429993,163.940002,166.089996,160.663849,12303700
2025-02-26,165.080002,165.130005,162.559998,163.080002,157.752197,11396400
2025-02-27,162.309998,163.949997,161.729996,163.729996,158.380981,8364600
2025-02-28,164.309998,165.940002,162.699997,165.020004,159.628815,12037200
2025-03-03,164.960007,167.330002,164.839996,167.279999,161.814987,9191500
2025-03-04,168.080002,169.990005,165.320007,165.419998,160.015762,11999700
2025-03-05,164.509995,166.460007,163.529999,165.119995,159.725555,8744800
2025-03-06,165.000000,165.869995,163.509995,165.830002,160.412369,8037900
2025-03-07,165.130005,168.460007,164.699997,166.690002,161.244278,9637600
2025-03-10,167.479996,169.899994,167.050003,167.699997,162.221268,17559000
2025-03-11,167.199997,167.300003,165.050003,165.860001,160.441391,9890300
2025-03-12,163.729996,164.210007,162.229996,162.850006,157.529724,8010700
2025-03-13,163.429993,164.539993,162.660004,162.990005,157.665146,5286700
2025-03-14,162.119995,163.149994,161.100006,162.809998,157.491043,6235800
2025-03-17,162.410004,163.500000,161.729996,162.839996,157.520020,6669800
2025-03-18,163.440002,164.860001,162.970001,164.250000,158.883972,7348800
2025-03-19,163.970001,164.360001,162.210007,162.990005,157.665146,5936400
2025-03-20,163.000000,163.199997,161.929993,163.020004,157.694168,7485900
2025-03-21,163.000000,164.130005,162.479996,163.630005,158.284241,17047100
2025-03-24,162.839996,164.389999,162.500000,163.289993,157.955338,8046400
2025-03-25,163.520004,164.190002,160.559998,161.020004,155.759506,7456200
2025-03-26,161.210007,162.490005,160.639999,161.720001,156.436630,7223500
2025-03-27,162.350006,164.070007,161.320007,163.130005,157.800583,6752500
2025-03-28,163.589996,164.520004,162.910004,163.710007,158.361618,5760300
2025-03-31,164.369995,166.630005,164.229996,165.839996,160.422012,12481400
2025-04-01,160.729996,161.809998,153.130005,153.250000,148.243332,23303100
2025-04-02,154.009995,155.789993,153.449997,155.360001,150.284409,10356900
2025-04-03,158.750000,160.649994,157.479996,159.820007,154.598694,13249300
2025-04-04,159.160004,159.820007,152.929993,153.240005,148.233688,16601700
2025-04-07,151.279999,152.710007,147.399994,150.619995,145.699265,18083000
2025-04-08,153.589996,153.589996,148.000000,150.000000,145.099533,12018400
2025-04-09,142.199997,153.190002,141.500000,150.970001,146.037842,18773700
2025-04-10,150.369995,151.199997,145.130005,148.690002,143.832321,13830500
2025-04-11,149.330002,152.350006,148.190002,151.729996,146.773010,9943900
2025-04-14,151.589996,154.669998,151.169998,154.360001,149.317093,10685300
2025-04-15,155.699997,156.300003,152.100006,153.619995,148.601273,10847700
2025-04-16,155.369995,155.630005,152.240005,153.910004,148.881790,7986900
2025-04-17,154.160004,159.440002,154.160004,157.470001,152.325470,10981100
2025-04-21,157.960007,158.229996,155.490005,156.919998,151.793457,6285400
2025-04-22,157.550003,158.720001,156.259995,157.750000,152.596329,7136300
2025-04-23,156.490005,157.100006,154.330002,155.380005,150.303757,9099400
2025-04-24,155.800003,155.899994,153.440002,154.929993,149.868454,8310400
2025-04-25,154.320007,154.899994,152.449997,154.580002,149.529892,8643600
2025-04-28,155.500000,155.809998,153.820007,155.350006,150.274750,5815200
2025-04-29,155.449997,157.020004,154.289993,155.910004,150.816437,5246700
2025-04-30,158.199997,158.199997,155.020004,156.309998,151.203369,9598200
2025-05-01,155.000000,155.089996,153.360001,154.460007,149.413834,7325800
2025-05-02,156.070007,156.720001,155.039993,156.119995,151.019577,5974500
2025-05-05,156.669998,156.789993,154.729996,155.000000,149.936188,5464100
2025-05-06,154.820007,155.899994,153.690002,154.470001,149.423477,8644200
2025-05-07,154.740005,157.940002,154.500000,157.300003,152.161026,7853100
2025-05-08,155.820007,157.029999,154.779999,155.660004,150.574600,7606100
2025-05-09,155.419998,156.059998,153.809998,154.220001,149.181671,6520400
2025-05-12,152.020004,155.360001,151.179993,154.139999,149.104279,9023800
2025-05-13,151.699997,151.699997,148.080002,148.440002,143.590500,10549600
2025-05-14,148.669998,148.820007,146.119995,146.360001,141.578445,10216000
2025-05-15,148.000000,149.649994,147.330002,149.610001,144.722275,7945800
2025-05-16,149.669998,151.500000,149.220001,151.330002,146.386078,8051200
2025-05-19,151.889999,152.660004,151.050003,152.490005,147.508179,12639900
2025-05-20,152.330002,154.039993,152.119995,153.660004,148.639954,7351500
2025-05-21,153.190002,154.429993,153.000000,153.179993,148.175613,7032200
2025-05-22,152.649994,153.320007,151.369995,152.610001,147.624252,7535300
2025-05-23,153.000000,153.479996,152.210007,152.940002,147.943466,6727300
2025-05-27,152.520004,154.039993,151.929993,153.250000,149.514221,6990700
2025-05-28,153.279999,153.639999,151.929993,152.429993,148.714188,8459300
2025-05-29,151.750000,154.039993,151.559998,153.580002,149.836182,6810600
2025-05-30,153.899994,155.710007,153.220001,155.210007,151.426453,15529700
2025-06-02,154.479996,155.539993,152.300003,155.399994,151.611801,6669300
2025-06-03,154.800003,155.660004,154.080002,154.419998,150.655701,8209800
2025-06-04,154.929993,154.929993,153.130005,153.220001,149.484940,6983900
2025-06-05,153.679993,154.089996,152.639999,153.660004,149.914230,5295400
2025-06-06,154.000000,156.029999,154.000000,155.029999,151.250824,5391500
2025-06-09,154.850006,155.990005,154.449997,155.229996,151.445953,5319000
2025-06-10,155.429993,157.440002,155.020004,156.449997,152.636215,6791600
2025-06-11,156.300003,156.600006,154.729996,155.259995,151.475220,6016000
2025-06-12,156.240005,156.679993,155.169998,156.660004,152.841095,7075500
2025-06-13,155.970001,157.669998,155.970001,157.100006,153.270370,6587500
2025-06-16,156.419998,156.500000,154.449997,155.220001,151.436203,7024000
2025-06-17,154.970001,155.279999,152.100006,152.380005,148.665436,6407100
2025-06-18,152.570007,152.649994,150.710007,150.729996,147.055649,8325200
2025-06-20,151.259995,151.399994,149.039993,149.789993,146.138580,22605500
2025-06-23,149.740005,151.429993,149.740005,151.320007,147.631271,7397900
2025-06-24,151.500000,152.720001,150.979996,152.190002,148.480057,9544200
2025-06-25,151.380005,153.070007,150.729996,152.279999,148.567871,7153700
2025-06-26,152.699997,153.220001,151.529999,152.009995,148.304443,7156900
2025-06-27,152.009995,153.330002,151.009995,152.410004,148.694702,10010800
2025-06-30,152.160004,152.970001,151.520004,152.750000,149.026428,9039300
2025-07-01,153.000000,157.750000,152.809998,155.919998,152.119141,10896700
2025-07-02,156.000000,156.300003,155.070007,155.559998,151.767899,5544000
2025-07-03,155.429993,156.279999,154.880005,156.009995,152.206940,3482500
2025-07-07,156.020004,156.350006,154.889999,155.270004,151.484985,6270900
2025-07-08,154.479996,156.759995,154.210007,155.789993,151.992294,6438200
2025-07-09,155.789993,156.690002,155.070007,156.279999,152.470367,6147400
2025-07-10,156.100006,159.240005,155.820007,157.690002,153.845993,6732900
2025-07-11,157.089996,157.179993,155.179993,156.899994,153.075226,7872000
2025-07-14,156.869995,157.470001,155.520004,156.820007,152.997192,10185600
2025-07-15,156.360001,157.190002,154.800003,155.169998,151.387421,6873200
2025-07-16,160.300003,166.119995,159.800003,164.779999,160.763153,22134800
2025-07-17,163.179993,164.699997,162.300003,162.979996,159.007034,11295700
2025-07-18,163.929993,165.100006,163.360001,163.699997,159.709488,9792600
2025-07-21,163.770004,164.919998,162.779999,164.360001,160.353394,8254000
2025-07-22,165.000000,168.059998,164.710007,167.929993,163.836365,9288000
2025-07-23,168.600006,169.119995,166.589996,169.100006,164.977844,10617600
2025-07-24,169.500000,169.990005,168.880005,169.559998,165.426636,6636900
2025-07-25,169.750000,169.880005,167.440002,168.300003,164.197357,6254900
2025-07-28,167.860001,167.940002,165.050003,166.220001,162.168060,8014600
2025-07-29,166.669998,168.779999,166.369995,168.110001,164.011978,7663400
2025-07-30,167.699997,168.610001,166.779999,167.259995,163.182693,6189200
2025-07-31,165.929993,167.070007,164.229996,164.740005,160.724121,11036200
2025-08-01,165.479996,167.619995,164.789993,167.330002,163.251007,8927800
2025-08-04,167.029999,171.190002,166.639999,171.039993,166.870544,12679100
2025-08-05,170.539993,171.559998,169.649994,170.740005,166.577881,7934400
2025-08-06,169.910004,172.179993,169.679993,170.589996,166.431519,8957200
2025-08-07,171.169998,171.619995,169.919998,171.529999,167.348618,9315900
2025-08-08,171.020004,173.960007,170.389999,173.330002,169.104721,7686800
2025-08-11,173.399994,174.600006,173.050003,173.820007,169.582794,7256800
2025-08-12,174.000000,174.759995,171.809998,172.779999,168.568130,7916700
2025-08-13,173.000000,174.539993,172.699997,174.419998,170.168167,5878700
2025-08-14,174.309998,175.720001,172.720001,174.720001,170.460846,8241700
2025-08-15,175.570007,177.270004,174.960007,176.639999,172.334045,9477600
2025-08-18,176.500000,177.570007,176.100006,176.250000,171.953552,9284000
2025-08-19,176.039993,178.179993,175.979996,177.800003,173.465759,9274200
2025-08-20,178.500000,180.610001,178.000000,178.839996,174.480423,9030000
2025-08-21,178.550003,180.080002,178.160004,178.929993,174.568222,8859600
2025-08-22,180.039993,181.160004,177.470001,179.289993,174.919449,9524000
2025-08-25,179.520004,180.259995,178.289993,178.410004,174.060913,6229100
2025-08-26,176.750000,177.160004,175.770004,176.490005,173.451584,9145000
2025-08-27,176.970001,177.690002,176.160004,176.789993,173.746399,5951100
2025-08-28,176.369995,176.490005,174.630005,175.449997,172.429474,6424700
2025-08-29,175.970001,177.410004,175.449997,177.169998,174.119858,6942300
2025-09-02,177.470001,179.199997,176.889999,178.059998,174.994537,9049000
2025-09-03,177.669998,178.289993,176.529999,178.000000,174.935577,7111700
2025-09-04,178.000000,178.899994,177.550003,178.759995,175.682495,7854800
2025-09-05,178.000000,179.509995,176.559998,178.429993,175.358170,9733800
2025-09-08,177.360001,179.449997,176.699997,178.130005,175.063339,8382500
2025-09-09,178.000000,178.089996,176.449997,176.960007,173.913498,6005700
2025-09-10,176.300003,176.610001,174.330002,175.789993,172.763626,6891600
2025-09-11,175.750000,178.850006,175.630005,178.500000,175.426971,5792500
2025-09-12,177.710007,178.800003,176.720001,178.059998,174.994537,7220200
2025-09-15,177.759995,178.990005,176.929993,177.399994,174.345901,4768100
2025-09-16,177.570007,177.619995,175.649994,176.460007,173.422089,7959300
2025-09-17,176.710007,178.509995,176.589996,177.199997,174.149353,6714900
2025-09-18,176.600006,177.020004,173.869995,174.160004,171.161697,8200900
2025-09-19,174.690002,177.160004,173.330002,176.190002,173.156738,25621000
2025-09-22,176.089996,176.639999,174.119995,174.210007,171.210831,7193900
2025-09-23,174.889999,176.970001,174.830002,176.580002,173.540024,8350400
2025-09-24,176.139999,176.949997,175.740005,176.690002,173.648148,6676800
2025-09-25,177.199997,178.399994,175.910004,177.729996,174.670212,8475000
2025-09-26,178.600006,179.910004,177.320007,179.710007,176.616135,8634400
2025-09-29,179.830002,181.869995,179.800003,181.619995,178.493256,8597100
2025-09-30,181.699997,185.990005,181.070007,185.419998,182.227844,11569000
2025-10-01,186.000000,186.559998,183.910004,186.050003,182.847000,13063800
2025-10-02,184.190002,186.589996,184.089996,185.979996,182.778198,7728100
2025-10-03,187.059998,189.779999,186.910004,188.639999,185.392410,8675100
2025-10-06,188.000000,189.919998,187.369995,188.160004,184.920670,5806100
2025-10-07,183.770004,189.229996,182.940002,188.889999,185.638092,8776800
2025-10-08,188.869995,190.220001,188.270004,189.690002,186.424316,5751200
2025-10-09,190.000000,192.100006,189.729996,191.080002,187.790405,7484800
2025-10-10,192.009995,192.070007,189.850006,190.720001,187.436600,9598000
2025-10-13,189.830002,191.300003,189.279999,190.899994,187.613495,7979500
2025-10-14,192.919998,194.399994,185.880005,190.850006,187.564362,13613300
2025-10-15,191.479996,193.570007,189.300003,191.169998,187.878860,9473000
2025-10-16,191.339996,193.050003,190.429993,192.119995,188.812485,10611800
2025-10-17,192.500000,193.600006,191.679993,193.220001,189.893570,7764400
2025-10-20,193.500000,194.479996,192.330002,193.720001,190.384933,8034700
2025-10-21,193.009995,193.550003,191.770004,191.880005,188.576630,6716000
2025-10-22,192.000000,193.449997,191.779999,192.940002,189.618378,6343100
2025-10-23,192.559998,194.000000,191.539993,192.470001,189.156464,8882500
2025-10-24,192.199997,192.309998,189.419998,190.399994,187.122086,6903400
2025-10-27,189.990005,190.800003,189.529999,190.300003,187.023819,7126000
2025-10-28,189.259995,189.509995,186.619995,186.929993,183.711838,8329500
2025-10-29,186.699997,187.100006,184.660004,186.600006,183.387512,10551100
2025-10-30,187.080002,189.380005,186.910004,189.050003,185.795334,7072500
2025-10-31,187.460007,189.500000,186.759995,188.869995,185.618439,8791700
2025-11-03,189.000000,189.029999,185.520004,186.259995,183.053375,7542600
2025-11-04,186.830002,187.820007,185.619995,186.860001,183.643051,7209400
2025-11-05,186.639999,187.830002,185.399994,186.000000,182.797852,5049400
2025-11-06,186.759995,187.520004,185.369995,186.970001,183.751160,6767400
2025-11-07,187.740005,188.350006,185.699997,186.570007,183.358063,6959200
2025-11-10,186.000000,188.419998,185.119995,188.410004,185.166367,5323800
2025-11-11,189.389999,193.919998,189.050003,193.830002,190.493057,7465600
2025-11-12,193.360001,195.550003,193.070007,194.389999,191.043411,8803000
2025-11-13,194.210007,196.000000,193.449997,195.250000,191.888611,8631600
2025-11-14,195.000000,197.179993,193.550003,195.929993,192.556900,8824800
2025-11-17,196.960007,200.279999,195.899994,199.580002,196.144058,13257000
2025-11-18,199.009995,200.300003,198.529999,200.000000,196.556839,12468600
2025-11-19,200.000000,203.479996,199.380005,202.509995,199.023621,14690800
2025-11-20,202.000000,204.509995,201.570007,203.070007,199.573975,10612600
2025-11-21,203.960007,206.940002,202.990005,203.899994,200.389679,13189100
2025-11-24,203.710007,206.119995,203.000000,206.050003,202.502686,14803900
2025-11-25,205.179993,207.720001,205.179993,206.669998,204.401596,10275300
2025-11-26,206.490005,207.809998,205.940002,207.559998,205.281830,6729000
2025-11-28,207.000000,207.460007,204.630005,206.919998,204.648865,5638300
2025-12-01,206.500000,207.699997,205.339996,205.339996,203.086197,8473700
2025-12-02,205.240005,205.610001,203.100006,205.419998,203.165329,8393600
2025-12-03,205.899994,207.020004,204.990005,205.330002,203.076309,8363300
2025-12-04,204.589996,204.860001,201.710007,202.479996,200.257584,9049900
2025-12-05,202.979996,203.449997,200.809998,201.929993,199.713623,7785300
2025-12-08,202.660004,203.259995,200.990005,201.619995,199.407028,7785700
2025-12-09,202.919998,205.539993,199.910004,199.960007,197.765259,7509400
2025-12-10,200.589996,206.800003,200.179993,206.539993,204.273026,11599800
2025-12-11,207.899994,211.240005,207.830002,210.009995,207.704941,9009000
2025-12-12,210.279999,212.270004,208.960007,211.580002,209.257706,6922700
2025-12-15,210.350006,215.190002,209.009995,214.169998,211.819290,8467000
2025-12-16,214.000000,214.729996,208.809998,209.300003,207.002747,9949800
2025-12-17,209.389999,211.520004,208.460007,210.330002,208.021439,8457600
2025-12-18,209.800003,211.059998,207.759995,208.309998,206.023605,7499900
2025-12-19,207.559998,209.240005,206.029999,206.369995,204.104889,24803900
2025-12-22,206.130005,208.080002,205.500000,207.320007,205.044479,8187800
2025-12-23,205.020004,206.529999,203.279999,205.779999,203.521378,7047300
2025-12-24,206.000000,207.940002,205.570007,207.779999,205.499420,2376500
2025-12-26,207.529999,208.039993,206.710007,207.630005,205.351059,2316700
2025-12-29,208.000000,209.470001,207.380005,207.559998,205.281830,4348900
2025-12-30,207.509995,207.690002,206.520004,206.910004,204.638962,3937400