Date,Open,High,Low,Close,Adj Close,Volume
2020-01-02,139.789993,141.100006,139.259995,141.089996,117.899216,10803700
2020-01-03,137.500000,139.229996,137.080002,138.339996,116.343346,10386800
2020-01-06,136.559998,138.270004,136.500000,138.229996,116.250839,10259000
2020-01-07,137.279999,137.860001,135.820007,135.880005,114.274498,10531300
2020-01-08,135.699997,137.580002,135.600006,136.940002,115.165955,9695300
2020-01-09,138.050003,138.229996,137.039993,137.440002,115.586456,9469000
2020-01-10,137.210007,137.250000,135.809998,136.070007,114.434311,10190900
2020-01-13,136.190002,137.199997,135.759995,137.199997,115.384613,12355200
2020-01-14,137.940002,140.759995,137.690002,138.800003,116.730217,24906000
2020-01-15,137.850006,138.600006,136.149994,136.720001,114.980942,16293400
2020-01-16,137.449997,137.899994,136.839996,137.250000,115.426689,10783800
2020-01-17,137.539993,138.289993,137.320007,138.199997,116.225616,14697700
2020-01-21,137.190002,138.070007,136.690002,136.839996,115.081841,8474200
2020-01-22,137.240005,137.399994,136.380005,136.679993,114.947296,7549100
2020-01-23,135.710007,136.740005,134.720001,136.539993,114.829575,9345700
2020-01-24,136.369995,136.429993,132.320007,133.149994,111.978600,15166400
2020-01-27,130.270004,132.940002,129.710007,132.029999,111.036682,12860500
2020-01-28,132.839996,134.970001,132.479996,134.429993,113.055069,13062800
2020-01-29,134.809998,135.539993,133.690002,134.229996,112.886864,9326000
2020-01-30,132.690002,136.130005,132.690002,135.889999,114.282906,9048900
2020-01-31,134.490005,134.830002,131.470001,132.360001,111.314209,12785200
2020-02-03,132.660004,134.240005,132.660004,133.369995,112.163605,10021100
2020-02-04,135.550003,136.600006,135.080002,135.289993,113.778351,9157100
2020-02-05,136.570007,137.729996,136.009995,137.589996,115.712578,10150700
2020-02-06,138.240005,138.289993,137.110001,137.610001,115.729424,8992300
2020-02-07,136.729996,137.669998,136.300003,137.169998,115.359367,6379800
2020-02-10,136.949997,137.850006,136.750000,137.740005,115.838760,5960700
2020-02-11,138.259995,138.820007,137.779999,138.000000,116.057419,6578600
2020-02-12,138.600006,139.289993,137.800003,138.000000,116.057419,7958000
2020-02-13,137.750000,138.339996,136.399994,137.880005,115.956505,7447500
2020-02-14,137.839996,138.190002,136.940002,137.460007,115.603279,6627600
2020-02-18,137.339996,137.710007,135.050003,135.639999,114.072685,8996400
2020-02-19,136.910004,138.389999,136.339996,137.490005,115.628494,7071200
2020-02-20,137.169998,138.360001,136.529999,137.490005,115.628494,7422800
2020-02-21,136.550003,136.919998,134.919998,135.809998,114.215607,9772800
2020-02-24,131.440002,133.199997,130.800003,132.160004,111.146019,13618400
2020-02-25,131.000000,132.229996,125.589996,126.260002,106.184128,20797200
2020-02-26,126.930000,128.949997,126.339996,126.639999,106.503693,24825600
2020-02-27,122.910004,125.620003,121.300003,121.370003,102.071663,23005500
2020-02-28,117.519997,118.489998,112.660004,116.110001,97.648041,45931400
2020-03-02,116.629997,121.580002,114.459999,121.519997,102.197823,27355400
2020-03-03,120.970001,122.949997,116.239998,116.959999,98.362846,32547700
2020-03-04,118.330002,120.190002,114.699997,119.849998,100.793365,25795900
2020-03-05,115.669998,116.430000,112.580002,113.970001,95.848297,25025600
2020-03-06,106.260002,110.320000,105.019997,108.080002,90.894836,38159400
2020-03-09,96.570000,99.230003,93.000000,93.440002,78.582657,40352000
2020-03-10,99.000000,101.279999,94.580002,100.699997,84.688278,31102700
2020-03-11,97.699997,100.050003,94.550003,95.959999,80.701958,38127000
2020-03-12,89.589996,96.959999,86.320000,88.050003,74.049683,49725200
2020-03-13,95.989998,103.989998,92.000000,103.910004,87.387871,38543300
2020-03-16,85.199997,93.980003,84.550003,88.360001,74.310394,38589700
2020-03-17,90.889999,97.440002,87.500000,93.760002,78.851776,35239800
2020-03-18,87.669998,90.790001,80.360001,83.889999,70.551132,41525600
2020-03-19,81.559998,88.110001,76.910004,85.300003,71.736938,32175100
2020-03-20,86.300003,89.459999,82.480003,83.500000,70.223160,30150800
2020-03-23,82.680000,83.750000,78.089996,79.029999,66.463890,32536600
2020-03-24,84.900002,90.099998,82.900002,88.430000,74.369270,34363200
2020-03-25,89.239998,95.150002,84.540001,91.730003,77.144539,38111700
2020-03-26,94.080002,98.570000,93.540001,98.120003,82.518501,29826300
2020-03-27,93.190002,94.839996,90.550003,91.129997,76.639946,30041500
2020-03-30,90.650002,94.089996,89.300003,93.500000,78.633110,21656900
2020-03-31,92.050003,94.169998,89.339996,90.029999,75.714874,23379300
2020-04-01,85.099998,86.559998,83.250000,84.360001,70.946404,28029600
2020-04-02,83.510002,87.910004,82.959999,87.510002,73.595558,24018000
2020-04-03,86.000000,87.480003,82.769997,84.050003,71.420219,21199400
2020-04-06,88.989998,90.989998,87.699997,89.459999,76.017296,26820800
2020-04-07,94.449997,94.500000,90.379997,90.639999,77.019966,22563800
2020-04-08,92.099998,94.860001,90.550003,94.300003,80.130028,22903300
2020-04-09,96.919998,104.389999,96.889999,102.760002,87.318756,42055900
2020-04-13,103.110001,103.110001,97.300003,98.190002,83.435471,26911900
2020-04-14,101.019997,102.000000,93.639999,95.500000,81.149681,46151300
2020-04-15,91.150002,92.029999,90.129997,90.790001,77.147446,30118600
2020-04-16,90.230003,90.570000,87.050003,87.330002,74.207344,32449600
2020-04-17,92.000000,95.699997,90.959999,95.180000,80.877769,30191900
2020-04-20,92.470001,94.709999,90.459999,91.709999,77.929184,23679400
2020-04-21,88.620003,91.379997,88.330002,89.050003,75.668877,23035000
2020-04-22,90.690002,91.870003,89.180000,89.339996,75.915329,16662400
2020-04-23,89.739998,91.279999,89.260002,89.389999,75.957817,16638800
2020-04-24,90.639999,91.099998,88.489998,90.709999,77.079453,15809200
2020-04-27,91.940002,95.629997,91.540001,94.620003,80.401932,22870200
2020-04-28,97.809998,98.360001,95.029999,95.290001,80.971237,20238900
2020-04-29,99.080002,99.449997,97.269997,97.860001,83.155083,20462600
2020-04-30,95.599998,96.839996,94.550003,95.760002,81.370636,19127600
2020-05-01,93.500000,93.739998,91.839996,93.250000,79.237785,18547700
2020-05-04,92.019997,92.669998,90.800003,92.139999,78.294579,15725900
2020-05-05,93.650002,94.209999,91.900002,92.000000,78.175621,18064100
2020-05-06,92.160004,92.760002,89.930000,90.269997,76.705582,20978000
2020-05-07,91.339996,92.910004,90.580002,91.209999,77.504326,16771900
2020-05-08,92.800003,94.080002,92.110001,92.699997,78.770424,20487800
2020-05-11,91.110001,91.110001,89.330002,89.970001,76.450668,31907600
2020-05-12,90.150002,90.790001,86.900002,87.029999,73.952423,27962900
2020-05-13,86.379997,86.860001,83.400002,84.029999,71.403221,35451600
2020-05-14,82.720001,88.110001,82.400002,87.519997,74.368790,35152500
2020-05-15,86.849998,87.279999,85.300003,85.900002,72.992226,26099000
2020-05-18,88.690002,91.150002,87.879997,90.449997,76.858513,30504400
2020-05-19,90.050003,91.199997,88.589996,88.669998,75.346016,19597300
2020-05-20,90.709999,92.389999,90.370003,91.330002,77.606293,20552400
2020-05-21,90.269997,91.760002,89.669998,90.169998,76.620590,14621400
2020-05-22,90.010002,90.360001,88.720001,89.470001,76.025772,13557900
2020-05-26,92.889999,97.500000,92.610001,95.820000,81.421623,41233900
2020-05-27,102.070000,102.580002,98.800003,101.370003,86.137634,39402000
2020-05-28,102.940002,102.949997,99.400002,99.860001,84.854523,24713900
2020-05-29,98.660004,99.180000,96.779999,97.309998,82.687691,26526400
2020-06-01,97.750000,99.510002,97.379997,98.599998,83.783859,15176800
2020-06-02,100.279999,100.419998,97.930000,98.930000,84.064285,21195000
2020-06-03,101.580002,104.919998,101.059998,104.269997,88.601852,25941100
2020-06-04,103.820000,106.610001,102.790001,106.440002,90.445793,26784700
2020-06-05,114.930000,115.769997,109.529999,111.230003,94.516022,42231000
2020-06-08,113.410004,114.190002,111.940002,113.449997,96.402405,24881800
2020-06-09,110.650002,111.629997,109.010002,110.540001,93.929695,17031100
2020-06-10,110.459999,110.510002,105.849998,106.059998,90.122887,24913300
2020-06-11,100.029999,101.580002,96.540001,97.209999,82.602737,36259200
2020-06-12,100.709999,101.129997,97.330002,99.870003,84.863045,24856800
2020-06-15,96.419998,101.430000,95.870003,101.250000,86.035660,22153600
2020-06-16,105.370003,105.680000,99.309998,102.059998,86.723938,22193600
2020-06-17,102.529999,102.540001,99.209999,99.480003,84.531639,15639800
2020-06-18,98.669998,100.519997,98.129997,98.940002,84.072777,16591900
2020-06-19,100.529999,100.599998,96.730003,97.809998,83.112572,40371200
2020-06-22,97.250000,97.949997,96.540001,96.750000,82.211853,16216900
2020-06-23,98.970001,99.970001,97.849998,97.930000,83.214523,15381400
2020-06-24,96.750000,96.839996,94.309998,94.660004,80.435913,22919800
2020-06-25,94.349998,98.209999,94.260002,97.959999,83.240036,25743600
2020-06-26,95.110001,95.370003,92.000000,92.589996,78.676964,41896300
2020-06-29,93.400002,94.489998,92.180000,93.000000,79.025345,18499700
2020-06-30,92.830002,94.660004,92.570000,94.059998,79.926079,19137000
2020-07-01,94.889999,95.709999,93.029999,93.260002,79.246292,18755700
2020-07-02,94.739998,94.959999,91.930000,92.660004,79.503670,27845600
2020-07-06,94.430000,95.199997,93.480003,95.000000,81.511452,18625300
2020-07-07,93.820000,94.099998,92.000000,92.320000,79.211967,25757200
2020-07-08,92.290001,93.339996,91.800003,93.300003,80.052834,18762200
2020-07-09,93.519997,94.120003,90.779999,91.279999,78.319618,25600800
2020-07-10,92.000000,96.839996,91.870003,96.269997,82.601105,28954200
2020-07-13,98.730003,99.269997,96.230003,97.650002,83.785179,32079200
2020-07-14,98.370003,99.949997,96.639999,98.209999,84.265678,42731700
2020-07-15,100.889999,101.290001,98.650002,99.730003,85.569862,22508400
2020-07-16,98.779999,101.220001,98.550003,100.010002,85.810104,16886900
2020-07-17,100.000000,100.080002,98.139999,98.160004,84.222755,16137700
2020-07-20,97.430000,98.389999,97.260002,97.300003,83.484871,14458100
2020-07-21,97.709999,100.050003,97.639999,99.410004,85.295280,17798100
2020-07-22,99.650002,100.129997,97.529999,98.690002,84.677521,14271200
2020-07-23,98.500000,99.349998,97.970001,98.980003,84.926331,12870200
2020-07-24,99.599998,99.800003,97.940002,98.279999,84.325745,12744200
2020-07-27,97.510002,97.629997,96.169998,96.900002,83.141663,11959100
2020-07-28,96.500000,97.889999,96.500000,97.320000,83.502022,11754300
2020-07-29,97.070000,99.709999,97.000000,99.680000,85.526962,12743500
2020-07-30,97.540001,97.739998,96.050003,97.019997,83.244621,14834800
2020-07-31,96.480003,96.930000,95.250000,96.639999,82.918594,14535000
2020-08-03,97.019997,97.570000,95.849998,96.099998,82.455254,12962800
2020-08-04,95.910004,95.949997,95.029999,95.550003,81.983360,13366200
2020-08-05,95.870003,98.470001,95.720001,97.209999,83.407669,15260900
2020-08-06,97.580002,98.099998,96.540001,97.239998,83.433395,10482100
2020-08-07,96.930000,99.489998,96.559998,99.379997,85.269539,14743700
2020-08-10,100.110001,102.040001,100.029999,100.639999,86.350647,14989900
2020-08-11,103.860001,106.160004,103.510002,103.820000,89.079140,31518600
2020-08-12,106.160004,106.430000,101.709999,102.940002,88.324081,19240800
2020-08-13,102.000000,103.360001,101.639999,102.370003,87.834999,13598600
2020-08-14,101.500000,103.309998,101.419998,102.410004,87.869347,12134400
2020-08-17,101.500000,102.000000,99.529999,99.709999,85.552673,14988000
2020-08-18,99.910004,99.910004,98.120003,98.320000,84.360031,13246500
2020-08-19,98.919998,100.589996,98.339996,98.550003,84.557404,13533000
2020-08-20,97.260002,98.029999,96.800003,97.370003,83.544952,13672600
2020-08-21,97.269997,98.570000,96.940002,97.320000,83.502022,12228300
2020-08-24,98.449997,100.209999,97.419998,100.059998,85.853004,17898300
2020-08-25,101.269997,101.980003,99.800003,100.500000,86.230522,13648900
2020-08-26,99.940002,100.269997,99.050003,99.089996,85.020729,12052400
2020-08-27,99.000000,102.650002,99.000000,102.349998,87.817848,22163900
2020-08-28,103.139999,103.250000,101.809998,102.769997,88.178238,13756700
2020-08-31,102.120003,102.180000,100.019997,100.190002,85.964539,14219400
2020-09-01,99.550003,100.870003,99.040001,100.139999,85.921631,11595600
2020-09-02,99.949997,101.940002,99.559998,101.650002,87.217232,14475700
2020-09-03,103.320000,104.989998,100.639999,101.330002,86.942688,23281200
2020-09-04,104.050003,105.209999,101.370003,103.519997,88.821724,26325500
2020-09-08,102.980003,103.570000,99.480003,99.919998,85.732887,22108600
2020-09-09,100.800003,101.690002,99.559998,100.870003,86.548004,13434000
2020-09-10,101.400002,102.419998,99.639999,99.830002,85.655640,15922800
2020-09-11,99.970001,101.360001,99.589996,101.070000,86.719604,13784300
2020-09-14,101.510002,103.459999,101.370003,102.470001,87.920815,19017400
2020-09-15,102.730003,102.849998,99.139999,99.279999,85.183731,23683000
2020-09-16,99.430000,101.129997,98.760002,99.699997,85.544098,19270600
2020-09-17,98.699997,99.339996,97.709999,98.559998,84.565971,18290100
2020-09-18,97.889999,99.489998,97.440002,98.349998,84.385796,20121600
2020-09-21,95.199997,96.050003,93.820000,95.309998,81.777435,28378800
2020-09-22,94.959999,95.660004,93.669998,94.269997,80.885086,19257000
2020-09-23,94.779999,95.349998,92.660004,92.739998,79.572334,19952700
2020-09-24,92.320000,94.300003,91.379997,92.660004,79.503670,18366500
2020-09-25,92.050003,93.720001,91.870003,93.470001,80.198685,13293100
2020-09-28,95.059998,96.930000,94.349998,96.160004,82.506737,20894100
2020-09-29,96.029999,96.029999,94.330002,95.349998,81.811745,12848200
2020-09-30,95.349998,97.199997,95.260002,96.269997,82.601105,16400600
2020-10-01,97.120003,97.769997,96.029999,96.970001,83.201729,15778700
2020-10-02,95.250000,98.589996,95.089996,97.889999,83.991096,15149600
2020-10-05,98.320000,99.250000,97.529999,99.040001,85.766350,13871900
2020-10-06,100.070000,100.860001,97.510002,98.019997,84.883057,19220400
2020-10-07,98.959999,100.349998,98.669998,99.730003,86.363892,16358500
2020-10-08,100.510002,101.919998,99.900002,101.779999,88.139137,15659000
2020-10-09,102.000000,102.110001,100.110001,101.199997,87.636879,13689100
2020-10-12,101.099998,103.000000,100.849998,102.440002,88.710678,16058000
2020-10-13,103.000000,103.220001,100.260002,100.779999,87.273155,21697300
2020-10-14,101.029999,101.930000,100.099998,100.220001,86.788216,15204100
2020-10-15,99.099998,101.779999,99.040001,101.720001,88.087166,17171200
2020-10-16,101.410004,102.330002,100.720001,101.510002,87.905327,13275000
2020-10-19,101.599998,101.870003,99.559998,99.800003,86.424500,11725700
2020-10-20,100.309998,101.769997,100.120003,100.370003,86.918137,11257100
2020-10-21,100.360001,100.989998,99.330002,99.370003,86.052124,10730500
2020-10-22,99.320000,103.239998,99.309998,102.879997,89.091705,14837200
2020-10-23,103.500000,104.449997,102.930000,103.809998,89.897072,15087600
2020-10-26,102.650002,102.699997,100.250000,101.239998,87.671516,12410700
2020-10-27,100.510002,100.919998,99.160004,99.330002,86.017494,10391700
2020-10-28,97.500000,98.300003,96.070000,96.540001,83.601410,16389500
2020-10-29,96.120003,97.980003,95.239998,97.169998,84.146965,14208800
2020-10-30,97.910004,98.419998,96.230003,98.040001,84.900375,15194500
2020-11-02,99.389999,100.879997,97.860001,100.250000,86.814209,15011600
2020-11-03,103.019997,104.739998,102.690002,103.410004,89.550682,17482600
2020-11-04,101.000000,102.070000,98.930000,100.250000,86.814209,18886500
2020-11-05,101.059998,105.099998,101.000000,104.349998,90.364700,17837400
2020-11-06,105.029999,105.099998,102.389999,102.959999,89.161003,12552800
2020-11-09,113.160004,118.900002,110.349998,116.900002,101.232719,47792400
2020-11-10,117.349998,117.449997,114.690002,116.519997,100.903641,20539300
2020-11-11,116.889999,116.959999,113.959999,114.779999,99.396835,14443400
2020-11-12,112.529999,113.959999,112.059998,113.370003,98.175827,22063000
2020-11-13,114.699997,114.860001,113.570000,114.080002,98.790672,11847900
2020-11-16,117.790001,118.610001,115.730003,117.300003,101.579086,19858600
2020-11-17,115.389999,116.440002,114.580002,116.110001,100.548592,14553200
2020-11-18,117.339996,118.610001,115.199997,115.250000,99.803856,12571200
2020-11-19,114.180000,115.820000,113.559998,115.559998,100.072289,10202500
2020-11-20,114.430000,115.650002,114.089996,114.570000,99.214996,12718900
2020-11-23,116.050003,118.169998,115.570000,117.870003,102.072693,13209200
2020-11-24,120.070000,123.500000,119.709999,123.320000,106.792297,20121600
2020-11-25,121.370003,122.379997,120.470001,122.029999,105.675171,11715600
2020-11-27,122.000000,122.349998,121.080002,121.220001,104.973724,5983600
2020-11-30,120.000000,120.720001,117.769997,117.879997,102.081375,14411800
2020-12-01,120.339996,121.580002,119.629997,119.739998,103.692078,12668900
2020-12-02,119.699997,122.309998,119.269997,122.040001,105.683853,10811300
2020-12-03,121.849998,121.889999,120.360001,121.239998,104.991058,12904400
2020-12-04,122.480003,123.290001,121.690002,122.339996,105.943634,13583700
2020-12-07,121.150002,122.169998,120.209999,121.879997,105.545280,9724300
2020-12-08,121.040001,122.330002,120.760002,122.000000,105.649193,9592100
2020-12-09,123.169998,123.300003,120.440002,121.050003,104.826500,13073900
2020-12-10,119.989998,120.779999,119.559998,120.269997,104.151062,13668400
2020-12-11,118.940002,120.019997,118.370003,119.559998,103.536201,9981600
2020-12-14,121.339996,121.419998,118.110001,118.300003,102.445099,12112400
2020-12-15,119.290001,120.900002,118.620003,120.320000,104.194351,12590200
2020-12-16,120.300003,121.080002,119.860001,120.669998,104.497437,11169400
2020-12-17,121.260002,121.449997,119.580002,119.669998,103.631470,11618000
2020-12-18,119.139999,119.879997,118.269997,119.080002,103.120552,28954800
2020-12-21,123.169998,125.000000,121.089996,123.550003,106.991455,28323600
2020-12-22,123.389999,123.519997,121.610001,121.669998,105.363426,11788200
2020-12-23,122.779999,126.519997,122.349998,125.070000,108.307755,14973200
2020-12-24,125.089996,125.550003,123.570000,124.519997,107.831444,4164900
2020-12-28,125.820000,126.650002,124.790001,125.339996,108.541550,8072600
2020-12-29,126.199997,126.279999,124.889999,125.010002,108.255798,8389200
2020-12-30,125.489998,125.849998,124.900002,125.360001,108.558876,7398000
2020-12-31,125.089996,127.330002,124.820000,127.070000,110.039696,8580200
2021-01-04,127.500000,127.860001,124.779999,125.870003,109.000519,16819900
2021-01-05,124.989998,126.300003,123.769997,125.650002,109.593643,13731200
2021-01-06,129.880005,132.770004,127.879997,131.550003,114.739700,24909100
2021-01-07,135.690002,138.190002,134.919998,135.869995,118.507629,21940400
2021-01-08,135.970001,136.350006,134.119995,136.020004,118.638512,12035100
2021-01-11,134.580002,138.199997,134.110001,138.050003,120.409096,15937900
2021-01-12,139.440002,141.660004,138.830002,140.220001,122.301781,18033500
2021-01-13,138.589996,140.789993,138.100006,140.350006,122.415169,14816800
2021-01-14,140.490005,142.750000,140.000000,141.169998,123.130363,18565600
2021-01-15,137.429993,141.649994,137.009995,138.639999,120.923698,27881000
2021-01-19,139.860001,140.699997,137.820007,138.039993,120.400352,19843800
2021-01-20,137.820007,138.169998,135.440002,135.970001,118.594872,16028800
2021-01-21,135.690002,136.160004,134.320007,134.830002,117.600540,13411700
2021-01-22,132.690002,134.399994,132.199997,133.789993,116.693443,12933200
2021-01-25,132.139999,133.169998,130.059998,132.119995,115.236847,14212800
2021-01-26,132.750000,133.169998,131.339996,131.580002,114.765862,11307800
2021-01-27,129.589996,129.850006,127.349998,127.860001,111.521225,17603900
2021-01-28,129.899994,132.169998,128.990005,130.110001,113.483711,13761800
2021-01-29,131.190002,131.720001,128.190002,128.669998,112.227707,14808100
2021-02-01,129.399994,130.070007,128.479996,129.619995,113.056313,11080700
2021-02-02,131.940002,134.389999,131.220001,133.610001,116.536438,12253600
2021-02-03,133.649994,135.759995,133.509995,135.139999,117.870941,10600800
2021-02-04,135.470001,138.660004,135.470001,138.250000,120.583542,12419500
2021-02-05,139.389999,139.490005,137.380005,137.979996,120.348015,10051300
2021-02-08,138.199997,140.300003,138.179993,140.139999,122.231979,10136400
2021-02-09,139.429993,139.979996,138.539993,139.580002,121.743538,8614800
2021-02-10,140.000000,140.869995,139.039993,139.660004,121.813347,10323200
2021-02-11,139.660004,140.550003,138.220001,139.270004,121.473183,9201000
2021-02-12,139.050003,141.610001,139.000000,141.250000,123.200157,8324600
2021-02-16,143.550003,145.320007,142.399994,144.649994,126.165688,12130600
2021-02-17,143.949997,145.380005,143.119995,145.100006,126.558197,10810100
2021-02-18,144.000000,145.789993,143.399994,145.589996,126.985535,10587800
2021-02-19,145.860001,148.839996,145.860001,148.020004,129.105072,11969800
2021-02-22,146.869995,150.190002,146.789993,149.410004,130.317413,11488400
2021-02-23,151.509995,152.309998,149.589996,150.610001,131.364075,16234400
2021-02-24,150.110001,153.759995,150.110001,153.259995,133.675446,15061400
2021-02-25,154.270004,154.899994,150.589996,151.179993,131.861221,18127700
2021-02-26,150.300003,150.869995,146.509995,147.169998,128.363647,19829200
2021-03-01,149.520004,151.380005,148.479996,150.500000,131.268143,14845500
2021-03-02,150.080002,151.779999,149.839996,150.009995,130.840759,14221700
2021-03-03,151.229996,154.979996,150.820007,152.910004,133.370163,14324100
2021-03-04,152.610001,154.380005,148.619995,150.559998,131.320450,20093900
2021-03-05,153.220001,153.490005,147.970001,150.910004,131.625702,18465100
2021-03-08,152.470001,155.460007,150.750000,152.910004,133.370163,17133300
2021-03-09,151.500000,154.250000,149.820007,151.830002,132.428177,16238800
2021-03-10,151.910004,156.160004,151.509995,155.130005,135.306503,14342200
2021-03-11,154.110001,156.149994,153.360001,154.320007,134.599960,11771500
2021-03-12,156.860001,157.630005,155.070007,156.149994,136.196136,12849500
2021-03-15,156.350006,156.919998,153.960007,155.369995,135.515808,12101100
2021-03-16,154.089996,154.600006,152.190002,153.509995,133.893524,12805600
2021-03-17,155.339996,156.880005,153.050003,155.089996,135.271606,13952400
2021-03-18,157.600006,161.690002,157.110001,157.649994,137.504456,21898500
2021-03-19,155.509995,155.940002,151.190002,155.139999,135.315216,54418800
2021-03-22,152.800003,153.970001,150.610001,150.970001,131.678055,19944800
2021-03-23,150.330002,152.119995,148.960007,149.460007,130.361038,17076300
2021-03-24,150.000000,153.179993,149.860001,150.619995,131.372772,13079800
2021-03-25,150.000000,152.970001,149.330002,152.550003,133.056183,15608300
2021-03-26,154.300003,155.449997,152.550003,155.089996,135.271606,16754400
2021-03-29,152.119995,153.729996,151.039993,152.679993,133.169556,17570300
2021-03-30,154.460007,155.869995,153.880005,154.479996,134.739532,13184300
2021-03-31,153.279999,154.490005,152.119995,152.229996,132.777084,16736700
2021-04-01,151.899994,153.789993,151.550003,153.710007,134.067963,16561500
2021-04-05,154.399994,154.940002,152.600006,153.619995,134.778625,13508000
2021-04-06,152.789993,154.279999,151.860001,152.539993,133.831070,13071600
2021-04-07,153.100006,155.229996,152.649994,154.929993,135.927933,16903500
2021-04-08,154.000000,155.509995,152.309998,155.119995,136.094620,12335500
2021-04-09,155.809998,157.039993,154.970001,156.279999,137.112381,12122400
2021-04-12,155.580002,157.250000,155.570007,155.949997,136.822815,12273400
2021-04-13,154.750000,155.199997,152.429993,154.089996,135.190964,16113600
2021-04-14,151.470001,153.830002,150.929993,151.210007,132.664185,19939600
2021-04-15,151.250000,152.199997,149.320007,152.169998,133.506424,17694100
2021-04-16,153.869995,154.509995,152.690002,153.300003,134.497879,13773400
2021-04-19,153.419998,153.880005,152.220001,152.649994,133.927551,11900200
2021-04-20,151.740005,151.750000,148.649994,149.270004,130.962128,13716700
2021-04-21,147.789993,150.610001,146.789993,150.539993,132.076355,12236700
2021-04-22,150.229996,150.300003,147.259995,147.369995,129.295135,15256100
2021-04-23,147.179993,151.130005,146.690002,150.190002,131.769287,14041900
2021-04-26,150.779999,152.460007,150.380005,150.559998,132.093903,10799100
2021-04-27,150.500000,151.570007,150.110001,151.250000,132.699265,12821200
2021-04-28,152.429993,152.889999,151.399994,152.229996,133.559021,8943700
2021-04-29,153.539993,155.279999,153.199997,155.190002,136.156052,12976900
2021-04-30,154.100006,154.490005,153.009995,153.809998,134.945282,11705100
2021-05-03,154.850006,155.479996,153.130005,153.360001,134.550476,11801100
2021-05-04,152.869995,155.639999,152.139999,155.479996,136.410446,12977700
2021-05-05,156.000000,158.279999,154.630005,157.520004,138.200256,10506700
2021-05-06,158.070007,160.820007,157.160004,160.690002,140.981506,13542400
2021-05-07,157.220001,161.500000,157.020004,161.240005,141.464020,14257800
2021-05-10,161.500000,163.729996,161.119995,161.220001,141.446442,14014300
2021-05-11,161.080002,162.389999,158.039993,158.539993,139.095154,15451700
2021-05-12,159.610001,160.779999,157.029999,157.449997,138.138870,14381700
2021-05-13,158.179993,162.449997,157.679993,161.500000,141.692078,15395000
2021-05-14,162.389999,164.449997,161.990005,164.009995,143.894226,10584000
2021-05-17,163.369995,164.850006,163.029999,164.669998,144.473312,9886800
2021-05-18,164.679993,165.500000,162.240005,162.350006,142.437881,11098100
2021-05-19,161.000000,161.179993,158.639999,161.110001,141.349960,13278900
2021-05-20,160.830002,161.860001,159.520004,160.830002,141.104340,10426000
2021-05-21,161.339996,163.220001,160.940002,162.660004,142.709869,10249000
2021-05-24,163.360001,164.229996,162.119995,163.539993,143.481918,9440300
2021-05-25,163.850006,165.699997,161.559998,161.850006,141.999191,12609100
2021-05-26,163.570007,163.740005,161.309998,161.830002,141.981659,13058300
2021-05-27,163.949997,164.750000,162.570007,164.350006,144.192566,15707500
2021-05-28,164.679993,164.940002,163.259995,164.240005,144.096115,10291300
2021-06-01,165.869995,166.910004,165.479996,166.050003,145.684097,9445400
2021-06-02,167.259995,167.440002,165.529999,166.059998,145.692856,10498600
2021-06-03,165.410004,167.250000,164.660004,166.169998,145.789337,13354400
2021-06-04,166.210007,166.669998,165.029999,166.440002,146.026215,8510800
2021-06-07,167.000000,167.100006,165.139999,165.660004,145.341888,7267200
2021-06-08,164.490005,165.759995,163.160004,165.000000,144.762833,10370700
2021-06-09,164.139999,164.220001,162.279999,162.940002,142.955490,12377400
2021-06-10,164.360001,165.240005,160.309998,160.399994,140.727005,12119400
2021-06-11,160.429993,161.199997,159.059998,160.289993,140.630508,13683800
2021-06-14,160.149994,160.330002,156.660004,157.570007,138.244156,19917900
2021-06-15,156.699997,156.919998,154.130005,155.179993,136.147278,24485500
2021-06-16,154.729996,157.619995,153.110001,156.270004,137.103592,25321200
2021-06-17,157.100006,157.460007,151.250000,151.759995,133.146729,29722400
2021-06-18,149.300003,149.699997,147.559998,147.919998,129.777664,43595700
2021-06-21,149.080002,151.199997,149.020004,150.429993,131.979813,18664800
2021-06-22,150.600006,150.970001,148.660004,150.210007,131.786819,14251200
2021-06-23,150.199997,152.039993,150.089996,151.119995,132.585220,12733300
2021-06-24,151.919998,153.119995,151.220001,152.509995,133.804764,13733200
2021-06-25,152.589996,154.500000,151.669998,154.050003,135.155869,15484900
2021-06-28,153.699997,154.479996,152.119995,154.330002,135.401520,14125800
2021-06-29,155.000000,156.309998,153.610001,154.139999,135.234833,14528700
2021-06-30,153.750000,156.080002,153.710007,155.539993,136.463104,12531000
2021-07-01,156.259995,157.139999,155.419998,157.080002,137.814255,10479400
2021-07-02,155.949997,156.320007,155.119995,156.029999,137.681839,11424000
2021-07-06,155.779999,155.779999,152.350006,153.410004,135.369965,15083400
2021-07-07,152.009995,154.279999,151.550003,153.589996,135.528778,12271800
2021-07-08,151.610001,152.529999,150.039993,150.940002,133.190430,17834600
2021-07-09,153.050003,156.149994,152.580002,155.770004,137.452438,13694500
2021-07-12,154.350006,159.160004,153.940002,158.000000,139.420151,19940400
2021-07-13,156.050003,157.389999,153.500000,155.649994,137.346542,22671700
2021-07-14,155.949997,157.279999,152.949997,155.119995,136.878891,14622800
2021-07-15,153.899994,156.529999,153.699997,155.460007,137.178940,11539300
2021-07-16,155.960007,156.279999,151.020004,151.910004,134.046341,14002700
2021-07-19,148.550003,149.820007,145.710007,146.970001,129.687241,22172900
2021-07-20,146.520004,151.119995,146.330002,149.710007,132.105087,15385200
2021-07-21,152.050003,153.649994,151.360001,152.860001,134.884644,12356700
2021-07-22,152.880005,153.440002,149.970001,150.929993,133.181580,9913300
2021-07-23,151.479996,152.839996,150.250000,150.639999,132.925720,9666100
2021-07-26,150.190002,151.960007,150.169998,151.649994,133.816910,8208000
2021-07-27,150.399994,152.490005,149.800003,151.449997,133.640442,11218700
2021-07-28,152.289993,152.770004,150.880005,151.699997,133.861053,9217300
2021-07-29,153.139999,153.869995,151.910004,153.000000,135.008179,9063500
2021-07-30,152.580002,153.669998,151.199997,151.779999,133.931641,9805200
2021-08-02,152.029999,154.449997,151.070007,151.169998,133.393356,10203200
2021-08-03,151.949997,153.320007,149.520004,152.889999,134.911118,10394800
2021-08-04,151.250000,153.369995,150.910004,151.240005,133.455139,10155000
2021-08-05,152.279999,153.690002,152.009995,153.149994,135.140564,9151500
2021-08-06,155.190002,157.820007,155.110001,157.500000,138.979019,13328800
2021-08-09,157.520004,158.550003,155.899994,157.330002,138.828979,9516900
2021-08-10,156.740005,159.979996,156.309998,159.259995,140.532028,8667000
2021-08-11,160.000000,161.500000,159.080002,161.160004,142.208618,9156500
2021-08-12,161.880005,162.369995,160.550003,161.789993,142.764496,8844200
2021-08-13,161.789993,162.160004,159.570007,159.979996,141.167374,8980900
2021-08-16,158.940002,159.029999,156.779999,158.929993,140.240829,8755800
2021-08-17,157.570007,158.860001,155.270004,157.009995,138.546616,9347200
2021-08-18,156.309998,158.009995,155.339996,155.580002,137.284775,8065500
2021-08-19,153.160004,155.559998,153.009995,154.279999,136.137665,9517700
2021-08-20,154.350006,154.899994,153.160004,154.720001,136.525894,6974100
2021-08-23,155.330002,157.089996,155.240005,156.699997,138.273087,7934600
2021-08-24,157.000000,158.550003,156.869995,157.669998,139.129028,7670900
2021-08-25,158.509995,161.779999,157.800003,160.919998,141.996841,11335000
2021-08-26,162.259995,163.830002,161.149994,161.750000,142.729248,11027500
2021-08-27,161.750000,163.160004,161.259995,163.050003,143.876358,8780200
2021-08-30,163.210007,163.490005,159.880005,160.440002,141.573288,7937600
2021-08-31,160.440002,161.369995,159.350006,159.949997,141.140900,12340800
2021-09-01,160.220001,160.759995,158.970001,159.720001,140.937943,8729900
2021-09-02,160.020004,161.610001,159.429993,160.460007,141.590912,8813300
2021-09-03,160.389999,160.889999,159.149994,159.490005,140.735001,7959700
2021-09-07,159.990005,161.380005,158.960007,159.210007,140.487946,9285600
2021-09-08,158.889999,159.580002,158.039993,158.500000,139.861389,7852700
2021-09-09,158.270004,160.830002,158.080002,159.190002,140.470306,7904300
2021-09-10,160.559998,160.720001,157.220001,157.360001,138.855469,8311600
2021-09-13,158.529999,160.050003,158.070007,159.860001,141.061478,10052800
2021-09-14,160.449997,161.339996,156.259995,157.070007,138.599503,11685600
2021-09-15,156.720001,158.690002,156.470001,158.160004,139.561386,11691500
2021-09-16,159.410004,160.850006,157.220001,158.089996,139.499634,10880900
2021-09-17,157.380005,159.009995,157.000000,157.679993,139.137817,25581600
2021-09-20,153.889999,154.559998,150.490005,152.960007,134.972855,15819900
2021-09-21,153.529999,154.550003,152.580002,152.979996,134.990524,8999900
2021-09-22,155.199997,157.250000,155.100006,155.910004,137.576004,11236200
2021-09-23,158.000000,161.710007,157.669998,161.179993,142.226257,12336100
2021-09-24,161.440002,163.589996,160.820007,163.039993,143.867523,10102400
2021-09-27,165.000000,167.399994,164.610001,166.979996,147.344238,13220900
2021-09-28,167.699997,169.300003,165.660004,166.080002,146.550034,13387900
2021-09-29,166.210007,166.899994,165.039993,165.949997,146.435349,7777100
2021-09-30,166.919998,166.990005,162.789993,163.690002,144.441116,13161200
2021-10-01,164.000000,168.300003,163.600006,167.130005,147.476593,11285000
2021-10-04,166.970001,170.440002,165.729996,166.949997,147.317734,14120000
2021-10-05,167.210007,170.139999,166.669998,168.660004,149.723480,12292900
2021-10-06,167.990005,169.100006,166.000000,169.020004,150.043015,8692600
2021-10-07,171.199997,171.509995,169.539993,170.089996,150.992920,10195400
2021-10-08,170.020004,171.339996,169.300003,170.220001,151.108276,8190100
2021-10-11,170.800003,171.289993,166.460007,166.639999,147.930283,12154700
2021-10-12,165.750000,166.690002,164.770004,165.360001,146.793991,13032600
2021-10-13,164.070007,165.410004,160.600006,161.000000,142.923523,22753500
2021-10-14,161.750000,164.009995,160.059998,163.470001,145.116196,15176800
2021-10-15,165.350006,167.169998,164.139999,166.610001,147.903671,14267400
2021-10-18,166.479996,168.610001,165.910004,166.550003,147.850357,12672900
2021-10-19,167.399994,168.649994,166.580002,168.570007,149.643616,8053900
2021-10-20,168.300003,170.869995,167.460007,170.839996,151.658707,8185600
2021-10-21,170.759995,171.330002,168.679993,169.500000,150.469177,8415200
2021-10-22,170.029999,172.089996,169.699997,171.779999,152.493179,8817900
2021-10-25,172.710007,172.960007,170.479996,170.940002,151.747498,10159200
2021-10-26,171.000000,172.490005,170.539993,171.399994,152.155807,8015100
2021-10-27,170.320007,170.699997,167.339996,167.830002,148.986694,9847000
2021-10-28,168.300003,170.509995,167.960007,170.360001,151.232605,7212900
2021-10-29,171.179993,172.240005,169.389999,169.889999,150.815369,8140100
2021-11-01,172.039993,172.330002,169.009995,169.800003,150.735474,7435500
2021-11-02,169.800003,171.690002,168.919998,170.470001,151.330246,7173800
2021-11-03,170.130005,171.130005,169.149994,170.529999,151.383545,8402700
2021-11-04,170.000000,170.199997,166.490005,168.289993,149.394974,9574200
2021-11-05,168.899994,170.089996,167.410004,168.050003,149.181992,7975600
2021-11-08,169.050003,170.919998,168.740005,169.059998,150.078552,6413700
2021-11-09,167.350006,168.470001,166.600006,167.779999,148.942291,7990300
2021-11-10,167.449997,168.949997,167.089996,167.619995,148.800247,6999200
2021-11-11,167.520004,168.679993,166.899994,167.610001,148.791397,5815300
2021-11-12,167.649994,167.740005,165.720001,166.860001,148.125549,8113400
2021-11-15,167.210007,167.789993,166.000000,166.559998,147.859283,6492500
2021-11-16,167.059998,167.070007,165.119995,165.360001,146.793991,9706100
2021-11-17,165.210007,165.559998,163.389999,164.470001,146.003906,9909600
2021-11-18,164.389999,164.850006,162.559998,163.050003,144.743347,8122500
2021-11-19,161.300003,162.110001,159.449997,160.919998,142.852463,12193600
2021-11-22,164.160004,165.979996,162.990005,164.350006,145.897385,14549900
2021-11-23,165.500000,168.559998,165.369995,168.279999,149.386139,12354400
2021-11-24,168.460007,169.440002,166.440002,166.960007,148.214355,9629800
2021-11-26,162.139999,162.649994,158.820007,161.929993,143.749069,13619300
2021-11-29,163.309998,164.779999,159.820007,161.229996,143.127686,12104400
2021-11-30,159.160004,160.630005,158.289993,158.830002,140.997177,18922600
2021-12-01,161.000000,163.270004,157.800003,157.889999,140.162689,12253400
2021-12-02,159.830002,163.250000,158.800003,161.210007,143.109924,12969900
2021-12-03,161.500000,161.830002,157.190002,158.289993,140.517776,12681800
2021-12-06,161.009995,162.610001,159.460007,160.160004,142.177826,11186500
2021-12-07,161.880005,163.389999,161.160004,162.570007,144.317261,9851600
2021-12-08,162.660004,163.270004,160.169998,160.710007,142.666077,11705700
2021-12-09,159.649994,160.929993,158.649994,160.460007,142.444153,11189600
2021-12-10,161.320007,161.699997,159.130005,159.820007,141.876007,10405400
2021-12-13,159.500000,159.789993,157.279999,157.919998,140.189285,12069000
2021-12-14,157.449997,160.889999,157.300003,159.130005,141.263489,12563600
2021-12-15,159.850006,159.850006,157.350006,157.940002,140.207077,14014200
2021-12-16,160.389999,161.820007,158.699997,160.410004,142.399734,19542800
2021-12-17,159.320007,159.380005,155.179993,156.759995,139.159546,28082000
2021-12-20,154.509995,154.699997,151.839996,153.940002,136.656189,15148000
2021-12-21,155.410004,157.179993,155.089996,156.089996,138.564804,11291300
2021-12-22,155.750000,157.059998,155.240005,156.699997,139.106293,7273000
2021-12-23,157.610001,159.119995,157.210007,157.259995,139.603409,8055200
2021-12-27,157.600006,158.199997,156.339996,158.160004,140.402374,6188100
2021-12-28,158.199997,160.149994,158.080002,158.639999,140.828476,6342300
2021-12-29,158.850006,159.630005,158.149994,158.559998,140.757477,6398900
2021-12-30,159.110001,160.240005,158.369995,158.479996,140.686462,6948200
2021-12-31,158.449997,159.289993,157.960007,158.350006,140.571060,5805900
2022-01-03,159.860001,162.639999,159.509995,161.699997,143.544937,13120900
2022-01-04,164.309998,168.580002,164.229996,167.830002,148.986694,20195800
2022-01-05,167.820007,168.360001,163.729996,163.779999,146.262878,17539400
2022-01-06,166.910004,167.369995,163.869995,165.520004,147.816818,14047500
2022-01-07,165.669998,167.529999,165.059998,167.160004,149.281387,13913300
2022-01-10,169.070007,169.309998,165.529999,167.320007,149.424255,12922500
2022-01-11,168.259995,168.520004,166.309998,167.490005,149.576080,11854100
2022-01-12,168.460007,169.589996,167.179993,168.440002,150.424469,12568000
2022-01-13,168.339996,169.809998,167.889999,168.229996,150.236938,13623400
2022-01-14,160.759995,161.029999,156.899994,157.889999,141.002869,40158400
2022-01-18,155.779999,155.779999,150.539993,151.270004,135.090897,32324800
2022-01-19,151.570007,152.229996,148.550003,148.929993,133.001129,22380000
2022-01-20,148.990005,150.610001,147.360001,147.660004,131.867004,14860800
2022-01-21,147.500000,147.509995,144.270004,145.080002,129.562943,20705400
2022-01-24,142.279999,145.479996,139.570007,144.949997,129.446823,28471400
2022-01-25,143.649994,146.850006,140.789993,146.529999,130.857849,18915900
2022-01-26,148.720001,150.570007,145.960007,147.919998,132.099167,20709100
2022-01-27,149.419998,150.380005,144.130005,145.309998,129.768356,17536800
2022-01-28,144.190002,146.759995,142.169998,146.610001,130.929260,14117000
2022-01-31,145.639999,148.789993,144.669998,148.600006,132.706436,13985700
2022-02-01,148.690002,151.470001,148.300003,151.149994,134.983734,14584900
2022-02-02,150.500000,150.940002,148.070007,149.940002,133.903137,12441100
2022-02-03,150.000000,151.649994,148.289993,148.699997,132.795746,12474900
2022-02-04,149.100006,153.500000,148.770004,152.559998,136.242889,16654400
2022-02-07,153.270004,153.619995,150.850006,153.070007,136.698349,12572300
2022-02-08,155.000000,158.479996,154.800003,155.949997,139.270325,20411400
2022-02-09,156.589996,157.429993,155.820007,156.600006,139.850784,9131100
2022-02-10,156.660004,159.029999,155.220001,155.949997,139.270325,16455600
2022-02-11,155.610001,158.190002,152.970001,153.919998,137.457458,16830000
2022-02-14,152.729996,153.679993,150.320007,152.490005,136.180405,17026500
2022-02-15,154.509995,155.940002,153.850006,154.720001,138.171890,9500000
2022-02-16,153.740005,156.100006,153.740005,155.000000,138.421936,9076500
2022-02-17,153.000000,153.729996,150.669998,151.429993,135.233734,11367500
2022-02-18,152.130005,154.139999,151.130005,152.139999,135.867844,11733300
2022-02-22,150.600006,153.240005,150.410004,151.869995,135.626709,11333500
2022-02-23,153.119995,153.300003,147.970001,148.690002,132.786835,11799000
2022-02-24,142.940002,144.990005,139.779999,144.550003,129.089661,25655100
2022-02-25,145.250000,150.130005,144.910004,147.970001,132.143860,18367700
2022-02-28,143.550003,145.059998,140.880005,141.800003,126.633759,31315300
2022-03-01,140.039993,140.479996,133.580002,136.449997,121.855949,36840400
2022-03-02,137.289993,140.039993,136.610001,139.279999,124.383232,19405600
2022-03-03,139.839996,140.979996,137.059998,138.289993,123.499146,16640800
2022-03-04,134.940002,135.419998,132.399994,134.399994,120.025223,21016000
2022-03-07,132.169998,132.690002,128.949997,129.210007,115.390327,27560100
2022-03-08,129.639999,131.789993,127.269997,128.300003,114.577660,19207800
2022-03-09,132.899994,135.240005,132.440002,133.440002,119.167900,17536200
2022-03-10,131.860001,133.449997,130.320007,131.860001,117.756897,15604200
2022-03-11,132.490005,134.080002,128.419998,128.889999,115.104553,20061800
2022-03-14,129.460007,132.919998,129.229996,130.169998,116.247650,15786900
2022-03-15,131.800003,133.550003,131.130005,132.479996,118.310585,15096600
2022-03-16,134.869995,138.490005,134.429993,138.399994,123.597397,20354900
2022-03-17,136.860001,140.190002,135.919998,140.149994,125.160210,17050500
2022-03-18,140.190002,140.850006,138.460007,140.100006,125.115593,23656500
2022-03-21,140.350006,140.759995,138.729996,139.649994,124.713730,12676100
2022-03-22,142.270004,143.929993,141.720001,142.619995,127.366043,13548600
2022-03-23,140.979996,141.589996,139.199997,139.779999,124.829788,12093200
2022-03-24,140.300003,140.710007,139.110001,140.690002,125.642464,10017600
2022-03-25,141.089996,143.179993,140.800003,141.919998,126.740913,8383500
2022-03-28,140.000000,140.970001,137.899994,140.869995,125.803215,10818100
2022-03-29,143.350006,143.600006,140.240005,141.179993,126.080063,11316500
2022-03-30,141.899994,142.119995,139.910004,140.539993,125.508507,8771000
2022-03-31,139.830002,140.350006,136.259995,136.320007,121.739876,17353900
2022-04-01,137.399994,137.410004,133.800003,135.309998,120.837906,15721300
2022-04-04,134.119995,136.940002,132.889999,135.910004,121.373718,17416400
2022-04-05,134.070007,135.399994,133.009995,133.339996,119.961250,12110300
2022-04-06,131.580002,132.559998,130.960007,131.490005,118.296898,12914700
2022-04-07,130.949997,131.919998,128.729996,131.089996,117.937012,12994200
2022-04-08,131.669998,133.899994,131.490005,133.490005,120.096207,13126900
2022-04-11,133.000000,134.899994,132.570007,133.000000,119.655373,10466400
2022-04-12,132.139999,134.580002,130.699997,131.539993,118.341858,12989900
2022-04-13,126.940002,129.250000,126.010002,127.300003,114.527275,30838000
2022-04-14,126.500000,128.300003,125.019997,126.120003,113.465683,18835200
2022-04-18,125.669998,129.240005,125.540001,128.460007,115.570892,11834400
2022-04-19,128.449997,131.320007,128.229996,131.119995,117.964012,15015400
2022-04-20,132.520004,133.509995,131.339996,131.580002,118.377853,13430200
2022-04-21,132.220001,132.809998,129.960007,130.559998,117.460190,12174200
2022-04-22,130.279999,130.520004,126.690002,126.809998,114.086441,14318800
2022-04-25,126.010002,127.120003,123.110001,126.769997,114.050468,17149000
2022-04-26,124.639999,126.410004,122.870003,123.019997,110.676697,17209500
2022-04-27,122.330002,123.559998,121.220001,121.419998,109.237251,17215200
2022-04-28,122.809998,123.650002,121.139999,123.339996,110.964607,13015600
2022-04-29,123.050003,123.610001,118.900002,119.360001,107.383949,14874800
2022-05-02,119.879997,120.709999,118.220001,120.449997,108.364586,18545000
2022-05-03,121.529999,124.169998,120.779999,123.029999,110.685715,15720900
2022-05-04,122.800003,127.400002,122.739998,127.099998,114.347328,17128500
2022-05-05,125.250000,126.099998,122.160004,123.919998,111.486412,15055400
2022-05-06,123.800003,124.290001,121.180000,123.720001,111.306480,14417900
2022-05-09,122.110001,123.330002,120.500000,121.860001,109.633095,14312300
2022-05-10,123.110001,123.779999,117.559998,118.889999,106.961098,16382400
2022-05-11,119.300003,122.889999,117.940002,118.139999,106.286346,14630300
2022-05-12,117.000000,118.320000,115.370003,118.040001,106.196381,16318800
2022-05-13,119.410004,120.250000,117.959999,119.089996,107.141037,10443200
2022-05-16,118.540001,119.459999,117.230003,118.260002,106.394318,10269000
2022-05-17,121.040001,122.970001,120.809998,122.180000,109.920998,11160200
2022-05-18,121.300003,121.970001,119.529999,120.089996,108.040688,12664900
2022-05-19,118.190002,119.650002,117.629997,118.309998,106.439293,12765800
2022-05-20,119.459999,119.669998,115.019997,117.339996,105.566620,13150100
2022-05-23,120.459999,126.570000,120.449997,124.599998,112.098175,24376700
2022-05-24,124.360001,127.489998,123.110001,126.360001,113.681595,19324900
2022-05-25,126.279999,127.860001,125.169998,127.239998,114.473289,12780400
2022-05-26,128.369995,130.190002,128.210007,129.440002,116.452560,15990900
2022-05-27,130.160004,131.270004,129.139999,131.270004,118.098969,11177800
2022-05-31,130.179993,133.149994,129.710007,132.229996,118.962601,17015000
2022-06-01,132.869995,132.869995,128.669998,129.910004,116.875389,10768000
2022-06-02,129.899994,132.009995,128.669998,132.000000,118.755676,8374800
2022-06-03,131.210007,131.770004,129.990005,130.160004,117.100319,8596000
2022-06-06,131.089996,132.389999,129.460007,129.729996,116.713448,11323500
2022-06-07,128.830002,130.320007,128.619995,130.070007,117.019363,6722200
2022-06-08,129.000000,129.449997,126.900002,128.000000,115.157043,8422100
2022-06-09,127.370003,128.100006,125.269997,125.309998,112.736946,13560100
2022-06-10,122.589996,123.400002,119.320000,119.550003,107.554878,12945200
2022-06-13,116.860001,117.949997,115.059998,115.989998,104.352081,16805600
2022-06-14,115.550003,117.320000,113.220001,114.059998,102.615730,13357900
2022-06-15,115.620003,116.949997,113.169998,115.410004,103.830276,14083500
2022-06-16,113.860001,114.260002,111.870003,113.430000,102.048943,16724900
2022-06-17,113.540001,114.629997,112.160004,113.029999,101.689079,30919900
2022-06-21,115.870003,117.029999,115.040001,115.830002,104.208122,11680500
2022-06-22,114.879997,116.199997,114.389999,115.180000,103.623337,9842700
2022-06-23,115.010002,115.180000,111.480003,113.919998,102.489761,11851500
2022-06-24,113.230003,117.820000,112.830002,117.320000,105.548622,14841100
2022-06-27,118.059998,118.500000,115.639999,116.379997,104.702927,11280500
2022-06-28,117.669998,119.290001,115.599998,115.820000,104.199127,11590900
2022-06-29,116.000000,116.820000,114.730003,115.300003,103.731323,9338400
2022-06-30,113.169998,114.080002,110.930000,112.610001,101.311211,15172600
2022-07-01,112.650002,114.419998,111.160004,114.050003,102.606728,10573600
2022-07-05,110.769997,112.709999,109.300003,112.620003,102.216461,12514200
2022-07-06,111.730003,112.989998,110.790001,111.889999,101.553886,10656200
2022-07-07,113.500000,114.900002,113.400002,114.720001,104.122452,10347400
2022-07-08,115.160004,115.650002,113.610001,114.360001,103.795708,8807800
2022-07-11,113.550003,114.230003,112.220001,112.860001,102.434273,7939500
2022-07-12,112.580002,115.180000,112.260002,112.970001,102.534119,11250900
2022-07-13,111.750000,112.480003,110.379997,111.910004,101.572037,12979900
2022-07-14,107.989998,108.230003,106.059998,108.000000,98.023254,26204800
2022-07-15,109.160004,113.879997,107.669998,112.949997,102.515953,18863900
2022-07-18,114.769997,115.839996,111.290001,111.790001,101.463127,13977900
2022-07-19,113.129997,114.940002,112.669998,114.559998,103.977242,11862300
2022-07-20,114.099998,114.739998,113.480003,114.540001,103.959076,11667500
2022-07-21,114.440002,115.529999,113.370003,115.320000,104.667030,11595900
2022-07-22,115.239998,116.250000,113.669998,114.760002,104.158760,7645500
2022-07-25,115.839996,116.459999,114.769997,115.220001,104.576279,9394000
2022-07-26,114.580002,115.580002,113.029999,113.419998,102.942543,10675100
2022-07-27,114.010002,115.739998,113.300003,115.239998,104.594421,9337400
2022-07-28,115.250000,115.980003,113.529999,114.809998,104.204140,10384800
2022-07-29,115.589996,116.500000,114.790001,115.360001,104.703331,12944500
2022-08-01,114.500000,115.110001,113.070000,114.209999,103.659569,14740400
2022-08-02,113.919998,114.400002,112.269997,112.430000,102.044006,14942900
2022-08-03,113.449997,114.099998,111.709999,113.610001,103.114998,14394500
2022-08-04,112.849998,113.320000,111.019997,112.360001,101.980461,18033900
2022-08-05,112.529999,116.190002,112.050003,115.760002,105.066383,14174600
2022-08-08,116.250000,116.699997,114.180000,114.349998,103.786636,10332500
2022-08-09,114.750000,115.989998,114.370003,115.379997,104.721474,10233800
2022-08-10,117.959999,119.370003,117.500000,118.389999,107.453430,12847300
2022-08-11,119.900002,121.199997,119.309998,120.139999,109.041756,11684900
2022-08-12,120.669998,122.250000,119.440002,122.129997,110.847931,9906700
2022-08-15,121.139999,122.720001,120.599998,122.459999,111.147453,8456200
2022-08-16,122.290001,124.239998,121.870003,123.629997,112.209373,9555000
2022-08-17,122.300003,123.160004,121.690002,122.589996,111.265427,8149300
2022-08-18,122.239998,122.470001,120.550003,121.639999,110.403214,9531800
2022-08-19,120.620003,120.989998,118.110001,118.629997,107.671257,13464500
2022-08-22,116.750000,117.160004,115.500000,116.669998,105.892319,8967600
2022-08-23,116.690002,117.290001,115.379997,115.519997,104.848541,7607000
2022-08-24,115.290001,116.410004,114.449997,115.800003,105.102684,9771300
2022-08-25,116.160004,118.739998,115.680000,118.550003,107.598656,10758900
2022-08-26,119.459999,119.989998,114.599998,114.669998,104.077072,11276200
2022-08-29,114.000000,114.860001,113.459999,114.389999,103.822945,8117300
2022-08-30,115.000000,115.580002,113.360001,114.410004,103.841095,10745400
2022-08-31,114.480003,115.029999,113.339996,113.730003,103.223923,10738300
2022-09-01,113.290001,114.629997,111.910004,114.510002,103.931870,9979800
2022-09-02,115.870003,117.449997,113.190002,113.709999,103.205750,10666600
2022-09-06,114.330002,114.750000,112.070000,113.739998,103.232986,9751900
2022-09-07,113.129997,116.110001,112.760002,115.900002,105.193451,10647900
2022-09-08,115.279999,118.790001,114.629997,118.599998,107.644035,11435000
2022-09-09,119.139999,120.050003,118.669998,119.169998,108.161377,9299700
2022-09-12,120.620003,121.550003,119.790001,120.580002,109.441132,8614600
2022-09-13,118.070000,118.919998,115.779999,116.389999,105.638184,12904600
2022-09-14,116.699997,117.839996,114.879997,116.120003,105.393112,9345700
2022-09-15,116.120003,119.379997,115.760002,117.870003,106.981453,10821400
2022-09-16,117.389999,117.400002,115.370003,117.080002,106.264435,14844100
2022-09-19,116.000000,118.730003,115.510002,118.160004,107.244682,8201300
2022-09-20,117.410004,117.690002,114.639999,115.830002,105.129913,9619000
2022-09-21,116.540001,116.599998,112.419998,112.489998,102.098457,12606300
2022-09-22,113.379997,113.599998,111.070000,111.209999,100.936699,11684500
2022-09-23,110.050003,110.339996,107.160004,109.139999,99.057915,18138600
2022-09-26,108.000000,109.610001,106.059998,106.790001,96.925003,15753600
2022-09-27,107.750000,108.169998,104.650002,105.849998,96.071838,12793600
2022-09-28,105.949997,108.730003,105.639999,107.989998,98.014153,12762600
2022-09-29,106.949997,107.279999,104.400002,106.160004,96.353203,12713900
2022-09-30,106.059998,107.620003,104.400002,104.500000,94.846558,15973400
2022-10-03,105.620003,108.360001,104.459999,107.730003,97.778175,12248100
2022-10-04,110.610001,112.989998,109.860001,112.769997,102.352585,16013600
2022-10-05,109.750000,110.949997,108.830002,110.389999,101.088852,10943500
2022-10-06,109.459999,110.190002,107.940002,108.139999,99.028442,11521400
2022-10-07,107.519997,107.709999,105.269997,105.980003,97.050446,11681100
2022-10-10,106.730003,107.309998,104.519997,104.989998,96.143852,8931700
2022-10-11,104.370003,104.540001,101.849998,101.959999,93.369141,12739700
2022-10-12,101.800003,104.730003,101.279999,103.610001,94.880119,13181000
2022-10-13,101.980003,109.900002,101.760002,109.370003,100.154808,22398700
2022-10-14,111.959999,115.239998,110.720001,111.190002,101.821457,33387100
2022-10-17,115.410004,117.010002,114.320000,115.860001,106.097977,22276300
2022-10-18,119.660004,120.139999,116.959999,118.839996,108.826889,21539700
2022-10-19,117.989998,118.830002,115.669998,116.510002,106.693214,17072000
2022-10-20,117.160004,118.709999,115.650002,116.129997,106.345222,12207400
2022-10-21,116.459999,122.389999,116.330002,122.230003,111.931267,20593300
2022-10-24,122.070000,123.099998,121.330002,122.379997,112.068611,12624200
2022-10-25,121.849998,123.269997,120.889999,122.699997,112.361649,11289100
2022-10-26,123.000000,125.199997,122.879997,124.110001,113.652863,11667000
2022-10-27,125.199997,126.199997,124.209999,124.599998,114.101578,10727600
2022-10-28,125.290001,126.279999,124.050003,126.080002,115.456879,11859500
2022-10-31,125.699997,127.430000,125.589996,125.879997,115.273720,13295200
2022-11-01,126.870003,128.279999,126.330002,128.149994,117.352455,13386900
2022-11-02,127.650002,130.360001,126.639999,126.970001,116.271889,16546100
2022-11-03,126.309998,128.179993,125.910004,127.199997,116.482498,12474400
2022-11-04,129.490005,130.830002,128.460007,130.679993,119.669281,14953200
2022-11-07,131.000000,132.289993,130.479996,131.369995,120.301147,12011200
2022-11-08,131.240005,132.059998,130.139999,131.449997,120.374420,9884100
2022-11-09,131.320007,131.429993,129.220001,129.740005,118.808510,9494000
2022-11-10,132.630005,135.250000,132.529999,135.080002,123.698578,16351600
2022-11-11,135.190002,136.169998,133.779999,135.300003,123.900032,10704700
2022-11-14,134.800003,135.729996,133.910004,133.910004,122.627167,11085600
2022-11-15,134.679993,135.710007,131.600006,132.940002,121.738884,14038300
2022-11-16,133.000000,133.559998,132.029999,133.119995,121.903679,7893400
2022-11-17,132.000000,132.889999,131.279999,132.539993,121.372574,8820200
2022-11-18,134.570007,134.669998,132.279999,133.839996,122.563026,9468500
2022-11-21,133.740005,134.559998,132.750000,133.050003,121.839600,7800500
2022-11-22,134.000000,135.270004,133.690002,135.039993,123.661942,9185700
2022-11-23,134.940002,136.500000,134.860001,136.479996,124.980591,7316200
2022-11-25,136.479996,137.139999,136.059998,136.740005,125.218704,3220500
2022-11-28,136.070007,136.710007,134.190002,134.350006,123.030083,9906900
2022-11-29,134.660004,136.639999,134.410004,136.559998,125.053841,7925300
2022-11-30,136.089996,138.179993,133.190002,138.179993,126.537361,14761200
2022-12-01,138.179993,138.660004,135.429993,136.240005,124.760811,8858500
2022-12-02,134.490005,135.350006,133.339996,135.160004,123.771843,8931900
2022-12-05,134.240005,134.570007,130.600006,131.369995,120.301147,10154500
2022-12-06,133.389999,135.110001,129.869995,131.589996,120.502617,13966700
2022-12-07,131.309998,133.080002,130.330002,131.500000,120.420212,11739400
2022-12-08,132.330002,132.979996,131.429993,132.880005,121.683945,8907300
2022-12-09,132.199997,133.759995,132.000000,132.160004,121.024612,7957800
2022-12-12,132.399994,134.649994,131.600006,134.210007,122.901886,8841600
2022-12-13,136.889999,137.089996,133.080002,134.080002,122.782829,10025400
2022-12-14,133.779999,135.710007,132.759995,133.410004,122.169266,9966100
2022-12-15,131.149994,132.080002,129.050003,130.100006,119.138168,12087800
2022-12-16,129.149994,129.899994,128.429993,129.289993,118.396408,21133700
2022-12-19,129.649994,131.330002,129.089996,130.059998,119.101540,9017200
2022-12-20,130.970001,132.050003,130.199997,130.690002,119.678452,8549900
2022-12-21,132.179993,132.979996,131.770004,132.160004,121.024612,8051700
2022-12-22,131.100006,131.300003,128.410004,130.660004,119.650978,8648200
2022-12-23,130.580002,131.440002,129.639999,131.279999,120.218765,5091900
2022-12-27,131.570007,132.220001,130.550003,131.740005,120.639977,5411000
2022-12-28,131.850006,133.410004,131.009995,132.460007,121.299309,8827700
2022-12-29,132.929993,133.270004,132.309998,133.220001,121.995270,6585200
2022-12-30,132.809998,134.330002,132.440002,134.100006,122.801140,9292500
2023-01-03,135.240005,136.740005,133.889999,135.119995,123.735184,11054800
2023-01-04,135.990005,137.679993,135.570007,136.380005,124.889030,11687600
2023-01-05,135.660004,135.710007,133.699997,135.350006,124.861343,8381300
2023-01-06,136.130005,138.380005,134.490005,137.940002,127.250633,10029100
2023-01-09,138.600006,138.880005,136.880005,137.369995,126.724800,8482300
2023-01-10,137.789993,138.720001,137.309998,138.600006,127.859520,9048700
2023-01-11,138.899994,139.750000,138.100006,139.630005,128.809692,8703700
2023-01-12,140.000000,140.860001,139.220001,139.490005,128.680542,11001700
2023-01-13,135.600006,143.490005,134.800003,143.009995,131.927750,20200000
2023-01-17,141.169998,141.539993,139.229996,140.800003,129.889023,14292900
2023-01-18,138.919998,140.729996,136.410004,136.570007,125.986801,13392600
2023-01-19,135.320007,135.899994,133.589996,134.750000,124.307846,13303400
2023-01-20,135.160004,135.490005,133.550003,135.080002,124.612267,13092500
2023-01-23,135.119995,137.960007,134.820007,137.270004,126.632591,10487100
2023-01-24,136.419998,140.289993,135.000000,138.449997,127.721138,6945000
2023-01-25,138.050003,139.119995,137.250000,139.119995,128.339203,8967000
2023-01-26,139.419998,140.059998,138.360001,139.979996,129.132538,7487600
2023-01-27,140.610001,141.259995,139.750000,140.320007,129.446213,7489900
2023-01-30,139.229996,140.089996,138.910004,139.130005,128.348465,6729300
2023-01-31,139.880005,140.070007,138.250000,139.960007,129.114105,9188700
2023-02-01,138.210007,140.880005,138.119995,139.589996,128.772751,8841800
2023-02-02,140.000000,140.460007,138.000000,138.940002,128.173141,11822100
2023-02-03,138.179993,142.330002,138.130005,141.089996,130.156555,11501200
2023-02-06,140.229996,142.240005,140.029999,141.919998,130.922226,8406200
2023-02-07,141.380005,144.339996,141.179993,143.649994,132.518143,10447900
2023-02-08,142.649994,144.039993,142.279999,142.639999,131.586411,6958000
2023-02-09,143.119995,143.339996,139.869995,140.419998,129.538467,6443100
2023-02-10,139.779999,141.279999,138.589996,141.039993,130.110413,6582900
2023-02-13,141.300003,142.729996,140.740005,142.570007,131.521866,7134600
2023-02-14,142.500000,143.809998,141.600006,143.199997,132.103027,9249400
2023-02-15,141.610001,143.889999,141.300003,143.800003,132.656540,6728300
2023-02-16,142.910004,143.389999,141.679993,141.820007,130.829971,8165300
2023-02-17,140.979996,142.830002,140.070007,142.240005,131.217438,7948800
2023-02-21,140.690002,141.339996,138.750000,139.630005,128.809692,9996300
2023-02-22,138.919998,139.429993,137.440002,138.559998,127.822632,11107500
2023-02-23,138.729996,140.169998,137.940002,139.669998,128.846619,8068000
2023-02-24,139.110001,141.360001,138.929993,140.929993,130.008957,9126900
2023-02-27,142.110001,143.309998,141.720001,142.160004,131.143631,10014700
2023-02-28,142.940002,143.759995,141.899994,143.350006,132.241440,11019800
2023-03-01,142.100006,143.460007,141.800003,142.550003,131.503403,7139200
2023-03-02,142.240005,142.429993,139.539993,141.070007,130.138092,11106800
2023-03-03,141.509995,143.740005,141.080002,143.660004,132.527420,9513100
2023-03-06,143.440002,144.039993,142.660004,142.820007,131.752518,9261300
2023-03-07,142.009995,142.309998,137.809998,138.619995,127.877937,11747600
2023-03-08,138.000000,138.589996,136.889999,137.800003,127.121498,10002500
2023-03-09,136.759995,137.350006,129.220001,130.339996,120.239594,25888100
2023-03-10,128.960007,135.259995,127.820000,133.649994,123.293091,37599700
2023-03-13,131.210007,133.880005,129.410004,131.250000,121.079071,42901100
2023-03-14,135.279999,135.529999,131.289993,134.619995,124.187920,29648100
2023-03-15,130.979996,130.990005,126.730003,128.259995,118.320763,34280600
2023-03-16,128.009995,131.949997,126.019997,130.750000,120.617821,24558500
2023-03-17,128.380005,128.479996,125.449997,125.809998,116.060631,38396000
2023-03-20,126.989998,129.470001,126.010002,127.139999,117.287567,22875500
2023-03-21,130.589996,131.729996,130.190002,130.550003,120.433304,17807800
2023-03-22,130.559998,130.660004,127.080002,127.180000,117.324455,17250200
2023-03-23,127.900002,129.529999,126.019997,126.839996,117.010803,16677600
2023-03-24,125.629997,125.680000,123.110001,124.910004,115.230385,22311100
2023-03-27,126.790001,129.380005,126.290001,128.490005,118.532951,18853900
2023-03-28,128.710007,129.339996,127.739998,128.880005,118.892715,10820500
2023-03-29,130.100006,130.220001,127.769997,129.139999,119.132576,14595300
2023-03-30,129.949997,130.119995,127.650002,128.750000,118.772804,12134700
2023-03-31,129.660004,130.339996,128.850006,130.309998,120.211899,13105200
2023-04-03,129.910004,131.440002,129.410004,130.160004,120.073555,11775400
2023-04-04,130.500000,130.589996,127.410004,128.419998,118.468361,11579900
2023-04-05,126.800003,128.149994,126.459999,127.610001,118.645027,9614700
2023-04-06,127.000000,128.080002,126.860001,127.470001,118.514862,8760200
2023-04-10,126.540001,128.229996,126.220001,127.889999,118.905350,9477300
2023-04-11,128.300003,128.940002,127.540001,128.520004,119.491104,10516300
2023-04-12,129.179993,130.429993,128.059998,128.500000,119.472496,11821000
2023-04-13,128.460007,129.039993,126.830002,128.990005,119.928078,12450200
2023-04-14,135.149994,139.119995,134.899994,138.729996,128.983795,43931300
2023-04-17,139.949997,140.059998,137.660004,139.830002,130.006531,16050500
2023-04-18,140.270004,141.779999,139.029999,141.399994,131.466248,13760100
2023-04-19,141.229996,141.500000,140.399994,141.220001,131.298889,9158100
2023-04-20,139.910004,141.429993,139.839996,140.809998,130.917694,10586200
2023-04-21,139.740005,141.110001,138.779999,140.539993,130.666641,11842500
2023-04-24,140.460007,141.100006,140.039993,140.729996,130.843307,7567500
2023-04-25,139.600006,139.960007,137.630005,137.669998,127.998276,10629300
2023-04-26,137.619995,137.809998,134.000000,135.229996,125.729698,14416100
2023-04-27,136.000000,137.910004,135.660004,137.050003,127.421875,9041100
2023-04-28,136.559998,138.320007,135.669998,138.240005,128.528229,9887300
2023-05-01,142.259995,143.369995,140.830002,141.199997,131.280289,20415800
2023-05-02,141.399994,142.410004,138.429993,138.919998,129.160461,14113400
2023-05-03,138.440002,138.669998,135.759995,135.979996,126.427017,12930900
2023-05-04,134.960007,135.720001,131.809998,134.119995,124.697678,17089200
2023-05-05,136.440002,137.880005,135.910004,136.740005,127.133598,11261400
2023-05-08,137.490005,137.970001,136.479996,137.070007,127.440460,7484900
2023-05-09,135.929993,136.949997,135.210007,136.410004,126.826782,7343600
2023-05-10,137.949997,138.059998,134.869995,136.479996,126.891876,8133400
2023-05-11,135.000000,136.809998,134.899994,136.050003,126.492104,7057300
2023-05-12,136.820007,136.990005,133.130005,134.100006,124.679092,9988600
2023-05-15,134.270004,135.669998,133.960007,135.229996,125.729698,7639500
2023-05-16,135.460007,135.940002,133.960007,134.320007,124.883621,6477200
2023-05-17,135.899994,138.589996,135.460007,138.449997,128.723465,12711500
2023-05-18,138.270004,139.729996,137.759995,139.500000,129.699707,10999600
2023-05-19,139.789993,140.490005,138.130005,139.179993,129.402206,13492200
2023-05-22,141.000000,141.639999,137.660004,138.029999,128.332993,11402500
2023-05-23,137.539993,139.029999,136.460007,136.589996,126.994148,9514900
2023-05-24,135.399994,136.350006,135.080002,135.339996,125.831978,8578000
2023-05-25,134.820007,136.270004,134.580002,135.669998,126.138779,8472500
2023-05-26,136.110001,137.600006,135.630005,136.940002,127.319572,8579900
2023-05-30,136.800003,137.720001,136.020004,137.460007,127.803047,7399900
2023-05-31,136.729996,136.839996,134.399994,135.710007,126.175987,14219900
2023-06-01,136.520004,138.229996,135.449997,137.580002,127.914581,12248100
2023-06-02,139.559998,141.479996,139.339996,140.470001,130.601578,12922500
2023-06-05,140.110001,140.110001,138.130005,139.089996,129.318527,8511900
2023-06-06,138.679993,140.100006,138.210007,139.339996,129.550964,9329500
2023-06-07,139.550003,141.270004,138.830002,140.690002,130.806107,9281400
2023-06-08,140.669998,140.889999,139.479996,140.729996,130.843307,7368100
2023-06-09,140.350006,141.800003,140.210007,141.009995,131.103622,7249100
2023-06-12,141.070007,141.320007,139.759995,141.000000,131.094345,7596600
2023-06-13,140.479996,142.869995,140.139999,142.020004,132.042725,7701600
2023-06-14,143.000000,143.610001,140.699997,141.490005,131.549911,9068700
2023-06-15,140.589996,143.399994,140.029999,143.089996,133.037506,9343100
2023-06-16,143.050003,143.970001,142.500000,143.259995,133.195541,13813500
2023-06-20,142.610001,143.000000,141.039993,142.529999,132.516846,8428600
2023-06-21,142.899994,144.020004,141.690002,142.320007,132.321609,9926500
2023-06-22,142.309998,142.600006,138.949997,139.580002,129.774078,10075200
2023-06-23,138.539993,139.179993,137.619995,138.850006,129.095383,9919500
2023-06-26,138.869995,140.009995,137.690002,139.190002,129.411499,8429700
2023-06-27,139.000000,139.839996,138.539993,139.199997,129.420761,8154000
2023-06-28,139.160004,139.210007,137.960007,138.589996,128.853622,7558600
2023-06-29,140.070007,143.559998,139.850006,143.429993,133.353622,15423200
2023-06-30,144.600006,146.000000,143.660004,145.440002,135.222427,14212800
2023-07-03,146.190002,147.479996,146.000000,146.610001,136.310226,8021600
2023-07-05,144.940002,145.429993,144.360001,144.639999,135.402176,8934900
2023-07-06,143.020004,143.389999,141.440002,143.210007,134.063492,9709500
2023-07-07,143.910004,145.839996,143.000000,144.339996,135.121323,8981500
2023-07-10,144.500000,145.990005,144.500000,145.149994,135.879578,9100100
2023-07-11,146.339996,147.820007,145.710007,147.419998,138.004593,11260900
2023-07-12,147.449997,149.869995,147.000000,148.149994,138.687988,11323200
2023-07-13,148.699997,149.369995,147.750000,148.869995,139.362015,11234900
2023-07-14,151.550003,152.889999,148.410004,149.770004,140.204544,27028400
2023-07-17,150.350006,153.750000,150.350006,153.380005,143.583954,17262400
2023-07-18,153.380005,154.399994,152.820007,153.660004,143.846085,13491700
2023-07-19,152.750000,155.210007,152.220001,154.250000,144.398422,12510000
2023-07-20,154.529999,156.589996,154.410004,156.149994,146.177063,9935900
2023-07-21,155.800003,156.139999,154.690002,154.949997,145.053696,10636400
2023-07-24,154.970001,158.789993,154.729996,158.000000,147.908905,14381400
2023-07-25,157.300003,157.720001,155.960007,156.820007,146.804260,9944700
2023-07-26,156.710007,158.250000,156.279999,157.759995,147.684204,8728600
2023-07-27,157.770004,158.779999,155.550003,156.020004,146.055374,10778400
2023-07-28,157.279999,157.600006,156.440002,156.910004,146.888519,9103800
2023-07-31,157.179993,159.380005,157.149994,157.960007,147.871460,8892700
2023-08-01,157.429993,158.000000,156.149994,157.179993,147.141251,6853900
2023-08-02,155.559998,155.690002,153.940002,155.399994,145.474960,8299400
2023-08-03,155.000000,156.919998,154.350006,156.350006,146.364258,6084000
2023-08-04,156.399994,157.800003,155.699997,156.020004,146.055374,6209400
2023-08-07,156.600006,157.699997,156.600006,156.759995,146.748077,7251800
2023-08-08,154.320007,155.979996,152.589996,155.880005,145.924316,8623400
2023-08-09,155.320007,155.520004,153.470001,153.789993,143.967789,6277800
2023-08-10,154.380005,155.440002,153.089996,153.559998,143.752472,5995100
2023-08-11,153.029999,154.520004,152.630005,154.449997,144.585617,5180700
2023-08-14,153.610001,154.919998,152.919998,154.770004,144.885193,5044300
2023-08-15,152.850006,153.270004,150.229996,150.830002,141.196808,10300300
2023-08-16,150.600006,150.960007,149.679993,150.190002,140.597702,6978200
2023-08-17,150.880005,151.259995,148.399994,148.630005,139.137375,9953900
2023-08-18,147.649994,149.500000,147.440002,148.970001,139.455627,8517500
2023-08-21,149.649994,150.100006,148.020004,149.479996,139.933044,8327000
2023-08-22,149.259995,149.639999,145.850006,146.380005,137.031067,9673300
2023-08-23,146.350006,147.589996,145.460007,147.369995,137.957825,7858000
2023-08-24,147.500000,149.410004,146.990005,147.229996,137.826736,6534000
2023-08-25,147.279999,148.619995,145.850006,147.050003,137.658234,6695500
2023-08-28,147.570007,148.610001,147.130005,147.559998,138.135681,5094100
2023-08-29,147.710007,148.850006,147.179993,148.759995,139.259048,6337000
2023-08-30,148.619995,149.149994,147.190002,148.160004,138.697327,6277300
2023-08-31,148.259995,148.350006,145.960007,146.330002,136.984238,10933900
2023-09-01,146.089996,148.080002,145.699997,146.820007,137.442947,7903500
2023-09-05,147.160004,148.210007,145.009995,145.199997,135.926376,7854700
2023-09-06,144.699997,145.539993,144.110001,144.960007,135.701752,8629200
2023-09-07,144.130005,145.270004,143.389999,143.720001,134.540939,8373700
2023-09-08,143.369995,144.119995,142.649994,143.830002,134.643906,7107900
2023-09-11,144.750000,145.050003,143.690002,144.460007,135.233643,6854200
2023-09-12,144.500000,147.320007,144.050003,146.339996,136.993576,8363200
2023-09-13,147.339996,147.699997,145.820007,146.410004,137.059128,8325900
2023-09-14,147.839996,149.899994,147.520004,149.250000,139.717728,10034900
2023-09-15,148.919998,149.729996,148.309998,148.809998,139.305832,19863400
2023-09-18,148.160004,149.139999,147.750000,149.119995,139.596024,6512400
2023-09-19,149.500000,149.720001,147.210007,148.929993,139.418167,7943400
2023-09-20,149.649994,150.250000,148.139999,148.300003,138.828430,7332000
2023-09-21,147.580002,148.850006,146.630005,147.139999,137.742493,8052400
2023-09-22,147.289993,147.509995,145.190002,145.729996,136.422546,7071700
2023-09-25,145.350006,146.520004,143.699997,146.449997,137.096558,7044700
2023-09-26,144.600006,145.839996,144.229996,144.929993,135.673660,7468400
2023-09-27,145.190002,146.089996,144.509995,145.779999,136.469330,6717800
2023-09-28,146.279999,148.869995,146.009995,147.589996,138.163757,8868100
2023-09-29,148.600006,148.759995,144.860001,145.020004,135.757904,11917800
2023-10-02,144.830002,145.619995,142.630005,143.770004,134.587769,9170600
2023-10-03,143.199997,143.589996,142.350006,142.710007,133.595444,9431100
2023-10-04,143.190002,143.470001,141.929993,143.350006,134.194565,8128700
2023-10-05,142.039993,143.100006,140.830002,142.899994,134.760361,8576200
2023-10-06,142.910004,145.880005,142.139999,145.100006,136.835083,10270600
2023-10-09,143.660004,145.399994,143.500000,144.770004,136.523865,6964900
2023-10-10,145.419998,146.770004,145.279999,145.649994,137.353745,11288800
2023-10-11,146.509995,147.229996,145.020004,146.149994,137.825272,8698200
2023-10-12,146.300003,146.960007,145.130005,145.809998,137.504608,10484400
2023-10-13,148.500000,153.110001,147.839996,148.000000,139.569901,29427000
2023-10-16,149.449997,149.520004,146.720001,147.850006,139.428406,12663500
2023-10-17,147.570007,149.309998,146.789993,147.529999,139.126648,11482700
2023-10-18,146.589996,147.479996,145.369995,145.910004,137.598923,9620300
2023-10-19,145.479996,147.020004,144.880005,145.289993,137.014236,11143600
2023-10-20,144.570007,145.139999,142.119995,142.949997,134.807541,13332900
2023-10-23,142.940002,143.679993,140.729996,141.000000,132.968613,10133400
2023-10-24,141.190002,141.729996,140.360001,141.169998,133.128922,8881400
2023-10-25,140.570007,141.179993,139.509995,140.399994,132.402786,8242600
2023-10-26,139.759995,141.669998,139.429993,140.759995,132.742294,9109400
2023-10-27,138.949997,139.100006,135.190002,135.690002,127.961044,17434700
2023-10-30,136.440002,138.039993,136.039993,137.419998,129.592514,9855500
2023-10-31,137.710007,139.240005,137.470001,139.059998,131.139099,9672500
2023-11-01,139.250000,140.529999,138.470001,138.940002,131.025970,9432000
2023-11-02,140.089996,141.479996,139.229996,141.419998,133.364670,10186200
2023-11-03,142.190002,143.770004,141.850006,143.000000,134.854706,9538700
2023-11-06,143.169998,144.190002,142.789993,144.080002,135.873184,7625100
2023-11-07,143.509995,144.259995,142.820007,144.009995,135.807144,6297900
2023-11-08,144.110001,144.839996,143.619995,144.720001,136.476700,7618200
2023-11-09,145.440002,145.649994,143.699997,144.289993,136.071213,7992500
2023-11-10,144.940002,146.479996,144.080002,146.429993,138.089279,7983300
2023-11-13,145.699997,146.250000,145.160004,145.779999,137.476318,6676300
2023-11-14,146.679993,149.250000,146.520004,148.440002,139.984833,9927700
2023-11-15,148.460007,150.160004,148.460007,149.740005,141.210770,8365300
2023-11-16,150.089996,151.529999,150.089996,151.449997,142.823380,8126200
2023-11-17,152.199997,152.860001,151.539993,152.820007,144.115326,7812400
2023-11-20,152.080002,153.750000,151.919998,153.289993,144.558563,7019000
2023-11-21,153.199997,153.630005,152.570007,152.970001,144.256805,7083500
2023-11-22,153.410004,153.880005,152.899994,153.330002,144.596283,5174500
2023-11-24,153.589996,154.440002,153.279999,153.539993,144.794327,3496900
2023-11-27,153.429993,153.529999,152.710007,153.190002,144.464264,6259100
2023-11-28,153.220001,153.869995,152.720001,153.539993,144.794327,6582700
2023-11-29,154.169998,155.630005,154.000000,154.320007,145.529922,9126100
2023-11-30,154.910004,156.130005,154.380005,156.080002,147.189667,9869800
2023-12-01,155.820007,157.860001,155.820007,156.839996,147.906372,8916000
2023-12-04,156.020004,158.050003,155.880005,157.990005,148.990860,9607500
2023-12-05,157.259995,158.500000,156.970001,157.970001,148.972015,9135600
2023-12-06,158.839996,159.220001,156.000000,156.309998,147.406555,9366000
2023-12-07,156.690002,157.309998,156.149994,156.789993,147.859207,8130900
2023-12-08,157.259995,158.779999,156.979996,158.520004,149.490662,7369400
2023-12-11,158.520004,159.300003,158.149994,159.100006,150.037613,8093900
2023-12-12,159.229996,160.649994,158.880005,160.520004,151.376740,10223000
2023-12-13,160.520004,162.029999,159.770004,161.059998,151.885986,12379100
2023-12-14,161.830002,164.839996,161.710007,163.990005,154.649094,13643000
2023-12-15,163.080002,165.279999,162.389999,165.229996,155.818451,20309300
2023-12-18,165.919998,167.130005,165.630005,166.229996,156.761520,8469600
2023-12-19,166.000000,168.470001,165.550003,168.449997,158.855057,10345700
2023-12-20,167.990005,169.410004,166.449997,166.550003,157.063278,10734700
2023-12-21,166.839996,168.089996,165.679993,167.500000,157.959152,7601700
2023-12-22,167.500000,168.229996,167.229996,167.399994,157.864838,6576300
2023-12-26,167.460007,168.770004,167.179993,168.389999,158.798477,4683600
2023-12-27,167.839996,169.470001,167.580002,169.399994,159.750946,6428600
2023-12-28,169.350006,170.660004,169.000000,170.300003,160.599686,6320100
2023-12-29,170.000000,170.690002,169.630005,170.100006,160.411057,6435100
2024-01-02,169.089996,172.169998,168.910004,172.080002,162.278305,9977400
2024-01-03,171.860001,172.039993,170.369995,171.330002,161.570984,9852300
2024-01-04,170.639999,173.350006,170.539993,171.410004,162.643219,11972500
2024-01-05,171.470001,173.380005,171.470001,172.270004,163.459229,10066000
2024-01-08,172.020004,172.360001,169.490005,172.020004,163.222015,11229900
2024-01-09,171.619995,171.789993,170.100006,170.660004,161.931564,9923600
2024-01-10,170.000000,171.080002,168.949997,171.020004,162.273178,9670200
2024-01-11,170.330002,170.360001,168.639999,170.300003,161.589981,11919500
2024-01-12,173.800003,176.309998,168.899994,169.050003,160.403931,19436500
2024-01-16,164.869995,168.089996,164.300003,167.990005,159.398163,17206400
2024-01-17,167.339996,169.070007,166.490005,167.089996,158.544174,11107500
2024-01-18,167.119995,167.529999,165.240005,167.419998,158.857285,9382300
2024-01-19,167.550003,170.570007,167.080002,170.309998,161.599472,13115700
2024-01-22,170.460007,171.979996,169.710007,170.110001,161.409729,12837500
2024-01-23,169.669998,169.750000,168.440002,168.990005,160.347000,8360800
2024-01-24,169.360001,171.009995,168.860001,170.500000,161.779770,9967100
2024-01-25,172.309998,172.990005,170.910004,172.940002,164.094971,8873500
2024-01-26,172.610001,173.059998,171.779999,172.279999,163.468719,7443000
2024-01-29,172.240005,172.839996,171.300003,172.729996,163.895737,6971200
2024-01-30,172.830002,176.759995,172.830002,176.270004,167.254654,10822100
2024-01-31,176.199997,178.300003,174.339996,174.360001,165.442352,11521800
2024-02-01,173.639999,174.839996,171.429993,173.729996,164.844574,9354800
2024-02-02,173.300003,175.820007,173.259995,174.729996,165.793411,8607600
2024-02-05,173.860001,175.089996,172.919998,174.500000,165.575180,7820200
2024-02-06,174.610001,175.869995,173.759995,175.100006,166.144485,6764800
2024-02-07,175.690002,175.869995,173.960007,175.429993,166.457596,7225500
2024-02-08,175.000000,175.309998,173.570007,174.800003,165.859833,6060300
2024-02-09,175.000000,175.100006,173.669998,175.009995,166.059082,6296700
2024-02-12,174.779999,176.809998,173.699997,175.789993,166.799179,8539300
2024-02-13,175.320007,176.229996,172.619995,174.259995,165.347427,8397600
2024-02-14,175.070007,176.100006,174.419998,176.029999,167.026932,7056700
2024-02-15,176.149994,180.210007,176.149994,179.869995,170.670517,8723400
2024-02-16,179.610001,179.979996,178.160004,179.029999,169.873489,8152600
2024-02-20,179.190002,180.460007,178.410004,179.729996,170.537689,9668000
2024-02-21,179.949997,180.990005,178.520004,180.899994,171.647842,7024000
2024-02-22,181.820007,183.419998,181.240005,183.070007,173.706848,9296500
2024-02-23,183.809998,185.199997,183.190002,183.990005,174.579803,7105800
2024-02-26,183.750000,184.460007,182.479996,183.360001,173.982040,7145400
2024-02-27,183.309998,183.539993,182.240005,183.449997,174.067413,5717100
2024-02-28,183.429993,185.199997,182.960007,184.380005,174.949875,6131600
2024-02-29,185.660004,186.429993,183.850006,186.059998,176.543961,9643000
2024-03-01,185.699997,186.440002,185.100006,185.289993,175.813309,6311800
2024-03-04,184.710007,187.589996,184.270004,186.679993,177.132217,7063600
2024-03-05,186.360001,189.300003,186.360001,188.550003,178.906586,6617800
2024-03-06,189.250000,190.070007,187.630005,189.529999,179.836472,7572900
2024-03-07,189.910004,190.500000,186.630005,187.869995,178.261353,7618300
2024-03-08,188.440002,190.460007,187.919998,188.220001,178.593475,6172200
2024-03-11,187.279999,188.440002,186.220001,188.289993,178.659866,5762600
2024-03-12,188.949997,190.160004,187.910004,189.839996,180.130615,5708400
2024-03-13,190.360001,191.729996,189.839996,191.380005,181.591843,7795500
2024-03-14,191.029999,191.630005,187.100006,187.970001,178.356247,10310900
2024-03-15,186.479996,190.940002,186.479996,190.300003,180.567108,17214200
2024-03-18,190.630005,192.699997,189.889999,192.660004,182.806366,9013800
2024-03-19,192.710007,193.929993,192.380005,193.789993,183.878586,8478700
2024-03-20,194.190002,196.559998,193.610001,196.330002,186.288681,9367000
2024-03-21,196.520004,199.429993,196.330002,199.059998,188.879044,11203800
2024-03-22,199.009995,200.479996,196.539993,196.619995,186.563828,8108800
2024-03-25,196.600006,196.940002,194.360001,194.820007,184.855911,8620000
2024-03-26,194.589996,196.660004,194.059998,195.729996,185.719345,5961500
2024-03-27,196.500000,199.600006,196.380005,199.520004,189.315521,8725800
2024-03-28,199.490005,200.720001,198.539993,200.300003,190.055634,8628300
2024-04-01,199.990005,200.940002,198.570007,198.940002,188.765182,7309000
2024-04-02,198.389999,199.779999,198.080002,198.860001,188.689301,7014700
2024-04-03,199.039993,199.559998,197.699997,198.300003,188.157913,9353400
2024-04-04,199.149994,199.679993,195.550003,195.649994,186.726334,9243800
2024-04-05,196.160004,198.119995,195.110001,197.449997,188.444244,6532300
2024-04-08,197.619995,198.979996,197.619995,198.479996,189.427277,8001000
2024-04-09,198.070007,198.880005,194.910004,197.149994,188.157913,7351500
2024-04-10,195.550003,197.070007,194.179993,195.470001,186.554565,7681400
2024-04-11,196.000000,196.570007,193.240005,195.429993,186.516373,10137700
2024-04-12,188.320007,188.929993,182.539993,182.789993,174.452866,31532300
2024-04-15,184.500000,187.460007,182.199997,182.889999,174.548325,14766600
2024-04-16,182.899994,183.160004,179.649994,180.800003,172.553650,16451800
2024-04-17,181.369995,182.419998,179.199997,180.080002,171.866486,9017100
2024-04-18,181.100006,183.360001,179.970001,181.250000,172.983139,9557700
2024-04-19,182.399994,185.880005,181.410004,185.800003,177.325607,13402300
2024-04-22,185.990005,190.130005,185.979996,189.410004,180.770966,11529700
2024-04-23,191.130005,192.229996,190.520004,192.139999,183.376434,9144400
2024-04-24,190.529999,193.229996,190.169998,193.080002,184.273575,6964900
2024-04-25,192.250000,193.940002,191.179993,193.369995,184.550339,9802300
2024-04-26,193.570007,194.869995,193.059998,193.490005,184.664856,6413700
2024-04-29,193.479996,194.259995,192.429993,193.279999,184.464432,5387800
2024-04-30,192.809998,194.990005,191.639999,191.740005,182.994675,8153700
2024-05-01,192.270004,194.460007,190.789993,191.860001,183.109207,7445300
2024-05-02,193.070007,193.500000,189.520004,191.660004,182.918335,6501700
2024-05-03,192.000000,192.529999,188.460007,190.509995,181.820770,8922800
2024-05-06,191.729996,192.199997,189.820007,192.000000,183.242828,7911100
2024-05-07,191.699997,192.929993,191.649994,191.750000,183.004211,7688800
2024-05-08,191.000000,196.649994,191.000000,195.649994,186.726334,9227600
2024-05-09,195.169998,197.589996,195.100006,197.500000,188.491943,7977300
2024-05-10,198.539993,199.339996,198.270004,198.770004,189.704041,7529800
2024-05-13,198.800003,199.850006,198.039993,198.729996,189.665863,7049200
2024-05-14,199.000000,201.580002,198.160004,201.509995,192.319046,8596200
2024-05-15,202.009995,202.690002,199.770004,202.110001,192.891693,8370000
2024-05-16,202.220001,204.479996,201.990005,202.470001,193.235260,8497900
2024-05-17,203.809998,205.050003,202.809998,204.789993,195.449463,9260500
2024-05-20,204.389999,205.880005,195.399994,195.580002,186.659531,17373300
2024-05-21,197.000000,199.899994,196.600006,199.520004,190.419830,14420800
2024-05-22,199.000000,200.940002,197.690002,198.309998,189.264984,9425300
2024-05-23,197.809998,198.300003,196.070007,196.919998,187.938416,8069400
2024-05-24,197.750000,200.759995,197.559998,200.710007,191.555557,7356200
2024-05-28,199.860001,200.410004,198.660004,199.500000,190.400757,6910200
2024-05-29,198.000000,198.990005,196.889999,198.110001,189.074142,6120000
2024-05-30,198.559998,199.850006,198.399994,199.330002,190.238510,6829100
2024-05-31,199.300003,203.300003,198.350006,202.630005,193.388000,14417900
2024-06-03,202.309998,202.419998,199.190002,201.820007,192.614929,6444300
2024-06-04,200.160004,201.979996,198.279999,199.160004,190.076248,6848300
2024-06-05,199.759995,199.820007,196.919998,197.259995,188.262909,8351600
2024-06-06,197.259995,198.020004,195.330002,196.910004,187.928864,7640300
2024-06-07,197.429993,200.919998,197.009995,199.949997,190.830215,6964500
2024-06-10,199.240005,200.839996,198.440002,199.610001,190.505707,6070800
2024-06-11,197.910004,197.940002,193.600006,194.360001,185.495178,9235300
2024-06-12,196.000000,196.720001,191.309998,191.529999,182.794235,12751300
2024-06-13,192.320007,194.580002,190.880005,193.660004,184.827118,8587800
2024-06-14,191.449997,194.860001,191.419998,193.779999,184.941666,6874000
2024-06-17,193.479996,195.580002,192.639999,194.979996,186.086868,8725400
2024-06-18,194.600006,197.960007,194.130005,197.000000,188.014771,9023000
2024-06-20,196.389999,199.449997,196.110001,198.669998,189.608582,8731100
2024-06-21,196.710007,197.169998,194.220001,196.300003,187.346725,20972100
2024-06-24,197.809998,199.229996,197.100006,198.880005,189.809036,9785900
2024-06-25,198.089996,200.070007,197.740005,198.070007,189.035950,6862500
2024-06-26,197.449997,197.940002,196.279999,197.429993,188.425171,7758600
2024-06-27,197.440002,199.860001,196.899994,199.169998,190.085800,7913500
2024-06-28,200.009995,202.600006,199.300003,202.259995,193.034836,15307600
2024-07-01,202.839996,207.089996,202.660004,205.449997,196.079361,10205800
2024-07-02,205.289993,208.860001,204.770004,208.830002,199.305191,7802900
2024-07-03,209.550003,210.380005,207.649994,208.690002,199.171570,5560900
2024-07-05,206.990005,207.369995,204.520004,204.789993,196.532471,8093100
2024-07-08,205.039993,206.899994,203.970001,205.169998,196.897156,8707000
2024-07-09,205.630005,209.759995,205.449997,207.630005,199.257950,9058900
2024-07-10,206.139999,207.970001,205.580002,207.800003,199.421112,8328500
2024-07-11,206.210007,208.100006,205.380005,207.449997,199.085220,10658100
2024-07-12,204.000000,207.449997,202.100006,204.940002,196.676422,15443400
2024-07-15,207.190002,211.610001,206.720001,210.050003,201.580399,10719700
2024-07-16,210.000000,213.740005,208.080002,213.619995,205.006424,11557000
2024-07-17,213.800003,217.559998,213.270004,216.869995,208.125381,11572500
2024-07-18,215.630005,216.639999,209.240005,209.979996,201.513184,12415100
2024-07-19,211.199997,212.350006,208.919998,209.779999,201.321259,8095900
2024-07-22,210.460007,212.169998,209.710007,210.279999,201.801086,7663200
2024-07-23,211.020004,211.479996,209.350006,210.330002,201.849106,5557300
2024-07-24,209.550003,212.029999,208.070007,208.589996,200.179245,7119000
2024-07-25,208.649994,210.190002,208.050003,208.669998,200.256027,6403800
2024-07-26,209.240005,213.160004,208.619995,212.240005,203.682037,8027800
2024-07-29,212.649994,213.610001,210.550003,210.850006,202.348099,6533600
2024-07-30,213.229996,215.789993,212.960007,215.190002,206.513138,8850700
2024-07-31,214.779999,216.389999,212.669998,212.800003,204.219498,9071600
2024-08-01,213.199997,213.830002,206.380005,207.960007,199.574661,10918600
2024-08-02,203.880005,204.669998,196.889999,199.139999,191.110291,18041700
2024-08-05,194.050003,196.169998,190.899994,194.899994,187.041245,13927000
2024-08-06,195.399994,202.600006,194.000000,200.339996,192.261917,10605800
2024-08-07,203.509995,205.750000,200.199997,200.399994,192.319473,9204400
2024-08-08,202.470001,204.910004,201.789993,204.059998,195.831909,7761200
2024-08-09,203.470001,206.470001,202.899994,205.800003,197.501740,5540200
2024-08-12,206.410004,207.139999,203.660004,206.190002,197.876038,6936000
2024-08-13,207.729996,208.089996,205.399994,207.940002,199.555466,6387800
2024-08-14,207.740005,210.759995,207.119995,210.240005,201.762726,6999800
2024-08-15,213.000000,213.889999,211.100006,211.550003,203.019882,7001000
2024-08-16,211.690002,214.089996,211.589996,213.970001,205.342300,7931200
2024-08-19,214.000000,215.529999,213.820007,215.449997,206.762650,6090800
2024-08-20,215.000000,216.000000,213.679993,214.520004,205.870148,5640000
2024-08-21,214.429993,215.000000,212.839996,214.600006,205.946930,5202300
2024-08-22,214.580002,216.800003,214.339996,216.630005,207.895065,5247100
2024-08-23,217.600006,219.190002,216.500000,218.309998,209.507309,7214000
2024-08-26,219.009995,219.679993,218.050003,219.169998,210.332642,5105200
2024-08-27,219.509995,220.419998,219.190002,220.179993,211.301895,5185200
2024-08-28,219.250000,222.210007,219.190002,221.289993,212.367157,6506400
2024-08-29,222.149994,222.979996,218.940002,222.210007,213.250061,6416100
2024-08-30,222.500000,225.479996,221.929993,224.800003,215.735626,8574100
2024-09-03,222.300003,224.100006,219.240005,220.300003,211.417084,8956100
2024-09-04,221.039993,222.070007,217.210007,219.330002,210.486176,7389500
2024-09-05,220.149994,220.800003,216.029999,217.630005,208.854752,8067900
2024-09-06,217.600006,218.740005,211.089996,212.460007,203.893219,7777000
2024-09-09,215.190002,218.149994,214.179993,216.809998,208.067810,8935100
2024-09-10,218.600006,218.639999,200.610001,205.559998,197.271408,28406900
2024-09-11,205.250000,207.699997,201.830002,207.229996,198.874084,13658700
2024-09-12,207.649994,208.779999,204.889999,206.600006,198.269470,9054400
2024-09-13,206.860001,207.850006,203.020004,204.320007,196.081421,10226700
2024-09-16,205.830002,208.210007,205.589996,207.860001,199.478699,8634900
2024-09-17,207.729996,209.929993,207.660004,209.250000,200.812637,7573300
2024-09-18,209.009995,211.339996,206.699997,207.529999,199.161987,8259900
2024-09-19,209.779999,211.910004,207.339996,210.479996,201.993027,11635200
2024-09-20,209.929993,211.419998,209.500000,211.089996,202.578461,20885000
2024-09-23,211.000000,211.800003,209.990005,211.440002,202.914337,7223500
2024-09-24,211.149994,212.949997,210.369995,211.589996,203.058273,7323200
2024-09-25,211.679993,212.240005,208.610001,210.190002,201.714722,8976500
2024-09-26,211.130005,211.699997,209.009995,209.779999,201.321259,7807500
2024-09-27,210.649994,212.440002,209.330002,210.500000,202.012222,7032500
2024-09-30,206.309998,210.960007,205.259995,210.860001,202.357697,8663800
2024-10-01,208.899994,209.089996,206.190002,207.039993,198.691742,8540100
2024-10-02,207.080002,208.949997,205.690002,207.289993,198.931641,5810900
2024-10-03,206.169998,206.490005,204.339996,205.229996,196.954712,7251300
2024-10-04,209.300003,211.669998,206.910004,211.220001,203.945374,10211700
2024-10-07,211.029999,213.330002,209.690002,210.929993,203.665344,6718900
2024-10-08,210.580002,211.330002,208.380005,210.750000,203.491577,6021800
2024-10-09,209.699997,214.240005,209.380005,213.419998,206.069611,7024000
2024-10-10,214.809998,214.809998,211.470001,212.839996,205.509567,7927100
2024-10-11,215.669998,224.630005,215.160004,222.289993,214.634079,18320700
2024-10-14,223.199997,223.699997,218.880005,221.479996,213.852005,9048900
2024-10-15,223.660004,225.449997,221.820007,222.389999,214.730667,9235800
2024-10-16,222.330002,223.679993,221.039993,223.639999,215.937607,6382500
2024-10-17,224.270004,225.850006,223.309998,224.419998,216.690735,6470200
2024-10-18,225.000000,225.919998,223.100006,225.369995,217.608032,7000500
2024-10-21,225.220001,225.699997,222.899994,223.000000,215.319641,5870000
2024-10-22,223.020004,225.279999,221.100006,224.119995,216.401062,9586800
2024-10-23,223.660004,224.800003,222.529999,223.410004,215.715546,6180500
2024-10-24,221.830002,225.059998,221.660004,224.979996,217.231461,6002200
2024-10-25,225.000000,225.619995,220.880005,222.309998,214.653397,6369700
2024-10-28,223.350006,225.639999,222.949997,225.500000,217.733566,6843000
2024-10-29,225.210007,226.750000,222.809998,222.899994,215.223099,6580000
2024-10-30,222.539993,226.309998,221.580002,224.410004,216.681091,7110900
2024-10-31,224.699997,225.690002,221.820007,221.919998,214.276840,7829900
2024-11-01,223.559998,226.149994,222.699997,222.940002,215.261719,6923500
2024-11-04,222.649994,223.759995,219.169998,219.779999,212.210541,8229600
2024-11-05,220.029999,221.960007,220.000000,221.490005,213.861649,5600700
2024-11-06,235.000000,248.000000,234.770004,247.059998,238.550995,23987800
2024-11-07,244.500000,244.570007,235.220001,236.380005,228.238861,16451100
2024-11-08,239.339996,239.339996,235.779999,236.979996,228.818176,9502100
2024-11-11,240.000000,242.100006,239.000000,239.289993,231.048615,9017100
2024-11-12,240.550003,241.460007,238.759995,239.559998,231.309296,6861000
2024-11-13,240.580002,244.089996,240.309998,241.160004,232.854218,11472600
2024-11-14,242.419998,244.289993,241.050003,241.869995,233.539749,10172200
2024-11-15,241.460007,246.419998,241.460007,245.309998,236.861282,11518800
2024-11-18,247.759995,247.929993,242.679993,245.029999,236.590912,9051400
2024-11-19,242.250000,245.149994,241.550003,243.089996,234.717728,6792700
2024-11-20,244.399994,244.610001,238.639999,240.779999,232.487289,9015300
2024-11-21,243.229996,245.490005,242.110001,244.759995,236.330215,8783500
2024-11-22,243.610001,249.149994,243.029999,248.550003,239.989700,7997300
2024-11-25,249.589996,254.309998,249.059998,250.289993,241.669754,10295400
2024-11-26,250.490005,251.000000,248.339996,249.970001,241.360779,6212100
2024-11-27,249.350006,251.190002,248.770004,249.789993,241.186966,5472300
2024-11-29,249.860001,251.770004,249.449997,249.720001,241.119400,5494800
2024-12-02,249.550003,250.250000,245.029999,246.250000,237.768906,8899700
2024-12-03,248.229996,249.039993,244.630005,244.820007,236.388153,6657700
2024-12-04,244.699997,245.350006,242.229996,243.399994,235.017059,7346300
2024-12-05,245.389999,247.179993,244.619995,245.479996,237.025406,6572500
2024-12-06,245.699997,247.740005,244.839996,247.360001,238.840683,5519700
2024-12-09,247.130005,247.869995,243.759995,243.809998,235.412933,7076500
2024-12-10,243.889999,247.960007,242.220001,242.860001,234.495651,9108300
2024-12-11,244.000000,244.270004,242.179993,243.529999,235.142578,7884400
2024-12-12,243.000000,244.100006,241.039993,241.529999,233.211441,6113800
2024-12-13,242.070007,242.720001,239.139999,239.940002,231.676224,10392700
2024-12-16,240.610001,240.669998,237.520004,239.580002,231.328644,9032000
2024-12-17,238.649994,239.020004,236.630005,238.360001,230.150635,8083600
2024-12-18,239.000000,239.070007,229.529999,230.369995,222.435806,11322400
2024-12-19,232.270004,236.360001,232.270004,232.960007,224.936630,11790800
2024-12-20,231.919998,239.210007,231.589996,237.600006,229.416794,32348400
2024-12-23,236.070007,238.619995,234.880005,238.389999,230.179596,8611500
2024-12-24,239.429993,242.490005,239.070007,242.309998,233.964600,3729100
2024-12-26,241.429993,243.259995,240.789993,243.139999,234.765991,4451800
2024-12-27,242.720001,243.389999,240.039993,241.169998,232.863876,5730200
2024-12-30,238.770004,240.839996,237.110001,239.320007,231.077576,5723800
2024-12-31,240.050003,241.440002,239.029999,239.710007,231.454147,4871000
2025-01-02,240.919998,243.279999,239.449997,240.000000,231.734146,9220900
2025-01-03,243.889999,244.880005,240.259995,243.279999,234.901184,9491100
2025-01-06,243.699997,245.690002,240.580002,240.850006,233.755951,9917800
2025-01-07,242.139999,245.259995,240.899994,243.169998,236.007584,8753400
2025-01-08,242.750000,244.250000,240.500000,243.130005,235.968781,8675300
2025-01-10,243.089996,243.809998,238.740005,239.869995,232.804810,10256800
2025-01-13,239.669998,244.539993,239.000000,244.210007,237.016983,10005300
2025-01-14,242.660004,247.720001,242.190002,247.470001,240.180954,12407400
2025-01-15,250.399994,253.669998,243.679993,252.350006,244.917236,18448500
2025-01-16,254.000000,257.040009,252.330002,254.270004,246.780670,15292300
2025-01-17,254.139999,260.619995,252.139999,259.160004,251.526657,17678100
2025-01-21,260.070007,264.250000,259.500000,263.029999,255.282623,13712100
2025-01-22,262.899994,263.380005,260.250000,262.839996,255.098251,9021900
2025-01-23,264.690002,266.859985,263.809998,265.950012,258.116638,10749700
2025-01-24,263.690002,267.100006,263.010010,264.839996,257.039337,7666300
2025-01-27,264.170013,265.970001,262.260010,265.850006,258.019592,7522300
2025-01-28,265.850006,267.329987,264.829987,267.140015,259.271606,7375400
2025-01-29,267.209991,270.679993,265.609985,266.579987,258.728058,7684900
2025-01-30,268.630005,269.700012,266.619995,268.230011,260.329498,8753500
2025-01-31,269.230011,270.820007,266.959991,267.299988,259.426880,7193800
2025-02-03,261.829987,268.170013,261.700012,266.809998,258.951324,8381400
2025-02-04,269.839996,269.839996,266.829987,267.940002,260.048004,5626000
2025-02-05,268.910004,270.640015,268.329987,270.429993,262.464691,5704400
2025-02-06,272.450012,276.980011,271.190002,276.899994,268.744110,7264400
2025-02-07,277.269989,278.549988,274.709991,275.799988,267.676514,6857900
2025-02-10,276.149994,276.179993,269.589996,271.040009,263.056702,8627400
2025-02-11,270.260010,276.220001,269.660004,274.989990,266.890381,7196400
2025-02-12,274.079987,276.450012,273.250000,275.450012,267.336853,6683900
2025-02-13,275.500000,276.970001,273.809998,276.320007,268.181183,8398700
2025-02-14,277.369995,279.230011,276.450012,276.589996,268.443237,5688600
2025-02-18,276.760010,279.970001,276.019989,279.950012,271.704315,7919800
2025-02-19,278.380005,280.250000,277.220001,279.250000,271.024933,7007200
2025-02-20,278.679993,278.739990,265.739990,266.799988,258.941589,13846700
2025-02-21,268.320007,269.200012,262.839996,264.239990,256.457001,12835600
2025-02-24,265.489990,267.000000,258.609985,261.339996,253.642410,10372800
2025-02-25,262.230011,263.000000,253.350006,257.399994,249.818466,9608400
2025-02-26,257.160004,260.910004,256.929993,258.790009,251.167542,5943600
2025-02-27,260.179993,263.640015,257.859985,259.049988,251.419876,8204400
2025-02-28,260.730011,264.809998,257.890015,264.649994,256.854889,10467100
2025-03-03,264.000000,266.320007,257.820007,260.619995,252.943634,9058300
2025-03-04,255.279999,257.230011,245.949997,250.250000,242.879059,13465600
2025-03-05,251.250000,253.050003,247.830002,251.529999,244.121353,7861400
2025-03-06,248.110001,249.360001,243.850006,246.539993,239.278351,9983200
2025-03-07,245.229996,246.720001,239.419998,242.279999,235.143814,20498700
2025-03-10,236.210007,237.509995,228.699997,232.220001,225.380127,18887200
2025-03-11,231.750000,233.320007,226.690002,229.139999,222.390839,18143000
2025-03-12,234.000000,234.320007,227.259995,227.899994,221.187363,16054000
2025-03-13,229.300003,229.500000,224.229996,225.190002,218.557205,16467900
2025-03-14,228.119995,233.139999,227.580002,232.440002,225.593643,11962100
2025-03-17,231.179993,235.669998,230.460007,233.929993,227.039764,9586000
2025-03-18,234.320007,236.169998,233.520004,234.970001,228.049118,10344900
2025-03-19,235.740005,242.330002,234.889999,239.110001,232.067200,10120600
2025-03-20,236.559998,241.759995,236.199997,239.009995,231.970123,8328500
2025-03-21,237.809998,242.300003,236.500000,241.630005,234.512970,19326900
2025-03-24,245.479996,248.690002,244.410004,248.059998,240.753586,9422700
2025-03-25,249.309998,251.820007,247.619995,251.130005,243.733154,9287700
2025-03-26,252.600006,254.669998,249.779999,251.029999,243.636093,12779300
2025-03-27,249.529999,250.639999,247.179993,248.119995,240.811783,8022500
2025-03-28,246.940002,249.509995,241.110001,242.850006,235.697037,11978400
2025-03-31,239.410004,245.860001,237.360001,245.300003,238.074890,13603000
2025-04-01,242.619995,245.690002,240.880005,243.660004,236.483170,8054700
2025-04-02,241.600006,247.250000,241.460007,245.820007,238.579544,7758800
2025-04-03,234.270004,235.139999,227.300003,228.690002,221.954102,17188500
2025-04-04,215.309998,217.699997,208.929993,210.279999,205.343445,27170700
2025-04-07,205.770004,222.050003,202.160004,214.440002,209.405777,22914400
2025-04-08,223.520004,227.839996,213.250000,216.869995,211.778717,19485700
2025-04-09,212.500000,237.479996,211.000000,234.339996,228.838608,24022400
2025-04-10,230.000000,230.350006,220.100006,227.110001,221.778336,18896400
2025-04-11,226.309998,238.580002,225.000000,236.199997,230.654938,20284500
2025-04-14,237.100006,239.779999,233.630005,234.720001,229.209656,13017800
2025-04-15,236.100006,238.649994,232.820007,233.130005,227.657013,10912900
2025-04-16,232.000000,233.580002,227.929993,229.610001,224.219620,9322300
2025-04-17,230.800003,234.339996,230.550003,231.960007,226.514481,9557900
2025-04-21,230.630005,231.809998,226.339996,228.990005,223.614197,8716200
2025-04-22,231.979996,235.990005,231.369995,235.589996,230.059265,10701400
2025-04-23,240.220001,246.789993,240.000000,240.880005,235.225082,14126800
2025-04-24,239.740005,245.470001,237.580002,244.639999,238.896805,9055200
2025-04-25,244.649994,245.619995,241.750000,243.550003,237.832367,8588600
2025-04-28,244.559998,246.839996,240.839996,243.220001,237.510132,7394300
2025-04-29,242.190002,245.250000,241.690002,244.619995,238.877258,7216800
2025-04-30,241.210007,245.220001,238.429993,244.619995,238.877258,12991700
2025-05-01,242.839996,248.449997,242.169998,246.889999,241.093994,8689600
2025-05-02,251.259995,253.619995,249.460007,252.509995,246.582016,7165000
2025-05-05,251.179993,255.160004,250.589996,252.559998,246.630875,5450700
2025-05-06,250.000000,252.649994,249.000000,249.250000,243.398544,6369900
2025-05-07,249.850006,252.449997,248.830002,249.389999,243.535278,8724100
2025-05-08,251.570007,255.880005,251.550003,253.470001,247.519501,8320100
2025-05-09,254.500000,255.509995,252.339996,253.080002,247.138657,5087600
2025-05-12,262.899994,263.600006,258.700012,260.049988,253.945007,9603900
2025-05-13,261.029999,263.670013,260.390015,263.010010,256.835541,8589000
2025-05-14,263.000000,266.640015,262.290009,265.640015,259.403809,8643100
2025-05-15,266.970001,269.519989,264.760010,267.489990,261.210388,9214600
2025-05-16,267.500000,268.459991,264.709991,267.559998,261.278748,8932900
2025-05-19,265.549988,268.320007,261.929993,264.880005,258.661652,12145000
2025-05-20,262.519989,266.660004,262.299988,265.679993,259.442841,8436300
2025-05-21,264.350006,265.649994,260.730011,261.040009,254.911804,7464000
2025-05-22,259.440002,262.299988,258.869995,260.670013,254.550461,6514100
2025-05-23,256.809998,261.989990,256.000000,260.709991,254.589523,6671800
2025-05-27,262.040009,265.299988,261.989990,265.290009,259.062012,7506600
2025-05-28,266.239990,266.720001,262.899994,263.489990,257.304260,5535400
2025-05-29,264.799988,265.410004,262.529999,264.369995,258.163605,5081200
2025-05-30,263.450012,265.329987,262.730011,264.000000,257.802307,10977700
2025-06-02,263.019989,265.029999,261.899994,264.660004,258.446808,6011200
2025-06-03,263.730011,266.579987,262.880005,266.269989,260.018982,6998400
2025-06-04,265.920013,267.119995,264.179993,264.220001,258.017120,5915700
2025-06-05,264.739990,264.739990,260.309998,261.950012,255.800430,8173800
2025-06-06,264.329987,266.649994,264.260010,265.730011,259.491699,7738100
2025-06-09,266.000000,267.899994,263.350006,266.739990,260.477966,8285000
2025-06-10,265.880005,268.899994,265.850006,268.600006,262.294312,7538100
2025-06-11,268.679993,269.619995,265.790009,268.149994,261.854828,7434100
2025-06-12,266.859985,268.290009,265.140015,268.239990,261.942780,6618000
2025-06-13,265.079987,267.019989,262.709991,264.950012,258.730011,7098300
2025-06-16,267.000000,271.730011,266.850006,270.359985,264.012939,8566000
2025-06-17,268.170013,270.589996,267.799988,269.519989,263.192688,6739300
2025-06-18,270.000000,277.720001,269.720001,273.959991,267.528442,9586400
2025-06-20,275.570007,277.299988,273.809998,275.000000,268.544037,13969700
2025-06-23,275.059998,278.549988,272.109985,278.269989,271.737305,8094600
2025-06-24,280.209991,282.709991,279.510010,281.260010,274.657104,9267900
2025-06-25,281.500000,284.279999,280.910004,284.059998,277.391388,6826900
2025-06-26,284.700012,289.410004,284.470001,288.750000,281.971252,8942100
2025-06-27,285.809998,288.700012,285.040009,287.109985,280.369720,17868600
2025-06-30,290.399994,292.649994,288.920013,289.910004,283.104034,12689200
2025-07-01,290.890015,291.130005,286.589996,290.410004,283.592285,9338300
2025-07-02,292.040009,292.820007,289.700012,292.000000,285.144958,8158700
2025-07-03,292.149994,296.399994,291.209991,296.000000,290.443604,6541600
2025-07-07,295.250000,296.040009,290.079987,291.970001,286.489258,8825700
2025-07-08,289.269989,289.700012,280.309998,282.779999,277.471741,15440900
2025-07-09,287.179993,287.200012,282.480011,283.160004,277.844635,11273800
2025-07-10,283.000000,288.309998,283.000000,288.190002,282.780212,8410900
2025-07-11,285.519989,287.380005,283.649994,286.859985,281.475128,7384700
2025-07-14,287.070007,289.299988,285.260010,288.700012,283.280670,9079900
2025-07-15,288.000000,291.950012,285.480011,286.549988,281.170990,12526100
2025-07-16,288.399994,290.730011,283.010010,285.820007,280.454712,9979800
2025-07-17,283.440002,290.299988,283.440002,289.899994,284.458099,8509500
2025-07-18,289.519989,292.500000,288.230011,291.269989,285.802368,12217000
2025-07-21,291.000000,294.179993,290.579987,290.970001,285.507996,7898100
2025-07-22,291.500000,293.630005,289.179993,291.429993,285.959381,6717500
2025-07-23,292.839996,296.989990,292.549988,296.760010,291.189362,7083500
2025-07-24,297.420013,299.589996,296.200012,296.549988,290.983276,7001200
2025-07-25,296.700012,298.899994,295.959991,298.619995,293.014404,5918500
2025-07-28,297.660004,299.429993,296.820007,298.279999,292.680817,5840400
2025-07-29,300.000000,301.290009,296.200012,297.040009,291.464081,7635700
2025-07-30,297.420013,300.609985,297.380005,299.630005,294.005463,8061700
2025-07-31,299.140015,300.980011,295.500000,296.239990,290.679077,14749700
2025-08-01,290.399994,291.799988,284.239990,289.369995,283.938080,12007100
2025-08-04,290.260010,294.320007,290.260010,294.260010,288.736237,6649500
2025-08-05,294.690002,295.790009,287.239990,291.369995,285.900513,7182300
2025-08-06,292.299988,293.290009,290.160004,291.350006,285.880890,6330200
2025-08-07,292.940002,293.459991,286.410004,286.940002,281.553711,8057100
2025-08-08,288.980011,291.230011,284.709991,288.760010,283.339508,6634100
2025-08-11,289.399994,291.320007,288.779999,289.559998,284.124481,5510100
2025-08-12,291.500000,294.750000,290.339996,292.850006,287.352722,8570900
2025-08-13,293.950012,294.549988,287.160004,290.529999,285.076294,8420400
2025-08-14,290.579987,294.200012,289.640015,294.160004,288.638153,6322400
2025-08-15,294.839996,295.500000,289.820007,290.489990,285.037048,7340500
2025-08-18,290.000000,291.899994,288.410004,291.529999,286.057495,5386900
2025-08-19,290.829987,292.480011,289.529999,290.660004,285.203827,6031500
2025-08-20,290.809998,293.329987,287.269989,292.239990,286.754150,7374200
2025-08-21,291.940002,292.769989,289.470001,291.470001,285.998657,6624000
2025-08-22,293.200012,297.160004,290.130005,296.239990,290.679077,8552800
2025-08-25,296.239990,297.350006,294.140015,294.899994,289.364227,5856300
2025-08-26,294.160004,298.739990,293.500000,298.570007,292.965393,6714700
2025-08-27,297.250000,301.070007,297.040009,299.279999,293.662018,6056500
2025-08-28,300.019989,301.239990,298.700012,301.070007,295.418427,6410500
2025-08-29,302.040009,302.950012,299.730011,301.420013,295.761871,6796400
2025-09-02,300.260010,300.459991,294.500000,299.700012,294.074188,7221900
2025-09-03,300.570007,300.570007,296.380005,299.510010,293.887695,6316900
2025-09-04,300.000000,304.429993,298.279999,303.820007,298.116791,6605800
2025-09-05,303.649994,305.149994,294.309998,294.380005,288.854004,9837700
2025-09-08,294.890015,296.459991,291.440002,292.910004,287.411591,8188500
2025-09-09,292.600006,299.000000,292.309998,297.850006,292.258881,7848200
2025-09-10,296.700012,301.540009,295.399994,300.540009,294.898407,7787300
2025-09-11,301.239990,305.730011,300.790009,305.559998,299.824127,7942500
2025-09-12,305.000000,307.549988,303.700012,306.910004,301.148804,6846700
2025-09-15,307.170013,309.950012,307.170013,308.899994,303.101440,7122000
2025-09-16,310.000000,310.899994,307.130005,309.190002,303.386017,10525600
2025-09-17,310.390015,312.910004,308.769989,311.750000,305.897919,8657800
2025-09-18,311.790009,313.440002,309.609985,313.230011,307.350189,8050700
2025-09-19,313.600006,315.799988,309.119995,314.779999,308.871063,23568600
2025-09-22,309.799988,313.700012,309.559998,312.440002,306.574982,7520200
2025-09-23,311.820007,316.309998,310.579987,312.739990,306.869354,8584400
2025-09-24,314.049988,316.579987,311.670013,313.420013,307.536591,7310500
2025-09-25,314.119995,315.649994,311.799988,313.450012,307.566040,7083200
2025-09-26,314.899994,317.809998,313.700012,316.059998,310.127045,7258100
2025-09-29,317.059998,318.010010,313.660004,315.690002,309.764008,6462400
2025-09-30,316.250000,317.410004,310.109985,315.429993,309.508850,11823300
2025-10-01,313.970001,314.589996,307.410004,310.709991,304.877472,9235200
2025-10-02,310.000000,310.559998,306.140015,307.549988,301.776794,7600000
2025-10-03,308.510010,311.660004,308.209991,310.029999,304.210236,6029900
2025-10-06,310.179993,311.750000,305.130005,309.179993,304.851105,7214500
2025-10-07,309.350006,310.010010,304.700012,307.690002,303.381989,8454200
2025-10-08,308.209991,308.779999,303.549988,304.029999,299.773224,6489900
2025-10-09,305.049988,308.040009,303.390015,305.529999,301.252258,7060300
2025-10-10,305.660004,310.470001,300.809998,300.890015,296.677216,8597400
2025-10-13,305.600006,309.459991,305.450012,307.970001,303.658051,10788700
2025-10-14,305.839996,307.000000,294.209991,302.079987,297.850525,16178800
2025-10-15,306.390015,312.119995,305.440002,305.690002,301.409973,11354800
2025-10-16,305.350006,308.679993,297.070007,298.540009,294.360107,10549400
2025-10-17,299.160004,299.549988,294.200012,297.559998,293.393829,10153500
2025-10-20,298.500000,303.690002,298.160004,302.359985,298.126617,6894900
2025-10-21,301.660004,304.049988,297.000000,297.089996,292.930389,7372700
2025-10-22,297.769989,298.059998,290.540009,294.109985,289.992096,8054100
2025-10-23,294.380005,296.369995,292.510010,294.540009,290.416107,5438800
2025-10-24,296.079987,302.600006,295.450012,300.440002,296.233490,7228300
2025-10-27,302.160004,304.529999,301.010010,304.149994,299.891571,5642200
2025-10-28,304.859985,307.970001,303.160004,305.359985,301.084595,6336000
2025-10-29,303.510010,308.250000,303.010010,305.510010,301.232513,7520300
2025-10-30,305.790009,312.609985,305.100006,309.440002,305.107483,7514600
2025-10-31,308.540009,312.869995,307.250000,311.119995,306.763947,7721300
2025-11-03,311.000000,312.320007,306.209991,309.350006,305.018738,7770000
2025-11-04,306.709991,312.220001,305.100006,309.250000,304.920166,7085200
2025-11-05,309.609985,313.100006,305.630005,311.679993,307.316132,6865200
2025-11-06,310.989990,314.839996,310.260010,313.420013,309.031769,7206100
2025-11-07,311.890015,314.429993,307.640015,314.209991,309.810669,7302300
2025-11-10,315.000000,319.559998,314.209991,316.890015,312.453156,5794100
2025-11-11,317.500000,319.049988,315.279999,315.619995,311.200958,5030200
2025-11-12,316.260010,322.250000,316.209991,320.410004,315.923889,10578300
2025-11-13,319.230011,320.630005,309.100006,309.480011,305.146942,8973300
2025-11-14,307.510010,307.640015,301.230011,303.609985,299.359100,10327000
2025-11-17,304.000000,305.589996,297.670013,300.369995,296.164459,8344000
2025-11-18,299.500000,302.950012,297.019989,299.410004,295.217926,8077300
2025-11-19,299.739990,304.450012,299.269989,303.269989,299.023865,5546600
2025-11-20,306.339996,309.920013,298.160004,298.380005,294.202362,7501600
2025-11-21,301.290009,301.679993,292.809998,298.019989,293.847351,11766800
2025-11-24,298.239990,299.820007,294.510010,298.000000,293.827667,10940200
2025-11-25,300.049988,304.500000,295.559998,303.000000,298.757660,8877200
2025-11-26,305.000000,308.529999,303.200012,307.640015,303.332703,7910900
2025-11-28,309.100006,313.720001,308.239990,313.079987,308.696503,4322400
2025-12-01,312.950012,314.040009,308.540009,308.920013,304.594788,7727300
2025-12-02,308.739990,310.480011,307.089996,307.880005,303.569305,7249000
2025-12-03,307.200012,312.359985,306.799988,312.130005,307.759827,8535300
2025-12-04,313.260010,318.489990,313.000000,316.100006,311.674225,9627800
2025-12-05,315.640015,318.480011,314.679993,315.040009,310.629059,6518900
2025-12-08,315.059998,316.470001,313.350006,315.209991,310.796692,7417200
2025-12-09,314.950012,318.799988,300.019989,300.510010,296.302551,18049200
2025-12-10,300.500000,311.190002,298.459991,310.109985,305.768097,18874100
2025-12-11,309.239990,318.000000,309.239990,317.380005,312.936310,9721900
2025-12-12,319.679993,320.269989,316.600006,318.519989,314.060364,8982900
2025-12-15,319.589996,322.880005,318.390015,320.019989,315.539337,10864100
2025-12-16,319.089996,319.519989,314.399994,315.549988,311.131927,8331300
2025-12-17,318.429993,319.369995,314.660004,314.980011,310.569916,8718700
2025-12-18,316.000000,317.700012,312.220001,313.000000,308.617645,11444900
2025-12-19,313.790009,318.559998,313.190002,317.209991,312.768677,24494400
2025-12-22,317.510010,323.230011,317.510010,323.089996,318.566345,8354600
2025-12-23,323.609985,327.779999,323.089996,325.929993,321.366608,6668300
2025-12-24,326.239990,329.989990,325.500000,329.170013,324.561279,4289300
2025-12-26,329.109985,330.859985,326.540009,327.910004,323.318878,4158300
2025-12-29,327.000000,327.769989,323.529999,323.750000,319.217133,8635300
2025-12-30,324.809998,324.940002,322.489990,323.420013,318.891785,7904300