Date,Open,High,Low,Close,Adj Close,Volume
2020-01-02,55.320000,55.430000,54.759998,54.990002,45.141273,11867700
2020-01-03,54.320000,54.990002,54.090000,54.689999,44.894997,11354500
2020-01-06,54.650002,54.910000,54.520000,54.669998,44.878578,14698300
2020-01-07,54.450001,54.599998,54.150002,54.250000,44.533794,9973900
2020-01-08,54.270000,54.639999,54.150002,54.349998,44.615887,10676000
2020-01-09,55.000000,55.400002,54.840000,55.340000,45.428566,15398000
2020-01-10,55.480000,55.930000,55.450001,55.529999,45.584549,13040100
2020-01-13,55.529999,56.230000,55.419998,56.130001,46.077087,14302900
2020-01-14,56.240002,56.290001,55.830002,56.000000,45.970379,16345300
2020-01-15,56.000000,56.980000,56.000000,56.700001,46.544998,17735400
2020-01-16,56.849998,56.950001,56.610001,56.820000,46.643509,10234100
2020-01-17,56.869999,57.150002,56.799999,56.939999,46.742016,14264300
2020-01-21,56.849998,57.250000,56.570000,57.169998,46.930820,11968900
2020-01-22,57.250000,57.639999,57.180000,57.610001,47.292027,12869600
2020-01-23,57.380001,57.849998,57.240002,57.830002,47.472618,12858900
2020-01-24,57.849998,57.869999,57.459999,57.680000,47.349483,8594300
2020-01-27,57.209999,57.849998,57.130001,57.480000,47.185303,14359900
2020-01-28,57.450001,57.750000,56.970001,57.009998,46.799484,15240200
2020-01-29,57.000000,57.259998,56.660000,57.009998,46.799484,13163600
2020-01-30,57.930000,58.980000,57.759998,58.860001,48.318146,20225600
2020-01-31,58.970001,59.080002,58.150002,58.400002,47.940525,17685200
2020-02-03,58.750000,58.970001,58.520000,58.580002,48.088295,12333600
2020-02-04,58.750000,59.450001,58.619999,58.840000,48.301723,15417900
2020-02-05,58.900002,59.080002,58.540001,58.849998,48.309937,11414900
2020-02-06,58.980000,59.340000,58.840000,58.990002,48.424858,9347000
2020-02-07,58.880001,59.320000,58.849998,59.189999,48.589046,8757800
2020-02-10,59.320000,59.840000,59.290001,59.750000,49.048740,7984900
2020-02-11,59.720001,59.799999,59.320000,59.590000,48.917400,7431200
2020-02-12,59.480000,59.770000,59.320000,59.410000,48.769634,9179100
2020-02-13,59.380001,59.840000,59.209999,59.610001,48.933823,8173200
2020-02-14,59.630001,60.070000,59.619999,59.950001,49.212929,9965500
2020-02-18,59.810001,59.930000,59.450001,59.529999,48.868145,10075700
2020-02-19,59.509998,60.000000,59.470001,59.770000,49.065163,6265700
2020-02-20,59.680000,59.860001,59.110001,59.720001,49.024124,7597200
2020-02-21,59.509998,60.130001,59.430000,60.130001,49.360687,10842400
2020-02-24,59.110001,59.799999,58.570000,58.650002,48.145760,14415500
2020-02-25,58.700001,59.200001,57.619999,57.820000,47.464409,15915100
2020-02-26,57.980000,58.470001,57.480000,57.599998,47.283802,15837800
2020-02-27,57.150002,57.889999,54.880001,54.930000,45.092014,23754000
2020-02-28,53.830002,53.889999,51.580002,53.490002,43.909908,40890600
2020-03-02,53.930000,55.959999,53.700001,55.919998,45.904701,25698600
2020-03-03,56.759998,57.490002,55.639999,56.060001,46.019627,27099200
2020-03-04,56.410000,59.000000,56.410000,58.919998,48.367397,20526100
2020-03-05,57.799999,58.169998,56.189999,56.740002,46.577839,17948500
2020-03-06,54.939999,55.910000,53.980000,55.259998,45.362904,22353900
2020-03-09,52.049999,53.580002,51.480000,51.860001,42.571850,27898300
2020-03-10,53.220001,53.799999,51.169998,53.660000,44.049465,27457400
2020-03-11,52.349998,52.650002,51.139999,52.209999,42.859158,22653900
2020-03-12,48.540001,49.930000,46.689999,47.160000,38.713619,31913100
2020-03-13,49.509998,49.560001,46.610001,48.470001,40.137959,33697200
2020-03-16,42.240002,47.880001,41.169998,45.259998,37.479759,28682300
2020-03-17,45.880001,47.500000,45.369999,47.180000,39.069698,32106700
2020-03-18,44.740002,45.150002,41.590000,44.849998,37.140232,35408300
2020-03-19,44.360001,44.660000,41.040001,41.830002,34.639370,41956900
2020-03-20,41.950001,42.070000,37.509998,38.299999,31.716185,51513500
2020-03-23,38.759998,38.889999,36.270000,37.560001,31.103394,44978500
2020-03-24,41.220001,41.400002,38.830002,39.450001,32.668495,49096200
2020-03-25,40.630001,43.450001,39.910000,41.610001,34.457191,42511700
2020-03-26,42.840000,45.270000,42.450001,44.290001,36.676502,37821700
2020-03-27,43.660000,44.029999,42.400002,42.810001,35.450916,23297900
2020-03-30,43.040001,45.560001,43.040001,45.000000,37.264450,23446000
2020-03-31,45.070000,45.509998,44.060001,44.250000,36.643368,25373900
2020-04-01,42.480000,43.650002,41.799999,42.119999,34.879528,21936400
2020-04-02,42.220001,44.189999,41.860001,43.950001,36.394943,17621900
2020-04-03,43.580002,44.340000,43.310001,43.830002,36.295578,14207100
2020-04-06,45.389999,47.009998,44.689999,46.669998,38.647369,22850000
2020-04-07,48.500000,48.599998,46.480000,46.509998,38.514877,21279600
2020-04-08,46.639999,48.090000,46.330002,47.820000,39.599693,18937100
2020-04-09,48.439999,49.730000,48.349998,49.000000,40.576839,19165300
2020-04-13,48.349998,48.639999,46.500000,46.930000,38.862679,19586000
2020-04-14,47.939999,49.250000,46.930000,48.919998,40.510597,21801900
2020-04-15,47.709999,48.400002,47.410000,47.610001,39.425777,12893200
2020-04-16,47.400002,47.849998,46.759998,47.099998,39.003452,17606800
2020-04-17,48.299999,48.299999,47.369999,48.060001,39.798424,19844600
2020-04-20,47.790001,48.000000,46.310001,46.529999,38.531437,18957900
2020-04-21,45.880001,46.900002,44.259998,45.380001,37.579128,26863700
2020-04-22,46.049999,46.150002,45.500000,45.680000,37.827560,15811600
2020-04-23,45.950001,46.099998,44.970001,45.070000,37.322411,17668200
2020-04-24,45.500000,45.750000,45.119999,45.430000,37.620544,15175000
2020-04-27,46.000000,46.980000,45.709999,46.779999,38.738464,19175500
2020-04-28,47.900002,48.000000,46.570000,46.740002,38.705349,17246700
2020-04-29,47.270000,47.860001,46.880001,47.119999,39.020020,15780000
2020-04-30,47.000000,47.000000,45.700001,45.889999,38.001465,20801100
2020-05-01,45.619999,46.389999,45.209999,45.599998,37.761307,14290400
2020-05-04,45.320000,45.480000,44.599998,45.139999,37.380379,22544200
2020-05-05,45.360001,46.099998,45.150002,45.400002,37.595695,13370500
2020-05-06,45.400002,45.630001,44.720001,44.750000,37.057423,11892900
2020-05-07,45.150002,45.240002,44.500000,44.599998,36.933208,16466000
2020-05-08,45.080002,46.220001,44.880001,46.110001,38.183640,13985100
2020-05-11,45.689999,46.110001,45.520000,45.540001,37.711620,10874600
2020-05-12,45.599998,45.849998,44.799999,44.820000,37.115398,13424400
2020-05-13,44.709999,44.779999,43.520000,43.939999,36.386662,15854800
2020-05-14,43.380001,44.060001,43.230000,43.700001,36.187920,18000800
2020-05-15,43.959999,44.689999,43.200001,43.259998,35.823559,31579400
2020-05-18,44.820000,45.389999,44.130001,44.970001,37.239605,26118500
2020-05-19,45.009998,45.330002,44.250000,44.540001,36.883530,17839900
2020-05-20,45.200001,46.169998,45.020000,45.889999,38.001465,22295900
2020-05-21,46.080002,46.090000,45.029999,45.169998,37.405224,13193500
2020-05-22,45.220001,45.310001,44.650002,45.029999,37.289295,13008400
2020-05-26,46.919998,46.930000,45.930000,46.090000,38.167076,22223100
2020-05-27,47.000000,47.090000,46.169998,46.730000,38.697060,18447600
2020-05-28,47.299999,47.459999,46.820000,47.090000,38.995171,16230600
2020-05-29,46.680000,47.189999,46.139999,46.680000,38.655655,51125000
2020-06-01,46.660000,47.230000,46.590000,46.990002,38.912369,17010700
2020-06-02,47.160000,47.279999,46.560001,46.900002,38.837845,15255100
2020-06-03,47.270000,48.119999,47.119999,47.900002,39.665939,15508300
2020-06-04,47.939999,48.270000,47.380001,47.919998,39.682484,13604700
2020-06-05,48.540001,49.490002,48.459999,49.090000,40.651367,20504800
2020-06-08,49.540001,49.970001,49.470001,49.849998,41.280727,19896700
2020-06-09,49.590000,49.590000,48.680000,49.000000,40.576839,16713700
2020-06-10,49.160000,49.270000,48.570000,48.619999,40.262161,15716600
2020-06-11,47.810001,47.919998,45.459999,45.540001,37.711620,26070400
2020-06-12,46.209999,46.250000,45.009998,45.599998,38.104355,21822700
2020-06-15,44.570000,46.450001,44.470001,46.299999,38.689297,15622300
2020-06-16,47.560001,47.689999,46.189999,46.770000,39.082047,18803500
2020-06-17,46.779999,47.060001,46.439999,46.580002,38.923275,12602800
2020-06-18,46.299999,47.040001,46.070000,46.990002,39.265881,9380800
2020-06-19,47.770000,47.790001,46.020000,46.020000,38.455322,30464600
2020-06-22,46.029999,46.150002,45.380001,45.740002,38.221359,20876200
2020-06-23,46.000000,46.290001,45.580002,45.639999,38.137794,14675300
2020-06-24,45.369999,45.439999,44.500000,44.650002,37.310528,17631800
2020-06-25,44.470001,44.980000,44.029999,44.930000,37.544498,13829700
2020-06-26,44.919998,45.009998,43.509998,43.570000,36.408058,21955100
2020-06-29,44.000000,44.570000,43.549999,44.360001,37.068203,17603900
2020-06-30,44.250000,44.830002,44.040001,44.680000,37.335598,23679800
2020-07-01,44.930000,45.529999,44.709999,44.820000,37.452579,14316500
2020-07-02,45.290001,45.430000,44.799999,44.880001,37.502716,15111900
2020-07-06,45.139999,45.270000,44.610001,45.230000,37.795189,15146000
2020-07-07,45.000000,45.500000,44.799999,45.209999,37.778473,13043600
2020-07-08,45.139999,45.180000,44.470001,45.070000,37.661480,13851200
2020-07-09,45.049999,45.049999,43.830002,43.910000,36.692169,16087100
2020-07-10,43.880001,45.250000,43.860001,45.150002,37.728340,15627800
2020-07-13,45.529999,45.680000,44.959999,45.250000,37.811893,16705300
2020-07-14,44.910000,45.939999,44.669998,45.869999,38.329994,17080100
2020-07-15,46.299999,47.189999,46.200001,46.400002,38.772854,23738000
2020-07-16,46.259998,46.689999,45.939999,46.150002,38.563961,13306100
2020-07-17,46.470001,46.910000,46.130001,46.820000,39.123814,13899800
2020-07-20,46.720001,46.830002,45.849998,46.119999,38.538887,16633200
2020-07-21,47.520000,47.990002,46.930000,47.200001,39.441353,25681500
2020-07-22,47.930000,48.520000,47.029999,48.480000,40.510956,29831200
2020-07-23,48.470001,48.570000,48.029999,48.279999,40.343834,15935000
2020-07-24,48.400002,48.799999,48.070000,48.490002,40.519314,16196800
2020-07-27,48.180000,48.509998,48.180000,48.480000,40.510956,17346500
2020-07-28,48.340000,49.279999,48.099998,48.180000,40.260281,13872700
2020-07-29,48.139999,48.500000,47.820000,48.020000,40.126572,13758100
2020-07-30,47.669998,48.230000,47.200001,47.689999,39.850819,17276500
2020-07-31,47.439999,47.770000,46.730000,47.240002,39.474785,14849200
2020-08-03,47.139999,47.360001,46.230000,46.299999,38.689297,14137500
2020-08-04,46.290001,46.860001,46.220001,46.689999,39.015194,11717200
2020-08-05,46.900002,47.270000,46.810001,47.220001,39.458069,10498700
2020-08-06,46.660000,47.529999,46.599998,47.480000,39.675339,10745000
2020-08-07,47.470001,48.080002,47.209999,47.799999,39.942734,11669700
2020-08-10,48.060001,48.279999,47.660000,47.720001,39.875885,11888000
2020-08-11,48.459999,48.650002,47.700001,47.930000,40.051373,16531600
2020-08-12,48.299999,48.689999,48.119999,48.430000,40.469181,9562200
2020-08-13,48.259998,48.730000,48.060001,48.380001,40.427395,9882900
2020-08-14,48.340000,48.689999,48.029999,48.450001,40.485886,10075800
2020-08-17,48.320000,48.750000,48.200001,48.209999,40.285347,9102400
2020-08-18,48.200001,48.500000,47.959999,48.419998,40.460815,9829000
2020-08-19,48.119999,48.380001,47.220001,47.369999,39.583412,17371000
2020-08-20,47.270000,47.599998,47.090000,47.349998,39.566708,11308700
2020-08-21,47.340000,47.500000,46.970001,47.279999,39.508209,14734100
2020-08-24,47.430000,47.980000,47.180000,47.970001,40.084789,9257700
2020-08-25,48.000000,48.049999,47.650002,47.910000,40.034649,7827800
2020-08-26,47.759998,48.180000,47.470001,48.160000,40.243561,10124200
2020-08-27,48.250000,48.820000,48.200001,48.230000,40.302048,10931600
2020-08-28,48.750000,49.849998,48.529999,49.830002,41.639053,16420300
2020-08-31,49.799999,50.070000,49.349998,49.529999,41.388355,18510800
2020-09-01,49.310001,49.349998,48.830002,49.119999,41.045761,12588400
2020-09-02,49.360001,51.360001,49.360001,51.189999,42.775482,26332600
2020-09-03,51.400002,52.139999,50.099998,50.480000,42.182205,22289400
2020-09-04,50.939999,51.470001,50.279999,51.040001,42.650150,21019500
2020-09-08,50.930000,51.040001,49.360001,49.810001,41.622330,17776700
2020-09-09,49.599998,50.759998,49.549999,50.189999,41.939869,15252300
2020-09-10,50.349998,50.680000,49.950001,50.000000,41.781097,15439500
2020-09-11,50.400002,51.200001,50.099998,51.060001,42.666859,18272300
2020-09-14,50.970001,51.230000,50.570000,50.709999,42.717407,10911700
2020-09-15,51.000000,51.380001,50.840000,51.049999,43.003815,12838400
2020-09-16,50.950001,51.450001,50.740002,50.790001,42.784798,15353900
2020-09-17,50.220001,50.630001,49.939999,50.549999,42.582619,13287100
2020-09-18,50.750000,51.160000,50.209999,50.450001,42.498386,23816600
2020-09-21,49.750000,50.020000,48.610001,49.090000,41.352722,17514800
2020-09-22,49.110001,50.040001,49.070000,49.660000,41.832893,13034600
2020-09-23,49.730000,49.919998,48.169998,48.209999,40.611443,17121200
2020-09-24,48.209999,49.099998,47.560001,48.700001,41.024204,16788100
2020-09-25,48.200001,48.759998,47.980000,48.720001,41.041058,12603400
2020-09-28,49.310001,49.709999,49.139999,49.279999,41.512791,11215700
2020-09-29,49.389999,49.560001,48.910000,48.919998,41.209530,12426600
2020-09-30,49.270000,49.619999,48.889999,49.369999,41.588604,15755900
2020-10-01,49.439999,49.660000,48.590000,49.180000,41.428562,17577300
2020-10-02,48.759998,49.580002,48.549999,49.360001,41.580181,13610100
2020-10-05,49.430000,49.549999,49.119999,49.380001,41.597031,10628700
2020-10-06,49.549999,49.730000,48.830002,48.939999,41.226379,10077400
2020-10-07,49.020000,49.759998,48.950001,49.560001,41.748657,10135600
2020-10-08,49.709999,50.540001,49.540001,50.459999,42.506802,12143900
2020-10-09,50.669998,51.230000,50.599998,50.810001,42.801647,11407800
2020-10-12,50.840000,51.529999,50.830002,51.090000,43.037510,11386500
2020-10-13,50.990002,50.990002,49.900002,50.220001,42.304646,14365300
2020-10-14,50.049999,50.490002,49.650002,50.119999,42.220394,10582100
2020-10-15,49.400002,50.130001,49.299999,49.990002,42.110886,9961700
2020-10-16,49.990002,50.349998,49.869999,50.029999,42.144585,13569800
2020-10-19,50.029999,50.480000,49.459999,49.619999,41.799213,9930400
2020-10-20,49.889999,50.619999,49.790001,50.250000,42.329910,10970700
2020-10-21,49.959999,50.430000,49.770000,49.990002,42.110886,12517400
2020-10-22,51.169998,51.200001,50.380001,50.680000,42.692131,20189200
2020-10-23,51.000000,51.180000,50.470001,50.520000,42.557350,13491300
2020-10-26,50.340000,50.509998,49.200001,49.799999,41.950836,14696400
2020-10-27,49.810001,50.290001,49.549999,49.900002,42.035069,13892100
2020-10-28,49.000000,49.150002,47.779999,47.959999,40.400837,19886200
2020-10-29,47.730000,48.480000,47.299999,48.020000,40.451393,15369900
2020-10-30,47.810001,48.119999,47.369999,48.060001,40.485088,15804000
2020-11-02,48.750000,48.950001,48.240002,48.619999,40.956821,15156100
2020-11-03,49.220001,49.959999,49.000000,49.349998,41.571754,15285100
2020-11-04,49.430000,50.209999,49.080002,49.169998,41.420135,12930800
2020-11-05,49.759998,50.209999,49.340000,49.439999,41.647575,12452400
2020-11-06,49.650002,49.990002,49.250000,49.450001,41.655994,9294900
2020-11-09,52.500000,53.259998,52.070000,52.570000,44.284241,33442000
2020-11-10,52.570000,54.279999,52.450001,53.980000,45.472004,29706700
2020-11-11,53.930000,54.299999,53.330002,53.580002,45.135052,17399900
2020-11-12,53.049999,53.209999,52.610001,53.009998,44.654892,15024400
2020-11-13,53.250000,53.500000,52.889999,53.450001,45.025547,12447900
2020-11-16,54.500000,54.619999,53.279999,53.849998,45.362499,14908200
2020-11-17,53.660000,53.750000,53.029999,53.680000,45.219288,14248400
2020-11-18,53.750000,54.020000,52.560001,52.610001,44.317932,15278200
2020-11-19,52.490002,53.230000,51.950001,53.130001,44.755985,17189500
2020-11-20,53.189999,53.250000,52.590000,52.669998,44.368481,15645600
2020-11-23,52.950001,53.169998,52.200001,52.680000,44.376907,13191900
2020-11-24,53.139999,53.590000,53.020000,53.220001,44.831799,13827600
2020-11-25,53.070000,53.279999,52.790001,52.930000,44.587502,10194800
2020-11-27,53.110001,53.189999,52.610001,52.700001,44.393761,8499300
2020-11-30,52.090000,52.189999,51.080002,51.599998,43.807949,43203600
2020-12-01,52.139999,52.330002,51.790001,52.040001,44.181499,18968800
2020-12-02,51.900002,52.130001,51.639999,52.110001,44.240940,14913100
2020-12-03,51.900002,52.939999,51.900002,52.779999,44.809753,17318900
2020-12-04,52.779999,53.869999,52.759998,53.849998,45.718178,18122400
2020-12-07,53.759998,53.779999,52.700001,52.990002,44.988045,16210900
2020-12-08,52.939999,53.480000,52.790001,53.180000,45.149349,12485800
2020-12-09,53.369999,53.599998,53.000000,53.330002,45.276707,11508400
2020-12-10,53.400002,53.509998,52.980000,53.049999,45.038986,12097300
2020-12-11,52.799999,53.540001,52.779999,53.349998,45.293686,10638100
2020-12-14,53.650002,53.840000,53.180000,53.270000,45.225769,22292000
2020-12-15,53.790001,54.220001,53.599998,53.840000,45.709682,16193700
2020-12-16,53.599998,53.799999,52.939999,53.060001,45.047482,15679600
2020-12-17,53.299999,53.709999,53.150002,53.270000,45.225769,12677300
2020-12-18,53.080002,53.840000,52.619999,53.740002,45.624798,35480100
2020-12-21,52.680000,53.000000,51.980000,52.810001,44.835224,14926600
2020-12-22,52.810001,53.180000,52.389999,52.759998,44.792778,9689500
2020-12-23,52.950001,53.389999,52.939999,53.080002,45.064457,7040300
2020-12-24,53.020000,53.549999,53.020000,53.439999,45.370090,3265500
2020-12-28,53.849998,54.439999,53.730000,54.160000,45.981369,9020500
2020-12-29,54.450001,54.490002,54.020000,54.130001,45.955898,8320600
2020-12-30,54.049999,54.630001,54.029999,54.439999,46.219082,8142700
2020-12-31,54.450001,54.930000,54.270000,54.840000,46.558678,8495000
2021-01-04,54.270000,54.630001,52.029999,52.759998,44.792778,25611100
2021-01-05,52.330002,52.619999,52.029999,52.180000,44.300369,20323800
2021-01-06,51.970001,52.020000,50.189999,50.520000,42.891041,38724500
2021-01-07,50.090000,50.259998,49.520000,49.959999,42.415607,53225700
2021-01-08,50.029999,51.130001,49.840000,51.080002,43.366470,29674000
2021-01-11,50.619999,50.860001,49.950001,50.200001,42.619366,19304400
2021-01-12,50.040001,50.369999,49.759998,50.110001,42.542957,18538700
2021-01-13,49.980000,50.360001,49.950001,50.160000,42.585407,18864100
2021-01-14,50.160000,50.180000,49.220001,49.230000,41.795837,34303600
2021-01-15,49.160000,49.180000,48.529999,48.700001,41.345871,24366800
2021-01-19,48.740002,49.040001,48.240002,48.509998,41.184555,29114500
2021-01-20,48.540001,48.820000,48.310001,48.680000,41.328896,23115800
2021-01-21,48.779999,49.090000,48.459999,48.950001,41.558121,19702500
2021-01-22,48.810001,48.939999,48.490002,48.490002,41.167587,15400300
2021-01-25,48.419998,48.840000,48.240002,48.779999,41.413792,16604200
2021-01-26,48.910000,49.400002,48.610001,49.290001,41.846775,12922600
2021-01-27,48.889999,49.320000,48.230000,48.529999,41.201546,21242400
2021-01-28,48.689999,49.500000,48.610001,49.150002,41.727924,17498900
2021-01-29,49.029999,49.119999,48.110001,48.150002,40.878941,18670300
2021-02-01,48.270000,48.689999,48.180000,48.480000,41.159103,12183600
2021-02-02,48.799999,49.349998,48.630001,48.959999,41.566612,13319800
2021-02-03,48.950001,49.090000,48.669998,48.770000,41.405308,12274100
2021-02-04,48.959999,49.070000,48.650002,49.009998,41.609058,20597400
2021-02-05,49.500000,49.779999,49.270000,49.650002,42.152420,12742000
2021-02-08,49.959999,50.169998,49.490002,49.919998,42.381645,17833200
2021-02-09,49.849998,50.020000,49.630001,49.700001,42.194862,14592900
2021-02-10,50.410000,50.580002,49.529999,49.599998,42.109962,22965400
2021-02-11,49.810001,50.590000,49.799999,50.299999,42.704250,21928600
2021-02-12,50.570000,50.849998,50.389999,50.689999,43.035366,13137100
2021-02-16,50.619999,50.720001,50.160000,50.270000,42.678783,15093400
2021-02-17,50.000000,50.490002,49.889999,50.130001,42.559929,12794300
2021-02-18,50.160000,50.849998,50.029999,50.770000,43.103291,12747100
2021-02-19,50.790001,50.830002,49.970001,50.110001,42.542957,15968800
2021-02-22,49.849998,50.880001,49.669998,50.630001,42.984428,14370900
2021-02-23,51.000000,51.509998,50.419998,50.540001,42.908020,16222300
2021-02-24,50.389999,50.900002,50.130001,50.709999,43.052345,14442000
2021-02-25,50.470001,50.750000,49.980000,50.169998,42.593891,14211100
2021-02-26,50.200001,50.209999,48.970001,48.990002,41.592083,23638400
2021-03-01,49.439999,50.439999,49.400002,49.900002,42.364658,13901200
2021-03-02,49.840000,50.560001,49.700001,50.099998,42.534458,11755100
2021-03-03,49.720001,50.560001,49.709999,49.980000,42.432587,15410700
2021-03-04,50.310001,51.090000,49.619999,49.939999,42.398628,22036400
2021-03-05,50.049999,50.950001,49.900002,50.790001,43.120274,21310800
2021-03-08,51.470001,52.490002,51.160000,51.639999,43.841908,25084900
2021-03-09,51.720001,51.880001,50.820000,50.860001,43.179710,23082700
2021-03-10,51.180000,51.630001,50.720001,51.439999,43.672112,21331600
2021-03-11,51.410000,51.430000,50.810001,50.880001,43.196678,17417700
2021-03-12,50.590000,50.680000,50.200001,50.360001,43.111065,17598600
2021-03-15,50.500000,51.119999,50.470001,51.029999,43.684631,13411900
2021-03-16,51.200001,51.520000,51.040001,51.220001,43.847279,14214200
2021-03-17,51.250000,51.619999,51.150002,51.240002,43.864407,17502700
2021-03-18,51.060001,51.189999,50.490002,50.570000,43.290840,18007300
2021-03-19,50.459999,51.080002,50.169998,50.810001,43.496304,67845700
2021-03-22,50.320000,51.080002,50.320000,51.000000,43.658939,17911400
2021-03-23,50.990002,51.650002,50.830002,51.389999,43.992813,16936700
2021-03-24,51.169998,51.889999,51.150002,51.520000,44.104088,14997400
2021-03-25,51.700001,52.060001,51.169998,52.020000,44.532127,17091900
2021-03-26,52.139999,53.110001,51.759998,53.040001,45.405312,17126700
2021-03-29,52.730000,53.939999,52.709999,53.849998,46.098705,17514100
2021-03-30,53.750000,53.790001,52.930000,53.150002,45.499470,14871800
2021-03-31,53.029999,53.169998,52.500000,52.709999,45.122814,15826500
2021-04-01,52.959999,53.150002,52.459999,52.509998,44.951588,15834700
2021-04-05,52.349998,53.220001,52.290001,52.810001,45.208412,16368700
2021-04-06,53.040001,53.650002,52.900002,53.189999,45.533710,15614300
2021-04-07,53.279999,53.500000,53.119999,53.279999,45.610760,10062700
2021-04-08,53.169998,53.380001,52.970001,53.119999,45.473785,9695600
2021-04-09,53.169998,53.279999,52.810001,53.180000,45.525158,10828200
2021-04-12,53.330002,53.549999,53.099998,53.349998,45.670681,8565300
2021-04-13,53.040001,53.290001,52.810001,53.090000,45.448097,11071700
2021-04-14,52.980000,53.189999,52.650002,53.080002,45.439548,9787600
2021-04-15,53.130001,53.660000,53.119999,53.330002,45.653557,13078100
2021-04-16,53.740002,53.799999,53.380001,53.680000,45.953178,17974100
2021-04-19,54.000000,54.360001,53.299999,54.000000,46.227116,19352900
2021-04-20,53.840000,54.590000,53.810001,54.169998,46.372650,14419200
2021-04-21,54.240002,54.740002,54.240002,54.610001,46.749325,13866500
2021-04-22,54.470001,54.869999,54.320000,54.439999,46.603786,12558900
2021-04-23,54.400002,54.590000,54.169998,54.470001,46.629463,9020500
2021-04-26,54.470001,54.509998,53.580002,53.660000,45.936054,11684600
2021-04-27,53.560001,53.700001,53.320000,53.580002,45.867577,9852400
2021-04-28,53.980000,54.049999,53.439999,53.590000,45.876137,10868100
2021-04-29,53.540001,54.360001,53.430000,54.259998,46.449696,15391000
2021-04-30,54.250000,54.270000,53.689999,53.980000,46.209995,14912600
2021-05-03,54.270000,54.799999,54.160000,54.480000,46.638023,10417900
2021-05-04,54.570000,54.619999,53.939999,54.139999,46.346970,14151000
2021-05-05,54.139999,54.240002,53.709999,54.000000,46.227116,9665900
2021-05-06,54.119999,54.610001,54.049999,54.540001,46.689381,11572700
2021-05-07,54.439999,54.770000,54.160000,54.509998,46.663708,10637500
2021-05-10,54.880001,55.500000,54.830002,54.910000,47.006138,15545800
2021-05-11,55.029999,55.139999,54.049999,54.320000,46.501057,12986700
2021-05-12,54.360001,54.560001,53.880001,54.040001,46.261360,15836500
2021-05-13,53.970001,54.779999,53.830002,54.509998,46.663708,15475800
2021-05-14,54.900002,55.099998,54.689999,54.730000,46.852043,11725300
2021-05-17,54.840000,55.020000,54.500000,54.639999,46.774990,12119800
2021-05-18,54.389999,54.560001,54.099998,54.340000,46.518185,13232500
2021-05-19,54.119999,54.180000,53.610001,54.169998,46.372650,15126100
2021-05-20,54.119999,54.799999,54.119999,54.650002,46.783558,10948400
2021-05-21,54.799999,55.119999,54.220001,54.619999,46.757870,16033200
2021-05-24,54.630001,54.930000,54.490002,54.799999,46.911961,10326100
2021-05-25,54.820000,54.820000,54.349998,54.790001,46.903400,11916500
2021-05-26,54.980000,55.049999,54.590000,55.029999,47.108864,16064300
2021-05-27,55.209999,55.570000,54.779999,55.490002,47.502651,59109600
2021-05-28,55.349998,55.709999,55.200001,55.290001,47.331432,17011600
2021-06-01,55.340000,55.650002,55.099998,55.279999,47.322872,13304000
2021-06-02,55.500000,55.560001,55.259998,55.500000,47.511200,11328500
2021-06-03,55.180000,55.740002,55.099998,55.639999,47.631046,17364300
2021-06-04,55.900002,56.480000,55.779999,56.240002,48.144691,18935100
2021-06-07,56.310001,56.340000,55.810001,56.040001,47.973473,14010800
2021-06-08,56.250000,56.250000,55.549999,55.650002,47.639618,10968300
2021-06-09,55.750000,55.919998,55.480000,55.480000,47.494083,9838800
2021-06-10,55.910000,56.119999,55.759998,55.910000,47.862194,12444400
2021-06-11,55.990002,56.209999,55.660000,56.160000,48.076214,11825800
2021-06-14,55.689999,55.709999,55.200001,55.549999,47.912334,9710800
2021-06-15,55.779999,55.790001,55.189999,55.410000,47.791588,11154200
2021-06-16,55.439999,55.459999,54.639999,54.669998,47.153324,15211700
2021-06-17,54.669998,55.150002,54.650002,54.950001,47.394821,10658400
2021-06-18,54.509998,54.619999,53.720001,53.770000,46.377068,31445600
2021-06-21,54.220001,54.430000,54.000000,54.360001,46.885952,14404300
2021-06-22,54.340000,54.849998,54.259998,54.560001,47.058453,13072800
2021-06-23,54.560001,54.599998,54.110001,54.119999,46.678936,12339200
2021-06-24,54.259998,54.419998,54.000000,54.389999,46.911823,11488400
2021-06-25,54.240002,54.470001,54.009998,54.320000,46.851440,18880300
2021-06-28,54.250000,54.369999,54.000000,54.259998,46.799694,10556900
2021-06-29,54.130001,54.340000,53.720001,53.860001,46.454681,12300900
2021-06-30,53.799999,54.180000,53.750000,54.110001,46.670319,14614200
2021-07-01,54.340000,54.480000,53.860001,53.959999,46.540939,13214700
2021-07-02,54.000000,54.450001,54.000000,54.180000,46.730698,10604600
2021-07-06,53.990002,54.090000,53.549999,53.880001,46.471947,15278200
2021-07-07,53.720001,54.380001,53.720001,54.320000,46.851440,14377700
2021-07-08,54.009998,54.169998,53.740002,54.130001,46.687569,11943900
2021-07-09,54.250000,54.520000,54.180000,54.459999,46.972198,10847000
2021-07-12,54.320000,54.599998,54.270000,54.480000,46.989433,15107600
2021-07-13,54.950001,55.299999,54.750000,55.020000,47.455200,15170800
2021-07-14,55.020000,56.349998,54.959999,56.259998,48.524708,22002700
2021-07-15,56.240002,56.470001,55.910000,56.439999,48.679962,15068200
2021-07-16,56.459999,56.680000,56.259998,56.400002,48.645470,14860500
2021-07-19,56.080002,56.349998,55.160000,55.730000,48.067585,19527000
2021-07-20,55.730000,56.330002,55.520000,55.830002,48.153824,16257900
2021-07-21,57.330002,57.560001,56.430000,56.549999,48.774830,20918200
2021-07-22,56.619999,56.740002,56.049999,56.470001,48.705845,13402700
2021-07-23,56.590000,57.330002,56.450001,57.009998,49.171589,12144000
2021-07-26,56.889999,57.119999,56.560001,57.060001,49.214714,8681100
2021-07-27,57.110001,57.540001,56.919998,57.259998,49.387226,12794400
2021-07-28,56.990002,57.160000,56.630001,56.740002,48.938713,9858000
2021-07-29,57.070000,57.250000,56.860001,57.049999,49.206100,9599100
2021-07-30,57.150002,57.250000,56.900002,57.029999,49.188831,11727000
2021-08-02,57.200001,57.240002,56.709999,56.880001,49.059464,9778000
2021-08-03,57.000000,57.000000,56.750000,56.919998,49.093960,8825500
2021-08-04,56.750000,56.950001,56.009998,56.099998,48.386707,11888400
2021-08-05,56.439999,56.590000,56.290001,56.500000,48.731712,9806800
2021-08-06,56.599998,56.740002,56.439999,56.639999,48.852470,10409300
2021-08-09,56.799999,56.880001,56.430000,56.650002,48.861092,8859900
2021-08-10,56.840000,57.169998,56.660000,56.799999,48.990463,10906900
2021-08-11,56.889999,57.180000,56.709999,56.730000,48.930092,8370700
2021-08-12,56.730000,56.980000,56.730000,56.840000,49.024963,6169200
2021-08-13,56.810001,57.299999,56.770000,57.230000,49.361336,7714200
2021-08-16,57.200001,57.490002,57.029999,57.480000,49.576973,7972000
2021-08-17,57.459999,57.560001,57.009998,57.279999,49.404469,10346400
2021-08-18,57.189999,57.230000,56.419998,56.500000,48.731712,13873700
2021-08-19,56.060001,56.980000,55.950001,56.860001,49.042217,9223700
2021-08-20,56.840000,57.029999,56.580002,56.639999,48.852470,10543600
2021-08-23,56.669998,56.750000,56.380001,56.439999,48.679962,8912800
2021-08-24,56.639999,56.639999,55.900002,56.009998,48.309086,12067200
2021-08-25,56.060001,56.169998,55.730000,56.070000,48.360832,11270700
2021-08-26,55.950001,55.980000,55.509998,55.540001,47.903698,10331500
2021-08-27,55.660000,55.790001,55.450001,55.650002,47.998581,8844100
2021-08-30,55.689999,56.200001,55.639999,56.180000,48.455715,10034700
2021-08-31,56.160000,56.520000,56.000000,56.310001,48.567833,14185700
2021-09-01,56.380001,56.799999,56.279999,56.689999,48.895580,9518900
2021-09-02,56.770000,57.029999,56.410000,56.770000,48.964584,11653200
2021-09-03,56.459999,56.770000,56.250000,56.730000,48.930092,13220400
2021-09-07,56.599998,56.689999,55.509998,55.669998,48.015831,20035300
2021-09-08,55.610001,56.480000,55.610001,56.419998,48.662716,12040100
2021-09-09,56.180000,56.419998,55.799999,55.860001,48.179699,12545400
2021-09-10,56.009998,56.130001,55.520000,55.610001,47.964085,10573700
2021-09-13,55.740002,56.400002,55.740002,56.070000,48.360832,20274300
2021-09-14,55.919998,55.980000,55.549999,55.689999,48.395596,13918900
2021-09-15,55.680000,56.000000,55.419998,55.880001,48.560707,15746000
2021-09-16,55.720001,55.990002,54.820000,55.349998,48.100124,17430400
2021-09-17,55.020000,55.189999,54.369999,54.439999,47.309326,33370200
2021-09-20,54.110001,54.400002,53.730000,54.060001,46.979092,27542500
2021-09-21,54.389999,54.820000,53.939999,54.049999,46.970406,16418200
2021-09-22,54.509998,54.560001,54.060001,54.130001,47.039928,12719700
2021-09-23,54.259998,54.619999,54.000000,54.040001,46.961716,13836200
2021-09-24,54.000000,54.240002,53.860001,53.889999,46.831364,9682200
2021-09-27,53.849998,54.250000,53.570000,53.610001,46.588039,12429500
2021-09-28,53.459999,53.459999,52.430000,52.639999,45.745090,19926100
2021-09-29,52.639999,53.160000,52.560001,52.959999,46.023174,13941500
2021-09-30,53.169998,53.330002,52.430000,52.470001,45.597359,17672000
2021-10-01,52.779999,53.200001,52.570000,53.020000,46.075306,16277400
2021-10-04,53.060001,53.529999,52.400002,52.990002,46.049240,18973400
2021-10-05,53.020000,53.470001,52.930000,53.080002,46.127460,17173100
2021-10-06,52.770000,53.770000,52.509998,53.709999,46.674938,21284500
2021-10-07,53.990002,54.279999,53.810001,53.880001,46.822670,13774400
2021-10-08,54.000000,54.389999,53.900002,54.119999,47.031231,13786800
2021-10-11,54.209999,54.389999,54.009998,54.230000,47.126827,12378500
2021-10-12,54.419998,54.830002,54.220001,54.230000,47.126827,19474400
2021-10-13,54.169998,54.430000,53.790001,54.240002,47.135517,12143300
2021-10-14,54.389999,54.810001,54.310001,54.610001,47.457054,13704000
2021-10-15,54.639999,54.880001,54.290001,54.480000,47.344078,17867000
2021-10-18,54.349998,54.389999,53.860001,53.939999,46.874817,15861800
2021-10-19,54.040001,54.200001,53.770000,54.150002,47.057312,11068500
2021-10-20,54.180000,54.759998,54.110001,54.630001,47.474434,12474800
2021-10-21,54.599998,54.669998,54.209999,54.349998,47.231113,14388300
2021-10-22,54.389999,54.529999,54.070000,54.450001,47.318012,12828600
2021-10-25,54.380001,54.470001,54.020000,54.230000,47.126827,11855000
2021-10-26,54.320000,54.580002,54.230000,54.470001,47.335388,12086700
2021-10-27,55.970001,56.080002,55.270000,55.520000,48.247860,24019800
2021-10-28,55.750000,56.110001,55.619999,56.040001,48.699753,15928000
2021-10-29,55.869999,56.470001,55.779999,56.369999,48.986523,24463700
2021-11-01,56.389999,56.400002,55.900002,56.169998,48.812725,11651100
2021-11-02,56.470001,56.500000,55.970001,56.099998,48.751892,11498900
2021-11-03,56.000000,56.330002,55.779999,56.290001,48.917004,10788300
2021-11-04,56.110001,56.630001,56.029999,56.599998,49.186398,10820200
2021-11-05,56.840000,57.160000,56.590000,56.840000,49.394966,12886700
2021-11-08,56.750000,56.889999,56.130001,56.330002,48.951759,12828000
2021-11-09,56.410000,56.520000,56.090000,56.490002,49.090813,10155800
2021-11-10,56.540001,56.919998,56.290001,56.720001,49.290688,8813600
2021-11-11,56.830002,56.880001,56.570000,56.740002,49.308060,7257700
2021-11-12,56.750000,56.990002,56.549999,56.610001,49.195095,10162500
2021-11-15,56.529999,56.680000,56.270000,56.619999,49.203781,10289200
2021-11-16,56.619999,56.939999,56.189999,56.220001,48.856178,13756500
2021-11-17,56.040001,56.049999,55.650002,55.910000,48.586777,13288700
2021-11-18,55.830002,55.930000,55.139999,55.410000,48.152271,15380100
2021-11-19,55.439999,55.490002,54.900002,55.130001,47.908947,15813700
2021-11-22,55.099998,56.020000,55.080002,55.470001,48.204403,16905600
2021-11-23,55.660000,56.110001,55.500000,55.880001,48.560707,13835900
2021-11-24,55.709999,55.840000,55.029999,55.430000,48.169655,12598900
2021-11-26,54.590000,54.750000,53.580002,53.730000,46.692318,14754300
2021-11-29,54.049999,54.730000,53.930000,54.580002,47.430992,22712500
2021-11-30,53.599998,53.630001,52.439999,52.450001,45.933437,30485200
2021-12-01,52.980000,53.520000,52.279999,52.299999,45.802078,18719600
2021-12-02,52.599998,53.340000,52.509998,53.070000,46.476406,17074200
2021-12-03,53.330002,53.610001,52.980000,53.540001,46.888020,21064400
2021-12-06,54.310001,55.250000,54.139999,54.910000,48.087799,26624100
2021-12-07,55.020000,55.419998,54.849998,55.209999,48.350533,23832700
2021-12-08,55.119999,55.349998,54.360001,55.000000,48.166626,18026300
2021-12-09,54.750000,55.130001,54.590000,54.860001,48.044010,13846400
2021-12-10,55.250000,56.320000,55.070000,56.279999,49.287590,23153600
2021-12-13,56.980000,57.930000,56.959999,57.759998,50.583698,31362800
2021-12-14,57.400002,58.169998,57.400002,57.799999,50.618740,24806600
2021-12-15,57.930000,58.250000,57.650002,58.060001,50.846439,24923800
2021-12-16,57.980000,58.880001,57.900002,58.650002,51.363136,24696900
2021-12-17,58.490002,58.919998,57.700001,57.730000,50.557434,51874400
2021-12-20,57.200001,57.779999,57.000000,57.540001,50.391045,20879500
2021-12-21,57.610001,57.970001,57.529999,57.770000,50.592468,15864900
2021-12-22,57.709999,58.189999,57.490002,58.180000,50.951530,12447400
2021-12-23,58.520000,58.610001,57.939999,58.220001,50.986561,11027300
2021-12-27,58.000000,58.689999,58.000000,58.650002,51.363136,9860000
2021-12-28,58.400002,58.939999,58.299999,58.880001,51.564564,8979900
2021-12-29,58.950001,59.099998,58.660000,58.950001,51.625862,9996000
2021-12-30,59.060001,59.230000,58.759998,58.779999,51.476982,7703900
2021-12-31,58.750000,59.349998,58.700001,59.209999,51.853561,10021300
2022-01-03,58.820000,59.310001,58.380001,59.299999,51.932381,20187300
2022-01-04,59.730000,60.540001,59.590000,60.290001,52.799377,26141600
2022-01-05,60.090000,61.200001,60.049999,60.790001,53.237255,22507300
2022-01-06,60.470001,61.119999,60.439999,60.470001,52.957020,17902300
2022-01-07,60.279999,60.720001,60.060001,60.330002,52.834408,12307900
2022-01-10,60.549999,60.820000,60.180000,60.430000,52.921974,20954300
2022-01-11,60.430000,60.490002,59.840000,60.450001,52.939495,19369600
2022-01-12,60.529999,60.689999,60.189999,60.540001,53.018318,15753800
2022-01-13,60.540001,61.040001,60.389999,60.900002,53.333595,14318000
2022-01-14,60.939999,61.450001,60.360001,61.389999,53.762711,19729600
2022-01-18,61.060001,61.189999,60.450001,60.900002,53.333595,21976700
2022-01-19,60.660000,61.180000,60.560001,61.000000,53.421158,18654700
2022-01-20,61.000000,61.439999,60.720001,60.750000,53.202225,23002400
2022-01-21,61.080002,61.299999,60.400002,60.450001,52.939495,26643200
2022-01-24,59.900002,60.349998,58.570000,59.959999,52.510376,30185100
2022-01-25,59.360001,60.049999,58.689999,59.820000,52.387768,19027100
2022-01-26,59.790001,60.349998,59.209999,59.599998,52.195103,19190200
2022-01-27,59.880001,60.930000,59.500000,59.650002,52.238892,18893800
2022-01-28,59.389999,60.889999,58.939999,60.840000,53.281040,19101500
2022-01-31,60.299999,61.139999,60.150002,61.009998,53.429909,22045300
2022-02-01,60.910000,61.139999,60.160000,60.560001,53.035824,20841700
2022-02-02,60.619999,61.270000,60.560001,61.180000,53.578796,20225600
2022-02-03,60.939999,61.779999,60.590000,61.610001,53.955376,19440500
2022-02-04,61.490002,61.680000,60.570000,60.959999,53.386135,17403700
2022-02-07,61.380001,61.720001,60.860001,61.599998,53.946617,17846400
2022-02-08,61.830002,62.330002,61.740002,62.000000,54.296917,18771700
2022-02-09,62.169998,62.320000,60.900002,61.040001,53.456188,23595600
2022-02-10,60.360001,62.299999,60.200001,61.380001,53.753956,23561500
2022-02-11,61.770000,61.980000,60.150002,60.290001,52.799377,22781400
2022-02-14,60.160000,60.790001,59.279999,60.680000,53.140919,23641300
2022-02-15,60.959999,61.779999,60.630001,60.910000,53.342346,13408700
2022-02-16,60.860001,61.400002,60.560001,60.900002,53.333595,15484700
2022-02-17,60.549999,62.279999,60.410000,62.119999,54.402008,21468700
2022-02-18,62.119999,62.820000,61.990002,62.540001,54.769829,21975000
2022-02-22,62.430000,62.639999,61.720001,62.279999,54.542126,21731400
2022-02-23,62.240002,62.330002,61.340000,61.590000,53.937862,19248500
2022-02-24,59.970001,60.619999,59.220001,60.509998,52.992035,27207400
2022-02-25,60.939999,62.900002,60.919998,62.849998,55.041313,21487800
2022-02-28,61.650002,62.340000,61.410000,62.240002,54.507099,25879100
2022-03-01,62.139999,62.750000,61.509998,61.970001,54.270653,15871100
2022-03-02,62.230000,62.880001,61.779999,62.430000,54.673496,17319100
2022-03-03,62.610001,63.020000,62.290001,62.470001,54.708523,21262800
2022-03-04,61.459999,62.590000,61.200001,62.570000,54.796097,17163000
2022-03-07,62.009998,62.070000,60.720001,61.080002,53.491222,29151400
2022-03-08,61.450001,61.540001,58.590000,58.660000,51.371891,30242100
2022-03-09,59.820000,59.840000,58.660000,58.959999,51.634609,23022700
2022-03-10,58.480000,58.660000,57.500000,57.880001,50.688793,20887300
2022-03-11,57.959999,58.849998,57.860001,57.919998,50.723820,19855600
2022-03-14,57.970001,59.040001,57.970001,58.540001,51.659241,17799400
2022-03-15,59.080002,59.889999,58.980000,59.619999,52.612297,18607200
2022-03-16,59.779999,59.939999,58.610001,59.459999,52.471100,17347300
2022-03-17,59.459999,60.139999,59.230000,60.090000,53.027050,15586200
2022-03-18,60.299999,60.299999,59.709999,60.099998,53.035873,30197800
2022-03-21,60.500000,61.099998,60.250000,60.580002,53.459457,17440100
2022-03-22,60.930000,60.950001,60.060001,60.799999,53.653595,17559500
2022-03-23,60.750000,60.980000,60.000000,60.400002,53.300621,15529200
2022-03-24,60.639999,61.020000,60.459999,60.980000,53.812443,13151300
2022-03-25,61.119999,61.610001,61.049999,61.529999,54.297794,12259800
2022-03-28,61.529999,61.939999,61.209999,61.919998,54.641953,11485200
2022-03-29,62.209999,62.529999,61.740002,62.160000,54.853741,14720600
2022-03-30,62.009998,62.209999,61.560001,62.209999,54.897873,13641000
2022-03-31,62.220001,62.639999,62.000000,62.000000,54.712551,16822900
2022-04-01,62.330002,62.950001,62.090000,62.869999,55.480289,12644900
2022-04-04,62.599998,62.790001,61.720001,62.540001,55.189072,11505800
2022-04-05,62.400002,63.240002,62.369999,62.470001,55.127308,15721200
2022-04-06,62.770000,63.259998,62.299999,63.099998,55.683254,19267400
2022-04-07,63.130001,63.669998,62.709999,63.439999,55.983292,13960800
2022-04-08,63.480000,64.040001,63.160000,63.830002,56.327465,12703500
2022-04-11,63.910000,64.300003,63.639999,63.810001,56.309814,12720100
2022-04-12,64.379997,64.809998,63.889999,64.559998,56.971653,18089900
2022-04-13,64.440002,64.870003,64.230003,64.730003,57.121670,11883000
2022-04-14,64.959999,65.570000,64.820000,65.019997,57.377575,16388400
2022-04-18,64.769997,65.180000,64.180000,64.440002,56.865761,11679400
2022-04-19,64.500000,65.250000,64.440002,65.070000,57.421707,11993800
2022-04-20,65.440002,66.239998,65.400002,65.959999,58.207104,14827100
2022-04-21,65.980003,67.000000,65.720001,66.209999,58.427704,15120400
2022-04-22,66.080002,66.339996,65.180000,65.250000,57.580551,14902200
2022-04-25,67.000000,67.199997,64.779999,65.940002,58.189449,25082000
2022-04-26,65.519997,66.370003,65.040001,65.050003,57.404053,21982600
2022-04-27,65.000000,66.279999,65.000000,65.559998,57.854107,16971000
2022-04-28,64.660004,66.279999,64.500000,66.190002,58.410053,22010600
2022-04-29,65.870003,66.029999,64.489998,64.610001,57.015770,20137100
2022-05-02,65.279999,65.309998,62.580002,63.439999,55.983292,24970300
2022-05-03,63.720001,63.939999,62.669998,63.080002,55.665611,21686300
2022-05-04,63.000000,65.120003,62.939999,65.029999,57.386406,19780200
2022-05-05,64.690002,65.029999,64.010002,64.510002,56.927528,20155200
2022-05-06,64.199997,65.309998,64.070000,64.739998,57.130486,18984000
2022-05-09,64.470001,65.360001,64.040001,64.610001,57.015770,20055300
2022-05-10,64.500000,65.320000,63.849998,64.010002,56.486298,21322200
2022-05-11,64.330002,65.199997,63.959999,64.309998,56.751026,19648400
2022-05-12,64.160004,64.529999,63.209999,64.510002,56.927528,22574700
2022-05-13,64.809998,65.800003,64.120003,65.720001,57.995300,16167000
2022-05-16,65.440002,66.379997,65.440002,65.959999,58.207104,13223200
2022-05-17,66.099998,66.099998,65.010002,65.779999,58.048244,21300600
2022-05-18,65.419998,65.519997,60.959999,61.200001,54.006588,31437300
2022-05-19,60.959999,60.959999,59.660000,60.000000,52.947632,31493900
2022-05-20,60.490002,61.240002,59.660000,60.980000,53.812443,29133800
2022-05-23,61.650002,63.099998,61.590000,62.860001,55.471478,19406900
2022-05-24,62.880001,64.190002,62.750000,64.019997,56.495117,16154200
2022-05-25,64.000000,64.470001,63.599998,64.070000,56.539242,15360500
2022-05-26,64.070000,65.099998,63.959999,64.300003,56.742210,16159800
2022-05-27,64.260002,64.830002,64.139999,64.680000,57.077545,17709000
2022-05-31,64.080002,64.320000,63.049999,63.380001,55.930344,43159000
2022-06-01,63.419998,63.680000,62.130001,63.070000,55.656784,15408300
2022-06-02,63.180000,63.740002,62.110001,63.730000,56.239204,14586000
2022-06-03,63.570000,63.630001,62.810001,62.970001,55.568546,13539900
2022-06-06,63.330002,63.770000,62.660000,62.869999,55.480289,15112800
2022-06-07,62.380001,63.369999,62.220001,63.250000,55.815632,17886300
2022-06-08,62.990002,63.209999,62.560001,62.889999,55.497940,10211500
2022-06-09,62.869999,63.349998,61.779999,61.799999,54.536064,13382200
2022-06-10,61.009998,61.889999,60.459999,61.410000,54.191898,14967600
2022-06-13,60.750000,62.290001,60.669998,61.340000,54.130127,23064200
2022-06-14,60.730000,60.889999,58.660000,59.230000,52.645779,24620000
2022-06-15,60.000000,60.639999,58.970001,59.669998,53.036858,19684700
2022-06-16,58.639999,59.520000,58.250000,59.070000,52.503551,15053800
2022-06-17,59.700001,60.130001,59.130001,59.430000,52.823536,34781900
2022-06-21,59.490002,60.880001,59.009998,60.700001,53.952362,17705000
2022-06-22,60.599998,61.450001,60.320000,61.150002,54.352341,15207100
2022-06-23,61.299999,61.910000,61.230000,61.880001,55.001186,17190900
2022-06-24,62.110001,63.060001,62.110001,63.040001,56.032242,18147100
2022-06-27,62.980000,63.290001,62.630001,62.910000,55.916687,12142100
2022-06-28,63.080002,63.759998,62.110001,62.279999,55.356716,13150100
2022-06-29,62.540001,63.110001,62.430000,62.730000,55.756695,11795500
2022-06-30,62.320000,63.110001,62.160000,62.910000,55.916687,15514200
2022-07-01,63.119999,64.449997,62.820000,64.379997,57.223274,15143200
2022-07-05,64.180000,64.180000,62.419998,63.279999,56.245552,15921200
2022-07-06,63.599998,64.089996,63.189999,63.410000,56.361099,13450500
2022-07-07,63.259998,63.580002,62.700001,62.910000,55.916687,14828400
2022-07-08,63.029999,63.419998,62.880001,63.139999,56.121124,11311500
2022-07-11,62.990002,63.459999,62.590000,62.939999,55.943356,12702100
2022-07-12,63.000000,63.450001,62.470001,62.669998,55.703369,14731100
2022-07-13,62.330002,63.000000,61.980000,62.380001,55.445610,13145300
2022-07-14,61.330002,62.250000,61.299999,62.180000,55.267838,14433000
2022-07-15,62.750000,62.970001,62.070000,62.500000,55.552261,21968400
2022-07-18,62.520000,62.560001,61.509998,61.650002,54.796757,10780800
2022-07-19,62.090000,62.650002,61.930000,62.529999,55.578930,10998200
2022-07-20,62.400002,62.580002,61.150002,61.500000,54.663437,11010500
2022-07-21,61.259998,61.880001,60.790001,61.360001,54.538994,11959600
2022-07-22,61.380001,61.869999,61.320000,61.590000,54.743423,11644700
2022-07-25,61.549999,62.299999,61.310001,62.189999,55.276730,14941700
2022-07-26,62.750000,63.799999,62.529999,63.209999,56.183334,20118000
2022-07-27,62.880001,63.189999,61.790001,63.009998,56.005573,12142900
2022-07-28,62.919998,64.250000,62.889999,64.059998,56.938843,10837000
2022-07-29,63.709999,64.290001,63.630001,64.169998,57.036621,13734200
2022-08-01,64.089996,65.040001,64.029999,64.519997,57.347710,12831500
2022-08-02,64.589996,64.599998,63.430000,63.639999,56.565536,15241900
2022-08-03,63.549999,64.099998,63.310001,63.919998,56.814419,11317000
2022-08-04,63.639999,63.730000,62.919998,63.669998,56.592197,11795600
2022-08-05,63.630001,63.630001,62.669998,63.380001,56.334442,10445400
2022-08-08,63.500000,63.810001,62.750000,62.970001,55.970020,9165200
2022-08-09,63.180000,63.310001,62.849998,63.049999,56.041126,7910900
2022-08-10,63.630001,63.790001,63.099998,63.650002,56.574425,8857300
2022-08-11,63.689999,63.990002,63.080002,63.220001,56.192226,8507800
2022-08-12,63.430000,63.759998,63.090000,63.700001,56.618870,9489300
2022-08-15,63.639999,64.690002,63.570000,64.500000,57.329945,9863300
2022-08-16,64.570000,65.230003,64.330002,65.029999,57.801014,9569600
2022-08-17,64.830002,65.220001,64.760002,64.879997,57.667683,8144000
2022-08-18,64.959999,65.349998,64.709999,65.220001,57.969906,6532000
2022-08-19,65.209999,65.470001,64.959999,65.169998,57.925461,8921100
2022-08-22,64.839996,64.919998,63.990002,64.199997,57.063286,9087900
2022-08-23,63.820000,64.370003,63.680000,64.269997,57.125504,8443800
2022-08-24,64.239998,64.580002,64.050003,64.360001,57.205505,6844700
2022-08-25,64.360001,64.709999,63.900002,64.669998,57.481033,7913900
2022-08-26,64.730003,64.800003,62.980000,63.110001,56.094456,10089500
2022-08-29,62.689999,63.029999,62.410000,62.730000,55.756695,9115900
2022-08-30,62.910000,62.910000,61.990002,62.150002,55.241177,8456800
2022-08-31,62.380001,62.529999,61.700001,61.709999,54.850086,14633600
2022-09-01,61.580002,62.040001,61.290001,62.000000,55.107853,14939700
2022-09-02,62.389999,62.770000,60.900002,61.150002,54.352341,11809800
2022-09-06,61.290001,61.970001,60.990002,61.180000,54.379005,12181800
2022-09-07,61.320000,62.490002,61.320000,62.310001,55.383389,13290700
2022-09-08,62.080002,62.299999,61.340000,62.119999,55.214504,17193500
2022-09-09,62.169998,62.880001,61.860001,62.320000,55.392277,11855900
2022-09-12,62.430000,62.810001,62.270000,62.500000,55.552261,13026900
2022-09-13,62.200001,62.220001,60.279999,60.470001,53.747929,18532800
2022-09-14,60.639999,61.080002,60.439999,60.790001,54.032360,12881600
2022-09-15,60.400002,60.400002,59.360001,59.529999,53.298191,11451900
2022-09-16,59.660000,59.799999,59.110001,59.540001,53.307152,20493500
2022-09-19,59.389999,60.099998,59.230000,59.990002,53.710045,12596200
2022-09-20,59.680000,60.029999,59.320000,59.900002,53.629463,11984600
2022-09-21,60.139999,60.700001,59.389999,59.400002,53.181801,14165300
2022-09-22,59.549999,59.730000,59.200001,59.259998,53.056458,11657600
2022-09-23,58.959999,59.099998,58.000000,58.599998,52.465549,14824000
2022-09-26,58.490002,58.570000,57.689999,57.869999,51.811970,18670100
2022-09-27,58.080002,58.369999,56.310001,56.380001,50.477955,23829300
2022-09-28,56.660000,57.250000,55.910000,56.980000,51.015137,21480100
2022-09-29,57.090000,57.290001,56.000000,56.570000,50.648056,14570700
2022-09-30,56.869999,57.130001,56.000000,56.020000,50.155632,16124600
2022-10-03,56.360001,56.849998,56.060001,56.650002,50.719688,16277600
2022-10-04,56.950001,57.810001,56.459999,56.779999,50.836067,18861400
2022-10-05,56.500000,56.650002,55.509998,56.240002,50.352612,14324900
2022-10-06,56.000000,56.099998,54.869999,55.029999,49.269268,17192800
2022-10-07,54.990002,55.090000,54.250000,54.509998,48.803703,11479800
2022-10-10,54.599998,54.959999,54.020000,54.389999,48.696266,10239100
2022-10-11,54.459999,55.220001,54.240002,54.480000,48.776844,14303900
2022-10-12,55.230000,56.040001,55.040001,55.139999,49.367752,18377400
2022-10-13,54.480000,56.080002,54.259998,55.869999,50.021336,16220700
2022-10-14,56.290001,56.470001,54.939999,54.980000,49.224503,15997900
2022-10-17,55.630001,56.220001,55.570000,55.689999,49.860176,13721400
2022-10-18,56.310001,56.779999,56.099998,56.439999,50.531658,11823100
2022-10-19,56.310001,56.540001,55.730000,55.959999,50.101910,10182300
2022-10-20,55.770000,55.919998,54.959999,55.080002,49.314045,16905100
2022-10-21,55.000000,56.110001,54.990002,55.959999,50.101910,15034100
2022-10-24,56.639999,57.730000,56.570000,57.570000,51.543377,17416700
2022-10-25,59.040001,59.110001,57.750000,58.950001,52.778915,28829900
2022-10-26,59.009998,59.779999,58.860001,59.389999,53.172852,15831400
2022-10-27,59.770000,59.840000,59.380001,59.529999,53.298191,16026100
2022-10-28,59.570000,60.910000,59.470001,60.759998,54.399433,12888900
2022-10-31,60.509998,60.570000,59.669998,59.849998,53.584694,14016400
2022-11-01,60.029999,60.290001,59.369999,59.639999,53.396683,10659500
2022-11-02,59.639999,60.230000,58.770000,58.810001,52.653572,14549200
2022-11-03,58.110001,59.000000,58.099998,58.779999,52.626709,9194000
2022-11-04,59.299999,59.590000,58.560001,59.259998,53.056458,9725900
2022-11-07,59.259998,59.770000,59.240002,59.490002,53.262383,8849700
2022-11-08,59.750000,59.790001,58.939999,59.599998,53.360863,10081600
2022-11-09,59.590000,59.639999,58.750000,58.770000,52.617756,10115200
2022-11-10,60.250000,61.040001,59.680000,60.880001,54.506878,16804800
2022-11-11,61.369999,61.450001,60.209999,61.320000,54.900810,18972100
2022-11-14,61.320000,61.720001,60.709999,60.730000,54.372578,16361000
2022-11-15,61.130001,61.450001,60.000000,60.630001,54.283043,13295800
2022-11-16,60.790001,61.029999,60.290001,60.520000,54.184555,14199500
2022-11-17,60.189999,60.740002,60.130001,60.709999,54.354671,11212600
2022-11-18,60.990002,61.369999,60.799999,61.139999,54.739658,10415600
2022-11-21,61.410000,62.209999,61.200001,62.080002,55.581249,15399400
2022-11-22,62.470001,62.500000,62.049999,62.349998,55.822990,12319600
2022-11-23,62.490002,62.790001,62.299999,62.630001,56.073677,8990400
2022-11-25,62.730000,62.810001,62.380001,62.689999,56.127392,5165500
2022-11-28,62.689999,63.099998,62.560001,62.700001,56.136349,12267500
2022-11-29,62.520000,62.570000,61.980000,62.480000,55.939388,10969600
2022-11-30,62.009998,63.680000,61.750000,63.610001,57.355000,30433900
2022-12-01,63.610001,64.110001,63.430000,63.790001,57.517288,12001400
2022-12-02,63.610001,64.519997,63.400002,64.349998,58.022224,13643500
2022-12-05,63.410000,63.799999,63.259998,63.470001,57.228767,9185100
2022-12-06,63.520000,63.880001,63.230000,63.439999,57.201714,10099500
2022-12-07,63.450001,63.720001,63.250000,63.540001,57.291882,12307600
2022-12-08,63.599998,63.849998,63.349998,63.810001,57.535324,9946200
2022-12-09,63.610001,63.840000,63.090000,63.139999,56.931217,13914900
2022-12-12,63.299999,64.010002,63.009998,63.970001,57.679596,11647900
2022-12-13,64.589996,64.699997,63.799999,63.990002,57.697624,17521600
2022-12-14,64.190002,64.650002,63.570000,63.990002,57.697624,12826700
2022-12-15,63.590000,63.889999,62.490002,63.110001,56.904156,12212300
2022-12-16,62.750000,63.139999,62.330002,62.750000,56.579563,33631500
2022-12-19,62.830002,63.410000,62.470001,62.840000,56.660713,10919700
2022-12-20,62.820000,63.150002,62.750000,62.790001,56.615627,10286500
2022-12-21,63.070000,64.050003,63.070000,63.799999,57.526302,10411300
2022-12-22,63.419998,63.590000,62.650002,63.340000,57.111538,9666700
2022-12-23,63.500000,63.869999,63.200001,63.820000,57.544342,6463300
2022-12-27,63.930000,64.290001,63.709999,64.209999,57.895992,7320700
2022-12-28,64.459999,64.650002,63.490002,63.570000,57.318928,7159400
2022-12-29,63.799999,64.150002,63.700001,63.950001,57.661560,7169300
2022-12-30,63.919998,63.919998,63.169998,63.610001,57.355000,7650200
2023-01-03,63.560001,63.560001,62.180000,62.950001,56.759895,12180500
2023-01-04,63.150002,63.330002,62.509998,62.919998,56.732849,13387900
2023-01-05,62.599998,62.799999,62.080002,62.200001,56.083645,9814700
2023-01-06,62.910000,63.669998,62.580002,63.400002,57.165646,9990000
2023-01-09,63.299999,63.720001,62.580002,62.610001,56.453323,9442600
2023-01-10,62.599998,62.730000,61.919998,62.130001,56.020531,10134600
2023-01-11,62.380001,62.560001,61.410000,62.009998,55.912327,10823000
2023-01-12,62.110001,62.180000,60.970001,61.209999,55.190994,13907300
2023-01-13,60.700001,61.459999,60.590000,61.430000,55.389362,13986400
2023-01-17,61.730000,62.380001,61.560001,61.680000,55.614780,18327800
2023-01-18,61.509998,61.590000,59.680000,59.810001,53.928665,19679400
2023-01-19,59.730000,60.639999,59.709999,59.720001,53.847507,14894500
2023-01-20,59.720001,60.090000,59.400002,60.080002,54.172115,14237700
2023-01-23,60.279999,60.570000,60.049999,60.230000,54.307354,12613400
2023-01-24,60.080002,61.849998,59.799999,60.549999,54.595894,10103300
2023-01-25,60.200001,60.939999,59.889999,60.930000,54.938530,11265800
2023-01-26,60.810001,61.099998,60.570000,60.810001,54.830330,11884800
2023-01-27,60.840000,60.959999,60.369999,60.490002,54.541794,14087000
2023-01-30,60.540001,61.169998,60.459999,60.639999,54.677048,15632000
2023-01-31,60.980000,61.340000,60.509998,61.320000,55.290184,14344400
2023-02-01,61.139999,61.580002,60.619999,61.330002,55.299191,12535400
2023-02-02,60.799999,61.020000,59.910000,60.279999,54.352444,16947200
2023-02-03,60.349998,60.419998,59.230000,59.830002,53.946693,15404400
2023-02-06,59.790001,60.340000,59.720001,60.169998,54.253262,11330900
2023-02-07,59.669998,60.240002,59.540001,60.070000,54.163094,14922700
2023-02-08,59.919998,59.919998,59.590000,59.720001,53.847507,11012000
2023-02-09,60.150002,60.320000,59.599998,59.619999,53.757339,12515300
2023-02-10,59.720001,59.900002,58.880001,59.619999,53.757339,14420700
2023-02-13,59.900002,60.759998,59.730000,60.599998,54.640980,16191800
2023-02-14,60.209999,60.900002,59.560001,59.590000,53.730293,20505700
2023-02-15,59.900002,59.930000,59.230000,59.590000,53.730293,13171400
2023-02-16,59.230000,59.820000,58.950001,59.220001,53.396683,16538300
2023-02-17,59.500000,60.230000,59.380001,60.119999,54.208179,16814700
2023-02-21,59.990002,60.230000,59.720001,59.799999,53.919643,14278300
2023-02-22,59.849998,60.360001,59.750000,59.980000,54.081944,12409600
2023-02-23,60.009998,60.419998,59.810001,60.090000,54.181133,12222800
2023-02-24,59.680000,59.910000,59.389999,59.840000,53.955719,9736200
2023-02-27,60.180000,60.299999,59.740002,59.820000,53.937672,8849800
2023-02-28,59.700001,59.700001,59.139999,59.509998,53.658161,16082200
2023-03-01,59.130001,59.180000,58.369999,58.860001,53.072079,13275800
2023-03-02,58.840000,59.779999,58.799999,59.720001,53.847507,11758300
2023-03-03,59.549999,59.680000,59.209999,59.439999,53.595043,13101800
2023-03-06,59.259998,60.380001,59.220001,60.360001,54.424576,16282700
2023-03-07,60.490002,60.570000,59.750000,60.009998,54.108997,13961200
2023-03-08,60.040001,60.330002,59.730000,60.040001,54.136047,10851600
2023-03-09,60.540001,60.540001,59.279999,59.459999,53.613083,13900900
2023-03-10,59.700001,60.139999,58.990002,59.209999,53.387661,13745800
2023-03-13,59.290001,60.869999,59.250000,59.810001,53.928665,21956000
2023-03-14,60.000000,60.459999,59.349998,60.029999,54.127022,19496900
2023-03-15,59.430000,60.480000,59.240002,60.430000,54.487698,21089900
2023-03-16,60.090000,60.340000,59.700001,60.299999,54.787533,15658300
2023-03-17,60.310001,60.349998,59.639999,60.020000,54.533123,27351200
2023-03-20,60.160000,60.599998,59.970001,60.599998,55.060101,12904100
2023-03-21,60.570000,60.750000,59.880001,60.320000,54.805698,13716500
2023-03-22,60.400002,60.869999,60.029999,60.049999,54.560379,10494200
2023-03-23,60.090000,60.389999,59.720001,59.919998,54.442265,15479000
2023-03-24,60.250000,61.020000,59.910000,60.900002,55.332680,12975600
2023-03-27,61.139999,61.480000,60.950001,61.349998,55.741539,12777400
2023-03-28,61.389999,61.740002,61.270000,61.419998,55.805141,10925700
2023-03-29,61.720001,61.950001,61.590000,61.860001,56.204914,9441000
2023-03-30,61.880001,62.090000,61.660000,61.849998,56.195827,9870700
2023-03-31,62.060001,62.250000,61.869999,62.029999,56.359379,14440900
2023-04-03,62.299999,62.520000,61.860001,62.400002,56.695553,12300700
2023-04-04,62.389999,62.740002,62.080002,62.209999,56.522923,11433400
2023-04-05,62.529999,63.020000,62.500000,62.799999,57.058983,12789600
2023-04-06,62.860001,63.040001,62.380001,62.840000,57.095329,9644200
2023-04-10,62.490002,62.689999,62.020000,62.689999,56.959030,7952600
2023-04-11,62.650002,62.709999,62.400002,62.580002,56.859093,9913000
2023-04-12,62.480000,63.029999,62.310001,62.689999,56.959030,9593700
2023-04-13,62.759998,63.160000,62.480000,63.150002,57.376995,9871400
2023-04-14,63.049999,63.150002,62.779999,63.049999,57.286125,8946000
2023-04-17,63.320000,63.529999,63.139999,63.459999,57.658646,9452400
2023-04-18,63.509998,63.599998,63.189999,63.560001,57.749508,9035700
2023-04-19,63.730000,63.830002,63.430000,63.680000,57.858536,9769500
2023-04-20,63.630001,64.000000,63.439999,63.959999,58.112942,10706400
2023-04-21,64.000000,64.269997,63.799999,64.050003,58.194717,12931100
2023-04-24,64.750000,64.989998,63.619999,63.950001,58.103855,15532300
2023-04-25,64.169998,64.169998,63.630001,63.849998,58.012989,12818900
2023-04-26,63.560001,63.770000,63.389999,63.549999,57.740417,13179600
2023-04-27,63.529999,63.759998,63.110001,63.680000,57.858536,13795800
2023-04-28,63.610001,64.160004,63.480000,64.150002,58.285568,13687600
2023-05-01,64.150002,64.690002,64.059998,64.300003,58.421864,9091500
2023-05-02,64.139999,64.139999,63.270000,64.010002,58.158367,10948400
2023-05-03,64.019997,64.180000,63.580002,63.650002,57.831280,11084600
2023-05-04,63.740002,63.930000,63.509998,63.720001,57.894882,11938300
2023-05-05,63.639999,64.209999,63.630001,64.019997,58.167454,9039000
2023-05-08,63.810001,64.059998,63.610001,63.919998,58.076599,7240700
2023-05-09,63.639999,63.750000,63.279999,63.389999,57.595047,9067700
2023-05-10,63.320000,63.639999,62.990002,63.500000,57.694988,10134000
2023-05-11,63.580002,63.930000,63.009998,63.860001,58.022079,9581500
2023-05-12,63.860001,64.190002,63.700001,64.110001,58.249229,8740800
2023-05-15,64.220001,64.250000,63.709999,63.939999,58.094772,8150000
2023-05-16,63.900002,63.900002,63.160000,63.220001,57.440586,9129600
2023-05-17,63.400002,63.419998,62.730000,63.150002,57.376995,11583000
2023-05-18,63.009998,63.040001,62.570000,62.799999,57.058983,13595100
2023-05-19,63.040001,63.099998,62.610001,62.830002,57.086243,14251400
2023-05-22,62.790001,62.869999,61.439999,61.509998,55.886909,15055400
2023-05-23,61.509998,61.669998,61.169998,61.400002,55.786964,13932700
2023-05-24,61.380001,61.430000,60.720001,60.880001,55.314503,11090100
2023-05-25,60.470001,60.730000,60.150002,60.410000,54.887474,14463600
2023-05-26,60.450001,60.639999,60.110001,60.259998,54.751183,12570300
2023-05-30,60.090000,60.200001,59.520000,59.779999,54.315060,15634200
2023-05-31,59.919998,60.279999,59.369999,59.660000,54.206032,59432200
2023-06-01,59.939999,60.169998,59.770000,60.000000,54.514961,13402700
2023-06-02,60.270000,61.320000,60.080002,61.160000,55.568909,15259800
2023-06-05,61.000000,61.439999,60.549999,60.750000,55.196388,12915600
2023-06-06,60.950001,60.990002,60.119999,60.310001,54.796608,10943500
2023-06-07,60.009998,60.360001,59.820000,60.220001,54.714844,16817900
2023-06-08,60.130001,60.410000,59.980000,60.369999,54.851128,15585900
2023-06-09,60.270000,60.669998,60.169998,60.470001,54.941990,12581500
2023-06-12,60.590000,60.650002,60.020000,60.209999,54.705753,14208900
2023-06-13,60.209999,60.669998,60.040001,60.450001,54.923820,13397800
2023-06-14,60.730000,61.080002,60.599998,60.860001,55.296333,14099700
2023-06-15,60.610001,61.299999,60.340000,61.230000,56.056202,15271400
2023-06-16,61.599998,62.169998,61.480000,61.669998,56.459015,26738000
2023-06-20,61.590000,61.959999,61.240002,61.259998,56.083656,13971800
2023-06-21,61.310001,61.720001,60.980000,61.430000,56.239304,13948700
2023-06-22,61.810001,62.099998,61.590000,61.849998,56.623810,15193400
2023-06-23,61.939999,61.970001,61.180000,61.200001,56.028732,25112100
2023-06-26,61.209999,61.290001,60.389999,61.220001,56.047047,12856100
2023-06-27,61.220001,61.360001,60.980000,61.090000,55.928032,9068500
2023-06-28,60.880001,61.040001,60.400002,60.520000,55.406200,11173200
2023-06-29,60.220001,60.349998,59.770000,60.020000,54.948444,17142300
2023-06-30,60.000000,60.349998,59.869999,60.220001,55.131542,19739200
2023-07-03,60.200001,60.630001,60.029999,60.580002,55.461124,9694500
2023-07-05,60.279999,61.099998,60.160000,61.029999,55.873096,14716600
2023-07-06,60.730000,61.020000,60.500000,60.560001,55.442814,12603900
2023-07-07,60.310001,60.500000,59.730000,59.759998,54.710407,14574000
2023-07-10,59.970001,60.150002,59.139999,59.310001,54.298439,15480600
2023-07-11,59.459999,59.560001,58.840000,59.520000,54.490692,15967700
2023-07-12,59.750000,60.049999,59.450001,59.840000,54.783661,14241300
2023-07-13,60.119999,60.459999,59.980000,60.349998,55.250553,11269800
2023-07-14,60.139999,61.040001,60.090000,60.900002,55.754093,11634200
2023-07-17,60.759998,61.099998,60.490002,60.810001,55.671692,10014300
2023-07-18,60.959999,61.250000,60.410000,60.570000,55.451969,11152900
2023-07-19,60.770000,61.790001,60.680000,61.639999,56.431557,12936000
2023-07-20,61.680000,62.410000,61.669998,62.389999,57.118176,11563000
2023-07-21,62.459999,62.680000,62.240002,62.439999,57.163956,12815100
2023-07-24,62.419998,62.810001,62.400002,62.459999,57.182270,10251100
2023-07-25,62.299999,62.389999,62.049999,62.250000,56.990013,13422700
2023-07-26,61.860001,63.169998,61.389999,63.049999,57.722412,17145500
2023-07-27,63.049999,63.270000,62.380001,62.439999,57.163956,11517100
2023-07-28,62.590000,62.770000,62.220001,62.480000,57.200584,9721800
2023-07-31,62.450001,62.450001,61.730000,61.930000,56.697056,15577900
2023-08-01,62.090000,62.360001,61.619999,61.770000,56.550571,9281600
2023-08-02,61.560001,62.590000,61.560001,61.959999,56.724522,11059400
2023-08-03,61.869999,62.119999,61.529999,61.639999,56.431557,8037400
2023-08-04,61.680000,61.889999,60.619999,60.709999,55.580139,9359300
2023-08-07,60.790001,61.330002,60.740002,61.189999,56.019577,6982600
2023-08-08,61.189999,61.349998,60.619999,60.919998,55.772388,7956100
2023-08-09,60.910000,61.630001,60.750000,61.060001,55.900566,7904100
2023-08-10,61.349998,61.730000,60.790001,60.919998,55.772388,7870300
2023-08-11,60.840000,61.200001,60.689999,61.169998,56.001266,8483900
2023-08-14,61.320000,61.480000,60.750000,60.880001,55.735775,7176300
2023-08-15,60.689999,60.900002,60.369999,60.470001,55.360424,7187400
2023-08-16,60.540001,60.820000,60.400002,60.480000,55.369572,8372300
2023-08-17,60.580002,61.020000,60.450001,60.610001,55.488586,12873500
2023-08-18,60.540001,61.090000,60.369999,60.950001,55.799862,11083800
2023-08-21,60.860001,60.930000,60.320000,60.430000,55.323803,8648500
2023-08-22,60.340000,60.580002,59.980000,60.060001,54.985065,9411500
2023-08-23,60.200001,60.439999,60.160000,60.270000,55.177315,7749500
2023-08-24,60.270000,60.880001,60.090000,60.110001,55.030842,8955100
2023-08-25,60.410000,60.570000,60.009998,60.389999,55.287174,7629200
2023-08-28,60.549999,60.730000,60.369999,60.560001,55.442814,6254300
2023-08-29,60.560001,60.630001,60.150002,60.500000,55.387886,8189600
2023-08-30,60.639999,60.740002,60.290001,60.470001,55.360424,9447900
2023-08-31,60.299999,60.470001,59.810001,59.830002,54.774498,14663500
2023-09-01,60.000000,60.130001,59.119999,59.310001,54.298439,11262300
2023-09-05,59.250000,59.320000,58.669998,58.820000,53.849842,12474600
2023-09-06,58.619999,58.830002,58.419998,58.779999,53.813217,13923500
2023-09-07,58.950001,59.160000,58.299999,58.330002,53.401245,17628600
2023-09-08,58.299999,58.410000,58.009998,58.330002,53.401245,14312300
2023-09-11,58.400002,58.990002,58.230000,58.880001,53.904770,14767400
2023-09-12,58.990002,59.000000,58.189999,58.299999,53.373779,12292700
2023-09-13,58.400002,58.680000,58.340000,58.439999,53.501949,12641400
2023-09-14,58.240002,58.590000,58.189999,58.459999,53.944881,12311600
2023-09-15,58.410000,58.639999,57.750000,57.939999,53.465038,55727500
2023-09-18,57.980000,58.349998,57.630001,58.299999,53.797241,13617400
2023-09-19,58.259998,58.389999,57.919998,58.180000,53.686501,11998900
2023-09-20,58.299999,58.830002,58.080002,58.439999,53.926422,14766600
2023-09-21,58.369999,58.419998,57.419998,57.540001,53.095932,15941800
2023-09-22,57.849998,57.970001,57.500000,57.599998,53.151299,14644100
2023-09-25,57.400002,57.490002,56.740002,57.000000,52.597641,12358800
2023-09-26,56.730000,56.900002,56.400002,56.529999,52.163933,11194700
2023-09-27,56.419998,56.529999,55.680000,55.950001,51.628735,13766300
2023-09-28,56.230000,56.320000,55.700001,55.810001,51.499554,12484800
2023-09-29,56.139999,56.270000,55.619999,55.980000,51.656418,12271600
2023-10-02,55.910000,56.009998,55.080002,55.480000,51.195038,11792500
2023-10-03,55.160000,55.430000,54.779999,54.880001,50.641376,13604200
2023-10-04,54.889999,55.279999,54.709999,55.040001,50.789013,12100500
2023-10-05,54.740002,54.950001,52.240002,52.380001,48.334461,29878100
2023-10-06,52.040001,53.290001,51.549999,53.139999,49.035759,30298900
2023-10-09,52.959999,53.150002,52.110001,52.880001,48.795849,15704700
2023-10-10,54.130001,54.330002,53.560001,54.029999,49.857025,20909700
2023-10-11,54.220001,54.279999,53.020000,53.709999,49.561741,21138900
2023-10-12,53.759998,53.830002,52.430000,52.810001,48.731247,19330400
2023-10-13,52.740002,53.419998,52.639999,52.889999,48.805073,14494600
2023-10-16,53.020000,53.560001,52.840000,53.430000,49.303360,12816800
2023-10-17,53.310001,54.099998,53.209999,54.070000,49.893940,16457200
2023-10-18,54.099998,54.529999,53.919998,54.049999,49.875481,12809500
2023-10-19,54.160000,54.759998,53.860001,54.349998,50.152306,16202200
2023-10-20,54.529999,55.020000,54.439999,54.570000,50.355316,15686400
2023-10-23,54.380001,54.889999,54.049999,54.080002,49.903164,21212700
2023-10-24,55.650002,56.169998,55.299999,55.639999,51.342678,25290800
2023-10-25,55.759998,56.220001,55.560001,56.119999,51.785606,16701000
2023-10-26,56.369999,56.630001,55.720001,55.779999,51.471870,16228400
2023-10-27,55.549999,56.139999,55.099998,55.240002,50.973576,13626500
2023-10-30,55.430000,56.279999,55.419998,56.150002,51.813282,15014300
2023-10-31,56.570000,56.720001,56.150002,56.490002,52.127026,16639400
2023-11-01,56.799999,56.880001,56.259998,56.439999,52.080883,14110800
2023-11-02,56.500000,57.150002,56.360001,57.090000,52.680687,13087200
2023-11-03,57.400002,57.590000,56.700001,56.740002,52.357716,13958700
2023-11-06,56.779999,57.279999,56.740002,56.970001,52.569958,12673200
2023-11-07,56.919998,57.400002,56.730000,57.180000,52.763733,10449300
2023-11-08,57.320000,57.470001,56.919998,57.090000,52.680687,13744000
2023-11-09,57.029999,57.139999,56.369999,56.660000,52.283901,12021100
2023-11-10,56.869999,56.930000,56.060001,56.720001,52.339268,11678900
2023-11-13,56.619999,57.099998,56.599998,56.930000,52.533043,12798200
2023-11-14,57.020000,57.240002,56.810001,57.099998,52.689911,12697100
2023-11-15,57.299999,57.340000,56.750000,57.209999,52.791420,10201900
2023-11-16,57.250000,57.529999,56.810001,57.150002,52.736050,16010400
2023-11-17,57.189999,57.340000,56.700001,57.259998,52.837559,14475800
2023-11-20,57.049999,57.580002,56.959999,57.400002,52.966743,13051000
2023-11-21,57.459999,58.040001,57.330002,58.029999,53.548092,13891600
2023-11-22,58.259998,58.540001,58.130001,58.419998,53.907959,11320600
2023-11-24,58.459999,58.750000,58.340000,58.570000,54.046383,4816000
2023-11-27,58.540001,58.689999,58.270000,58.459999,53.944881,16246500
2023-11-28,58.400002,58.830002,58.360001,58.580002,54.055614,13739600
2023-11-29,58.580002,58.669998,58.099998,58.230000,53.732643,11263600
2023-11-30,57.959999,58.459999,57.599998,58.439999,54.355820,22727500
2023-12-01,58.270000,58.689999,58.240002,58.639999,54.541840,15371200
2023-12-04,58.590000,58.959999,58.439999,58.570000,54.476730,14942200
2023-12-05,58.549999,58.830002,58.419998,58.660000,54.560436,11891500
2023-12-06,58.560001,58.730000,58.209999,58.599998,54.504627,14868500
2023-12-07,58.669998,58.889999,58.389999,58.740002,54.634850,11587900
2023-12-08,58.740002,58.750000,58.369999,58.610001,54.513939,11178700
2023-12-11,58.830002,59.090000,58.500000,59.040001,54.913883,14524800
2023-12-12,59.200001,59.419998,58.900002,59.419998,55.267326,12899000
2023-12-13,59.450001,60.020000,59.259998,59.930000,55.741680,16196800
2023-12-14,59.970001,60.040001,58.770000,59.040001,54.913883,22478300
2023-12-15,58.830002,59.169998,57.799999,58.599998,54.504627,65177400
2023-12-18,58.799999,59.490002,58.619999,59.020000,54.895283,16717700
2023-12-19,59.000000,59.200001,58.639999,58.830002,54.718563,14612200
2023-12-20,58.500000,58.669998,57.570000,57.610001,53.583824,17701000
2023-12-21,57.849998,58.070000,57.470001,57.990002,53.937267,11725100
2023-12-22,58.119999,58.459999,58.020000,58.320000,54.244202,9029400
2023-12-26,58.060001,58.709999,58.060001,58.560001,54.467426,6422500
2023-12-27,58.639999,58.770000,58.400002,58.709999,54.606945,8560100
2023-12-28,58.650002,58.869999,58.529999,58.750000,54.644154,8400100
2023-12-29,58.740002,58.980000,58.630001,58.930000,54.811573,9244300
2024-01-02,58.799999,59.880001,58.669998,59.820000,55.639378,16322600
2024-01-03,59.930000,60.200001,59.759998,59.959999,55.769585,14830600
2024-01-04,60.049999,60.259998,59.660000,59.759998,55.583569,12912900
2024-01-05,59.799999,59.950001,59.090000,59.669998,55.499851,10412800
2024-01-08,59.680000,60.180000,59.419998,60.110001,55.909107,11554600
2024-01-09,59.990002,60.139999,59.619999,60.000000,55.806797,10493700
2024-01-10,60.220001,60.410000,59.980000,60.200001,55.992813,12258000
2024-01-11,60.250000,60.259998,59.689999,59.810001,55.630077,13754200
2024-01-12,60.080002,60.459999,59.869999,60.389999,56.169540,13218000
2024-01-16,60.389999,60.430000,59.849998,59.990002,55.797489,11826900
2024-01-17,59.860001,60.209999,59.820000,59.990002,55.797489,8982100
2024-01-18,59.689999,60.230000,59.529999,60.160000,55.955608,10397700
2024-01-19,60.259998,60.279999,59.639999,59.830002,55.648670,14392600
2024-01-22,59.759998,60.070000,59.439999,59.570000,55.406849,14314300
2024-01-23,59.529999,60.000000,59.459999,59.849998,55.667282,14481600
2024-01-24,59.799999,59.810001,58.889999,58.910000,54.792973,16370500
2024-01-25,59.009998,59.169998,58.660000,59.160000,55.025497,14899700
2024-01-26,59.250000,59.490002,59.130001,59.369999,55.220821,13025100
2024-01-29,59.340000,59.790001,59.169998,59.730000,55.555660,14547100
2024-01-30,59.849998,60.020000,59.450001,59.900002,55.713783,22061500
2024-01-31,60.099998,60.450001,59.290001,59.490002,55.332439,22837000
2024-02-01,59.570000,61.009998,59.360001,60.980000,56.718307,15870900
2024-02-02,60.820000,60.869999,60.230000,60.540001,56.309052,17544900
2024-02-05,60.380001,60.380001,59.880001,60.040001,55.843990,12759600
2024-02-06,59.959999,60.049999,59.680000,59.939999,55.750988,12775200
2024-02-07,60.070000,60.209999,59.939999,59.990002,55.797489,10259900
2024-02-08,59.889999,59.970001,59.410000,59.830002,55.648670,12874800
2024-02-09,59.470001,59.580002,59.029999,59.560001,55.397545,15235300
2024-02-12,59.660000,59.759998,58.959999,59.700001,55.527767,13516800
2024-02-13,59.500000,60.660000,58.790001,59.349998,55.202213,24195700
2024-02-14,59.169998,59.590000,59.040001,59.290001,55.146412,15872500
2024-02-15,59.419998,59.590000,59.130001,59.400002,55.248730,13695800
2024-02-16,59.349998,59.619999,58.959999,59.389999,55.239426,13947100
2024-02-20,59.599998,60.840000,59.509998,60.700001,56.457878,18339300
2024-02-21,60.990002,61.279999,60.830002,61.240002,56.960140,14373000
2024-02-22,60.990002,61.250000,60.500000,61.150002,56.876423,12982800
2024-02-23,61.090000,61.619999,61.000000,61.200001,56.922935,13612900
2024-02-26,61.240002,61.270000,60.660000,60.709999,56.467175,10336100
2024-02-27,60.540001,60.779999,60.119999,60.340000,56.123028,9931100
2024-02-28,60.369999,60.490002,60.060001,60.400002,56.178844,8076500
2024-02-29,60.349998,60.639999,59.900002,60.020000,55.825394,18152700
2024-03-01,59.900002,59.900002,59.340000,59.529999,55.369637,10927600
2024-03-04,59.230000,59.950001,59.220001,59.810001,55.630077,10150200
2024-03-05,59.910000,60.110001,59.419998,59.520000,55.360340,12310000
2024-03-06,59.520000,60.000000,59.380001,59.549999,55.388245,12378800
2024-03-07,59.689999,59.770000,59.240002,59.439999,55.285931,13686900
2024-03-08,59.299999,59.790001,58.970001,59.520000,55.360340,13239000
2024-03-11,59.779999,60.290001,59.580002,60.240002,56.030022,14114300
2024-03-12,60.320000,60.750000,60.209999,60.500000,56.271851,12684600
2024-03-13,60.880001,61.209999,60.799999,61.119999,56.848518,13909500
2024-03-14,60.580002,60.799999,60.400002,60.500000,56.721951,13996600
2024-03-15,60.020000,60.450001,59.639999,59.880001,56.140667,36849900
2024-03-18,59.889999,60.400002,59.799999,60.130001,56.375053,15856700
2024-03-19,60.240002,60.349998,60.060001,60.230000,56.468815,15030600
2024-03-20,60.180000,60.810001,60.160000,60.750000,56.956337,15258800
2024-03-21,60.560001,60.990002,60.320000,60.470001,56.693825,13067100
2024-03-22,60.520000,60.790001,60.430000,60.490002,56.712578,11502800
2024-03-25,60.480000,60.709999,60.119999,60.400002,56.628197,13144700
2024-03-26,60.500000,60.709999,60.380001,60.540001,56.759449,13277400
2024-03-27,60.790001,61.430000,60.700001,61.029999,57.218853,12551200
2024-03-28,61.139999,61.259998,61.000000,61.180000,57.359489,13683500
2024-04-01,61.180000,61.299999,60.630001,60.680000,56.890705,11668700
2024-04-02,60.450001,60.730000,60.110001,60.150002,56.393810,13017300
2024-04-03,60.049999,60.389999,59.779999,59.830002,56.093796,13672900
2024-04-04,60.090000,60.150002,59.169998,59.299999,55.596897,14320700
2024-04-05,59.250000,59.680000,58.910000,59.509998,55.793777,10157800
2024-04-08,59.400002,59.470001,59.070000,59.270000,55.568756,10284500
2024-04-09,59.480000,59.740002,59.130001,59.720001,55.990662,10779100
2024-04-10,59.320000,59.389999,58.689999,58.919998,55.240612,11861900
2024-04-11,59.150002,59.369999,58.790001,59.049999,55.362503,11109000
2024-04-12,58.950001,59.009998,58.130001,58.279999,54.640583,12250900
2024-04-15,58.610001,58.810001,58.040001,58.139999,54.509323,12425000
2024-04-16,58.250000,58.380001,57.930000,58.060001,54.434322,11236800
2024-04-17,58.279999,58.560001,58.099998,58.509998,54.856224,13805100
2024-04-18,58.619999,58.980000,58.540001,58.910000,55.231239,11125900
2024-04-19,59.099998,60.360001,59.000000,60.169998,56.412560,21207900
2024-04-22,60.139999,60.630001,59.720001,60.549999,56.768829,15624500
2024-04-23,60.529999,60.680000,60.130001,60.639999,56.853207,13689100
2024-04-24,60.320000,61.650002,59.840000,61.549999,57.706379,19548300
2024-04-25,61.869999,62.590000,61.369999,61.740002,57.884518,19048500
2024-04-26,61.549999,61.930000,61.349998,61.740002,57.884518,10994300
2024-04-29,61.919998,62.049999,61.529999,62.040001,58.165783,13409300
2024-04-30,62.139999,62.830002,61.470001,61.770000,57.912643,19349200
2024-05-01,61.799999,62.570000,61.209999,61.930000,58.062649,16729800
2024-05-02,62.180000,62.400002,61.720001,61.990002,58.118900,10991300
2024-05-03,61.990002,62.330002,61.639999,62.169998,58.287666,11628700
2024-05-06,62.299999,62.380001,61.900002,62.349998,58.456421,9310700
2024-05-07,62.759998,62.820000,62.250000,62.619999,58.709560,9807000
2024-05-08,62.849998,62.970001,62.480000,62.849998,58.925190,10484400
2024-05-09,62.810001,63.150002,62.750000,62.880001,58.953331,9113700
2024-05-10,62.919998,63.360001,62.790001,63.259998,59.309589,8371700
2024-05-13,63.240002,63.619999,63.180000,63.580002,59.609619,10137600
2024-05-14,63.580002,63.759998,62.799999,63.099998,59.159588,10852200
2024-05-15,63.060001,63.389999,63.000000,63.130001,59.187717,9838900
2024-05-16,63.240002,63.730000,63.070000,63.320000,59.365849,10228000
2024-05-17,63.340000,63.369999,62.939999,63.029999,59.093960,11539000
2024-05-20,62.930000,63.009998,62.459999,62.570000,58.662689,11000900
2024-05-21,62.820000,62.980000,62.439999,62.910000,58.981449,9796200
2024-05-22,62.709999,63.020000,62.660000,63.000000,59.065830,7419400
2024-05-23,62.490002,62.880001,62.049999,62.090000,58.212662,9834300
2024-05-24,62.220001,62.419998,61.970001,62.000000,58.128281,8203100
2024-05-28,61.790001,62.130001,61.400002,61.820000,57.959518,12347000
2024-05-29,61.470001,61.880001,61.070000,61.700001,57.847015,11861800
2024-05-30,61.849998,62.080002,61.599998,61.970001,58.100155,9433800
2024-05-31,61.990002,63.029999,61.689999,62.930000,59.000206,19816600
2024-06-03,62.709999,63.090000,62.450001,62.930000,59.000206,9369000
2024-06-04,63.200001,63.970001,62.939999,63.939999,59.947132,11895600
2024-06-05,63.990002,64.070000,63.349998,63.919998,59.928379,9632500
2024-06-06,63.919998,64.360001,63.840000,64.150002,60.144028,8658500
2024-06-07,64.089996,64.220001,63.810001,63.910000,59.919003,9523100
2024-06-10,63.939999,63.990002,63.369999,63.590000,59.618984,15685300
2024-06-11,63.590000,63.650002,63.070000,63.549999,59.581486,8396000
2024-06-12,63.689999,63.689999,62.689999,62.880001,58.953331,9569600
2024-06-13,62.860001,63.040001,62.450001,62.990002,59.056454,9668900
2024-06-14,62.380001,62.689999,62.090000,62.549999,59.098972,8179200
2024-06-17,62.369999,62.900002,62.180000,62.619999,59.165108,10532700
2024-06-18,62.529999,62.820000,62.439999,62.630001,59.174561,10651700
2024-06-20,62.400002,62.740002,61.950001,62.180000,58.749390,13306300
2024-06-21,62.180000,63.099998,62.180000,62.770000,59.306835,28278100
2024-06-24,62.990002,64.059998,62.910000,63.970001,60.440632,13212500
2024-06-25,63.939999,64.070000,63.509998,63.840000,60.317802,10235300
2024-06-26,63.400002,64.110001,63.230000,64.050003,60.516216,9402500
2024-06-27,64.050003,64.269997,63.619999,63.910000,60.383938,8494100
2024-06-28,63.900002,64.059998,63.520000,63.650002,60.138279,17358800
2024-07-01,64.029999,64.300003,63.119999,63.279999,59.788696,10033400
2024-07-02,63.259998,63.380001,62.860001,63.150002,59.665871,8878200
2024-07-03,63.189999,63.669998,62.930000,63.330002,59.835941,9154200
2024-07-05,63.330002,63.790001,63.000000,63.759998,60.242210,11735500
2024-07-08,63.590000,63.590000,62.840000,62.959999,59.486351,11235100
2024-07-09,63.060001,63.230000,62.590000,62.689999,59.231247,11657500
2024-07-10,62.720001,62.860001,62.290001,62.830002,59.363525,11930400
2024-07-11,62.639999,63.459999,62.400002,63.099998,59.618626,11431600
2024-07-12,63.459999,64.110001,63.389999,63.700001,60.185524,9201500
2024-07-15,63.790001,63.939999,63.349998,63.410000,59.911526,8207500
2024-07-16,63.430000,64.309998,63.389999,64.269997,60.724075,9025100
2024-07-17,64.470001,65.389999,64.410004,65.209999,61.612221,12508200
2024-07-18,64.800003,65.809998,64.720001,65.190002,61.593323,11128200
2024-07-19,65.639999,65.639999,64.820000,65.290001,61.687805,13775700
2024-07-22,65.250000,65.290001,64.320000,64.769997,61.196487,11794200
2024-07-23,65.430000,66.040001,64.849998,64.959999,61.376007,11810300
2024-07-24,65.089996,65.970001,64.830002,65.809998,62.179111,13244600
2024-07-25,66.040001,66.889999,65.860001,66.070000,62.424770,16328600
2024-07-26,66.070000,67.110001,66.010002,67.050003,63.350700,13530100
2024-07-29,66.879997,67.029999,66.389999,66.830002,63.142830,12140200
2024-07-30,66.480003,67.830002,66.360001,67.680000,63.945942,13258000
2024-07-31,67.500000,67.610001,66.610001,66.739998,63.057808,15576800
2024-08-01,67.000000,68.110001,66.699997,67.959999,64.210495,16495900
2024-08-02,68.529999,69.669998,67.690002,69.330002,65.504913,22514800
2024-08-05,68.989998,69.550003,67.730003,68.099998,64.342781,25484300
2024-08-06,68.150002,68.839996,67.769997,68.050003,64.295525,12969100
2024-08-07,68.050003,69.180000,67.830002,68.459999,64.682899,13365300
2024-08-08,68.000000,68.860001,67.849998,68.730003,64.938004,15240900
2024-08-09,68.699997,68.790001,68.250000,68.680000,64.890770,12080400
2024-08-12,68.449997,68.540001,67.830002,68.169998,64.408905,11012300
2024-08-13,68.080002,68.610001,68.010002,68.459999,64.682899,9877600
2024-08-14,68.230003,68.889999,68.129997,68.580002,64.796280,14328000
2024-08-15,68.620003,68.919998,68.500000,68.650002,64.862419,11285100
2024-08-16,68.839996,69.300003,68.639999,69.180000,65.363190,12651200
2024-08-19,69.349998,69.419998,68.849998,68.980003,65.174225,9843900
2024-08-20,68.989998,69.389999,68.769997,69.379997,65.552147,11957400
2024-08-21,69.480003,70.129997,69.330002,69.570000,65.731674,8792400
2024-08-22,69.919998,69.919998,68.790001,69.330002,65.504913,12509200
2024-08-23,69.400002,69.849998,68.940002,69.790001,65.939529,11834700
2024-08-26,69.830002,70.919998,69.730003,70.839996,66.931587,12912200
2024-08-27,71.320000,71.529999,71.050003,71.500000,67.555183,16988400
2024-08-28,71.610001,71.809998,71.300003,71.750000,67.791374,13272600
2024-08-29,71.900002,72.220001,71.230003,72.050003,68.074821,17201700
2024-08-30,72.199997,72.570000,71.779999,72.470001,68.471657,18624200
2024-09-03,72.440002,73.290001,72.250000,73.010002,68.981873,14755800
2024-09-04,73.300003,73.529999,71.910004,72.559998,68.556694,18140800
2024-09-05,72.620003,72.680000,70.980003,71.169998,67.243385,23866100
2024-09-06,70.989998,71.669998,70.889999,71.139999,67.215042,17485700
2024-09-09,71.230003,72.309998,70.980003,71.849998,67.885872,12939300
2024-09-10,71.970001,72.419998,71.519997,71.550003,67.602425,10277600
2024-09-11,71.360001,71.370003,70.570000,71.080002,67.158356,11418200
2024-09-12,71.000000,71.379997,70.660004,71.230003,67.300079,12337800
2024-09-13,70.839996,71.470001,70.480003,71.410004,67.932709,11073800
2024-09-16,71.769997,72.239998,71.620003,72.099998,68.589088,10786500
2024-09-17,71.900002,72.349998,71.720001,71.800003,68.303703,12974400
2024-09-18,71.889999,72.379997,71.269997,71.750000,68.256134,10719700
2024-09-19,71.559998,71.940002,70.599998,70.620003,67.181175,13635600
2024-09-20,70.410004,71.800003,70.379997,71.639999,68.151497,48578500
2024-09-23,71.550003,72.199997,71.180000,71.730003,68.237122,11613000
2024-09-24,71.220001,71.820000,70.599998,71.330002,67.856598,13330600
2024-09-25,71.709999,71.919998,71.309998,71.449997,67.970749,12329100
2024-09-26,70.860001,71.610001,70.839996,71.400002,67.923187,10815200
2024-09-27,71.540001,72.199997,71.459999,71.790001,68.294197,11175700
2024-09-30,72.000000,72.199997,71.690002,71.860001,68.360794,18015300
2024-10-01,72.099998,72.750000,71.629997,71.709999,68.218086,13294500
2024-10-02,71.389999,71.430000,70.410004,71.010002,67.552177,11155500
2024-10-03,70.860001,70.989998,70.199997,70.519997,67.086029,9374800
2024-10-04,69.959999,70.279999,69.720001,70.169998,66.753067,12684800
2024-10-07,70.050003,70.099998,68.870003,69.010002,65.649567,14512000
2024-10-08,69.040001,69.440002,68.860001,69.180000,65.811302,13549700
2024-10-09,69.190002,69.739998,69.070000,69.570000,66.182297,9037700
2024-10-10,69.830002,69.910004,68.989998,69.250000,65.877884,8635200
2024-10-11,69.459999,69.589996,69.000000,69.570000,66.182297,8786300
2024-10-14,69.570000,70.470001,69.470001,70.339996,66.914795,7659300
2024-10-15,70.459999,71.209999,70.160004,70.339996,66.914795,10358700
2024-10-16,70.089996,70.699997,69.970001,70.570000,67.133591,7937300
2024-10-17,70.629997,70.690002,69.580002,69.900002,66.496223,14674600
2024-10-18,69.870003,70.550003,69.610001,70.440002,67.009941,15087500
2024-10-21,70.000000,70.330002,69.309998,69.449997,66.068146,11981200
2024-10-22,69.000000,69.750000,68.680000,69.449997,66.068146,18603300
2024-10-23,66.989998,68.699997,66.580002,68.010002,64.698265,24655200
2024-10-24,67.650002,68.040001,66.949997,67.300003,64.022842,17568800
2024-10-25,67.070000,67.699997,66.790001,66.919998,63.661346,11138100
2024-10-28,66.959999,67.400002,66.599998,66.669998,63.423508,10761400
2024-10-29,66.290001,66.339996,65.519997,65.559998,62.367565,16525900
2024-10-30,65.510002,66.540001,65.320000,65.919998,62.710026,14177800
2024-10-31,65.809998,65.989998,65.260002,65.309998,62.129738,13383700
2024-11-01,65.470001,65.660004,64.889999,65.010002,61.844349,12163100
2024-11-04,65.080002,65.419998,64.650002,65.110001,61.939476,10984500
2024-11-05,64.639999,65.470001,64.639999,65.370003,62.186813,8780200
2024-11-06,64.419998,64.860001,63.180000,63.700001,60.598133,22899300
2024-11-07,64.290001,64.389999,63.599998,63.660000,60.560081,14856100
2024-11-08,63.910000,64.239998,63.740002,63.919998,60.807419,14719300
2024-11-11,63.990002,64.120003,63.250000,63.360001,60.274693,13980900
2024-11-12,63.680000,63.750000,63.119999,63.200001,60.122478,15021000
2024-11-13,63.049999,63.259998,62.490002,63.000000,59.932220,13177600
2024-11-14,63.110001,63.110001,62.430000,62.549999,59.504128,15910800
2024-11-15,62.490002,62.630001,61.389999,61.740002,58.733578,26284300
2024-11-18,61.849998,62.139999,61.560001,61.860001,58.847733,16062100
2024-11-19,61.900002,62.619999,61.630001,62.590000,59.542187,16254800
2024-11-20,62.700001,63.009998,62.020000,62.990002,59.922710,18904900
2024-11-21,63.150002,63.810001,62.950001,63.759998,60.655212,17292300
2024-11-22,64.239998,64.480003,63.650002,63.919998,60.807419,19562200
2024-11-25,64.320000,64.709999,63.840000,64.379997,61.245022,36805300
2024-11-26,64.309998,64.639999,64.059998,64.550003,61.406742,14473300
2024-11-27,64.959999,65.099998,64.250000,64.430000,61.292591,13263400
2024-11-29,64.019997,64.250000,63.770000,64.080002,61.421986,10648400
2024-12-02,64.050003,64.190002,63.349998,63.650002,61.009819,16500100
2024-12-03,63.720001,64.080002,63.029999,63.520000,60.885220,24874500
2024-12-04,63.279999,63.349998,61.900002,62.209999,59.629547,28137700
2024-12-05,62.470001,63.119999,62.099998,62.919998,60.310097,21040400
2024-12-06,62.830002,63.360001,62.509998,62.529999,59.936279,15581100
2024-12-09,62.689999,62.930000,61.900002,62.599998,60.003376,22348300
2024-12-10,62.700001,63.040001,61.790001,62.910000,60.300518,14949400
2024-12-11,63.000000,63.630001,62.400002,62.639999,60.041721,32819000
2024-12-12,63.549999,63.919998,63.220001,63.840000,61.191940,17542100
2024-12-13,63.570000,63.840000,63.110001,63.119999,60.501804,13429000
2024-12-16,63.230000,63.860001,62.349998,62.549999,59.955444,24559700
2024-12-17,62.450001,63.549999,62.320000,63.400002,60.770191,21902400
2024-12-18,62.810001,63.639999,62.790001,62.849998,60.243004,20946100
2024-12-19,62.700001,63.169998,62.400002,62.450001,59.859600,21300600
2024-12-20,62.470001,63.060001,62.279999,62.549999,59.955444,42458100
2024-12-23,62.500000,62.759998,61.529999,62.380001,59.792503,13010800
2024-12-24,62.200001,62.840000,62.009998,62.840000,60.233425,5019100
2024-12-26,62.619999,62.740002,62.400002,62.570000,59.974621,7943800
2024-12-27,62.450001,62.950001,62.209999,62.450001,59.859600,8542800
2024-12-30,62.340000,62.340000,61.680000,62.029999,59.457016,8972200
2024-12-31,62.020000,62.430000,61.799999,62.259998,59.677475,9256700
2025-01-02,62.349998,62.750000,61.619999,61.840000,59.274902,12991000
2025-01-03,61.900002,62.080002,61.619999,61.750000,59.188637,10403200
2025-01-06,61.500000,61.570000,60.660000,60.810001,58.287628,17924200
2025-01-07,61.110001,61.720001,60.619999,60.840000,58.316383,17799600
2025-01-08,60.990002,61.770000,60.930000,61.709999,59.150295,14412400
2025-01-10,61.580002,61.650002,60.730000,61.070000,58.536842,22425000
2025-01-13,61.130001,61.849998,60.709999,61.650002,59.092785,18016200
2025-01-14,61.660000,62.070000,61.299999,62.040001,59.466606,16658300
2025-01-15,62.330002,62.619999,61.680000,61.770000,59.207806,16187200
2025-01-16,61.419998,62.299999,61.320000,62.250000,59.667896,12585500
2025-01-17,62.310001,62.770000,62.169998,62.709999,60.108814,17948900
2025-01-21,62.900002,63.230000,62.299999,62.419998,59.830845,19817100
2025-01-22,62.119999,62.290001,61.660000,61.779999,59.217388,18191900
2025-01-23,61.799999,61.980000,61.369999,61.529999,58.977757,16528400
2025-01-24,61.720001,62.009998,61.439999,61.919998,59.351578,19244600
2025-01-27,62.869999,64.180000,62.470001,63.869999,61.220695,20742900
2025-01-28,63.509998,64.040001,62.279999,62.360001,59.773335,14956000
2025-01-29,62.560001,63.360001,62.549999,62.830002,60.223839,11325600
2025-01-30,63.849998,64.290001,63.230000,64.050003,61.393227,13201000
2025-01-31,63.700001,63.930000,63.389999,63.480000,60.846874,12096800
2025-02-03,63.180000,63.630001,62.430000,63.349998,60.722263,12067900
2025-02-04,63.610001,63.630001,62.349998,62.669998,60.070473,15678000
2025-02-05,62.720001,63.290001,62.590000,63.119999,60.501804,10686800
2025-02-06,63.619999,63.740002,62.910000,63.360001,60.731853,13423400
2025-02-07,63.430000,63.919998,63.270000,63.840000,61.191940,13184700
2025-02-10,64.099998,64.650002,63.660000,64.550003,61.872494,16154300
2025-02-11,67.500000,67.669998,66.410004,67.599998,64.795975,30589100
2025-02-12,66.870003,68.820000,66.870003,68.709999,65.859932,26033800
2025-02-13,69.000000,69.610001,68.760002,69.500000,66.617165,24393100
2025-02-14,69.360001,70.029999,68.760002,68.870003,66.013298,20779100
2025-02-18,68.550003,69.370003,68.419998,69.050003,66.185837,15569100
2025-02-19,69.209999,70.129997,69.169998,70.070000,67.163521,16032300
2025-02-20,69.709999,70.070000,69.419998,70.040001,67.134766,13398000
2025-02-21,70.320000,71.599998,70.129997,71.349998,68.390419,21662300
2025-02-24,70.839996,71.730003,70.330002,70.589996,67.661949,21418400
2025-02-25,70.860001,71.769997,70.730003,71.489998,68.524620,21555600
2025-02-26,71.269997,71.279999,70.529999,70.800003,67.863243,14531200
2025-02-27,70.720001,71.540001,70.419998,70.870003,67.930351,16789500
2025-02-28,71.449997,71.570000,70.559998,71.209999,68.256241,22167400
2025-03-03,70.239998,72.360001,69.730003,72.320000,69.320190,21717600
2025-03-04,72.070000,72.650002,69.879997,70.190002,67.278549,25411900
2025-03-05,69.900002,70.739998,69.839996,70.080002,67.173111,23933600
2025-03-06,70.410004,70.529999,69.449997,70.459999,67.537346,21694000
2025-03-07,69.650002,71.820000,69.650002,71.430000,68.467102,28393300
2025-03-10,71.959999,73.220001,71.320000,71.449997,68.486282,25251200
2025-03-11,71.879997,72.040001,70.610001,71.040001,68.093300,28076400
2025-03-12,70.370003,70.730003,69.739998,69.940002,67.038918,18923300
2025-03-13,70.250000,70.250000,69.279999,69.620003,66.732185,15746600
2025-03-14,68.510002,69.260002,68.379997,69.160004,66.780472,14205100
2025-03-17,69.239998,70.169998,69.080002,70.120003,67.707443,15634800
2025-03-18,70.110001,70.190002,69.300003,69.379997,66.992905,12657600
2025-03-19,68.550003,69.379997,68.540001,69.279999,66.896332,14780000
2025-03-20,69.309998,69.809998,69.089996,69.709999,67.311546,16295300
2025-03-21,69.709999,69.970001,68.180000,68.669998,66.307335,47479500
2025-03-24,68.800003,69.080002,68.330002,68.949997,66.577690,12575400
2025-03-25,68.949997,69.080002,68.599998,68.809998,66.442505,12513900
2025-03-26,68.919998,70.349998,68.900002,70.019997,67.610886,14478200
2025-03-27,70.180000,70.989998,70.070000,70.739998,68.306107,11663400
2025-03-28,70.809998,71.320000,69.529999,70.370003,67.948845,17412900
2025-03-31,70.730003,71.940002,70.489998,71.620003,69.155846,24016900
2025-04-01,71.680000,71.910004,71.190002,71.870003,69.397224,15309100
2025-04-02,71.959999,72.360001,71.050003,71.330002,68.875801,14606500
2025-04-03,72.480003,73.949997,72.320000,73.180000,70.662155,24959600
2025-04-04,72.419998,73.010002,69.790001,69.930000,67.523979,26517300
2025-04-07,66.230003,69.379997,66.050003,68.370003,66.017654,34258400
2025-04-08,68.959999,69.980003,67.760002,68.419998,66.065933,22774400
2025-04-09,67.919998,70.470001,67.279999,69.949997,67.543289,27918700
2025-04-10,70.190002,71.209999,68.980003,70.760002,68.325417,22450200
2025-04-11,70.910004,71.849998,70.540001,71.430000,68.972359,19988200
2025-04-14,71.300003,72.660004,70.930000,72.449997,69.957268,13930200
2025-04-15,72.620003,72.629997,71.720001,71.860001,69.387573,14965500
2025-04-16,72.360001,72.669998,71.389999,71.680000,69.213760,15276200
2025-04-17,71.900002,73.430000,71.720001,73.000000,70.488342,20754500
2025-04-21,73.379997,73.470001,71.820000,72.769997,70.266251,16037200
2025-04-22,73.000000,74.379997,72.919998,73.900002,71.357384,15613500
2025-04-23,73.290001,73.949997,72.379997,73.300003,70.778023,16353900
2025-04-24,73.019997,73.430000,72.300003,72.519997,70.024864,16893900
2025-04-25,72.650002,72.919998,71.129997,71.910004,69.435860,16316000
2025-04-28,72.080002,72.260002,71.309998,71.790001,69.319977,15997500
2025-04-29,71.190002,72.709999,70.279999,72.349998,69.860710,16244100
2025-04-30,73.349998,73.480003,71.690002,72.550003,70.053841,21074700
2025-05-01,72.000000,72.040001,71.230003,71.290001,68.837181,18034200
2025-05-02,71.500000,71.820000,71.099998,71.650002,69.184799,12629600
2025-05-05,71.669998,71.800003,71.010002,71.699997,69.233078,11932700
2025-05-06,71.680000,71.900002,71.160004,71.720001,69.252388,12705500
2025-05-07,71.720001,72.690002,71.669998,72.400002,69.908997,15018200
2025-05-08,72.199997,72.470001,71.129997,71.169998,68.721306,14371100
2025-05-09,70.989998,71.150002,70.459999,70.519997,68.093658,11228900
2025-05-12,70.150002,70.330002,68.699997,69.529999,67.137733,21539000
2025-05-13,69.589996,69.690002,68.870003,68.959999,66.587357,14389100
2025-05-14,68.879997,69.339996,68.580002,69.160004,66.780472,16286800
2025-05-15,69.699997,71.730003,69.599998,71.610001,69.146172,19817100
2025-05-16,71.860001,72.260002,71.430000,72.000000,69.522758,18441200
2025-05-19,72.029999,72.169998,71.639999,71.930000,69.455162,13282800
2025-05-20,71.800003,72.129997,71.430000,71.690002,69.223427,12137800
2025-05-21,71.690002,72.080002,71.580002,71.849998,69.377914,12094400
2025-05-22,71.839996,71.989998,70.959999,71.139999,68.692352,11101800
2025-05-23,71.540001,71.980003,70.690002,71.769997,69.300667,12822100
2025-05-27,71.739998,72.220001,71.559998,71.779999,69.310326,10666100
2025-05-28,71.699997,71.900002,71.050003,71.150002,68.701996,8710900
2025-05-29,71.000000,71.660004,70.459999,71.489998,69.030304,10291100
2025-05-30,71.610001,72.470001,71.610001,72.099998,69.619308,28019500
2025-06-02,72.029999,72.040001,71.360001,72.000000,69.522758,10202700
2025-06-03,71.709999,71.779999,70.470001,71.160004,68.711647,20139800
2025-06-04,71.260002,71.849998,70.680000,71.370003,68.914436,13565900
2025-06-05,71.379997,71.459999,70.830002,70.910004,68.470261,13531400
2025-06-06,71.080002,71.480003,70.940002,71.349998,68.895126,9524000
2025-06-09,71.349998,71.830002,71.089996,71.769997,69.300667,12281300
2025-06-10,71.900002,72.690002,71.760002,72.349998,69.860710,12265000
2025-06-11,72.269997,72.360001,71.760002,72.070000,69.590347,12718500
2025-06-12,72.250000,72.400002,71.599998,72.239998,69.754494,12806900
2025-06-13,71.769997,71.879997,70.730003,71.019997,69.064049,17467200
2025-06-16,71.199997,71.620003,70.239998,70.519997,68.577820,15045900
2025-06-17,70.379997,70.459999,69.580002,69.620003,67.702606,15437000
2025-06-18,70.000000,70.000000,69.089996,69.209999,67.303902,16227600
2025-06-20,69.089996,69.559998,68.779999,68.839996,66.944092,40859400
2025-06-23,69.139999,69.809998,68.970001,69.739998,67.819298,21822800
2025-06-24,69.940002,70.349998,69.690002,70.209999,68.276367,15216100
2025-06-25,69.930000,70.019997,69.430000,69.629997,67.712334,12540400
2025-06-26,69.699997,69.919998,69.150002,69.470001,67.556740,14454100
2025-06-27,69.589996,70.559998,69.470001,70.330002,68.393051,23470700
2025-06-30,70.129997,70.790001,70.089996,70.750000,68.801491,15429000
2025-07-01,70.989998,72.449997,70.900002,71.669998,69.696152,21729300
2025-07-02,71.690002,71.830002,70.739998,70.910004,68.957085,13050200
2025-07-03,71.040001,71.400002,70.449997,71.349998,69.384964,9440500
2025-07-07,71.370003,71.370003,70.800003,71.010002,69.054329,16984700
2025-07-08,70.680000,70.680000,69.879997,70.239998,68.305527,17115500
2025-07-09,70.160004,70.250000,68.970001,69.480003,67.566467,33704100
2025-07-10,69.290001,69.849998,69.160004,69.769997,67.848480,14608400
2025-07-11,69.570000,70.160004,69.250000,69.870003,67.945732,12916700
2025-07-14,69.800003,70.080002,69.269997,69.470001,67.556740,13983200
2025-07-15,69.510002,69.550003,69.150002,69.360001,67.449768,12639800
2025-07-16,69.349998,69.500000,68.790001,69.269997,67.362244,13178300
2025-07-17,69.809998,70.690002,69.510002,70.589996,68.645889,20464700
2025-07-18,70.440002,70.699997,69.830002,69.849998,67.926277,14928000
2025-07-21,70.190002,70.620003,69.930000,70.070000,68.140221,17811700
2025-07-22,69.449997,70.260002,68.690002,69.660004,67.741516,22339900
2025-07-23,69.660004,69.739998,68.599998,69.160004,67.255280,21030000
2025-07-24,69.260002,69.550003,68.989998,69.099998,67.196930,12511400
2025-07-25,69.129997,69.230003,68.750000,69.169998,67.264999,12574800
2025-07-28,68.739998,68.900002,68.059998,68.089996,66.214745,13668800
2025-07-29,68.339996,69.419998,68.150002,69.379997,67.469223,16223400
2025-07-30,69.110001,69.330002,68.529999,68.750000,66.856575,10448200
2025-07-31,68.150002,68.650002,67.739998,67.889999,66.020256,17193400
2025-08-01,68.599998,69.040001,68.269997,68.860001,66.963539,16107500
2025-08-04,68.720001,69.080002,68.309998,68.959999,67.060791,10701500
2025-08-05,68.900002,69.489998,68.750000,69.050003,67.148315,11993400
2025-08-06,69.120003,69.800003,68.629997,69.510002,67.595642,10783000
2025-08-07,69.459999,70.720001,69.330002,70.430000,68.490303,15790800
2025-08-08,70.360001,70.870003,70.080002,70.339996,68.402779,9232700
2025-08-11,70.300003,70.860001,69.959999,70.750000,68.801491,10909400
2025-08-12,70.820000,71.059998,70.220001,70.709999,68.762589,11061100
2025-08-13,70.690002,70.769997,70.230003,70.459999,68.519470,10356500
2025-08-14,70.379997,70.459999,69.389999,69.550003,67.634537,10722400
2025-08-15,69.739998,70.389999,69.570000,69.919998,67.994347,12381100
2025-08-18,69.980003,70.050003,69.050003,69.129997,67.226097,14094900
2025-08-19,69.300003,70.220001,69.239998,70.129997,68.198563,13862200
2025-08-20,70.739998,71.709999,70.410004,70.699997,68.752861,17530800
2025-08-21,70.599998,70.910004,70.330002,70.660004,68.713966,8840400
2025-08-22,70.959999,71.019997,69.919998,70.129997,68.198563,12999600
2025-08-25,70.110001,70.230003,68.720001,68.930000,67.031616,13634600
2025-08-26,69.040001,69.080002,68.580002,68.730003,66.837120,17964200
2025-08-27,68.820000,68.870003,68.470001,68.830002,66.934364,11562700
2025-08-28,68.879997,68.900002,68.279999,68.360001,66.477310,16209900
2025-08-29,68.669998,69.139999,68.430000,68.989998,67.089951,14601100
2025-09-02,68.959999,69.339996,68.260002,69.059998,67.158028,24770100
2025-09-03,68.660004,69.099998,67.370003,68.989998,67.089951,33581500
2025-09-04,69.110001,69.459999,68.110001,68.250000,66.370346,16736000
2025-09-05,68.010002,68.580002,67.870003,67.959999,66.088326,23978000
2025-09-08,67.860001,67.879997,67.160004,67.430000,65.572922,21671700
2025-09-09,67.279999,68.110001,67.279999,67.860001,65.991081,14120600
2025-09-10,67.790001,68.089996,67.209999,67.820000,65.952187,16041900
2025-09-11,67.919998,68.169998,67.580002,67.620003,65.757698,15128700
2025-09-12,67.599998,67.720001,66.940002,67.010002,65.164490,18712400
2025-09-15,66.680000,66.779999,66.099998,66.209999,64.880318,15986100
2025-09-16,66.349998,66.510002,66.059998,66.239998,64.909714,18555900
2025-09-17,66.410004,67.129997,66.410004,67.040001,65.693642,17372300
2025-09-18,66.800003,67.040001,66.349998,66.459999,65.125290,17722900
2025-09-19,66.489998,66.730003,66.050003,66.430000,65.095894,31192900
2025-09-22,66.160004,66.589996,66.080002,66.209999,64.880318,13298700
2025-09-23,66.349998,66.760002,65.900002,66.709999,65.370277,15072800
2025-09-24,66.410004,66.779999,65.959999,66.449997,65.115494,14759300
2025-09-25,66.750000,66.919998,65.949997,65.980003,64.654938,14395000
2025-09-26,66.070000,66.330002,65.500000,65.669998,64.351151,17821600
2025-09-29,65.669998,66.099998,65.349998,66.040001,64.713730,14818500
2025-09-30,66.070000,66.639999,65.959999,66.320000,64.988098,13815000
2025-10-01,66.510002,66.830002,66.290001,66.779999,65.438873,14877500
2025-10-02,66.529999,66.650002,65.860001,66.099998,64.772522,14350700
2025-10-03,66.099998,66.989998,66.040001,66.650002,65.311478,12249200
2025-10-06,66.489998,66.500000,65.839996,66.099998,64.772522,14333300
2025-10-07,66.220001,67.260002,65.870003,66.790001,65.448669,13328300
2025-10-08,66.669998,66.870003,66.059998,66.120003,64.792122,12606700
2025-10-09,66.290001,66.800003,66.120003,66.370003,65.037102,12705200
2025-10-10,66.519997,67.400002,66.379997,67.040001,65.693642,17991700
2025-10-13,66.230003,66.800003,66.000000,66.800003,65.458466,13690000
2025-10-14,66.870003,67.570000,66.750000,67.510002,66.154213,14245600
2025-10-15,67.269997,67.720001,66.919998,67.080002,65.732841,11193700
2025-10-16,67.180000,68.110001,67.160004,67.589996,66.232597,15707200
2025-10-17,68.000000,68.500000,67.800003,68.440002,67.065529,15541800
2025-10-20,68.430000,68.639999,67.919998,68.440002,67.065529,17786800
2025-10-21,70.570000,71.389999,70.230003,71.220001,69.789696,33651300
2025-10-22,71.360001,71.620003,70.510002,70.809998,69.387924,18293000
2025-10-23,70.809998,70.930000,69.720001,69.940002,68.535416,13989400
2025-10-24,69.910004,70.050003,69.650002,69.709999,68.310020,15688200
2025-10-27,69.779999,70.120003,69.250000,70.059998,68.652992,13800000
2025-10-28,70.050003,70.900002,69.949997,70.160004,68.750992,12730500
2025-10-29,69.919998,70.029999,68.160004,68.349998,66.977333,19789600
2025-10-30,68.449997,69.290001,68.389999,68.980003,67.594688,14751700
2025-10-31,68.550003,69.070000,67.900002,68.900002,67.516289,16742700
2025-11-03,68.800003,68.889999,67.660004,67.970001,66.604973,15660400
2025-11-04,68.470001,68.730003,68.160004,68.660004,67.281120,12743800
2025-11-05,68.660004,68.830002,68.180000,68.510002,67.134125,12850100
2025-11-06,68.300003,69.139999,67.919998,69.059998,67.673073,15906700
2025-11-07,69.809998,70.870003,69.410004,70.550003,69.133163,25108300
2025-11-10,70.010002,70.660004,69.440002,70.519997,69.103752,15318000
2025-11-11,70.980003,71.750000,70.660004,71.610001,70.171867,16160200
2025-11-12,71.489998,71.889999,71.339996,71.510002,70.073875,13612600
2025-11-13,71.419998,71.669998,71.000000,71.070000,69.642708,14002800
2025-11-14,71.410004,71.639999,70.599998,71.160004,69.730904,13172000
2025-11-17,71.199997,71.529999,70.620003,70.680000,69.260544,14772300
2025-11-18,70.989998,71.339996,70.570000,71.220001,69.789696,12838900
2025-11-19,71.199997,71.449997,70.809998,71.110001,69.681908,12401500
2025-11-20,70.949997,71.480003,70.610001,71.209999,69.779900,15396500
2025-11-21,71.680000,73.190002,71.489998,72.949997,71.484955,26492500
2025-11-24,73.160004,73.160004,71.570000,72.589996,71.132179,39818600
2025-11-25,72.800003,72.930000,72.139999,72.610001,71.151787,17451200
2025-11-26,72.599998,73.089996,72.389999,72.879997,71.416367,11795100
2025-11-28,73.000000,73.230003,72.760002,73.120003,71.651543,7423000
2025-12-01,72.599998,72.910004,71.930000,71.949997,71.000252,14388100
2025-12-02,71.800003,71.800003,70.430000,70.669998,69.737152,19871300
2025-12-03,70.879997,71.400002,70.610001,70.809998,69.875298,17001700
2025-12-04,70.830002,71.339996,70.370003,70.449997,69.520050,17710000
2025-12-05,70.320000,70.709999,69.870003,70.000000,69.075989,13978200
2025-12-08,69.839996,70.379997,69.489998,70.250000,69.322693,17775100
2025-12-09,70.370003,70.629997,69.830002,70.089996,69.164803,13010600
2025-12-10,70.389999,70.529999,69.779999,70.209999,69.283218,29789400
2025-12-11,70.550003,70.690002,68.790001,69.110001,68.197739,23124200
2025-12-12,69.110001,70.620003,69.040001,70.519997,69.589127,18444500
2025-12-15,70.430000,71.320000,70.320000,70.970001,70.033188,18660100
2025-12-16,71.300003,71.300003,70.320000,70.370003,69.441109,17370000
2025-12-17,70.570000,70.919998,70.309998,70.669998,69.737152,13672700
2025-12-18,70.269997,70.800003,70.169998,70.360001,69.431236,15524800
2025-12-19,70.059998,70.769997,70.029999,70.059998,69.135201,36911100
2025-12-22,69.930000,70.220001,69.660004,70.209999,69.283218,12828500
2025-12-23,70.199997,70.260002,69.690002,69.870003,68.947716,9471000
2025-12-24,69.900002,70.160004,69.750000,70.110001,69.184540,4515300
2025-12-26,69.949997,70.160004,69.730003,69.870003,68.947716,5711400
2025-12-29,70.000000,70.419998,69.849998,70.160004,69.233879,9686900
2025-12-30,70.000000,70.239998,69.800003,70.070000,69.145073,8610900