Date,Open,High,Low,Close,Adj Close,Volume
2020-01-02,300.459991,303.529999,299.500000,303.390015,291.906738,3272400
2020-01-03,299.459991,302.420013,298.600006,300.429993,289.058746,2501300
2020-01-06,297.359985,301.329987,296.019989,301.230011,289.828461,3307200
2020-01-07,301.739990,303.380005,299.880005,300.209991,288.847137,3182000
2020-01-08,300.779999,306.950012,300.510010,305.100006,293.943634,3224400
2020-01-09,308.279999,310.940002,308.019989,309.100006,297.797485,3292600
2020-01-10,311.579987,311.950012,308.739990,311.170013,299.791779,2948000
2020-01-13,313.260010,315.640015,312.899994,315.209991,303.684021,3236400
2020-01-14,316.179993,316.420013,309.859985,310.640015,299.281097,4951400
2020-01-15,312.190002,315.730011,311.040009,314.250000,302.759033,4664200
2020-01-16,317.500000,320.329987,314.989990,320.299988,308.587860,3323300
2020-01-17,321.429993,324.029999,319.239990,323.660004,311.825073,4821000
2020-01-21,322.410004,325.660004,321.489990,321.929993,310.158264,5998600
2020-01-22,324.950012,326.790009,324.119995,324.309998,312.451202,3518500
2020-01-23,325.000000,325.250000,322.320007,324.980011,313.096741,4188300
2020-01-24,326.570007,327.089996,321.660004,323.670013,311.834625,3634700
2020-01-27,315.100006,319.359985,312.500000,315.769989,304.223480,4367500
2020-01-28,315.799988,321.519989,315.459991,320.269989,308.558929,3486200
2020-01-29,323.000000,324.440002,316.769989,320.320007,308.607086,4389400
2020-01-30,319.000000,324.700012,318.010010,324.459991,312.595764,3512100
2020-01-31,323.140015,324.459991,314.500000,315.940002,304.387268,5586800
2020-02-03,318.799988,325.480011,318.429993,324.519989,312.653564,4240100
2020-02-04,328.239990,331.739990,326.290009,329.119995,317.085358,4158200
2020-02-05,335.000000,335.000000,324.170013,328.320007,316.314606,3868000
2020-02-06,329.320007,331.230011,327.679993,329.299988,317.258728,3422000
2020-02-07,328.000000,329.850006,325.869995,327.000000,315.042908,2584200
2020-02-10,325.619995,330.279999,325.510010,330.279999,318.202911,3848100
2020-02-11,335.000000,335.519989,329.660004,330.920013,318.819458,3449300
2020-02-12,330.820007,334.450012,329.220001,334.160004,321.941010,2451000
2020-02-13,332.309998,337.829987,332.130005,335.839996,323.559631,3001000
2020-02-14,337.459991,341.040009,337.029999,340.950012,328.482788,2716300
2020-02-18,341.619995,343.100006,340.390015,341.239990,328.762146,3597300
2020-02-19,343.989990,347.239990,342.630005,344.559998,331.960724,3040300
2020-02-20,345.739990,347.250000,338.170013,344.450012,331.854767,4316000
2020-02-21,342.549988,343.890015,335.609985,339.700012,327.278503,4997100
2020-02-24,317.510010,329.339996,313.839996,324.670013,312.798126,7816000
2020-02-25,321.339996,323.230011,300.760010,302.890015,291.814423,12715700
2020-02-26,302.000000,307.890015,297.890015,298.040009,287.141815,9403300
2020-02-27,285.029999,297.450012,280.940002,285.820007,275.368683,13814600
2020-02-28,274.890015,290.390015,273.549988,290.250000,279.636688,12846000
2020-03-02,298.890015,306.959991,289.440002,306.739990,295.523712,9688100
2020-03-03,314.589996,314.589996,290.829987,292.000000,281.322693,8051100
2020-03-04,299.109985,302.799988,292.750000,302.359985,291.303802,6463800
2020-03-05,295.709991,298.709991,288.239990,290.730011,280.099091,6621300
2020-03-06,282.690002,288.850006,278.619995,287.010010,276.515137,7061500
2020-03-09,265.000000,279.239990,261.179993,262.010010,252.429321,8498300
2020-03-10,276.420013,280.869995,262.859985,280.570007,270.310638,8131400
2020-03-11,272.950012,274.040009,263.309998,269.760010,259.895905,8366800
2020-03-12,244.529999,262.489990,240.929993,241.500000,232.669250,15031500
2020-03-13,258.779999,270.029999,245.500000,270.010010,260.136749,9934900
2020-03-16,234.490005,257.730011,229.259995,235.649994,227.033142,12111500
2020-03-17,240.479996,250.500000,231.960007,237.880005,229.181671,12665200
2020-03-18,222.339996,229.100006,213.220001,227.929993,219.595490,11352800
2020-03-19,224.009995,238.500000,211.550003,227.149994,218.843979,9126400
2020-03-20,236.020004,236.020004,210.000000,211.419998,203.689178,10518600
2020-03-23,203.279999,215.679993,199.990005,203.300003,195.866074,11588700
2020-03-24,215.919998,238.440002,215.000000,237.070007,228.401291,11654800
2020-03-25,247.899994,266.299988,240.360001,256.480011,247.101517,12642700
2020-03-26,257.899994,265.809998,252.619995,263.179993,253.556534,9957900
2020-03-27,250.240005,256.070007,244.699997,247.649994,238.594376,7819300
2020-03-30,245.850006,254.250000,244.649994,253.250000,243.989609,5765800
2020-03-31,252.460007,253.419998,241.080002,241.559998,232.727066,10373900
2020-04-01,230.940002,237.100006,227.100006,228.610001,220.250641,6646200
2020-04-02,228.389999,239.369995,227.350006,238.880005,230.145065,6446600
2020-04-03,236.979996,239.880005,230.309998,237.029999,228.362717,4163000
2020-04-06,252.000000,267.109985,250.009995,265.940002,256.215576,8636700
2020-04-07,281.609985,282.869995,258.480011,259.079987,249.606400,8627300
2020-04-08,262.510010,271.880005,258.910004,270.950012,261.446045,5690100
2020-04-09,275.130005,276.000000,267.720001,269.399994,259.950378,6662900
2020-04-13,268.200012,268.700012,255.750000,263.339996,254.103058,7114400
2020-04-14,269.880005,275.640015,269.200012,270.720001,261.224091,6354400
2020-04-15,260.510010,262.950012,255.619995,257.140015,248.120453,10240700
2020-04-16,258.390015,258.390015,244.710007,246.759995,238.104538,11455400
2020-04-17,258.250000,260.700012,251.509995,259.970001,250.851135,10412100
2020-04-20,254.509995,256.630005,249.669998,251.729996,242.900223,6042700
2020-04-21,246.649994,249.389999,244.100006,245.350006,236.743988,5964600
2020-04-22,251.460007,258.600006,251.000000,256.910004,247.898514,5083200
2020-04-23,259.390015,262.420013,255.270004,255.860001,246.885330,4270600
2020-04-24,258.429993,259.829987,252.830002,258.760010,249.683624,3824200
2020-04-27,260.220001,265.720001,259.510010,265.119995,255.820541,4099900
2020-04-28,270.399994,272.649994,262.959991,264.600006,255.318771,4344000
2020-04-29,278.450012,285.000000,276.260010,283.690002,273.739227,8505000
2020-04-30,278.429993,281.630005,273.410004,274.970001,265.325073,5898900
2020-05-01,268.700012,273.989990,267.209991,268.739990,259.313599,5067800
2020-05-04,265.500000,270.070007,263.010010,269.260010,259.815247,3747100
2020-05-05,276.839996,277.850006,273.299988,273.980011,264.369720,3926200
2020-05-06,276.959991,276.959991,271.549988,272.440002,262.883820,3261900
2020-05-07,277.809998,282.450012,277.239990,278.470001,268.702301,4371400
2020-05-08,283.399994,283.420013,279.500000,282.440002,272.533051,3215400
2020-05-11,279.500000,282.809998,277.630005,281.230011,271.365417,4056900
2020-05-12,280.450012,282.329987,272.109985,272.109985,262.565338,4031400
2020-05-13,272.299988,276.070007,264.190002,269.160004,259.718842,4802100
2020-05-14,270.200012,277.559998,263.959991,277.309998,267.582886,6294200
2020-05-15,276.040009,279.140015,273.290009,278.940002,269.155792,3813300
2020-05-18,285.459991,292.089996,285.000000,289.899994,279.731323,6037800
2020-05-19,289.170013,297.820007,287.489990,290.730011,280.532227,5211800
2020-05-20,295.750000,301.149994,295.390015,298.799988,288.319092,4592200
2020-05-21,299.369995,299.929993,292.750000,294.260010,283.938477,3944100
2020-05-22,295.059998,296.799988,293.010010,294.910004,284.565674,2897000
2020-05-26,304.619995,305.000000,301.940002,303.329987,292.690247,5246900
2020-05-27,304.000000,304.730011,292.119995,299.769989,289.255127,5147900
2020-05-28,300.980011,310.000000,298.839996,302.299988,291.696381,4520800
2020-05-29,302.000000,304.429993,298.869995,300.890015,290.335938,4930100
2020-06-01,300.799988,303.059998,297.899994,301.399994,290.828033,2841800
2020-06-02,304.989990,306.109985,301.690002,303.589996,292.941193,4131300
2020-06-03,305.480011,308.109985,302.209991,307.070007,296.299194,3429700
2020-06-04,305.440002,306.619995,299.339996,301.369995,290.799042,4147700
2020-06-05,306.809998,312.179993,305.649994,311.880005,300.940369,5058200
2020-06-08,311.059998,313.579987,307.049988,310.410004,299.521912,3724300
2020-06-09,309.779999,313.470001,308.200012,311.489990,300.564026,3314800
2020-06-10,312.390015,316.059998,310.290009,313.149994,302.165802,4089000
2020-06-11,305.010010,306.489990,291.059998,291.250000,281.034058,6505300
2020-06-12,298.790009,299.989990,290.890015,297.790009,287.344604,4512200
2020-06-15,290.000000,298.920013,288.750000,297.170013,286.746399,5932900
2020-06-16,305.910004,309.089996,300.109985,304.480011,293.799957,4013100
2020-06-17,305.000000,307.480011,303.079987,303.760010,293.105225,2566400
2020-06-18,301.829987,305.100006,300.500000,304.850006,294.156921,2776600
2020-06-19,309.500000,309.500000,296.500000,296.500000,286.099762,4533500
2020-06-22,299.600006,304.950012,297.730011,304.440002,293.761383,3489200
2020-06-23,307.029999,310.429993,304.420013,306.880005,296.115692,3801500
2020-06-24,305.000000,305.519989,293.059998,294.010010,283.697205,5086000
2020-06-25,294.160004,298.390015,290.670013,298.010010,287.556854,3294800
2020-06-26,296.880005,298.109985,289.170013,289.339996,279.190948,4922500
2020-06-29,291.339996,293.149994,285.149994,292.929993,282.655121,3642200
2020-06-30,293.089996,296.600006,291.010010,295.700012,285.328003,4283500
2020-07-01,295.959991,303.269989,295.119995,301.170013,290.605957,3801300
2020-07-02,304.329987,306.890015,301.309998,302.420013,291.812195,3290100
2020-07-06,306.649994,307.320007,303.170013,305.570007,294.851654,3013300
2020-07-07,303.190002,307.790009,299.399994,299.910004,289.390198,3633100
2020-07-08,300.910004,301.540009,297.399994,300.149994,290.008575,4115000
2020-07-09,299.619995,300.720001,290.559998,294.589996,284.636475,5042800
2020-07-10,294.000000,296.959991,291.500000,295.679993,285.689545,3030900
2020-07-13,297.859985,298.619995,290.019989,290.179993,280.375427,4853700
2020-07-14,292.000000,299.100006,288.649994,298.950012,288.849152,4795900
2020-07-15,303.000000,306.769989,301.390015,305.720001,295.390411,5257300
2020-07-16,302.970001,303.529999,298.910004,299.350006,289.235657,3312100
2020-07-17,301.730011,305.239990,299.410004,304.059998,293.786499,3169800
2020-07-20,301.920013,314.989990,301.920013,311.959991,301.419556,5279400
2020-07-21,313.000000,314.049988,306.299988,307.600006,297.206940,3562100
2020-07-22,308.130005,313.570007,308.130005,313.369995,302.781891,3303100
2020-07-23,313.549988,317.239990,308.720001,309.899994,299.429199,3118500
2020-07-24,306.480011,310.730011,304.540009,306.920013,296.549927,2500300
2020-07-27,307.059998,310.000000,306.019989,308.859985,298.424286,2311600
2020-07-28,308.500000,310.200012,306.029999,306.329987,295.979797,2116300
2020-07-29,304.500000,311.660004,304.119995,309.299988,298.849426,3542400
2020-07-30,304.000000,312.820007,303.040009,309.000000,298.559631,3941600
2020-07-31,310.000000,310.089996,305.609985,308.529999,298.105438,4684400
2020-08-03,311.000000,313.500000,309.299988,312.589996,302.028229,3907800
2020-08-04,312.500000,315.690002,311.100006,314.390015,303.767395,3409200
2020-08-05,316.369995,329.679993,315.869995,328.000000,316.917511,5677200
2020-08-06,327.399994,331.220001,325.899994,330.140015,318.985382,4839800
2020-08-07,328.000000,328.329987,323.929993,328.019989,316.936890,3662500
2020-08-10,327.190002,329.739990,321.859985,322.880005,311.970642,3752100
2020-08-11,325.000000,334.549988,323.579987,328.540009,317.439392,5273300
2020-08-12,328.660004,331.399994,326.200012,327.630005,316.560181,3125900
2020-08-13,325.929993,329.829987,325.619995,326.190002,315.168762,2526700
2020-08-14,325.670013,327.640015,324.809998,326.799988,315.758148,1444900
2020-08-17,327.000000,331.230011,326.679993,330.230011,319.072235,2904100
2020-08-18,330.200012,331.399994,326.350006,331.000000,319.816284,3021700
2020-08-19,330.040009,334.459991,330.000000,332.399994,321.168976,3421000
2020-08-20,330.190002,338.000000,330.190002,337.320007,325.922729,2966000
2020-08-21,338.000000,338.799988,335.970001,337.100006,325.710114,2680900
2020-08-24,339.359985,343.829987,338.750000,343.640015,332.029236,2753900
2020-08-25,344.709991,348.459991,343.329987,347.660004,335.913269,2862700
2020-08-26,348.000000,352.290009,345.500000,351.019989,339.159760,3512000
2020-08-27,351.730011,358.000000,350.579987,356.000000,343.971527,3811700
2020-08-28,357.480011,367.250000,356.160004,366.119995,353.749664,3544700
2020-08-31,366.630005,366.630005,357.690002,358.190002,346.087616,3948200
2020-09-01,357.709991,359.440002,353.559998,356.899994,344.841064,4409600
2020-09-02,357.390015,361.600006,356.279999,360.700012,348.512787,4127200
2020-09-03,358.470001,358.940002,341.260010,343.839996,332.222443,6297400
2020-09-04,343.000000,346.989990,326.549988,335.010010,323.690796,6571200
2020-09-08,328.760010,335.709991,326.899994,329.880005,318.734100,4425700
2020-09-09,337.390015,342.760010,332.369995,339.640015,328.164398,3344900
2020-09-10,342.500000,345.130005,331.140015,332.880005,321.632721,2845900
2020-09-11,334.709991,334.709991,327.309998,330.149994,318.994843,2920400
2020-09-14,334.970001,340.000000,334.019989,338.600006,327.159424,3416100
2020-09-15,342.739990,343.929993,338.529999,339.140015,327.681244,2396400
2020-09-16,341.279999,346.040009,339.790009,341.850006,330.299652,3049000
2020-09-17,337.140015,343.720001,336.000000,339.429993,327.961395,3713000
2020-09-18,338.209991,341.140015,333.369995,335.260010,323.932312,4006000
2020-09-21,329.470001,331.670013,320.809998,327.850006,316.772766,4466000
2020-09-22,329.510010,336.029999,325.109985,335.309998,323.980591,3375300
2020-09-23,334.839996,335.170013,323.470001,324.529999,313.564819,2893900
2020-09-24,323.200012,330.779999,321.179993,328.209991,317.120422,3706300
2020-09-25,325.649994,333.480011,322.100006,331.779999,320.569794,3077500
2020-09-28,336.609985,340.570007,335.809998,338.390015,326.956543,3122500
2020-09-29,338.390015,340.720001,335.820007,336.230011,324.869537,2679500
2020-09-30,336.700012,343.649994,336.420013,338.170013,326.744080,3285200
2020-10-01,342.239990,346.700012,340.279999,343.369995,331.768311,2503600
2020-10-02,338.269989,342.609985,336.010010,338.829987,327.381744,2184600
2020-10-05,341.679993,343.250000,338.970001,343.250000,331.652344,2081600
2020-10-06,342.059998,346.359985,336.220001,337.429993,326.029022,2553400
2020-10-07,341.779999,344.649994,340.339996,343.899994,332.280426,3068200
2020-10-08,345.010010,347.690002,344.239990,345.149994,333.876495,1991800
2020-10-09,347.989990,353.359985,347.000000,352.390015,340.880035,3116500
2020-10-12,355.000000,355.000000,350.820007,352.040009,340.541412,2942900
2020-10-13,351.429993,351.500000,345.019989,345.839996,334.543976,2523800
2020-10-14,345.760010,347.190002,341.190002,342.700012,331.506531,2234300
2020-10-15,338.299988,339.609985,332.820007,338.570007,327.511353,3727300
2020-10-16,340.000000,344.980011,339.230011,339.399994,328.314331,3324600
2020-10-19,340.119995,341.299988,330.429993,331.670013,320.836761,2937600
2020-10-20,333.040009,336.799988,331.679993,331.720001,320.885101,2677800
2020-10-21,332.489990,336.320007,331.299988,333.420013,322.529663,2725300
2020-10-22,333.369995,335.380005,329.250000,333.600006,322.703735,2256000
2020-10-23,335.690002,335.690002,328.309998,329.609985,318.844055,2945400
2020-10-26,326.410004,327.239990,314.230011,318.059998,307.671326,5173300
2020-10-27,318.899994,319.559998,312.359985,317.109985,306.752319,4314900
2020-10-28,301.690002,302.000000,288.600006,291.380005,281.862762,11518200
2020-10-29,293.200012,295.299988,287.549988,293.179993,283.604034,9582300
2020-10-30,289.850006,291.850006,281.200012,288.640015,279.212280,6892800
2020-11-02,294.239990,294.839996,288.119995,289.970001,280.498810,5094900
2020-11-03,294.450012,300.339996,291.779999,295.390015,285.741760,4097700
2020-11-04,305.089996,312.720001,302.239990,307.200012,297.166046,4790100
2020-11-05,315.140015,319.350006,313.579987,316.529999,306.191223,3794400
2020-11-06,315.980011,316.489990,310.089996,313.640015,303.395630,2978500
2020-11-09,346.920013,357.000000,340.899994,344.559998,333.305817,10933700
2020-11-10,339.989990,345.859985,333.440002,334.779999,323.845184,5330400
2020-11-11,337.410004,337.700012,331.070007,332.390015,321.533264,2969900
2020-11-12,329.059998,333.089996,326.299988,328.290009,317.567169,3207700
2020-11-13,330.299988,336.109985,327.339996,335.029999,324.087067,2393700
2020-11-16,341.799988,342.649994,333.170013,335.450012,324.493256,3312800
2020-11-17,333.170013,337.769989,330.720001,336.500000,325.509003,3412700
2020-11-18,336.529999,340.950012,334.859985,335.940002,324.967346,3203400
2020-11-19,335.489990,339.160004,331.420013,333.880005,322.974579,2718700
2020-11-20,334.779999,335.160004,323.000000,323.000000,312.449951,4142400
2020-11-23,326.209991,333.200012,324.369995,332.040009,321.194702,3219000
2020-11-24,336.910004,344.109985,334.119995,342.390015,331.206604,3529700
2020-11-25,343.709991,343.709991,339.339996,341.320007,330.171692,2535200
2020-11-27,342.829987,342.880005,337.609985,339.070007,327.995087,1402300
2020-11-30,337.660004,338.049988,330.179993,336.510010,325.518738,4276200
2020-12-01,339.670013,342.630005,337.619995,338.880005,327.811279,4210400
2020-12-02,336.779999,340.239990,334.000000,340.220001,329.107483,2972100
2020-12-03,338.559998,342.320007,334.119995,335.140015,324.193481,3080300
2020-12-04,336.920013,344.350006,335.799988,344.350006,333.102692,4323600
2020-12-07,343.359985,347.989990,340.049988,340.959991,329.823334,2389800
2020-12-08,338.279999,342.829987,336.700012,340.790009,329.658844,2224600
2020-12-09,340.410004,341.709991,334.690002,336.850006,325.847565,2962600
2020-12-10,334.649994,335.540009,331.190002,331.519989,320.691650,3506800
2020-12-11,327.089996,331.570007,325.529999,327.420013,316.725616,4179400
2020-12-14,329.000000,338.750000,327.589996,331.149994,320.333740,3552400
2020-12-15,333.160004,335.220001,327.619995,333.649994,322.752106,3104600
2020-12-16,333.959991,334.000000,329.250000,332.100006,321.252838,3393300
2020-12-17,334.540009,338.329987,333.399994,336.899994,325.895935,2725500
2020-12-18,336.510010,341.600006,334.350006,340.329987,329.213928,8443700
2020-12-21,333.209991,336.149994,327.239990,334.369995,323.448547,3642500
2020-12-22,334.160004,335.220001,331.600006,332.239990,321.388214,2403100
2020-12-23,334.130005,335.209991,329.029999,329.230011,318.476471,2760600
2020-12-24,330.649994,336.369995,330.350006,336.000000,325.025360,1308900
2020-12-28,337.859985,345.589996,336.869995,344.470001,333.218628,3449100
2020-12-29,347.779999,348.750000,344.760010,346.660004,335.337128,2822700
2020-12-30,348.679993,357.820007,347.209991,355.549988,343.936768,4200600
2020-12-31,355.029999,359.410004,353.250000,356.940002,345.281372,2881700
2021-01-04,358.000000,358.130005,347.359985,351.489990,340.009338,4638400
2021-01-05,348.799988,353.000000,345.440002,347.420013,336.072327,2990700
2021-01-06,350.420013,354.029999,344.559998,347.549988,336.198059,3966800
2021-01-07,348.950012,352.369995,348.380005,349.859985,338.861633,3100200
2021-01-08,351.359985,354.980011,349.489990,353.850006,342.726257,3371500
2021-01-11,352.109985,353.420013,347.790009,348.200012,337.253845,2403000
2021-01-12,347.079987,348.000000,336.029999,342.920013,332.139801,4858100
2021-01-13,349.609985,349.760010,344.230011,346.329987,335.442596,4125700
2021-01-14,348.690002,349.579987,326.690002,326.929993,316.652466,8712200
2021-01-15,327.540009,329.690002,321.880005,323.260010,313.097900,7911500
2021-01-19,326.989990,329.130005,324.660004,325.940002,315.693634,4625200
2021-01-20,329.989990,337.929993,329.130005,334.910004,324.381592,5081000
2021-01-21,334.410004,336.859985,331.750000,334.440002,323.926422,3484900
2021-01-22,330.390015,335.149994,328.910004,328.989990,318.647736,3846600
2021-01-25,327.510010,329.950012,317.230011,329.190002,318.841400,6257700
2021-01-26,330.000000,330.540009,325.820007,327.700012,317.398346,3503100
2021-01-27,320.359985,323.000000,313.119995,315.489990,305.572144,7449400
2021-01-28,327.089996,329.000000,321.980011,324.279999,314.085815,6906400
2021-01-29,323.799988,325.679993,312.380005,316.290009,306.346985,7627200
2021-02-01,320.910004,323.519989,317.579987,321.559998,311.451355,4930700
2021-02-02,323.450012,336.160004,323.450012,334.369995,323.858582,5686000
2021-02-03,333.839996,336.000000,331.070007,332.820007,322.357330,4036800
2021-02-04,335.369995,343.250000,335.059998,340.829987,330.115479,4537500
2021-02-05,342.519989,344.329987,337.390015,338.750000,328.100891,2964800
2021-02-08,340.000000,341.489990,335.529999,337.029999,326.435028,2652800
2021-02-09,335.950012,336.220001,330.000000,333.440002,322.957855,2993300
2021-02-10,335.000000,335.470001,332.250000,334.209991,323.703613,4246300
2021-02-11,345.500000,349.589996,340.250000,342.869995,332.091339,5110800
2021-02-12,341.329987,343.119995,336.700012,341.000000,330.280151,3025100
2021-02-16,343.200012,344.000000,338.070007,341.209991,330.483551,2916900
2021-02-17,339.040009,340.380005,335.839996,337.329987,326.725616,2267000
2021-02-18,334.489990,339.950012,332.839996,338.459991,327.819977,2393700
2021-02-19,338.440002,339.000000,331.000000,333.170013,322.696381,4095800
2021-02-22,330.000000,344.119995,328.769989,340.660004,329.950897,4940300
2021-02-23,340.649994,354.279999,338.410004,350.420013,339.404053,6326600
2021-02-24,352.869995,368.790009,350.570007,367.320007,355.772766,7467400
2021-02-25,364.559998,367.320007,352.209991,354.570007,343.423523,5207500
2021-02-26,357.079987,359.390015,347.119995,353.850006,342.726257,4868500
2021-03-01,360.679993,366.450012,359.179993,362.899994,351.491699,4382900
2021-03-02,362.000000,366.609985,359.339996,362.820007,351.414215,3559200
2021-03-03,360.000000,365.429993,355.450012,360.250000,348.925049,3692300
2021-03-04,360.100006,361.630005,344.679993,349.500000,338.512970,4572000
2021-03-05,354.920013,361.790009,346.420013,360.880005,349.535248,4643200
2021-03-08,362.399994,382.459991,361.790009,371.329987,359.656616,7213300
2021-03-09,375.000000,387.320007,372.720001,376.519989,364.683533,5832800
2021-03-10,376.600006,384.000000,373.000000,381.700012,369.700745,4509500
2021-03-11,385.500000,389.500000,382.600006,384.380005,372.296417,3729700
2021-03-12,381.140015,383.929993,379.239990,382.709991,370.679016,2467500
2021-03-15,383.309998,387.859985,378.640015,381.760010,369.758820,4216200
2021-03-16,382.700012,385.279999,378.690002,382.380005,370.359344,3445100
2021-03-17,381.850006,385.100006,375.869995,378.679993,366.775696,3240900
2021-03-18,375.029999,375.480011,365.040009,367.000000,355.462860,7205200
2021-03-19,364.799988,366.279999,350.140015,356.510010,345.302612,12224300
2021-03-22,355.940002,361.649994,354.000000,358.399994,347.133118,4140400
2021-03-23,359.299988,359.299988,353.510010,355.269989,344.101563,3756300
2021-03-24,357.079987,364.989990,356.000000,359.649994,348.343872,3550000
2021-03-25,358.010010,359.470001,354.149994,358.359985,347.094360,2961800
2021-03-26,359.929993,366.609985,357.260010,366.140015,354.629883,2741200
2021-03-29,364.239990,365.350006,358.609985,362.910004,351.501343,4054900
2021-03-30,360.779999,364.570007,357.100006,358.200012,346.939453,2885800
2021-03-31,359.589996,361.500000,355.779999,356.049988,344.856995,4372600
2021-04-01,357.040009,363.399994,355.239990,363.299988,351.879059,3701800
2021-04-05,366.799988,370.519989,364.339996,368.320007,356.741333,2180300
2021-04-06,364.899994,370.750000,362.500000,369.570007,357.952057,2661900
2021-04-07,369.140015,373.959991,369.000000,371.079987,359.414520,2958300
2021-04-08,373.000000,379.309998,372.750000,377.739990,366.299500,3528400
2021-04-09,376.079987,380.350006,374.440002,380.079987,368.568542,2429300
2021-04-12,378.079987,380.940002,376.179993,379.839996,368.335907,2896600
2021-04-13,379.059998,380.100006,376.799988,378.130005,366.677734,2652800
2021-04-14,377.000000,380.950012,375.600006,378.320007,366.861908,2317400
2021-04-15,381.170013,387.369995,380.970001,386.489990,374.784546,2942200
2021-04-16,389.000000,389.100006,383.670013,386.170013,374.474182,2725500
2021-04-19,384.899994,387.739990,381.320007,382.160004,370.585693,3360900
2021-04-20,380.190002,381.309998,373.559998,376.630005,365.223145,3135900
2021-04-21,378.589996,384.100006,376.670013,383.100006,371.497223,2466300
2021-04-22,383.079987,389.500000,381.989990,383.359985,371.749268,3713700
2021-04-23,384.350006,389.880005,383.459991,387.059998,375.337219,2294800
2021-04-26,387.829987,392.940002,387.100006,387.470001,375.734894,2255000
2021-04-27,388.220001,390.429993,386.140015,389.070007,377.286346,2270000
2021-04-28,390.700012,401.500000,390.700012,395.649994,383.667084,4065300
2021-04-29,391.500000,392.390015,383.809998,388.950012,377.170074,4637100
2021-04-30,382.859985,385.000000,375.609985,382.059998,370.488678,4043200
2021-05-03,385.470001,386.869995,376.850006,379.399994,367.909210,3344100
2021-05-04,377.070007,378.209991,371.579987,375.910004,364.524902,3321200
2021-05-05,377.929993,379.640015,368.029999,369.140015,357.959930,2993900
2021-05-06,371.140015,375.730011,365.700012,375.480011,364.108032,3787300
2021-05-07,377.260010,378.640015,373.559998,375.399994,364.030426,2935900
2021-05-10,375.790009,376.000000,365.410004,366.339996,355.244720,3193700
2021-05-11,361.010010,368.929993,359.269989,367.609985,356.476257,3073100
2021-05-12,364.750000,365.380005,355.640015,356.619995,345.819183,3293200
2021-05-13,359.329987,362.839996,357.920013,360.019989,349.116211,2626000
2021-05-14,363.029999,364.709991,361.489990,363.910004,352.888336,2959700
2021-05-17,362.299988,364.059998,358.059998,363.299988,352.296844,2511600
2021-05-18,367.000000,369.839996,362.880005,363.070007,352.073822,3421200
2021-05-19,357.329987,361.149994,355.369995,360.980011,350.047150,3577900
2021-05-20,362.940002,369.410004,362.489990,367.700012,356.563599,4087500
2021-05-21,369.140015,372.529999,367.459991,367.600006,356.466675,2708700
2021-05-24,370.079987,373.739990,369.640015,372.380005,361.101837,2351500
2021-05-25,373.130005,373.750000,366.820007,367.220001,356.098145,3916300
2021-05-26,369.000000,369.910004,362.049988,362.649994,351.666534,3101900
2021-05-27,364.549988,366.399994,360.540009,362.000000,351.036255,5416300
2021-05-28,363.500000,365.410004,360.420013,360.579987,349.659302,3624300
2021-06-01,364.480011,365.399994,359.540009,359.790009,348.893127,3119700
2021-06-02,363.529999,371.170013,362.880005,366.850006,355.739380,3531000
2021-06-03,363.359985,366.690002,361.730011,361.820007,350.861694,2605900
2021-06-04,364.309998,366.630005,363.700012,366.019989,354.934479,2295200
2021-06-07,367.799988,371.350006,363.279999,364.079987,353.053162,2133400
2021-06-08,365.000000,367.679993,363.230011,365.260010,354.197510,3224200
2021-06-09,366.940002,369.320007,363.329987,363.329987,352.325958,2520900
2021-06-10,364.690002,365.640015,361.959991,364.299988,353.266541,2460200
2021-06-11,365.540009,366.850006,363.799988,365.500000,354.430237,2708300
2021-06-14,366.000000,366.630005,362.100006,366.519989,355.419373,2515300
2021-06-15,367.339996,368.750000,362.739990,368.119995,356.970947,3562500
2021-06-16,369.380005,369.380005,361.299988,363.820007,352.801178,3081000
2021-06-17,363.500000,369.149994,361.230011,367.290009,356.166046,3824900
2021-06-18,362.119995,370.380005,362.000000,367.420013,356.292145,5009400
2021-06-21,368.619995,376.450012,366.200012,373.089996,361.790314,3094600
2021-06-22,373.989990,378.760010,372.019989,378.040009,366.590424,3582700
2021-06-23,378.000000,378.720001,374.290009,375.140015,363.778229,2241800
2021-06-24,379.000000,380.059998,372.899994,374.750000,363.400116,2788200
2021-06-25,375.450012,379.649994,373.329987,379.609985,368.112885,3983900
2021-06-28,380.920013,380.920013,365.119995,367.679993,356.544159,4800300
2021-06-29,369.010010,371.390015,367.910004,368.000000,356.854523,3394300
2021-06-30,367.950012,370.170013,364.269989,365.089996,354.032623,2884900
2021-07-01,366.049988,371.209991,365.600006,370.709991,359.482452,3108500
2021-07-02,372.690002,375.489990,372.149994,375.029999,363.671631,2786500
2021-07-06,376.649994,378.239990,371.500000,376.119995,364.728638,2740500
2021-07-07,376.790009,378.149994,372.450012,373.920013,362.595215,3176600
2021-07-08,367.500000,370.589996,365.649994,370.190002,359.401123,2809000
2021-07-09,371.850006,373.480011,369.890015,372.940002,362.070984,2404800
2021-07-12,375.000000,376.070007,372.079987,375.559998,364.614563,2648300
2021-07-13,375.549988,386.640015,375.549988,383.709991,372.527100,5161000
2021-07-14,382.980011,391.630005,382.980011,390.799988,379.410431,4140500
2021-07-15,390.140015,393.299988,387.450012,390.230011,378.856995,3773000
2021-07-16,393.149994,393.459991,385.329987,387.119995,375.837769,2706500
2021-07-19,378.000000,378.600006,363.369995,365.450012,354.799194,6814400
2021-07-20,367.000000,376.600006,365.269989,374.390015,363.478699,3542200
2021-07-21,376.029999,380.899994,375.049988,380.059998,368.983337,2393100
2021-07-22,380.299988,382.859985,377.049988,382.160004,371.022217,4180300
2021-07-23,385.089996,394.500000,385.089996,393.260010,381.798767,3720300
2021-07-26,391.670013,392.890015,388.269989,392.799988,381.352142,2285800
2021-07-27,390.000000,395.279999,385.890015,390.269989,378.895905,2783800
2021-07-28,391.619995,391.730011,382.329987,383.440002,372.264984,3372600
2021-07-29,387.500000,394.739990,387.500000,388.809998,377.478424,3774000
2021-07-30,389.000000,389.000000,383.079987,385.940002,374.692078,2533300
2021-08-02,389.299988,389.980011,373.799988,375.260010,364.323334,3430300
2021-08-03,376.660004,376.670013,359.570007,367.600006,356.886536,6328500
2021-08-04,367.279999,369.260010,363.429993,368.010010,357.284729,3203200
2021-08-05,368.200012,371.959991,367.000000,371.940002,361.100098,2562400
2021-08-06,371.420013,375.500000,371.000000,374.529999,363.614563,2038500
2021-08-09,374.190002,374.500000,368.890015,370.679993,359.876831,2400800
2021-08-10,372.290009,372.750000,364.109985,367.839996,357.119568,3225000
2021-08-11,368.549988,369.959991,363.750000,364.239990,353.624512,3267700
2021-08-12,362.570007,363.220001,357.850006,361.980011,351.430389,3802900
2021-08-13,362.260010,363.500000,360.630005,362.750000,352.177917,2304600
2021-08-16,360.500000,363.809998,356.619995,363.559998,352.964325,2937300
2021-08-17,362.000000,364.459991,359.790009,363.230011,352.643921,2812800
2021-08-18,361.179993,365.679993,360.589996,360.950012,350.430481,2774500
2021-08-19,356.899994,360.140015,354.720001,357.309998,346.896454,2727900
2021-08-20,357.359985,358.320007,353.329987,354.989990,344.644073,4135900
2021-08-23,357.470001,362.239990,356.750000,361.010010,350.488647,3537900
2021-08-24,363.029999,366.100006,361.470001,361.779999,351.236206,3032000
2021-08-25,361.959991,362.399994,358.500000,359.100006,348.634369,2340400
2021-08-26,358.000000,358.200012,351.799988,352.859985,342.576202,3946300
2021-08-27,352.459991,356.500000,351.649994,355.730011,345.362427,3698300
2021-08-30,354.799988,358.040009,352.250000,353.049988,342.760620,4032100
2021-08-31,352.940002,355.220001,344.679993,346.230011,336.139435,6780400
2021-09-01,347.380005,352.049988,347.299988,349.570007,339.382141,4499600
2021-09-02,350.510010,350.540009,339.329987,341.279999,331.333679,7412000
2021-09-03,339.929993,344.140015,338.929993,340.230011,330.314331,5171000
2021-09-07,344.890015,348.000000,343.019989,344.709991,334.663727,4764300
2021-09-08,345.000000,352.000000,345.000000,351.040009,340.809204,5054500
2021-09-09,350.709991,353.640015,349.920013,351.410004,341.168488,3716200
2021-09-10,354.929993,355.000000,347.019989,347.390015,337.265625,3437700
2021-09-13,350.000000,351.989990,346.359985,347.820007,337.683044,3234200
2021-09-14,349.679993,349.880005,345.250000,345.799988,335.721924,3281900
2021-09-15,347.000000,347.529999,342.760010,344.750000,334.702576,3833500
2021-09-16,345.410004,347.679993,344.690002,346.309998,336.217041,3771100
2021-09-17,344.000000,346.000000,340.769989,343.040009,333.042419,5527500
2021-09-20,338.320007,341.109985,335.619995,339.690002,329.790070,3956600
2021-09-21,342.200012,343.179993,337.279999,337.380005,327.547272,2967300
2021-09-22,339.299988,343.869995,338.540009,343.410004,333.401550,3238800
2021-09-23,345.739990,354.790009,345.200012,354.070007,343.750977,4783200
2021-09-24,354.029999,359.929993,352.760010,358.160004,347.721710,3306200
2021-09-27,357.049988,362.589996,355.160004,356.769989,346.372162,4158000
2021-09-28,355.500000,356.000000,349.049988,351.179993,340.945068,3266900
2021-09-29,352.809998,357.179993,352.410004,353.190002,342.896606,2808800
2021-09-30,354.739990,356.000000,347.399994,347.679993,337.547089,4393300
2021-10-01,349.829987,363.179993,347.160004,360.179993,349.682892,5227300
2021-10-04,359.929993,360.649994,339.339996,344.200012,334.168549,7901500
2021-10-05,347.559998,348.570007,342.929993,343.209991,333.207397,4724100
2021-10-06,340.010010,348.880005,339.109985,348.690002,338.527740,3712000
2021-10-07,349.000000,357.899994,349.000000,353.910004,344.029724,3209200
2021-10-08,356.000000,360.369995,354.209991,354.959991,345.050323,2336700
2021-10-11,353.950012,354.880005,346.899994,347.149994,337.458344,2769800
2021-10-12,348.649994,350.000000,344.619995,345.339996,335.698914,3042900
2021-10-13,346.250000,349.500000,336.980011,342.350006,332.792450,3755700
2021-10-14,343.839996,345.809998,340.829987,344.579987,334.960144,4083800
2021-10-15,349.000000,356.609985,347.739990,356.000000,346.061401,4053600
2021-10-18,353.959991,359.940002,350.230011,358.440002,348.433258,3280900
2021-10-19,358.399994,362.290009,357.609985,362.100006,351.991058,2835400
2021-10-20,361.700012,362.489990,356.000000,356.769989,346.809845,2796200
2021-10-21,354.600006,356.380005,347.269989,356.209991,346.265503,2516300
2021-10-22,356.679993,361.640015,354.899994,358.670013,348.656860,2774400
2021-10-25,362.459991,364.299988,358.790009,360.859985,350.785645,2447900
2021-10-26,363.380005,367.350006,356.809998,357.320007,347.344452,3320100
2021-10-27,348.000000,351.119995,333.799988,335.720001,326.347534,9652700
2021-10-28,344.170013,350.489990,328.869995,333.029999,323.732666,9505100
2021-10-29,331.239990,338.149994,331.109985,335.519989,326.153076,5843700
2021-11-01,335.250000,340.899994,332.880005,334.049988,324.724060,5126200
2021-11-02,335.130005,335.769989,326.700012,328.480011,319.309692,5375300
2021-11-03,328.500000,329.579987,323.339996,329.429993,320.233154,3952500
2021-11-04,331.070007,338.630005,329.329987,335.429993,326.065582,4819500
2021-11-05,342.440002,350.160004,341.000000,348.790009,339.052643,7201500
2021-11-08,348.010010,353.149994,347.660004,349.670013,339.908112,3862200
2021-11-09,350.000000,350.200012,339.649994,344.649994,335.028229,4247800
2021-11-10,350.100006,359.619995,349.500000,357.940002,347.947174,6337100
2021-11-11,358.380005,359.640015,352.570007,354.339996,344.447693,4472200
2021-11-12,356.059998,363.839996,355.929993,363.500000,353.351959,4724200
2021-11-15,365.140015,371.130005,360.660004,361.359985,351.271637,4693200
2021-11-16,364.769989,371.070007,362.000000,369.559998,359.242798,4969000
2021-11-17,359.579987,368.000000,351.220001,359.170013,349.142822,11727300
2021-11-18,360.730011,362.480011,344.579987,348.220001,338.498535,6533700
2021-11-19,346.000000,346.649994,339.130005,339.720001,330.235840,6954800
2021-11-22,339.799988,341.480011,319.760010,321.299988,312.330078,11378200
2021-11-23,324.959991,329.690002,321.690002,329.000000,319.815094,7116200
2021-11-24,326.950012,340.359985,325.019989,340.000000,330.508057,6414400
2021-11-26,321.579987,326.869995,319.000000,324.170013,315.119995,6613900
2021-11-29,330.010010,331.820007,318.250000,323.010010,313.992401,6362200
2021-11-30,318.000000,320.760010,310.109985,314.920013,306.128204,10237600
2021-12-01,320.779999,322.019989,306.000000,306.279999,297.729431,8008800
2021-12-02,309.589996,322.200012,308.989990,320.200012,311.260773,6717600
2021-12-03,320.239990,322.690002,314.000000,322.109985,313.117462,4732900
2021-12-06,324.750000,336.760010,322.000000,333.329987,324.024292,6055000
2021-12-07,337.299988,342.420013,337.299988,339.510010,330.031677,4939500
2021-12-08,339.230011,344.029999,334.100006,342.339996,332.782654,4226900
2021-12-09,340.049988,346.529999,339.010010,344.519989,334.901886,3389600
2021-12-10,347.000000,350.250000,344.829987,349.920013,340.151154,3405900
2021-12-13,349.190002,349.529999,340.329987,345.309998,335.669800,4358300
2021-12-14,345.320007,348.209991,337.859985,340.549988,331.042725,4518500
2021-12-15,340.000000,346.589996,335.529999,346.350006,336.680756,4918700
2021-12-16,351.700012,353.769989,345.119995,352.920013,343.067322,5369900
2021-12-17,349.190002,352.790009,344.119995,349.309998,339.558136,5898200
2021-12-20,341.239990,343.529999,336.230011,337.019989,327.611237,5013900
2021-12-21,340.329987,352.000000,339.369995,350.739990,340.948181,3105100
2021-12-22,346.579987,358.619995,346.579987,357.480011,347.500092,3456400
2021-12-23,357.540009,362.470001,355.000000,360.579987,350.513489,2627000
2021-12-27,360.000000,361.079987,355.600006,360.309998,350.251007,2677100
2021-12-28,358.790009,364.140015,358.410004,360.779999,350.707886,1920100
2021-12-29,361.779999,363.149994,360.190002,361.290009,351.203613,1535200
2021-12-30,362.000000,364.649994,359.109985,360.989990,350.912048,1558000
2021-12-31,357.950012,363.380005,356.779999,359.320007,349.288696,1984000
2022-01-03,359.790009,372.320007,359.250000,370.950012,360.593964,4708200
2022-01-04,371.989990,382.399994,371.649994,375.390015,364.909973,6854500
2022-01-05,374.000000,382.500000,372.510010,373.899994,363.461639,5976600
2022-01-06,368.690002,374.220001,366.500000,370.000000,360.142426,4781100
2022-01-07,366.390015,371.790009,364.109985,369.649994,359.801727,4551200
2022-01-10,370.910004,370.910004,348.769989,363.910004,354.214691,6009300
2022-01-11,363.529999,368.059998,356.089996,366.290009,356.531372,4131200
2022-01-12,368.940002,372.119995,367.070007,367.309998,357.524078,5783100
2022-01-13,368.609985,377.679993,367.880005,369.519989,359.675232,3892900
2022-01-14,364.320007,374.779999,364.149994,372.140015,362.225494,4029900
2022-01-18,370.790009,372.140015,365.200012,366.299988,356.541016,4933900
2022-01-19,362.410004,369.299988,359.709991,360.730011,351.119415,4464800
2022-01-20,361.829987,373.070007,361.670013,364.000000,354.302307,5043200
2022-01-21,362.500000,368.130005,354.109985,355.079987,345.619995,4867100
2022-01-24,342.570007,350.100006,330.589996,349.420013,340.110809,7472800
2022-01-25,343.320007,347.040009,333.390015,338.760010,329.734802,6994400
2022-01-26,343.359985,354.769989,341.250000,344.660004,335.477570,7438600
2022-01-27,349.079987,359.630005,334.329987,350.529999,341.191193,8416100
2022-01-28,359.049988,382.769989,355.380005,382.510010,372.319122,8813400
2022-01-31,378.679993,386.549988,376.290009,386.380005,376.086060,6345200
2022-02-01,385.760010,395.500000,382.420013,392.059998,381.614777,5841100
2022-02-02,389.290009,399.920013,382.750000,396.750000,386.179810,6115000
2022-02-03,388.540009,392.940002,386.489990,390.070007,379.677765,4209200
2022-02-04,387.570007,388.149994,376.410004,382.200012,372.017456,6045400
2022-02-07,382.200012,382.399994,373.309998,376.130005,366.109192,4767500
2022-02-08,377.540009,379.769989,370.540009,374.369995,364.396057,5825300
2022-02-09,385.600006,388.450012,380.600006,381.369995,371.209595,5492800
2022-02-10,371.720001,380.000000,370.559998,374.390015,364.415527,3995000
2022-02-11,377.859985,380.899994,367.640015,369.769989,359.918579,4345600
2022-02-14,368.820007,377.290009,366.760010,374.160004,364.191711,3678400
2022-02-15,374.579987,383.070007,373.399994,381.540009,371.374969,5800400
2022-02-16,379.959991,385.000000,376.779999,382.929993,372.727997,3424800
2022-02-17,378.600006,381.290009,372.170013,373.700012,363.743896,3972500
2022-02-18,374.510010,374.809998,369.000000,369.950012,360.093811,4083800
2022-02-22,365.000000,374.320007,363.799988,368.290009,358.478058,3897900
2022-02-23,371.970001,373.559998,360.130005,361.230011,351.606201,3802500
2022-02-24,345.940002,370.540009,341.309998,369.380005,359.539032,7425000
2022-02-25,367.220001,372.589996,361.700012,369.089996,359.256714,3817900
2022-02-28,362.190002,365.359985,355.660004,360.820007,351.207062,4952400
2022-03-01,357.850006,361.579987,341.220001,344.480011,335.302429,5894200
2022-03-02,342.959991,348.320007,338.690002,344.089996,334.922760,4997900
2022-03-03,347.630005,349.500000,340.700012,340.989990,331.905396,3975900
2022-03-04,336.899994,338.829987,324.000000,330.760010,321.947968,4670900
2022-03-07,329.579987,329.799988,312.109985,312.920013,304.583252,6874300
2022-03-08,311.390015,324.730011,305.609985,314.329987,305.955658,5048200
2022-03-09,323.149994,329.450012,321.109985,328.130005,319.388000,4015900
2022-03-10,321.940002,326.119995,319.750000,324.589996,315.942291,3771300
2022-03-11,330.029999,330.970001,324.029999,324.790009,316.136932,2987700
2022-03-14,329.100006,336.880005,327.260010,328.589996,319.835754,4122700
2022-03-15,332.420013,338.380005,331.209991,335.000000,326.075012,3738900
2022-03-16,341.989990,350.940002,336.679993,344.679993,335.497009,4340800
2022-03-17,341.600006,346.880005,339.750000,346.440002,337.210144,3244200
2022-03-18,346.700012,352.739990,342.489990,350.089996,340.762878,6790800
2022-03-21,346.019989,350.000000,342.489990,345.579987,336.373108,6053800
2022-03-22,346.779999,353.929993,345.510010,349.529999,340.217865,4669900
2022-03-23,343.399994,346.730011,341.750000,342.179993,333.063721,2527800
2022-03-24,342.250000,349.450012,340.700012,349.350006,340.042694,2482700
2022-03-25,350.410004,351.540009,345.649994,349.019989,339.721436,2173800
2022-03-28,348.510010,350.559998,343.529999,350.489990,341.152313,3134600
2022-03-29,358.720001,370.760010,357.100006,367.549988,357.757721,5512400
2022-03-30,364.010010,368.279999,359.619995,362.239990,352.589142,2614200
2022-03-31,359.579987,364.119995,357.359985,357.380005,347.858704,4095700
2022-04-01,359.220001,367.890015,358.170013,363.970001,354.273132,3806800
2022-04-04,364.250000,369.760010,363.149994,366.910004,357.134735,3027200
2022-04-05,363.309998,367.630005,361.929993,363.320007,353.640442,2215900
2022-04-06,356.470001,357.089996,349.579987,353.549988,344.130737,3864500
2022-04-07,351.179993,352.899994,345.809998,349.549988,340.709503,2848500
2022-04-08,347.299988,355.890015,345.649994,352.269989,343.360687,2235100
2022-04-11,350.640015,351.500000,345.820007,347.369995,338.584686,1809200
2022-04-12,350.000000,354.480011,344.480011,345.799988,337.054352,4038500
2022-04-13,344.410004,357.000000,342.869995,355.140015,346.158142,3048500
2022-04-14,357.179993,362.950012,356.869995,357.820007,348.770325,3358900
2022-04-18,353.989990,360.760010,353.220001,356.799988,347.776062,1871400
2022-04-19,356.809998,364.670013,356.070007,363.869995,354.667358,2999300
2022-04-20,366.660004,371.890015,363.869995,365.290009,356.051422,3377300
2022-04-21,369.480011,375.220001,363.459991,364.440002,355.222931,3605300
2022-04-22,360.500000,362.100006,350.609985,351.179993,342.298279,2968800
2022-04-25,349.279999,355.059998,347.149994,354.600006,345.631775,3380400
2022-04-26,347.940002,350.059998,343.579987,344.109985,335.407104,3116400
2022-04-27,357.000000,373.739990,356.000000,361.570007,352.425507,5702300
2022-04-28,369.130005,381.970001,368.790009,378.829987,369.248932,6843300
2022-04-29,372.049988,377.119995,361.750000,363.380005,354.189728,4741800
2022-05-02,363.000000,364.929993,350.589996,359.040009,349.959381,3903800
2022-05-03,361.589996,363.440002,353.440002,357.790009,348.741089,2686900
2022-05-04,359.369995,369.239990,353.660004,368.519989,359.199707,3346600
2022-05-05,362.100006,367.769989,349.029999,353.369995,344.432861,3424800
2022-05-06,346.250000,351.260010,340.779999,347.119995,338.341034,3635200
2022-05-09,341.000000,342.390015,324.890015,327.989990,319.694824,5777400
2022-05-10,332.309998,333.679993,323.049988,325.329987,317.102081,5003500
2022-05-11,325.480011,331.000000,318.549988,325.869995,317.628357,4263900
2022-05-12,321.769989,325.579987,312.769989,321.239990,313.115417,3891500
2022-05-13,327.670013,335.230011,326.089996,332.799988,324.383118,3536000
2022-05-16,328.540009,333.549988,325.029999,329.730011,321.390839,2062300
2022-05-17,340.109985,341.179993,332.529999,338.859985,330.289886,2802300
2022-05-18,333.619995,341.600006,333.559998,335.899994,327.404694,4521400
2022-05-19,330.000000,336.209991,324.429993,332.220001,323.817780,4380700
2022-05-20,335.700012,339.609985,327.690002,336.179993,327.677612,3428700
2022-05-23,339.029999,351.299988,338.959991,348.429993,339.617859,3420800
2022-05-24,343.890015,344.000000,335.980011,340.690002,332.073547,2561500
2022-05-25,340.579987,347.739990,339.209991,344.760010,336.040710,3033400
2022-05-26,348.000000,353.250000,346.010010,349.890015,341.040955,2817400
2022-05-27,353.390015,357.790009,352.109985,357.779999,348.731384,2658700
2022-05-31,353.089996,360.970001,351.140015,357.869995,348.819122,3873800
2022-06-01,358.200012,364.440002,354.850006,357.059998,348.029602,2190000
2022-06-02,360.489990,365.049988,357.760010,363.079987,353.897308,2484200
2022-06-03,359.480011,360.950012,355.769989,357.820007,348.770325,2076600
2022-06-06,362.000000,368.309998,358.529999,360.140015,351.031647,2196100
2022-06-07,356.929993,364.480011,356.329987,364.019989,354.813599,2158800
2022-06-08,365.000000,367.119995,360.980011,362.329987,353.166290,1709600
2022-06-09,359.760010,362.209991,348.940002,349.000000,340.173340,2250600
2022-06-10,341.329987,344.309998,334.600006,334.750000,326.283783,3300500
2022-06-13,322.000000,330.899994,317.920013,319.739990,311.653351,4825100
2022-06-14,320.100006,324.000000,319.660004,322.140015,313.992737,2788400
2022-06-15,327.410004,330.630005,319.429993,325.390015,317.160522,2357800
2022-06-16,316.089996,316.450012,305.079987,308.779999,300.970673,4528500
2022-06-17,307.000000,314.140015,303.649994,310.690002,302.832306,6235300
2022-06-21,316.049988,320.230011,314.880005,317.399994,309.372650,3193700
2022-06-22,313.470001,319.040009,311.359985,316.149994,308.154175,2671500
2022-06-23,318.899994,319.980011,313.540009,316.760010,308.748810,2387600
2022-06-24,319.220001,330.809998,319.220001,330.500000,322.141327,4318900
2022-06-27,331.970001,331.970001,327.119995,328.829987,320.513550,2810800
2022-06-28,332.700012,337.149994,318.119995,318.290009,310.240112,3394200
2022-06-29,319.109985,326.109985,318.410004,322.589996,314.431335,3779500
2022-06-30,315.299988,318.290009,309.690002,315.480011,307.501190,3411500
2022-07-01,314.100006,318.940002,311.309998,318.239990,310.191345,2287700
2022-07-05,313.079987,320.309998,309.459991,319.260010,311.185577,2112100
2022-07-06,319.000000,322.359985,315.720001,320.170013,312.072571,2219200
2022-07-07,322.350006,324.859985,319.519989,324.070007,316.358032,2202100
2022-07-08,322.779999,324.980011,319.350006,323.059998,315.372131,1662100
2022-07-11,319.380005,326.220001,319.149994,324.190002,316.475281,2073800
2022-07-12,320.209991,327.359985,320.209991,322.859985,315.176880,2761500
2022-07-13,315.950012,324.929993,313.809998,323.369995,315.674744,2442600
2022-07-14,316.160004,327.579987,315.390015,325.029999,317.295227,2743900
2022-07-15,333.630005,335.570007,329.760010,332.570007,324.655884,3387400
2022-07-18,335.500000,337.510010,329.790009,331.010010,323.132996,2468500
2022-07-19,331.779999,342.010010,331.779999,340.380005,332.279999,2689800
2022-07-20,340.380005,343.309998,336.290009,341.269989,333.148743,2563600
2022-07-21,341.869995,347.230011,340.059998,346.920013,338.664276,2230800
2022-07-22,348.880005,351.089996,340.399994,343.880005,335.696594,2253000
2022-07-25,344.450012,345.540009,340.109985,344.209991,336.018829,2180100
2022-07-26,342.649994,344.630005,339.299988,341.279999,333.158539,2254200
2022-07-27,343.010010,348.920013,331.239990,343.269989,335.101166,4580300
2022-07-28,348.000000,353.260010,340.619995,352.450012,344.062714,3635500
2022-07-29,354.130005,356.799988,349.959991,353.790009,345.370850,3176800
2022-08-01,347.809998,354.839996,345.660004,350.540009,342.198120,2289400
2022-08-02,347.079987,351.149994,343.980011,349.010010,340.704590,2878800
2022-08-03,350.000000,356.480011,348.540009,354.130005,345.702759,2921200
2022-08-04,354.670013,358.609985,349.649994,356.070007,347.596558,2339500
2022-08-05,350.399994,357.829987,350.399994,357.510010,349.002350,1848700
2022-08-08,359.000000,359.000000,349.890015,352.160004,343.779602,2477600
2022-08-09,350.399994,351.119995,345.350006,346.540009,338.293304,2467400
2022-08-10,354.339996,354.549988,351.049988,353.380005,344.970673,2443700
2022-08-11,355.850006,355.850006,350.350006,350.579987,342.237213,2609400
2022-08-12,354.739990,355.450012,350.260010,354.269989,345.839447,2514200
2022-08-15,352.329987,361.950012,350.820007,359.950012,351.384247,2526300
2022-08-16,354.269989,360.000000,353.100006,359.250000,350.700897,2448700
2022-08-17,353.500000,356.959991,351.750000,355.329987,346.874207,2439900
2022-08-18,354.320007,359.519989,353.570007,357.359985,348.855865,1934900
2022-08-19,356.630005,356.769989,353.559998,354.279999,345.849152,1740700
2022-08-22,350.000000,351.000000,344.279999,345.510010,337.287872,2312400
2022-08-23,342.690002,345.209991,339.369995,340.890015,332.777802,2240700
2022-08-24,340.179993,342.290009,338.350006,339.709991,331.625916,2218400
2022-08-25,340.000000,345.130005,337.320007,344.670013,336.467865,2228500
2022-08-26,345.049988,345.640015,331.700012,331.959991,324.060333,1925000
2022-08-29,329.989990,332.809998,327.769989,329.350006,321.512390,2308200
2022-08-30,331.000000,332.970001,325.570007,327.809998,320.009094,2618900
2022-08-31,328.290009,331.179993,324.279999,324.369995,316.650909,3129000
2022-09-01,323.809998,325.609985,319.209991,325.250000,317.510010,2493200
2022-09-02,329.410004,329.670013,320.529999,322.559998,314.883972,1936800
2022-09-06,322.500000,326.989990,320.559998,324.079987,316.367920,2043400
2022-09-07,324.079987,329.200012,322.049988,328.619995,320.799774,1998300
2022-09-08,324.529999,330.290009,323.480011,330.070007,322.215302,2114000
2022-09-09,330.540009,337.019989,330.149994,335.850006,327.857727,1815700
2022-09-12,338.089996,339.480011,335.940002,338.420013,330.366547,2097800
2022-09-13,330.000000,332.799988,324.579987,325.440002,317.695496,2316900
2022-09-14,327.040009,328.480011,323.350006,325.850006,318.095703,2657900
2022-09-15,323.589996,325.940002,315.170013,316.959991,309.417267,2486800
2022-09-16,312.850006,315.630005,309.109985,315.130005,307.630768,3650900
2022-09-19,311.950012,315.450012,310.250000,314.029999,306.556976,2369700
2022-09-20,311.160004,314.369995,309.440002,313.269989,305.815063,2769600
2022-09-21,314.480011,314.980011,304.220001,304.500000,297.253845,2366300
2022-09-22,302.950012,303.079987,296.589996,298.359985,291.259888,3176500
2022-09-23,293.130005,294.570007,290.239990,293.579987,286.593628,3245900
2022-09-26,290.049988,295.339996,289.119995,290.109985,283.206207,3635600
2022-09-27,295.470001,297.899994,284.799988,286.480011,279.662598,4073300
2022-09-28,285.109985,292.980011,281.690002,290.179993,283.274536,5611400
2022-09-29,288.350006,292.070007,284.850006,286.769989,279.945740,3439700
2022-09-30,286.859985,290.760010,284.339996,284.339996,277.573517,3804200
2022-10-03,287.850006,292.750000,284.920013,290.480011,283.567383,5285200
2022-10-04,296.190002,303.970001,295.980011,301.269989,294.100677,3949200
2022-10-05,297.980011,306.600006,297.250000,304.200012,296.960938,2845200
2022-10-06,302.579987,305.049988,298.859985,299.230011,292.580505,2494400
2022-10-07,296.660004,297.190002,292.989990,294.970001,288.415131,2210800
2022-10-10,297.040009,297.250000,289.540009,291.779999,285.296021,1783500
2022-10-11,289.829987,290.390015,284.420013,286.049988,279.693359,3554900
2022-10-12,286.540009,287.489990,283.209991,283.380005,277.082703,2646800
2022-10-13,277.279999,295.429993,276.869995,293.959991,287.427551,3322800
2022-10-14,295.859985,298.619995,287.839996,288.690002,282.274689,3106300
2022-10-17,295.420013,298.730011,291.339996,295.040009,288.483612,3417600
2022-10-18,303.170013,303.700012,296.549988,300.380005,293.704926,3096000
2022-10-19,295.459991,299.640015,294.790009,297.760010,291.143127,1914300
2022-10-20,297.750000,302.730011,295.609985,296.279999,289.696045,2463800
2022-10-21,294.510010,302.709991,293.500000,302.369995,295.650665,3599600
2022-10-24,304.519989,307.000000,300.500000,305.600006,298.808899,3184100
2022-10-25,305.910004,312.100006,305.859985,311.410004,304.489868,3012400
2022-10-26,312.290009,324.450012,312.290009,319.510010,312.409851,5278000
2022-10-27,316.179993,323.079987,314.059998,319.369995,312.272919,4725800
2022-10-28,319.309998,331.799988,317.820007,329.470001,322.148468,3644400
2022-10-31,328.880005,329.440002,323.779999,328.179993,320.887146,3157900
2022-11-01,332.220001,333.640015,327.089996,333.190002,325.785889,3660400
2022-11-02,331.420013,333.000000,319.630005,319.820007,312.713013,3074900
2022-11-03,315.119995,316.769989,308.600006,309.170013,302.299622,2860900
2022-11-04,313.839996,323.130005,313.239990,318.369995,311.295135,3414000
2022-11-07,322.450012,325.799988,317.709991,325.130005,317.904968,2742100
2022-11-08,326.230011,329.399994,322.260010,325.750000,318.511139,2387500
2022-11-09,322.279999,323.690002,315.149994,315.640015,308.625793,3001200
2022-11-10,331.179993,337.399994,329.160004,337.269989,329.775146,3255000
2022-11-11,339.000000,342.630005,336.359985,339.290009,331.750244,3734700
2022-11-14,336.739990,344.510010,336.019989,339.369995,331.828461,2348900
2022-11-15,346.589996,351.220001,339.489990,343.510010,335.876465,2983600
2022-11-16,343.160004,345.130005,340.100006,342.760010,335.143158,2579600
2022-11-17,339.000000,341.920013,337.000000,341.269989,333.686249,2004500
2022-11-18,345.660004,348.630005,341.329987,343.690002,336.052460,2737700
2022-11-21,343.000000,344.250000,337.619995,338.250000,330.733368,1965100
2022-11-22,339.829987,345.320007,337.559998,344.959991,337.294281,2510700
2022-11-23,344.630005,350.799988,344.149994,348.640015,340.892487,1937300
2022-11-25,348.959991,351.399994,348.079987,351.290009,343.483643,944400
2022-11-28,346.679993,350.230011,343.230011,344.589996,336.932465,2226200
2022-11-29,343.649994,344.720001,340.750000,343.130005,335.504944,1724200
2022-11-30,342.850006,356.399994,341.480011,356.399994,348.480072,4252300
2022-12-01,357.989990,361.579987,354.049988,360.799988,352.782257,3374700
2022-12-02,357.450012,362.290009,356.059998,360.059998,352.058746,2015500
2022-12-05,356.000000,358.899994,354.450012,356.089996,348.176910,2202500
2022-12-06,353.820007,355.000000,344.350006,347.529999,339.807159,2353300
2022-12-07,346.880005,347.850006,341.470001,347.420013,339.699615,2454300
2022-12-08,350.000000,352.170013,347.220001,351.170013,343.366272,1998600
2022-12-09,348.399994,352.769989,347.359985,348.829987,341.078186,2301100
2022-12-12,350.309998,358.440002,349.100006,358.170013,350.210693,2427100
2022-12-13,369.239990,369.260010,355.739990,357.149994,349.213379,3072200
2022-12-14,357.000000,362.100006,353.769989,357.510010,349.565369,2587200
2022-12-15,351.420013,353.799988,342.559998,346.250000,338.555573,2774900
2022-12-16,344.769989,348.239990,343.380005,345.839996,338.154633,5947100
2022-12-19,345.359985,345.850006,339.540009,341.260010,333.676453,2457300
2022-12-20,341.369995,344.369995,340.619995,342.950012,335.328888,1895900
2022-12-21,343.640015,347.600006,342.369995,345.690002,338.007996,2087000
2022-12-22,344.190002,345.600006,336.429993,341.519989,333.930664,2276100
2022-12-23,339.019989,344.540009,337.690002,343.600006,335.964417,1914500
2022-12-27,344.100006,346.910004,341.809998,346.160004,338.467621,1637700
2022-12-28,346.549988,349.510010,341.779999,341.950012,334.351166,1854100
2022-12-29,344.380005,349.720001,343.540009,348.209991,340.472015,1459800
2022-12-30,345.329987,347.899994,343.619995,347.730011,340.002716,1617600
2023-01-03,349.959991,354.660004,343.940002,346.799988,339.093323,2933600
2023-01-04,351.390015,356.980011,349.690002,355.149994,347.257813,2661000
2023-01-05,356.119995,357.559998,351.269989,351.769989,343.952942,2608500
2023-01-06,357.309998,368.720001,355.320007,367.670013,360.083069,4432800
2023-01-09,371.630005,375.000000,369.559998,370.970001,363.314911,3913500
2023-01-10,368.809998,371.679993,367.209991,371.010010,363.354095,3485900
2023-01-11,372.619995,377.920013,371.260010,377.859985,370.062775,3370200
2023-01-12,377.859985,381.130005,376.920013,379.809998,371.972504,3291200
2023-01-13,375.059998,377.869995,374.309998,375.519989,367.771057,4261000
2023-01-17,375.000000,378.329987,373.980011,375.000000,367.261749,2814500
2023-01-18,374.510010,375.809998,368.500000,368.920013,361.307343,2747100
2023-01-19,364.600006,370.799988,363.600006,367.940002,360.347412,3111200
2023-01-20,370.230011,376.619995,369.399994,376.279999,368.515381,3863400
2023-01-23,376.739990,381.380005,376.359985,378.570007,370.758087,2743900
2023-01-24,390.000000,390.000000,375.220001,380.010010,372.168427,2756200
2023-01-25,375.100006,382.559998,375.100006,382.390015,374.499298,3501900
2023-01-26,383.410004,384.109985,373.000000,377.239990,369.455597,3718400
2023-01-27,376.190002,380.519989,373.380005,374.029999,366.311737,3405600
2023-01-30,369.459991,373.739990,369.399994,371.119995,363.461884,2688600
2023-01-31,369.989990,372.480011,367.019989,370.600006,362.952606,3137400
2023-02-01,368.570007,376.779999,367.000000,374.079987,366.360779,2951900
2023-02-02,379.519989,380.470001,372.799988,374.940002,367.203064,2761600
2023-02-03,370.799988,378.220001,370.489990,373.910004,366.194305,2739600
2023-02-06,370.000000,374.329987,369.049988,372.970001,365.273651,2068300
2023-02-07,371.510010,377.070007,368.839996,375.059998,367.320587,2309100
2023-02-08,373.170013,375.790009,370.140015,370.350006,362.707794,2193600
2023-02-09,373.299988,374.570007,369.250000,370.420013,362.776367,2287600
2023-02-10,369.640015,370.250000,362.920013,366.829987,359.260406,2270700
2023-02-13,368.559998,371.140015,367.070007,370.829987,363.177856,2286400
2023-02-14,369.579987,373.410004,367.730011,369.959991,362.325806,1841400
2023-02-15,366.279999,369.799988,365.010010,369.640015,362.012451,2203300
2023-02-16,364.899994,373.079987,364.899994,367.549988,359.965515,2792700
2023-02-17,364.059998,366.700012,359.799988,361.130005,353.678070,2718900
2023-02-21,356.760010,361.769989,355.190002,355.959991,348.614777,2730900
2023-02-22,355.359985,357.739990,353.209991,354.970001,347.645142,2109300
2023-02-23,357.739990,357.739990,351.660004,355.529999,348.193542,1975500
2023-02-24,350.820007,354.000000,349.589996,353.119995,345.833313,2016100
2023-02-27,355.640015,358.029999,354.820007,355.480011,348.144562,2200800
2023-02-28,354.809998,357.799988,353.239990,355.290009,347.958527,2732900
2023-03-01,354.000000,355.309998,349.390015,353.500000,346.205505,1968100
2023-03-02,353.630005,356.619995,351.690002,355.570007,348.232758,2526000
2023-03-03,358.119995,361.690002,357.089996,361.500000,354.040344,2174900
2023-03-06,361.820007,368.529999,361.260010,366.929993,359.358307,2789400
2023-03-07,367.170013,369.149994,359.549988,359.940002,352.512573,1660800
2023-03-08,358.609985,361.700012,357.279999,359.029999,351.621307,1634400
2023-03-09,359.250000,364.019989,353.910004,354.440002,347.126068,2414700
2023-03-10,352.410004,353.049988,345.230011,347.109985,339.947296,3176400
2023-03-13,343.630005,349.859985,340.209991,344.709991,337.596832,3308200
2023-03-14,351.000000,356.109985,348.559998,352.820007,345.539520,3413300
2023-03-15,346.049988,348.399994,343.640015,348.079987,340.897308,3082600
2023-03-16,346.619995,348.690002,340.279999,348.000000,340.818878,3768100
2023-03-17,350.250000,351.940002,346.859985,349.660004,342.444733,8426800
2023-03-20,348.000000,353.839996,347.339996,349.320007,342.111694,3864200
2023-03-21,354.369995,356.200012,350.829987,354.570007,347.253418,3766800
2023-03-22,354.609985,360.000000,351.029999,351.029999,343.786377,2596400
2023-03-23,352.410004,359.859985,351.839996,354.369995,347.057526,2598100
2023-03-24,350.450012,352.420013,346.309998,351.630005,344.374054,2971500
2023-03-27,355.570007,357.890015,354.279999,354.619995,347.302307,2420300
2023-03-28,355.559998,355.899994,352.799988,354.329987,347.018280,1695900
2023-03-29,357.380005,360.029999,355.820007,359.529999,352.110992,2327000
2023-03-30,360.950012,362.589996,358.239990,359.260010,351.846619,2480500
2023-03-31,361.130005,363.649994,360.380005,363.410004,355.910950,3376600
2023-04-03,362.609985,366.660004,361.750000,366.470001,358.907806,2978000
2023-04-04,366.799988,369.119995,363.380005,363.899994,356.390839,2198700
2023-04-05,363.480011,365.130005,361.609985,363.790009,356.842041,2239600
2023-04-06,361.209991,362.040009,355.970001,361.470001,354.566406,2357600
2023-04-10,359.709991,360.929993,357.579987,360.140015,353.261749,1559100
2023-04-11,363.420013,365.190002,361.160004,364.130005,357.175568,3033800
2023-04-12,366.079987,368.600006,361.029999,361.779999,354.870483,2268800
2023-04-13,363.820007,369.750000,363.390015,369.649994,362.590149,2611700
2023-04-14,370.000000,373.390015,369.109985,372.429993,365.317017,2254600
2023-04-17,373.359985,374.100006,368.390015,372.760010,365.640747,2432700
2023-04-18,373.950012,373.950012,369.959991,372.320007,365.209167,2087800
2023-04-19,372.989990,374.149994,371.160004,372.799988,365.679932,1795300
2023-04-20,371.450012,375.190002,369.690002,375.000000,367.837952,2124800
2023-04-21,375.720001,377.429993,373.260010,375.239990,368.073364,3537800
2023-04-24,375.149994,377.640015,373.619995,374.730011,367.573120,1886300
2023-04-25,373.500000,374.579987,368.320007,368.529999,361.491577,2245000
2023-04-26,369.640015,372.220001,366.089996,366.760010,359.755371,2594200
2023-04-27,366.579987,374.980011,361.000000,373.670013,366.533386,3859900
2023-04-28,372.529999,381.929993,371.510010,380.029999,372.771942,3107300
2023-05-01,380.489990,382.459991,378.959991,379.859985,372.605194,1745100
2023-05-02,377.769989,378.839996,370.940002,376.029999,368.848328,2478700
2023-05-03,376.670013,379.549988,374.329987,374.899994,367.739868,1970900
2023-05-04,374.500000,376.850006,372.140015,376.119995,368.936584,2814900
2023-05-05,380.570007,385.149994,378.239990,384.660004,377.313507,2683100
2023-05-08,384.010010,387.459991,383.769989,385.510010,378.147308,1719600
2023-05-09,383.880005,386.170013,382.700012,382.940002,375.626312,2036400
2023-05-10,385.989990,386.760010,377.649994,382.540009,375.234009,1940800
2023-05-11,382.209991,385.720001,379.260010,383.390015,376.067749,1901200
2023-05-12,384.489990,385.019989,378.799988,381.920013,374.625854,2044000
2023-05-15,381.869995,383.660004,380.529999,383.410004,376.087341,1957400
2023-05-16,382.600006,383.600006,377.320007,380.239990,372.977875,2762700
2023-05-17,382.200012,387.519989,379.130005,387.000000,379.608795,3260300
2023-05-18,387.109985,392.019989,385.809998,392.019989,384.532898,3729500
2023-05-19,392.000000,392.200012,385.140015,385.570007,378.206146,3369100
2023-05-22,384.989990,387.369995,384.179993,384.529999,377.185913,1808800
2023-05-23,381.519989,382.029999,370.440002,373.750000,366.611847,3979000
2023-05-24,369.369995,369.609985,365.579987,368.500000,361.462067,2655700
2023-05-25,367.910004,370.989990,364.910004,370.040009,362.972656,3752200
2023-05-26,371.000000,375.679993,370.049988,374.369995,367.219971,2691300
2023-05-30,376.279999,376.630005,366.200012,367.500000,360.481171,3430100
2023-05-31,365.000000,365.700012,357.850006,365.019989,358.048584,10695300
2023-06-01,367.160004,371.089996,366.049988,370.880005,363.796631,3389700
2023-06-02,374.589996,375.820007,372.149994,373.730011,366.592194,2501500
2023-06-05,372.750000,372.799988,368.529999,370.519989,363.443542,2316200
2023-06-06,372.950012,380.380005,371.809998,379.959991,372.703247,2758700
2023-06-07,379.290009,380.500000,368.260010,371.390015,364.296906,3714500
2023-06-08,369.359985,369.769989,365.850006,367.589996,360.569489,2594700
2023-06-09,370.459991,372.109985,367.760010,369.220001,362.168365,2201800
2023-06-12,370.670013,375.970001,369.940002,375.309998,368.141998,2407500
2023-06-13,375.309998,377.179993,369.809998,371.380005,364.287079,2444100
2023-06-14,372.929993,378.079987,372.019989,374.760010,367.602539,2775400
2023-06-15,373.269989,379.570007,370.519989,379.040009,371.800812,2558100
2023-06-16,381.609985,382.899994,376.160004,376.529999,369.338715,5886900
2023-06-20,375.010010,379.510010,373.750000,374.619995,367.465240,3961700
2023-06-21,373.959991,378.390015,373.660004,376.140015,368.956238,2301300
2023-06-22,375.109985,378.480011,373.950012,377.799988,370.584534,1933300
2023-06-23,374.980011,381.119995,373.220001,379.809998,372.556091,3739700
2023-06-26,378.059998,379.989990,375.350006,377.420013,370.211731,3327800
2023-06-27,380.339996,382.839996,379.010010,381.790009,374.498291,2197300
2023-06-28,381.190002,381.399994,378.670013,380.230011,372.968140,2012400
2023-06-29,380.850006,388.010010,380.500000,387.670013,380.266022,2524600
2023-06-30,388.100006,395.170013,388.100006,393.299988,385.788422,4407100
2023-07-03,391.339996,394.309998,388.679993,393.959991,386.435883,1304600
2023-07-05,388.809998,395.250000,387.130005,394.730011,387.191162,2781800
2023-07-06,393.829987,394.209991,389.739990,393.140015,386.189209,2156600
2023-07-07,390.660004,392.450012,388.399994,388.679993,381.808075,2654400
2023-07-10,388.480011,393.429993,388.010010,392.160004,385.226532,2148600
2023-07-11,393.619995,398.459991,392.339996,397.799988,390.766754,2106200
2023-07-12,399.000000,403.170013,398.709991,400.690002,393.605682,2273400
2023-07-13,403.000000,403.239990,400.459991,400.559998,393.478027,2354900
2023-07-14,402.119995,403.489990,400.299988,402.510010,395.393616,1978500
2023-07-17,401.950012,404.000000,401.119995,402.200012,395.089050,2344500
2023-07-18,400.420013,401.940002,395.209991,398.160004,391.120392,2676200
2023-07-19,398.000000,399.850006,396.309998,398.269989,391.228485,1809700
2023-07-20,397.140015,399.720001,395.549988,398.059998,391.022217,2570700
2023-07-21,398.670013,401.510010,397.420013,397.489990,390.462280,1868100
2023-07-24,397.480011,404.910004,396.609985,404.790009,397.633209,3029800
2023-07-25,403.369995,404.859985,401.000000,401.279999,394.185272,2490500
2023-07-26,399.179993,403.309998,395.750000,402.410004,395.295319,2572300
2023-07-27,405.190002,405.190002,393.950012,394.500000,387.525146,3563300
2023-07-28,397.959991,398.000000,388.880005,392.959991,386.012360,4501000
2023-07-31,393.970001,396.079987,392.470001,394.279999,387.309021,3578300
2023-08-01,393.779999,397.299988,392.359985,397.070007,390.049744,2344200
2023-08-02,393.880005,394.209991,389.579987,390.019989,383.124329,2410600
2023-08-03,387.559998,393.440002,386.420013,393.010010,386.061493,2190500
2023-08-04,391.609985,396.089996,390.070007,391.350006,384.430847,2215800
2023-08-07,393.000000,397.750000,393.000000,396.869995,389.853180,1559800
2023-08-08,396.179993,396.380005,390.130005,393.190002,386.238281,1747000
2023-08-09,393.859985,396.790009,391.869995,393.670013,386.709839,1806100
2023-08-10,396.459991,400.630005,395.709991,397.140015,390.118469,2154500
2023-08-11,395.750000,396.670013,392.809998,394.980011,387.996674,1464600
2023-08-14,396.450012,399.230011,394.609985,398.579987,391.532959,1638500
2023-08-15,397.489990,397.489990,393.589996,394.450012,387.476074,1753200
2023-08-16,393.440002,399.200012,393.119995,394.369995,387.397461,2002000
2023-08-17,396.140015,396.209991,390.989990,392.619995,385.678406,2118600
2023-08-18,389.820007,393.839996,388.829987,392.170013,385.236359,2001800
2023-08-21,393.209991,394.989990,391.019989,393.200012,386.248169,1869400
2023-08-22,395.000000,398.769989,393.679993,397.839996,390.806091,2422500
2023-08-23,399.269989,401.920013,398.359985,401.059998,393.969147,1943200
2023-08-24,401.589996,404.000000,397.500000,397.670013,390.639191,1970000
2023-08-25,400.649994,404.619995,399.000000,402.890015,395.766815,2154600
2023-08-28,404.000000,407.799988,403.149994,407.440002,400.236359,1901300
2023-08-29,407.420013,412.190002,406.589996,411.649994,404.371887,2188800
2023-08-30,414.779999,417.779999,413.519989,413.910004,406.591980,2516600
2023-08-31,414.209991,416.290009,411.779999,412.640015,405.344452,2535100
2023-09-01,413.839996,416.510010,412.489990,415.570007,408.222595,1841700
2023-09-05,413.350006,415.399994,409.700012,411.500000,404.224548,2045600
2023-09-06,410.779999,413.380005,408.890015,413.179993,405.874878,2292100
2023-09-07,411.920013,416.130005,411.730011,414.619995,407.289429,2502700
2023-09-08,415.000000,416.329987,413.859985,414.839996,407.505524,1868900
2023-09-11,416.850006,417.589996,414.640015,416.690002,409.322815,1544700
2023-09-12,415.950012,417.649994,415.250000,416.269989,408.910217,1997600
2023-09-13,416.170013,418.410004,414.970001,416.299988,408.939697,2142200
2023-09-14,418.299988,418.600006,407.779999,413.339996,406.032043,3557700
2023-09-15,411.859985,418.299988,411.140015,414.309998,406.984833,4755500
2023-09-18,413.880005,417.890015,413.040009,417.130005,409.755035,1808000
2023-09-19,416.959991,417.100006,411.100006,413.529999,406.218689,1730900
2023-09-20,413.769989,415.850006,410.079987,410.519989,403.261871,1580000
2023-09-21,408.339996,408.769989,402.100006,403.359985,396.228516,2450700
2023-09-22,404.390015,406.850006,401.559998,402.220001,395.108673,1885000
2023-09-25,400.600006,403.230011,399.839996,402.489990,395.373962,1846500
2023-09-26,400.000000,400.850006,393.609985,395.380005,388.389587,2940400
2023-09-27,396.209991,397.029999,391.480011,395.480011,388.487793,1987500
2023-09-28,395.829987,401.350006,395.369995,399.440002,392.377838,2216200
2023-09-29,402.029999,402.179993,394.250000,395.910004,388.910187,3032300
2023-10-02,393.600006,396.359985,392.450012,395.850006,388.851288,2856800
2023-10-03,394.500000,397.859985,388.970001,391.059998,384.145966,2527900
2023-10-04,392.000000,394.470001,388.579987,393.760010,386.798218,1813400
2023-10-05,390.390015,394.720001,390.000000,394.200012,387.791779,2116600
2023-10-06,393.230011,401.000000,390.500000,397.970001,391.500488,2484000
2023-10-09,394.459991,396.500000,389.579987,394.739990,388.323029,2475100
2023-10-10,395.540009,402.720001,393.850006,400.369995,393.861511,2713800
2023-10-11,403.250000,405.130005,397.359985,399.809998,393.310608,2055600
2023-10-12,403.799988,405.339996,397.320007,399.899994,393.399078,1779000
2023-10-13,398.809998,402.140015,395.079987,398.029999,391.559509,2235600
2023-10-16,400.239990,404.429993,398.779999,401.160004,394.638672,2202100
2023-10-17,399.640015,403.609985,398.450012,401.769989,395.238770,2176000
2023-10-18,399.109985,401.369995,392.559998,393.209991,386.817902,1951400
2023-10-19,393.850006,394.829987,385.500000,387.869995,381.564728,3472800
2023-10-20,387.869995,389.989990,384.170013,384.410004,378.160980,2652500
2023-10-23,382.309998,387.859985,381.000000,383.670013,377.432983,1771800
2023-10-24,385.500000,389.429993,383.869995,386.910004,380.620331,2003300
2023-10-25,384.000000,388.630005,382.239990,386.309998,380.030090,3504500
2023-10-26,371.019989,375.549988,363.040009,364.589996,358.663116,6920100
2023-10-27,366.489990,368.290009,359.769989,364.079987,358.161407,3624900
2023-10-30,366.519989,373.230011,364.720001,372.420013,366.365845,3386400
2023-10-31,373.320007,377.679993,373.109985,376.350006,370.231995,2978800
2023-11-01,378.670013,380.399994,375.040009,377.820007,371.678101,2354700
2023-11-02,380.299988,383.040009,378.489990,382.690002,376.468872,2816000
2023-11-03,385.000000,388.440002,383.730011,386.049988,379.774261,2269100
2023-11-06,387.100006,388.250000,384.209991,386.160004,379.882477,2020500
2023-11-07,386.000000,389.589996,384.299988,388.869995,382.548431,2324200
2023-11-08,387.109985,391.369995,387.000000,389.700012,383.364960,2838400
2023-11-09,390.959991,391.450012,387.269989,387.959991,381.653259,2657100
2023-11-10,390.040009,395.089996,386.739990,394.380005,387.968811,2807000
2023-11-13,394.350006,395.630005,393.019989,394.350006,387.939392,1614600
2023-11-14,397.179993,401.679993,396.750000,397.649994,391.185760,2733900
2023-11-15,397.470001,399.279999,394.760010,396.829987,390.379028,2434600
2023-11-16,398.010010,399.950012,395.549988,397.100006,390.644623,3060600
2023-11-17,399.970001,401.119995,397.910004,400.299988,393.792572,2365500
2023-11-20,400.720001,405.200012,398.260010,404.399994,397.825958,2768300
2023-11-21,405.720001,410.350006,405.690002,408.950012,402.302094,2567500
2023-11-22,412.260010,412.850006,410.149994,410.329987,403.659607,1967900
2023-11-24,412.489990,412.970001,410.529999,412.500000,405.794281,1053500
2023-11-27,411.000000,412.720001,408.250000,408.970001,402.321747,2665900
2023-11-28,409.079987,410.640015,407.459991,409.010010,402.361053,2645000
2023-11-29,411.010010,412.079987,409.420013,409.820007,403.157898,2151400
2023-11-30,410.100006,414.160004,408.779999,413.829987,407.102661,3203500
2023-12-01,412.890015,416.600006,411.570007,414.359985,407.624084,2171400
2023-12-04,413.829987,414.850006,408.029999,408.230011,401.593719,3097900
2023-12-05,407.089996,409.049988,404.320007,408.690002,402.046204,2755600
2023-12-06,411.429993,413.820007,407.160004,410.380005,403.708771,2224200
2023-12-07,412.070007,413.570007,409.989990,413.149994,406.433746,2363000
2023-12-08,412.220001,413.670013,409.230011,412.160004,405.459839,1959300
2023-12-11,412.459991,416.170013,412.380005,415.709991,408.952148,2236000
2023-12-12,417.000000,421.000000,414.700012,420.750000,413.910187,2736500
2023-12-13,421.859985,426.369995,419.149994,424.679993,417.776276,3694200
2023-12-14,425.010010,425.850006,415.899994,418.559998,411.755798,3989700
2023-12-15,412.619995,419.260010,411.600006,418.570007,411.765625,5566600
2023-12-18,419.529999,425.089996,419.529999,424.429993,417.530365,2686900
2023-12-19,424.049988,426.679993,422.519989,425.470001,418.553497,2256200
2023-12-20,425.079987,427.609985,419.239990,419.450012,412.631317,3058300
2023-12-21,421.790009,423.899994,420.609985,423.440002,416.556458,2213600
2023-12-22,424.750000,427.170013,422.959991,424.100006,417.205750,1759000
2023-12-26,425.000000,425.720001,422.950012,423.670013,416.782684,1258200
2023-12-27,423.000000,425.010010,422.959991,424.359985,417.461487,1324100
2023-12-28,423.769989,428.359985,423.679993,426.320007,419.389679,1505000
2023-12-29,426.679993,428.350006,424.269989,426.510010,419.576569,1706100
2024-01-02,424.089996,424.279999,419.559998,421.890015,415.031677,2463700
2024-01-03,421.200012,421.339996,417.500000,418.769989,411.962433,3093700
2024-01-04,418.500000,423.450012,418.279999,419.769989,412.946075,2042600
2024-01-05,420.489990,422.760010,416.989990,419.420013,412.601837,2415900
2024-01-08,419.440002,422.079987,416.529999,421.980011,415.774414,2125400
2024-01-09,419.100006,423.700012,418.540009,422.600006,416.385345,2439300
2024-01-10,426.000000,429.470001,424.149994,428.269989,421.971954,2709300
2024-01-11,430.000000,431.790009,425.769989,426.720001,420.444733,2320600
2024-01-12,429.950012,431.109985,427.700012,429.100006,422.789734,1892400
2024-01-16,427.440002,429.730011,426.519989,428.350006,422.050842,2398000
2024-01-17,425.480011,430.380005,425.480011,427.420013,421.134460,2690400
2024-01-18,428.640015,431.220001,427.450012,430.720001,424.385925,2075700
2024-01-19,432.549988,437.070007,429.339996,436.779999,430.356812,2400200
2024-01-22,438.980011,440.940002,437.260010,439.750000,433.283173,2715500
2024-01-23,440.269989,440.600006,437.859985,438.760010,432.307709,2328600
2024-01-24,438.529999,440.929993,435.760010,438.700012,432.248566,2725700
2024-01-25,436.000000,438.630005,434.459991,436.799988,430.376495,2977800
2024-01-26,432.549988,439.890015,430.670013,438.529999,432.081085,2725400
2024-01-29,435.779999,440.959991,434.670013,440.579987,434.100922,2314200
2024-01-30,440.899994,446.220001,440.049988,445.190002,438.643127,2663600
2024-01-31,450.000000,462.000000,446.619995,449.230011,442.623718,4740500
2024-02-01,455.000000,461.140015,454.049988,460.920013,454.141846,3292700
2024-02-02,462.209991,463.839996,458.500000,460.579987,453.806793,2050300
2024-02-05,459.510010,461.369995,455.529999,456.760010,450.043030,2438800
2024-02-06,455.359985,460.559998,455.359985,460.500000,453.727997,2201900
2024-02-07,461.209991,462.239990,459.619995,461.910004,455.117249,2544300
2024-02-08,460.000000,460.750000,457.450012,458.260010,451.520966,2081300
2024-02-09,458.059998,458.989990,456.369995,457.880005,451.146484,2155400
2024-02-12,459.179993,459.399994,456.079987,458.709991,451.964325,1794500
2024-02-13,456.760010,461.880005,456.040009,460.459991,453.688538,2407700
2024-02-14,462.000000,465.450012,459.440002,465.190002,458.349060,2202700
2024-02-15,465.829987,472.109985,465.230011,471.279999,464.349518,2354100
2024-02-16,474.170013,474.170013,467.070007,468.130005,461.245789,2237200
2024-02-20,452.799988,455.850006,450.119995,451.750000,445.106659,5044200
2024-02-21,453.309998,459.600006,452.000000,459.049988,452.299286,2895800
2024-02-22,461.809998,472.500000,461.579987,471.559998,464.625336,2572800
2024-02-23,473.730011,475.170013,471.859985,473.420013,466.457977,1764100
2024-02-26,473.000000,475.079987,472.000000,474.510010,467.531952,2066900
2024-02-27,474.549988,475.000000,469.950012,474.750000,467.768433,2011100
2024-02-28,474.170013,479.140015,473.670013,478.850006,471.808167,1931900
2024-02-29,478.000000,478.390015,472.049988,474.760010,467.778351,3072500
2024-03-01,474.910004,477.500000,473.899994,476.630005,469.620789,1748300
2024-03-04,475.670013,476.630005,465.769989,468.489990,461.600494,3212400
2024-03-05,467.369995,469.239990,464.619995,467.519989,460.644745,2015100
2024-03-06,467.160004,473.619995,467.160004,471.600006,464.664734,1917100
2024-03-07,473.200012,473.269989,465.890015,467.540009,460.664459,2178100
2024-03-08,467.100006,471.619995,467.100006,469.260010,462.359161,1596900
2024-03-11,469.000000,469.369995,464.690002,469.160004,462.260681,1774500
2024-03-12,470.529999,474.369995,468.709991,472.869995,465.916107,1853900
2024-03-13,474.230011,476.160004,472.779999,475.609985,468.615814,2103900
2024-03-14,481.019989,482.000000,477.179993,479.480011,472.428925,2757700
2024-03-15,473.339996,478.459991,473.079987,475.829987,468.832520,4179300
2024-03-18,478.640015,480.820007,476.649994,478.890015,471.847595,2072300
2024-03-19,481.619995,484.609985,479.510010,484.000000,476.882385,2049500
2024-03-20,484.320007,488.450012,483.640015,488.040009,480.863007,1691100
2024-03-21,488.529999,490.000000,483.399994,488.640015,481.454254,2580300
2024-03-22,488.309998,488.890015,481.459991,481.670013,474.586731,2277800
2024-03-25,481.600006,482.320007,474.410004,476.040009,469.039490,2600300
2024-03-26,477.720001,480.000000,472.309998,476.799988,469.788300,2515100
2024-03-27,480.500000,482.160004,474.750000,477.950012,470.921387,2309400
2024-03-28,477.910004,482.429993,477.279999,481.570007,474.488129,2214500
2024-04-01,480.660004,483.279999,477.329987,478.399994,471.364746,1648200
2024-04-02,476.970001,480.410004,476.299988,479.429993,472.379639,3265100
2024-04-03,480.440002,483.299988,477.209991,477.420013,470.399200,2265000
2024-04-04,479.970001,481.959991,469.000000,469.769989,462.861664,2552600
2024-04-05,474.000000,479.309998,472.529999,477.149994,470.133087,2462700
2024-04-08,476.399994,479.679993,474.279999,478.850006,472.461639,1961800
2024-04-09,477.970001,478.890015,467.829987,472.160004,465.860901,2217200
2024-04-10,470.170013,474.390015,468.850006,469.170013,462.910767,2710500
2024-04-11,468.279999,470.350006,464.190002,468.309998,462.062256,2299900
2024-04-12,466.000000,469.519989,462.109985,465.380005,459.171356,2486300
2024-04-15,470.239990,471.000000,458.429993,459.790009,453.655945,2070500
2024-04-16,460.000000,463.380005,459.000000,459.820007,453.685516,1787200
2024-04-17,462.769989,463.410004,458.149994,460.160004,454.021027,1735000
2024-04-18,460.500000,461.910004,453.799988,454.700012,448.633820,1998900
2024-04-19,458.890015,459.859985,452.589996,455.390015,449.314636,2548800
2024-04-22,457.500000,460.739990,455.130005,456.750000,450.656494,2157400
2024-04-23,458.480011,462.980011,457.309998,462.820007,456.645538,2029100
2024-04-24,465.290009,468.149994,460.350006,462.500000,456.329773,4043100
2024-04-25,460.940002,464.000000,456.720001,462.109985,455.944977,2006500
2024-04-26,462.910004,464.820007,460.940002,462.420013,456.250885,1963300
2024-04-29,460.950012,461.589996,455.679993,457.100006,451.001801,2120700
2024-04-30,456.260010,457.720001,450.880005,451.200012,445.180542,2698800
2024-05-01,445.799988,448.980011,438.380005,442.070007,436.172363,4979100
2024-05-02,443.000000,444.660004,438.049988,441.100006,435.215271,3866500
2024-05-03,444.910004,445.260010,436.899994,443.579987,437.662201,3711500
2024-05-06,447.230011,450.500000,445.559998,449.369995,443.374969,2536200
2024-05-07,451.760010,453.299988,447.529999,453.059998,447.015686,2345300
2024-05-08,454.000000,455.109985,449.920013,454.769989,448.702942,2332400
2024-05-09,453.549988,456.029999,453.549988,455.489990,449.413269,1970100
2024-05-10,457.329987,458.579987,454.980011,456.980011,450.883423,1729900
2024-05-13,456.929993,458.720001,455.510010,457.760010,451.653076,2069300
2024-05-14,457.920013,458.980011,449.299988,454.200012,448.140533,2991000
2024-05-15,452.790009,458.600006,452.790009,458.000000,451.889801,2437800
2024-05-16,460.000000,464.929993,458.820007,458.869995,452.748199,2412200
2024-05-17,460.450012,461.690002,458.109985,460.269989,454.129517,1985900
2024-05-20,459.480011,462.220001,458.779999,459.660004,453.527679,1397200
2024-05-21,457.910004,460.390015,455.630005,459.100006,452.975128,2166000
2024-05-22,458.899994,462.500000,455.170013,456.519989,450.429626,1713700
2024-05-23,456.519989,458.049988,450.440002,451.209991,445.190369,2084600
2024-05-24,452.510010,454.450012,450.320007,451.179993,445.160767,2162100
2024-05-28,450.000000,450.630005,442.399994,445.079987,439.142151,2670800
2024-05-29,442.109985,444.559998,441.799988,442.470001,436.566986,1876900
2024-05-30,442.209991,444.190002,440.670013,442.100006,436.201904,2189900
2024-05-31,442.690002,447.339996,439.260010,447.070007,441.105652,3917100
2024-06-03,443.480011,445.000000,437.890015,443.190002,437.277405,2123800
2024-06-04,443.359985,444.880005,441.320007,444.769989,438.836304,2096600
2024-06-05,446.799988,447.570007,442.309998,446.660004,440.701080,2157000
2024-06-06,448.489990,449.779999,444.630005,448.679993,442.694153,1887100
2024-06-07,449.450012,453.000000,447.260010,449.790009,443.789368,1664700
2024-06-10,448.420013,450.170013,444.369995,449.250000,443.256531,1954500
2024-06-11,447.839996,449.250000,445.109985,449.040009,443.049347,1777300
2024-06-12,451.489990,452.500000,441.600006,443.000000,437.089905,2738900
2024-06-13,443.000000,445.149994,439.320007,445.000000,439.063293,2916600
2024-06-14,443.339996,444.959991,441.200012,444.630005,438.698181,2161500
2024-06-17,442.429993,449.339996,441.679993,448.109985,442.131714,2351900
2024-06-18,447.059998,451.200012,446.700012,450.109985,444.105103,2636500
2024-06-20,451.059998,454.480011,448.359985,452.510010,446.473083,3006800
2024-06-21,452.190002,455.299988,450.260010,454.850006,448.781830,5007800
2024-06-24,454.929993,463.070007,454.929993,456.959991,450.863678,2597100
2024-06-25,458.480011,460.309998,453.799988,455.649994,449.571167,2299400
2024-06-26,452.750000,454.679993,451.390015,452.380005,446.344818,2451400
2024-06-27,448.570007,448.700012,442.000000,442.750000,436.843231,3313800
2024-06-28,444.640015,448.299988,438.720001,441.160004,435.274506,4105000
2024-07-01,440.799988,442.470001,435.549988,437.609985,431.771820,3149700
2024-07-02,435.000000,444.760010,435.000000,444.649994,438.717926,2061300
2024-07-03,445.320007,449.290009,444.279999,448.179993,442.200806,3192400
2024-07-05,447.109985,449.950012,444.279999,449.489990,443.493347,2220700
2024-07-08,449.279999,450.609985,445.000000,446.239990,440.286743,1802700
2024-07-09,446.649994,447.579987,442.790009,444.700012,439.417175,1608400
2024-07-10,434.609985,437.410004,429.049988,433.640015,428.488525,4760900
2024-07-11,432.000000,437.769989,430.109985,436.420013,431.235565,4032600
2024-07-12,437.399994,442.230011,437.320007,440.109985,434.881622,2645600
2024-07-15,440.329987,444.399994,438.739990,444.000000,438.725494,1727700
2024-07-16,446.940002,447.160004,439.700012,443.529999,438.261108,2846600
2024-07-17,442.399994,451.519989,442.059998,451.160004,445.800385,2925000
2024-07-18,448.750000,455.429993,447.480011,448.720001,443.389404,3339900
2024-07-19,451.220001,451.239990,443.570007,443.690002,438.419189,2121700
2024-07-22,445.410004,448.850006,443.250000,447.940002,442.618713,2111700
2024-07-23,448.049988,448.739990,441.109985,441.720001,436.472565,2385500
2024-07-24,434.000000,435.859985,428.859985,432.450012,427.312683,3764800
2024-07-25,433.940002,437.700012,429.559998,429.600006,424.496582,2384300
2024-07-26,432.279999,440.779999,432.109985,438.179993,432.974640,2039600
2024-07-29,438.799988,442.920013,435.420013,441.299988,436.057495,2248600
2024-07-30,443.769989,448.730011,443.010010,447.450012,442.134521,2266900
2024-07-31,462.000000,474.000000,457.540009,463.709991,458.201355,4313600
2024-08-01,465.459991,467.500000,459.190002,462.410004,456.916779,2590100
2024-08-02,460.220001,466.750000,458.609985,462.019989,456.531372,3808100
2024-08-05,455.000000,461.299988,439.589996,442.000000,436.749207,4496700
2024-08-06,443.220001,455.450012,442.109985,448.299988,442.974335,2758900
2024-08-07,450.529999,456.920013,449.040009,449.839996,444.496155,2059800
2024-08-08,452.239990,456.269989,451.029999,455.579987,450.167908,1585400
2024-08-09,455.579987,458.799988,453.459991,456.779999,451.353668,1760200
2024-08-12,457.769989,458.459991,453.890015,455.690002,450.276550,1760000
2024-08-13,458.140015,459.640015,454.890015,459.359985,453.903015,1816100
2024-08-14,459.260010,460.540009,456.070007,460.160004,454.693512,1654100
2024-08-15,465.100006,469.000000,464.000000,468.709991,463.141907,2130500
2024-08-16,468.000000,470.260010,466.040009,468.880005,463.309937,1921900
2024-08-19,469.000000,470.149994,465.519989,466.980011,461.432495,1690800
2024-08-20,468.130005,469.670013,465.510010,469.119995,463.547119,1763300
2024-08-21,468.540009,469.089996,464.519989,468.000000,462.440338,2105900
2024-08-22,469.489990,470.910004,466.700012,468.820007,463.250641,1538200
2024-08-23,470.299988,470.339996,461.899994,466.440002,460.898895,1986300
2024-08-26,468.100006,470.529999,467.000000,468.640015,463.072754,1434400
2024-08-27,471.079987,475.500000,468.220001,474.989990,469.347260,1635900
2024-08-28,475.000000,476.410004,468.869995,471.799988,466.195190,1445300
2024-08-29,474.470001,481.920013,474.470001,480.799988,475.088287,1893400
2024-08-30,481.839996,485.739990,479.649994,483.339996,477.598145,2982100
2024-09-03,482.470001,486.690002,480.040009,482.119995,476.392639,2063700
2024-09-04,482.089996,486.170013,481.179993,483.140015,477.400513,2156300
2024-09-05,483.140015,484.160004,473.109985,477.359985,471.689148,2293500
2024-09-06,477.109985,480.440002,474.709991,476.119995,470.463867,2116200
2024-09-09,480.500000,489.209991,479.570007,487.089996,481.303558,2343600
2024-09-10,487.100006,488.329987,482.329987,488.019989,482.222504,2234100
2024-09-11,486.519989,489.109985,477.839996,488.179993,482.380615,2480000
2024-09-12,486.950012,492.880005,483.000000,492.109985,486.263947,2299100
2024-09-13,493.100006,496.850006,491.450012,493.359985,487.499115,2204700
2024-09-16,495.299988,498.320007,493.390015,497.709991,491.797455,1589200
2024-09-17,498.600006,501.739990,497.850006,500.989990,495.038452,2202800
2024-09-18,501.279999,501.799988,494.040009,494.760010,488.882477,2193800
2024-09-19,500.000000,501.130005,486.250000,493.010010,487.153290,3517200
2024-09-20,489.649994,493.529999,487.739990,492.739990,486.886444,3470200
2024-09-23,493.160004,497.690002,491.299988,497.140015,491.234222,2191300
2024-09-24,492.679993,493.250000,484.420013,487.410004,481.619781,4143700
2024-09-25,484.760010,489.899994,483.540009,489.450012,483.635529,3483200
2024-09-26,491.000000,493.630005,489.000000,491.269989,485.433929,3073700
2024-09-27,491.029999,496.000000,490.390015,493.640015,487.775848,2177200
2024-09-30,491.779999,494.989990,490.109985,493.799988,487.933838,2862400
2024-10-01,497.260010,498.029999,493.109985,496.380005,490.483215,3748100
2024-10-02,492.940002,495.910004,489.679993,495.570007,489.682861,1736500
2024-10-03,495.549988,497.089996,493.000000,494.970001,489.089966,1382200
2024-10-04,495.559998,499.049988,492.470001,497.700012,491.787537,1935600
2024-10-07,497.329987,498.529999,490.750000,491.299988,485.463562,1990500
2024-10-08,492.500000,497.529999,491.529999,497.059998,491.155151,1750100
2024-10-09,498.380005,500.750000,495.589996,499.950012,494.667664,1707500
2024-10-10,500.000000,500.720001,495.839996,498.019989,492.758026,1491000
2024-10-11,496.510010,502.920013,496.470001,502.260010,496.953247,1919900
2024-10-14,504.359985,508.790009,502.049988,506.660004,501.306732,2127000
2024-10-15,505.619995,509.880005,504.000000,507.230011,501.870758,2885900
2024-10-16,506.350006,515.400024,506.000000,514.070007,508.638458,2956700
2024-10-17,516.289978,517.039978,511.519989,513.760010,508.331726,2227400
2024-10-18,514.539978,518.000000,512.580017,516.340027,510.884460,2604600
2024-10-21,516.989990,518.820007,513.940002,515.010010,509.568481,2217500
2024-10-22,511.149994,514.549988,510.500000,513.020020,507.599609,1855800
2024-10-23,512.659973,514.719971,511.899994,513.729980,508.302032,1759700
2024-10-24,511.899994,513.340027,509.459991,510.619995,505.224915,1911900
2024-10-25,512.500000,514.729980,505.619995,507.359985,501.999329,1582200
2024-10-28,507.399994,510.859985,506.140015,508.209991,502.840393,2186400
2024-10-29,507.540009,511.390015,505.700012,506.279999,500.930786,2066300
2024-10-30,512.520020,516.450012,507.000000,513.690002,508.262482,3121000
2024-10-31,521.250000,527.900024,499.029999,499.589996,494.311462,5523300
2024-11-01,500.440002,510.549988,498.529999,508.079987,502.711731,3753700
2024-11-04,509.140015,510.000000,503.029999,505.579987,500.238159,2165100
2024-11-05,505.579987,508.149994,503.609985,505.559998,500.218384,2132900
2024-11-06,520.859985,523.000000,515.940002,521.130005,515.623901,3673700
2024-11-07,523.989990,524.030029,516.590027,517.880005,512.408203,2382300
2024-11-08,520.340027,528.840027,519.530029,524.760010,519.215576,2215600
2024-11-11,528.849976,534.030029,528.520020,530.119995,524.518799,2213400
2024-11-12,529.099976,530.900024,527.299988,529.169983,523.578857,2577600
2024-11-13,530.010010,530.500000,516.419983,521.880005,516.365967,2681500
2024-11-14,520.619995,522.359985,517.650024,520.400024,514.901550,2480400
2024-11-15,518.530029,523.390015,518.000000,521.890015,516.375732,2408100
2024-11-18,518.590027,523.489990,517.000000,521.630005,516.118530,2493400
2024-11-19,518.780029,522.650024,516.760010,519.460022,513.971497,2716000
2024-11-20,521.530029,522.500000,511.000000,512.539978,507.124603,2409400
2024-11-21,513.229980,520.119995,511.579987,515.099976,509.657501,3077300
2024-11-22,516.929993,521.710022,516.179993,520.859985,515.356628,3130400
2024-11-25,521.640015,528.250000,521.020020,526.599976,521.036072,4503900
2024-11-26,527.900024,530.650024,525.059998,528.479980,522.896118,2326800
2024-11-27,529.049988,533.619995,526.580017,532.380005,526.755005,2086300
2024-11-29,533.010010,535.770020,530.030029,532.940002,527.309143,1760600
2024-12-02,532.929993,534.820007,526.229980,531.359985,525.745728,2355100
2024-12-03,534.669983,534.820007,525.960022,526.179993,520.620544,2319400
2024-12-04,523.640015,526.280029,518.169983,521.140015,515.633728,2630000
2024-12-05,524.599976,527.469971,522.169983,524.770020,519.225464,2538600
2024-12-06,522.929993,531.000000,522.500000,528.570007,522.985291,2122700
2024-12-09,529.020020,531.590027,521.880005,522.820007,517.295959,2942000
2024-12-10,522.510010,529.659973,520.219971,529.010010,523.420654,2003200
2024-12-11,529.190002,535.890015,527.270020,534.450012,528.803162,2181100
2024-12-12,536.289978,536.750000,531.969971,532.409973,526.784607,1860400
2024-12-13,534.169983,534.679993,528.909973,529.000000,523.410706,1608200
2024-12-16,532.000000,535.000000,529.000000,530.309998,524.706848,2923000
2024-12-17,529.400024,531.780029,524.869995,531.010010,525.399536,4055800
2024-12-18,530.320007,537.130005,519.710022,519.960022,514.466248,3190300
2024-12-19,524.159973,529.219971,522.200012,523.280029,517.751099,3050500
2024-12-20,522.869995,532.080017,519.419983,528.030029,522.450928,7317100
2024-12-23,525.830017,529.400024,521.130005,528.960022,523.371155,2270300
2024-12-24,529.270020,535.739990,527.830017,535.710022,530.049805,955000
2024-12-26,533.630005,537.700012,532.919983,536.150024,530.485168,1109600
2024-12-27,533.609985,537.559998,530.799988,532.200012,526.576904,1541800
2024-12-30,527.000000,528.570007,521.330017,525.549988,519.997131,2101600
2024-12-31,527.669983,529.190002,525.559998,526.570007,521.006409,1942600
2025-01-02,529.190002,530.559998,517.659973,522.400024,516.880432,2818800
2025-01-03,522.530029,524.460022,517.679993,521.359985,515.851440,1627500
2025-01-06,520.969971,521.359985,511.010010,511.929993,506.521057,2920800
2025-01-07,513.679993,516.330017,511.079987,511.399994,505.996674,2211800
2025-01-08,512.039978,517.450012,511.529999,516.400024,510.943848,2456700
2025-01-10,512.119995,513.760010,503.359985,504.670013,500.073730,2815500
2025-01-13,501.000000,506.149994,499.920013,504.910004,500.311554,2885500
2025-01-14,507.070007,509.390015,504.209991,509.019989,504.384094,2704800
2025-01-15,515.570007,523.770020,513.729980,522.349976,517.592651,3024800
2025-01-16,523.619995,527.119995,520.719971,523.140015,518.375549,3275600
2025-01-17,524.580017,528.130005,521.010010,524.700012,519.921265,2374800
2025-01-21,527.659973,529.979980,526.909973,528.059998,523.250732,2706900
2025-01-22,528.000000,530.299988,525.669983,527.179993,522.378662,2037600
2025-01-23,529.049988,534.349976,528.679993,534.219971,529.354553,2196500
2025-01-24,532.989990,536.059998,532.150024,533.489990,528.631226,2472900
2025-01-27,533.580017,547.989990,531.659973,547.640015,542.652344,3074600
2025-01-28,546.539978,551.549988,542.659973,547.359985,542.374939,2727800
2025-01-29,547.000000,550.609985,546.500000,548.799988,543.801880,2549000
2025-01-30,555.000000,576.940002,554.530029,566.010010,560.855164,6005200
2025-01-31,563.820007,565.539978,554.640015,555.429993,550.371399,4505100
2025-02-03,552.640015,565.000000,551.070007,563.950012,558.813843,3195500
2025-02-04,570.880005,572.000000,557.580017,559.109985,554.017944,2638900
2025-02-05,561.349976,566.869995,559.799988,566.289978,561.132507,2404700
2025-02-06,566.130005,569.750000,564.539978,567.159973,561.994629,1738400
2025-02-07,568.059998,570.049988,561.780029,562.750000,557.624756,2008300
2025-02-10,565.250000,567.270020,561.000000,565.489990,560.339783,2357700
2025-02-11,564.989990,566.429993,559.219971,564.700012,559.557068,1847800
2025-02-12,562.010010,564.750000,559.440002,564.599976,559.457886,1722200
2025-02-13,565.599976,567.390015,561.469971,566.309998,561.152344,1709500
2025-02-14,566.010010,569.239990,564.130005,564.760010,559.616455,1927400
2025-02-18,564.900024,568.630005,561.520020,568.609985,563.431396,2064100
2025-02-19,567.489990,570.700012,566.650024,568.500000,563.322388,2459100
2025-02-20,568.150024,568.500000,559.039978,563.280029,558.149963,2181900
2025-02-21,561.429993,564.799988,556.580017,557.510010,552.432434,2256100
2025-02-24,558.429993,561.460022,556.789978,559.000000,553.908936,1752500
2025-02-25,562.440002,566.039978,552.690002,564.030029,558.893127,3609500
2025-02-26,562.590027,566.679993,559.599976,561.270020,556.158264,2028000
2025-02-27,565.570007,574.700012,564.000000,564.820007,559.675964,2436500
2025-02-28,567.299988,576.429993,564.000000,576.309998,571.061218,3205400
2025-03-03,577.330017,582.229980,570.000000,574.919983,569.683960,3092600
2025-03-04,570.460022,573.200012,552.010010,555.070007,550.014771,3318100
2025-03-05,552.580017,560.989990,551.320007,558.299988,553.215332,2795400
2025-03-06,548.500000,555.679993,544.690002,549.820007,544.812561,3133200
2025-03-07,547.070007,550.380005,536.280029,546.770020,541.790344,3161300
2025-03-10,538.150024,548.559998,532.020020,537.119995,532.228210,3893400
2025-03-11,537.200012,538.049988,522.250000,525.799988,521.011292,4582600
2025-03-12,530.510010,532.710022,519.260010,524.640015,519.861877,2810800
2025-03-13,524.500000,528.530029,517.710022,519.830017,515.095764,2375800
2025-03-14,522.599976,528.409973,520.950012,527.640015,522.834534,2369500
2025-03-17,523.250000,533.479980,521.479980,531.989990,527.144897,2544800
2025-03-18,532.340027,532.590027,525.510010,530.190002,525.361328,2363300
2025-03-19,531.570007,537.619995,529.580017,536.090027,531.207520,2804300
2025-03-20,533.599976,540.489990,532.549988,536.380005,531.494873,2598600
2025-03-21,535.440002,538.049988,530.760010,535.690002,530.811218,5973400
2025-03-24,539.349976,545.460022,538.239990,543.669983,538.718506,2758700
2025-03-25,545.950012,547.179993,542.000000,545.159973,540.194946,2138200
2025-03-26,547.140015,551.030029,545.119995,549.070007,544.069336,2681600
2025-03-27,549.070007,561.830017,547.799988,557.570007,552.492004,2901200
2025-03-28,554.229980,558.590027,540.090027,540.609985,535.686462,2656400
2025-03-31,532.159973,551.429993,531.020020,548.119995,543.128052,4741800
2025-04-01,546.799988,551.150024,544.000000,548.510010,543.514526,2714900
2025-04-02,542.859985,549.530029,541.650024,547.380005,542.394714,2994600
2025-04-03,528.419983,539.989990,527.000000,530.549988,525.718079,3443500
2025-04-04,519.619995,520.880005,488.290009,489.769989,485.309479,6125100
2025-04-07,478.500000,502.200012,465.589996,485.519989,481.098175,6009400
2025-04-08,501.000000,505.570007,471.660004,479.920013,475.549133,3555400
2025-04-09,470.109985,518.510010,470.000000,515.429993,511.545837,4698400
2025-04-10,506.829987,508.630005,484.130005,499.339996,495.577057,4105300
2025-04-11,498.260010,515.909973,495.910004,509.750000,505.908630,3736200
2025-04-14,515.869995,523.419983,508.500000,512.460022,508.598236,3005500
2025-04-15,513.400024,521.289978,513.380005,517.380005,513.481140,2210700
2025-04-16,516.049988,521.719971,509.869995,513.429993,509.560852,2501000
2025-04-17,510.950012,523.979980,509.130005,517.330017,513.431580,3329800
2025-04-21,517.000000,517.650024,503.540009,509.320007,505.481873,3345600
2025-04-22,515.619995,528.799988,512.750000,527.330017,523.356201,2384000
2025-04-23,537.739990,543.940002,527.619995,530.010010,526.015930,3051800
2025-04-24,528.690002,536.039978,525.270020,535.460022,531.424866,2209100
2025-04-25,535.460022,536.919983,529.880005,533.479980,529.459778,2006100
2025-04-28,536.030029,537.760010,530.500000,534.489990,530.462158,1735400
2025-04-29,534.340027,540.479980,533.409973,539.679993,535.613037,2041500
2025-04-30,538.530029,549.070007,529.549988,548.059998,543.929932,3783500
2025-05-01,550.000000,552.830017,539.729980,546.630005,542.510681,2839900
2025-05-02,555.630005,562.380005,554.989990,559.390015,555.174622,2632600
2025-05-05,557.809998,564.549988,555.849976,561.119995,556.891479,2130900
2025-05-06,556.479980,565.739990,556.099976,558.989990,554.777527,2341700
2025-05-07,559.270020,567.229980,558.489990,566.330017,562.062256,2493700
2025-05-08,569.450012,573.869995,567.000000,567.119995,562.846252,2004300
2025-05-09,567.450012,569.580017,564.599976,568.640015,564.354858,1528000
2025-05-12,580.000000,580.789978,566.429993,578.270020,573.912292,3000300
2025-05-13,578.000000,582.859985,575.799988,576.590027,572.244934,2370200
2025-05-14,578.270020,578.640015,572.280029,573.280029,568.959961,2237500
2025-05-15,574.130005,583.039978,573.650024,582.200012,577.812683,2034200
2025-05-16,580.429993,584.289978,580.429993,583.280029,578.884521,2225900
2025-05-19,581.020020,588.450012,580.479980,586.409973,581.990967,1875500
2025-05-20,581.239990,583.989990,576.849976,581.109985,576.730835,1964300
2025-05-21,576.460022,579.000000,567.099976,569.539978,565.247986,2505300
2025-05-22,568.659973,573.159973,566.929993,570.140015,565.843506,1869900
2025-05-23,564.489990,567.549988,562.510010,563.580017,559.333008,1948800
2025-05-27,566.820007,574.559998,566.489990,574.549988,570.220276,2655200
2025-05-28,574.580017,578.840027,572.940002,575.919983,571.579956,1702900
2025-05-29,575.880005,578.580017,572.940002,577.780029,573.426025,1347800
2025-05-30,576.780029,585.599976,576.510010,585.599976,581.186951,4581100
2025-06-02,580.500000,581.820007,574.780029,581.219971,576.840027,2089100
2025-06-03,579.869995,582.530029,573.440002,581.969971,577.584412,2116900
2025-06-04,584.169983,586.849976,582.219971,584.130005,579.728027,1530200
2025-06-05,586.309998,586.690002,582.630005,585.440002,581.028259,1480000
2025-06-06,587.909973,591.159973,586.039978,590.119995,585.672974,1528600
2025-06-09,588.739990,590.000000,580.000000,584.330017,579.926636,1936000
2025-06-10,584.650024,589.869995,583.159973,589.539978,585.097290,2133700
2025-06-11,590.320007,594.710022,587.599976,590.739990,586.288330,2238100
2025-06-12,589.429993,590.669983,584.559998,589.280029,584.839233,1984000
2025-06-13,572.859985,575.239990,552.510010,562.030029,557.794678,5905400
2025-06-16,563.900024,575.000000,562.640015,568.669983,564.384583,3108200
2025-06-17,564.719971,571.289978,564.000000,569.450012,565.158691,2246600
2025-06-18,570.880005,571.080017,534.159973,538.729980,534.670227,6966800
2025-06-20,536.929993,538.340027,527.330017,532.969971,528.953613,8202800
2025-06-23,531.419983,543.130005,527.570007,542.349976,538.262939,3681100
2025-06-24,557.179993,564.119995,552.489990,557.530029,553.328613,4503200
2025-06-25,556.000000,558.479980,548.619995,549.700012,545.557556,2889200
2025-06-26,545.530029,548.909973,542.070007,545.809998,541.696838,3764100
2025-06-27,546.770020,556.700012,545.549988,550.320007,546.172913,3837500
2025-06-30,552.500000,562.630005,551.900024,561.940002,557.705261,5054600
2025-07-01,559.320007,566.309998,557.039978,564.609985,560.355164,3827000
2025-07-02,562.940002,565.989990,557.390015,561.520020,557.288513,2502300
2025-07-03,560.780029,569.659973,560.739990,569.239990,564.950317,1528700
2025-07-07,570.669983,570.750000,560.349976,565.119995,560.861328,2478300
2025-07-08,564.580017,566.619995,560.419983,562.440002,558.201477,3083800
2025-07-09,562.000000,565.419983,559.250000,565.109985,561.610229,2454300
2025-07-10,565.650024,566.059998,561.010010,563.520020,560.030151,2577200
2025-07-11,559.820007,560.820007,545.849976,550.179993,546.772766,3221400
2025-07-14,550.500000,559.070007,547.789978,553.020020,549.595215,2500900
2025-07-15,553.109985,554.859985,548.650024,550.359985,546.951599,2449100
2025-07-16,552.419983,555.520020,549.500000,555.520020,552.079712,2424200
2025-07-17,552.979980,557.380005,550.510010,555.609985,552.169128,2722000
2025-07-18,555.260010,556.349976,550.880005,552.659973,549.237427,2579600
2025-07-21,553.400024,558.080017,552.039978,554.650024,551.215088,2194400
2025-07-22,555.809998,560.210022,555.239990,558.760010,555.299622,2010400
2025-07-23,557.010010,562.489990,554.500000,562.090027,558.609009,2180400
2025-07-24,562.000000,567.840027,561.900024,563.500000,560.010254,1874700
2025-07-25,564.359985,569.960022,563.849976,568.219971,564.700989,1513300
2025-07-28,567.369995,571.650024,566.219971,568.280029,564.760681,2492400
2025-07-29,570.030029,573.000000,563.000000,563.320007,559.831421,2393800
2025-07-30,560.330017,565.609985,555.210022,559.109985,555.647461,2833200
2025-07-31,568.570007,579.440002,562.510010,566.469971,562.961853,4568300
2025-08-01,563.859985,564.869995,556.099976,559.890015,556.422668,3316700
2025-08-04,564.289978,569.919983,562.500000,569.809998,566.281189,2984700
2025-08-05,569.599976,571.830017,562.130005,566.039978,562.534485,2883200
2025-08-06,568.989990,570.359985,563.969971,569.130005,565.605347,2245200
2025-08-07,572.969971,573.900024,553.859985,561.219971,557.744324,2979600
2025-08-08,563.750000,576.159973,562.690002,574.320007,570.763306,2907700
2025-08-11,575.000000,576.590027,569.440002,573.590027,570.037781,2116600
2025-08-12,575.179993,578.320007,570.460022,574.179993,570.624207,2593800
2025-08-13,577.330017,580.270020,574.039978,577.900024,574.321167,2352900
2025-08-14,577.469971,584.400024,575.500000,583.760010,580.144836,2642300
2025-08-15,585.000000,589.559998,581.109985,581.700012,578.097473,2263800
2025-08-18,582.020020,585.489990,580.690002,584.140015,580.522461,1812000
2025-08-19,584.409973,590.570007,584.219971,585.510010,581.883972,2334500
2025-08-20,585.909973,593.880005,585.909973,592.679993,589.009521,2884600
2025-08-21,589.039978,592.210022,583.929993,591.919983,588.254211,2349200
2025-08-22,595.299988,601.770020,593.080017,598.960022,595.250671,2388900
2025-08-25,597.820007,599.039978,592.859985,593.210022,589.536255,1984300
2025-08-26,593.080017,596.000000,586.289978,591.609985,587.946228,4774600
2025-08-27,591.210022,594.619995,589.820007,590.659973,587.002075,1480900
2025-08-28,590.820007,593.530029,589.719971,590.479980,586.823181,2159800
2025-08-29,592.000000,596.830017,590.260010,595.289978,591.603394,2111200
2025-09-02,595.619995,595.619995,586.000000,591.869995,588.204590,2284500
2025-09-03,591.830017,594.000000,588.960022,593.280029,589.605896,1959400
2025-09-04,593.030029,595.890015,589.289978,595.640015,591.951233,1653700
2025-09-05,595.469971,598.580017,579.030029,584.219971,580.601929,2432100
2025-09-08,582.619995,589.789978,580.700012,586.599976,582.967163,1948200
2025-09-09,583.539978,591.179993,583.299988,584.000000,580.383301,2266000
2025-09-10,582.130005,582.130005,571.000000,579.380005,575.791870,2535200
2025-09-11,580.880005,589.969971,580.010010,588.729980,585.084045,2407000
2025-09-12,586.440002,589.210022,580.000000,580.409973,576.815491,2242800
2025-09-15,582.729980,586.500000,581.500000,582.960022,579.349792,2222600
2025-09-16,578.010010,588.109985,576.830017,586.419983,582.788330,2537000
2025-09-17,587.710022,598.890015,587.440002,598.630005,594.922729,2930800
2025-09-18,596.080017,601.619995,585.880005,586.049988,582.420654,3294600
2025-09-19,588.619995,588.869995,581.510010,584.159973,580.542236,6745300
2025-09-22,580.969971,587.349976,580.140015,584.489990,580.870239,3241700
2025-09-23,585.450012,586.859985,568.250000,569.969971,566.440125,3223000
2025-09-24,571.280029,571.659973,564.950012,568.809998,565.287354,2867200
2025-09-25,565.000000,572.390015,564.570007,567.299988,563.786682,2700600
2025-09-26,566.619995,569.659973,564.059998,565.130005,561.630188,2106500
2025-09-29,566.000000,569.320007,562.510010,568.140015,564.621582,2615600
2025-09-30,565.809998,570.630005,563.650024,568.809998,565.287354,2379200
2025-10-01,565.679993,575.469971,565.010010,573.770020,570.216675,3685100
2025-10-02,572.729980,579.840027,570.770020,577.330017,573.754700,2483500
2025-10-03,576.429993,583.219971,576.429993,580.450012,576.855286,2331600
2025-10-06,579.229980,581.140015,569.260010,578.809998,575.225464,2573500
2025-10-07,578.989990,586.080017,578.909973,579.840027,576.249084,2120700
2025-10-08,581.320007,583.070007,576.080017,576.440002,572.870117,1934700
2025-10-09,577.239990,579.400024,562.510010,564.549988,561.794434,2579800
2025-10-10,567.580017,569.419983,556.690002,557.479980,554.758911,3553900
2025-10-13,558.000000,565.000000,553.010010,559.239990,556.510376,2996500
2025-10-14,556.000000,569.809998,556.000000,567.919983,565.148010,2627300
2025-10-15,564.299988,568.690002,559.400024,562.809998,560.062927,2262400
2025-10-16,562.799988,564.650024,547.390015,549.880005,547.196045,3210600
2025-10-17,552.489990,562.799988,552.010010,560.969971,558.231934,2756700
2025-10-20,561.700012,567.419983,553.789978,566.359985,563.595642,2046400
2025-10-21,562.159973,575.979980,560.770020,572.030029,569.238037,2722400
2025-10-22,571.049988,576.429993,568.580017,571.359985,568.571167,1820500
2025-10-23,574.359985,576.989990,571.669983,573.770020,570.969482,2187500
2025-10-24,577.239990,580.820007,573.080017,573.669983,570.869995,1839600
2025-10-27,575.719971,575.719971,566.479980,572.359985,569.566284,2981000
2025-10-28,573.080017,573.989990,565.450012,565.929993,563.167786,2916000
2025-10-29,561.630005,566.809998,551.229980,554.580017,551.873169,3763400
2025-10-30,551.559998,562.919983,545.640015,553.679993,550.977539,4284700
2025-10-31,548.890015,554.429993,543.530029,551.989990,549.295776,3567100
2025-11-03,550.000000,551.000000,540.359985,544.070007,541.414429,3175500
2025-11-04,544.830017,554.030029,542.479980,552.750000,550.052063,2653900
2025-11-05,553.000000,556.330017,549.369995,553.309998,550.609314,2198500
2025-11-06,550.179993,555.000000,547.859985,553.280029,550.579529,2593600
2025-11-07,553.799988,558.669983,550.669983,551.969971,549.275879,2510400
2025-11-10,552.280029,554.700012,548.580017,552.960022,550.261047,1978300
2025-11-11,553.000000,558.530029,548.010010,558.349976,555.624695,1832400
2025-11-12,560.000000,565.909973,558.409973,561.229980,558.490662,1761500
2025-11-13,559.880005,563.599976,554.859985,555.570007,552.858337,2031300
2025-11-14,556.039978,557.000000,544.049988,545.729980,543.066345,2567800
2025-11-17,546.000000,549.320007,536.210022,536.849976,534.229614,2557900
2025-11-18,533.559998,536.000000,524.700012,527.580017,525.004883,3594700
2025-11-19,528.150024,531.000000,524.979980,530.359985,527.771301,2723100
2025-11-20,533.289978,538.460022,527.179993,527.880005,525.303467,3240300
2025-11-21,532.539978,544.409973,531.669983,540.400024,537.762390,3807500
2025-11-24,543.440002,544.039978,535.109985,537.849976,535.224731,5941000
2025-11-25,541.500000,550.400024,539.000000,546.469971,543.802673,3132600
2025-11-26,548.479980,548.669983,544.169983,544.929993,542.270264,2185300
2025-11-28,548.130005,551.400024,545.419983,550.530029,547.842896,1254800
2025-12-01,547.640015,549.780029,543.390015,543.969971,541.314880,2227000
2025-12-02,547.280029,554.750000,541.039978,545.909973,543.245483,3076000
2025-12-03,547.320007,555.070007,546.500000,553.729980,551.027222,2687900
2025-12-04,557.030029,559.000000,539.559998,542.309998,539.662964,2878800
2025-12-05,541.710022,550.440002,541.250000,545.520020,542.857300,2126700
2025-12-08,546.719971,547.330017,537.390015,540.440002,537.802185,2453800
2025-12-09,538.710022,541.900024,535.919983,537.549988,534.926270,1965300
2025-12-10,538.090027,544.950012,537.500000,538.859985,536.229858,3023400
2025-12-11,542.770020,565.130005,542.650024,563.369995,560.620178,3659900
2025-12-12,566.000000,573.710022,565.890015,571.929993,569.138367,3515400
2025-12-15,572.880005,573.299988,567.159973,569.130005,566.352112,2714000
2025-12-16,570.700012,571.000000,562.479980,566.020020,563.257263,2748700
2025-12-17,565.520020,571.760010,563.559998,565.469971,562.709900,3287100
2025-12-18,565.000000,569.130005,563.039978,566.210022,563.446411,2259000
2025-12-19,566.219971,572.940002,565.200012,572.229980,569.436951,7262100
2025-12-22,572.229980,579.450012,571.000000,575.700012,572.890076,2500200
2025-12-23,575.890015,581.719971,575.750000,576.349976,573.536865,1794700
2025-12-24,577.250000,582.289978,577.000000,579.450012,576.621765,1058900
2025-12-26,579.750000,581.200012,578.679993,579.599976,576.770996,972300
2025-12-29,579.599976,581.989990,577.409973,577.900024,575.079346,1274900
2025-12-30,576.080017,577.780029,574.250000,577.419983,574.601685,1512800