Date,Open,High,Low,Close,Adj Close,Volume
2020-01-02,206.750000,209.789993,206.270004,209.779999,207.953842,12077100
2020-01-03,207.210007,210.399994,206.949997,208.669998,206.853500,11188400
2020-01-06,206.699997,212.779999,206.520004,212.600006,210.749313,17058900
2020-01-07,212.820007,214.580002,211.750000,213.059998,211.205292,14912400
2020-01-08,213.000000,216.240005,212.610001,215.220001,213.346481,13475000
2020-01-09,217.539993,218.380005,216.279999,218.300003,216.399704,12642800
2020-01-10,219.199997,219.880005,217.419998,218.059998,216.161743,12119400
2020-01-13,219.600006,221.970001,219.210007,221.910004,219.978256,14463400
2020-01-14,221.610001,222.380005,218.630005,219.059998,217.153076,13288900
2020-01-15,220.610001,221.679993,220.139999,221.149994,219.224869,10036500
2020-01-16,222.570007,222.630005,220.389999,221.770004,219.839432,10015300
2020-01-17,222.029999,222.289993,220.529999,222.139999,220.206253,15905900
2020-01-21,222.160004,222.369995,219.119995,221.440002,219.512360,14275800
2020-01-22,222.309998,222.750000,221.279999,221.320007,219.393387,12212800
2020-01-23,220.750000,221.490005,219.270004,219.759995,217.846954,11195000
2020-01-24,220.800003,221.779999,216.110001,217.940002,216.042801,11905800
2020-01-27,213.100006,216.059998,212.500000,214.869995,212.999527,13810700
2020-01-28,216.139999,218.740005,213.520004,217.789993,215.894104,13413800
2020-01-29,221.440002,224.199997,218.449997,223.229996,221.286774,33181300
2020-01-30,206.529999,211.429993,204.750000,209.529999,207.706039,48775500
2020-01-31,208.429993,208.690002,201.059998,201.910004,200.152328,31359900
2020-02-03,203.440002,205.139999,202.500000,204.190002,202.412491,15495600
2020-02-04,206.619995,210.600006,205.199997,209.830002,208.003372,19628900
2020-02-05,212.509995,212.729996,208.710007,210.110001,208.280975,12538200
2020-02-06,210.470001,211.190002,209.339996,210.850006,209.014526,10567500
2020-02-07,210.300003,212.820007,209.929993,212.330002,210.481628,12242500
2020-02-10,211.520004,213.800003,210.660004,213.059998,211.205292,11856400
2020-02-11,210.190002,210.860001,206.509995,207.190002,205.386383,25030800
2020-02-12,207.850006,211.220001,207.399994,210.759995,208.925293,13813700
2020-02-13,209.520004,214.330002,209.179993,213.139999,211.284607,15396600
2020-02-14,214.000000,214.929993,212.649994,214.179993,212.315536,10741700
2020-02-18,213.550003,217.979996,213.399994,217.800003,215.904053,15609200
2020-02-19,217.990005,218.320007,216.110001,217.490005,215.596725,12135100
2020-02-20,216.520004,218.770004,212.949997,214.580002,212.712051,13109200
2020-02-21,213.479996,214.240005,208.830002,210.179993,208.350357,14092300
2020-02-24,201.800003,203.649994,198.169998,200.720001,198.972717,23080100
2020-02-25,202.250000,203.500000,195.949997,196.770004,195.057129,21433500
2020-02-26,197.190002,201.210007,195.490005,197.199997,195.483337,16524500
2020-02-27,191.820007,195.880005,189.500000,189.750000,188.098206,21682600
2020-02-28,182.699997,192.740005,181.820007,192.470001,190.794540,32568900
2020-03-02,194.029999,196.570007,188.850006,196.440002,194.729950,24949000
2020-03-03,196.220001,197.240005,183.970001,185.889999,184.271820,27984100
2020-03-04,189.169998,191.830002,186.389999,191.759995,190.090683,23062500
2020-03-05,186.779999,188.990005,183.889999,185.169998,183.558075,19333400
2020-03-06,178.330002,183.779999,176.259995,181.089996,179.513611,24559600
2020-03-09,169.600006,175.000000,165.190002,169.500000,168.024490,29949000
2020-03-10,174.669998,178.289993,169.500000,178.190002,176.638824,24517800
2020-03-11,174.009995,175.880005,167.660004,170.240005,168.758041,20373900
2020-03-12,159.539993,166.600006,154.339996,154.470001,153.125305,43266300
2020-03-13,163.529999,170.789993,157.600006,170.279999,168.797684,35028600
2020-03-16,152.320007,159.130005,143.100006,146.009995,144.738937,39120400
2020-03-17,150.740005,153.940002,140.000000,149.419998,148.119263,34255600
2020-03-18,139.750000,148.179993,137.100006,146.960007,145.680710,37553100
2020-03-19,146.619995,159.929993,144.800003,153.130005,151.796997,39862300
2020-03-20,156.020004,159.270004,148.000000,149.729996,148.426590,32568400
2020-03-23,149.660004,152.309998,142.250000,148.100006,146.810791,29830800
2020-03-24,155.210007,161.309998,152.570007,160.979996,159.578644,30440400
2020-03-25,158.919998,162.990005,153.059998,156.210007,154.850159,35184300
2020-03-26,158.250000,164.000000,157.020004,163.339996,161.918106,26556800
2020-03-27,158.199997,160.089996,154.750000,156.789993,155.425125,24879900
2020-03-30,159.179993,166.750000,158.059998,165.949997,164.505371,22515200
2020-03-31,165.479996,170.929993,164.199997,166.800003,165.348007,23676300
2020-04-01,161.619995,164.149994,158.039993,159.600006,158.210648,19507600
2020-04-02,159.100006,161.350006,155.919998,158.190002,156.812943,20886300
2020-04-03,157.149994,157.910004,150.830002,154.179993,152.837845,25983300
2020-04-06,160.149994,166.199997,158.509995,165.550003,164.108887,28453600
2020-04-07,171.789993,173.389999,166.009995,168.830002,167.360306,31411900
2020-04-08,171.250000,175.000000,167.740005,174.279999,172.762863,21664200
2020-04-09,175.899994,177.080002,171.570007,175.190002,173.664932,23534300
2020-04-13,173.669998,175.000000,169.449997,174.789993,173.268433,19355400
2020-04-14,178.979996,181.229996,176.619995,178.169998,176.619003,21011800
2020-04-15,175.190002,178.190002,172.820007,176.970001,175.429443,17423000
2020-04-16,177.949997,178.050003,172.509995,176.250000,174.715729,23593200
2020-04-17,179.199997,180.279999,176.660004,179.240005,177.679718,20974800
2020-04-20,177.410004,180.500000,176.770004,178.240005,176.688431,16110700
2020-04-21,175.250000,175.380005,168.339996,170.800003,169.313187,24850500
2020-04-22,178.449997,184.779999,178.139999,182.279999,180.693207,33242000
2020-04-23,184.080002,187.050003,183.149994,185.130005,183.518417,21426600
2020-04-24,183.229996,190.410004,180.830002,190.070007,188.415421,28792000
2020-04-27,192.660004,193.750000,187.410004,187.500000,185.867798,29197800
2020-04-28,188.660004,189.199997,182.559998,182.910004,181.317749,21731000
2020-04-29,190.929993,196.910004,190.000000,194.190002,192.499542,45954500
2020-04-30,206.919998,209.690002,201.570007,204.710007,202.927979,46230100
2020-05-01,201.600006,207.279999,199.050003,202.270004,200.509201,30415600
2020-05-04,200.199997,205.910004,198.759995,205.259995,203.473190,19250700
2020-05-05,207.020004,210.380005,206.500000,207.070007,205.267410,21071200
2020-05-06,208.119995,211.600006,206.660004,208.470001,206.655273,21857000
2020-05-07,211.160004,211.600006,209.039993,211.259995,209.420944,15152000
2020-05-08,212.240005,213.210007,210.850006,212.350006,210.501480,12506000
2020-05-11,210.889999,215.000000,210.369995,213.179993,211.324234,12911900
2020-05-12,213.289993,215.279999,210.000000,210.100006,208.271057,14704600
2020-05-13,209.429993,210.779999,202.110001,205.100006,203.314590,20684600
2020-05-14,202.559998,206.929993,200.690002,206.809998,205.009674,17178900
2020-05-15,205.270004,211.339996,204.119995,210.880005,209.044281,19383200
2020-05-18,212.149994,214.639999,210.940002,213.190002,211.334152,20151900
2020-05-19,213.270004,220.490005,212.830002,216.880005,214.992050,31843200
2020-05-20,223.500000,231.339996,223.190002,229.970001,227.968063,50162900
2020-05-21,234.720001,237.199997,231.199997,231.389999,229.375717,47782600
2020-05-22,231.509995,235.990005,228.740005,234.910004,232.865097,33925600
2020-05-26,239.770004,240.899994,231.669998,232.199997,230.178665,33178300
2020-05-27,229.070007,230.559998,221.130005,229.139999,227.145309,34697600
2020-05-28,224.300003,231.630005,224.000000,225.460007,223.497360,29377200
2020-05-29,225.199997,227.490005,222.880005,225.089996,223.130554,23241500
2020-06-01,224.589996,232.440002,223.500000,231.910004,229.891205,18223800
2020-06-02,230.940002,233.000000,226.559998,232.720001,230.694168,20919000
2020-06-03,232.110001,232.649994,228.529999,230.160004,228.156448,15380300
2020-06-04,229.559998,231.630005,224.610001,226.289993,224.320129,17041500
2020-06-05,226.710007,231.350006,225.309998,230.770004,228.761093,16750400
2020-06-08,229.029999,231.550003,227.410004,231.399994,229.385620,15466500
2020-06-09,231.520004,239.770004,230.410004,238.669998,236.592346,27462900
2020-06-10,240.960007,241.210007,235.279999,236.729996,234.669220,20720700
2020-06-11,229.940002,232.889999,223.550003,224.429993,222.476303,26708200
2020-06-12,229.899994,231.660004,224.500000,228.580002,226.590179,22091400
2020-06-15,225.089996,233.770004,224.800003,232.500000,230.476044,15340300
2020-06-16,237.139999,238.460007,233.000000,235.649994,233.598648,15236700
2020-06-17,235.000000,237.589996,231.729996,235.529999,233.479691,19578100
2020-06-18,234.990005,236.139999,232.149994,235.940002,233.886124,15782500
2020-06-19,237.789993,240.830002,235.550003,238.789993,236.711304,30081300
2020-06-22,238.559998,240.699997,236.910004,239.220001,237.137573,18917800
2020-06-23,241.279999,245.190002,239.860001,242.240005,240.131256,24017900
2020-06-24,241.199997,243.220001,232.679993,234.020004,231.982819,20834900
2020-06-25,234.619995,237.300003,232.740005,235.679993,233.628372,18704300
2020-06-26,232.639999,233.089996,215.399994,216.080002,214.199005,76343900
2020-06-29,209.750000,220.750000,207.110001,220.639999,218.719284,58514300
2020-06-30,220.589996,227.500000,218.470001,227.070007,225.093323,33927100
2020-07-01,228.500000,239.000000,227.559998,237.550003,235.482101,43399700
2020-07-02,239.000000,240.000000,232.610001,233.419998,231.388031,30633600
2020-07-06,233.759995,240.399994,232.270004,240.279999,238.188309,26206200
2020-07-07,239.410004,247.649994,238.820007,240.860001,238.763275,27887800
2020-07-08,238.110001,246.990005,236.589996,243.580002,241.459625,29791300
2020-07-09,245.000000,246.529999,239.240005,244.500000,242.371582,22174900
2020-07-10,243.690002,245.490005,239.320007,245.070007,242.936615,22982700
2020-07-13,247.009995,250.149994,238.419998,239.000000,236.919464,24674900
2020-07-14,236.759995,240.330002,232.029999,239.729996,237.643112,23378100
2020-07-15,241.550003,244.820007,238.050003,240.279999,238.188309,19133600
2020-07-16,238.000000,241.759995,236.330002,240.929993,238.832687,18880700
2020-07-17,241.000000,244.160004,237.860001,242.029999,239.923096,18152400
2020-07-20,240.059998,246.050003,235.639999,245.419998,243.283600,20872200
2020-07-21,246.220001,246.910004,240.080002,241.750000,239.645554,19364200
2020-07-22,240.259995,241.899994,238.119995,239.869995,237.781906,15427900
2020-07-23,239.630005,242.419998,231.750000,232.600006,230.575211,21771800
2020-07-24,230.190002,233.490005,226.899994,230.710007,228.701645,18325800
2020-07-27,231.460007,234.949997,230.830002,233.500000,231.467346,13163100
2020-07-28,234.630005,234.960007,229.830002,230.119995,228.116791,14170100
2020-07-29,231.139999,233.699997,230.309998,233.289993,231.259186,13588300
2020-07-30,230.220001,234.889999,229.000000,234.500000,232.458633,20615300
2020-07-31,255.820007,255.850006,249.000000,253.669998,251.461777,53005100
2020-08-03,252.649994,255.399994,250.330002,251.960007,249.766647,23124900
2020-08-04,251.559998,252.800003,247.429993,249.830002,247.655197,17183500
2020-08-05,250.190002,252.270004,247.770004,249.119995,246.951401,13050100
2020-08-06,249.039993,266.600006,248.669998,265.279999,262.970673,45241600
2020-08-07,264.079987,278.890015,263.429993,268.440002,266.103180,72766400
2020-08-10,268.040009,273.859985,259.690002,263.000000,260.710571,30248800
2020-08-11,260.190002,265.920013,255.130005,256.130005,253.900360,28238300
2020-08-12,258.970001,263.899994,258.109985,259.890015,257.627655,21415700
2020-08-13,261.549988,265.160004,259.570007,261.299988,259.025299,17374000
2020-08-14,262.309998,262.649994,258.679993,261.239990,258.965851,14792700
2020-08-17,262.500000,264.100006,259.399994,261.160004,258.886566,13351100
2020-08-18,260.950012,265.149994,259.260010,262.339996,260.056213,18690400
2020-08-19,261.390015,267.910004,261.350006,262.589996,260.304108,23291500
2020-08-20,261.500000,269.630005,261.459991,269.010010,266.668213,20299700
2020-08-21,268.690002,270.489990,266.420013,267.010010,264.685638,15538600
2020-08-24,271.070007,277.250000,268.769989,271.390015,269.027588,23685600
2020-08-25,272.410004,283.089996,270.260010,280.820007,278.375427,42127200
2020-08-26,284.000000,304.670013,284.000000,303.910004,301.264435,69015200
2020-08-27,300.160004,301.230011,292.019989,293.220001,290.667480,30301300
2020-08-28,295.000000,297.230011,290.980011,293.660004,291.103638,17157400
2020-08-31,293.950012,296.880005,291.549988,293.200012,290.647675,17345100
2020-09-01,294.709991,301.489990,292.709991,295.440002,292.868134,17295900
2020-09-02,298.880005,303.600006,293.049988,302.500000,299.866699,24341400
2020-09-03,295.989990,297.600006,283.630005,291.119995,288.585754,32294100
2020-09-04,287.250000,289.000000,271.140015,282.730011,280.268799,30333700
2020-09-08,271.279999,279.299988,269.420013,271.160004,268.799530,24864000
2020-09-09,275.769989,278.480011,271.350006,273.720001,271.337250,22918800
2020-09-10,275.510010,279.160004,267.029999,268.089996,265.756226,24814700
2020-09-11,270.059998,271.390015,262.640015,266.609985,264.289124,18913900
2020-09-14,270.950012,276.640015,265.700012,266.149994,263.833130,24093800
2020-09-15,270.670013,274.519989,269.299988,272.420013,270.048523,18478500
2020-09-16,267.290009,272.440002,261.790009,263.519989,261.226013,29183400
2020-09-17,258.279999,261.500000,250.190002,254.820007,252.601776,31281400
2020-09-18,258.399994,259.200012,250.050003,252.529999,250.331711,28130800
2020-09-21,247.539993,249.949997,244.130005,248.149994,245.989807,24709400
2020-09-22,253.309998,255.320007,248.220001,254.750000,252.532364,30293100
2020-09-23,255.259995,257.989990,248.149994,249.020004,246.852249,19641300
2020-09-24,246.500000,252.240005,245.619995,249.529999,247.357819,20006800
2020-09-25,249.399994,255.750000,246.610001,254.820007,252.601776,18351300
2020-09-28,259.399994,259.600006,254.820007,256.820007,254.584351,18826300
2020-09-29,257.809998,263.329987,256.899994,261.790009,259.511108,20200200
2020-09-30,261.980011,266.079987,260.100006,261.899994,259.620148,20142500
2020-10-01,265.350006,268.329987,264.799988,266.630005,264.308929,20009800
2020-10-02,261.209991,265.149994,259.179993,259.940002,257.677185,16367600
2020-10-05,262.200012,264.869995,260.839996,264.649994,262.346161,12822300
2020-10-06,261.779999,265.690002,258.239990,258.660004,256.408325,18696900
2020-10-07,259.209991,260.179993,254.820007,258.119995,255.873047,23133400
2020-10-08,259.750000,264.619995,259.149994,263.760010,261.463898,16312800
2020-10-09,264.519989,264.750000,262.170013,264.450012,262.147949,14107800
2020-10-12,270.200012,280.179993,267.869995,275.750000,273.349548,31019300
2020-10-13,277.579987,279.100006,273.390015,276.140015,273.736145,18063300
2020-10-14,277.619995,278.750000,271.500000,271.820007,269.453827,15577800
2020-10-15,267.600006,269.040009,263.670013,266.720001,264.398132,15416100
2020-10-16,267.380005,271.369995,265.299988,265.929993,263.615082,16622700
2020-10-19,265.529999,268.549988,259.880005,261.399994,259.124512,13587000
2020-10-20,263.059998,269.700012,262.880005,267.559998,265.230835,18763200
2020-10-21,279.559998,283.049988,276.369995,278.730011,276.303619,28998600
2020-10-22,279.869995,282.450012,275.040009,278.119995,275.698914,16720000
2020-10-23,278.799988,285.239990,276.820007,284.790009,282.310852,17535200
2020-10-26,283.160004,285.230011,274.260010,277.109985,274.697723,21322900
2020-10-27,278.760010,284.510010,276.309998,283.290009,280.823914,16287200
2020-10-28,278.790009,278.790009,267.260010,267.670013,265.339905,23121800
2020-10-29,276.549988,283.600006,273.779999,280.829987,278.385315,32368100
2020-10-30,274.500000,276.700012,259.100006,263.109985,260.819580,47247800
2020-11-02,264.600006,270.470001,257.339996,261.359985,259.084839,27165700
2020-11-03,263.160004,270.049988,260.880005,265.299988,262.990540,17961900
2020-11-04,281.000000,288.940002,278.619995,287.380005,284.878296,35364400
2020-11-05,291.899994,297.380005,288.950012,294.679993,292.114746,23823600
2020-11-06,293.950012,294.600006,288.059998,293.410004,290.855804,13891000
2020-11-09,289.869995,292.579987,278.529999,278.769989,276.343292,25117700
2020-11-10,273.100006,274.000000,264.000000,272.429993,270.058411,29067700
2020-11-11,273.470001,278.399994,272.480011,276.480011,274.073181,14957000
2020-11-12,277.179993,279.750000,274.429993,275.079987,272.685394,12899500
2020-11-13,277.720001,277.760010,273.100006,276.950012,274.539154,10391200
2020-11-16,275.049988,279.410004,274.630005,278.959991,276.531586,12970400
2020-11-17,277.679993,277.679993,273.290009,275.000000,272.606110,15040300
2020-11-18,274.519989,277.390015,271.839996,271.970001,269.602417,12152900
2020-11-19,271.019989,273.470001,269.190002,272.940002,270.564026,12963700
2020-11-20,272.559998,273.000000,269.410004,269.700012,267.352234,18114700
2020-11-23,270.890015,270.950012,264.529999,268.429993,266.093323,20990800
2020-11-24,268.489990,277.820007,267.869995,276.920013,274.509430,16930400
2020-11-25,278.140015,280.179993,272.649994,275.589996,273.190948,12467000
2020-11-27,277.390015,279.130005,274.820007,277.809998,275.391632,7808400
2020-11-30,276.029999,277.700012,271.010010,276.970001,274.558929,16693300
2020-12-01,279.160004,289.299988,278.959991,286.549988,284.055542,20738900
2020-12-02,285.359985,291.779999,280.829987,287.519989,285.017059,17361600
2020-12-03,286.250000,286.649994,281.070007,281.850006,279.396484,12921700
2020-12-04,280.299988,283.459991,279.299988,279.700012,277.265228,10880300
2020-12-07,279.190002,288.489990,278.200012,285.579987,283.093964,13007700
2020-12-08,286.010010,286.429993,281.549988,283.399994,280.932953,10747700
2020-12-09,283.660004,287.630005,271.750000,277.920013,275.500671,25189700
2020-12-10,275.540009,278.730011,271.859985,277.119995,274.707581,20065100
2020-12-11,274.529999,276.480011,270.250000,273.549988,271.168701,14391400
2020-12-14,273.369995,277.220001,271.559998,274.190002,271.803131,16376900
2020-12-15,274.829987,276.079987,267.470001,275.549988,273.151337,23979500
2020-12-16,274.760010,277.859985,272.510010,275.670013,273.270294,15885000
2020-12-17,277.070007,280.440002,273.609985,274.480011,272.090637,16377800
2020-12-18,275.769989,278.000000,271.140015,276.399994,273.993896,26693200
2020-12-21,272.980011,274.670013,267.790009,272.790009,270.415314,16553700
2020-12-22,271.500000,271.500000,264.630005,267.089996,264.764923,17312900
2020-12-23,266.890015,272.170013,266.230011,268.109985,265.776062,14329000
2020-12-24,268.880005,270.399994,266.200012,267.399994,265.072266,6702000
2020-12-28,268.739990,277.299988,265.660004,277.000000,274.588715,23299700
2020-12-29,276.950012,280.510010,276.279999,276.779999,274.370605,16383000
2020-12-30,277.950012,278.079987,271.709991,271.869995,269.503357,11803800
2020-12-31,272.000000,277.089996,269.809998,273.160004,270.782074,12900400
2021-01-04,274.779999,275.000000,265.200012,268.940002,266.598846,15106100
2021-01-05,268.290009,272.399994,268.209991,270.970001,268.611145,9871600
2021-01-06,262.000000,267.750000,260.010010,263.309998,261.017853,24354100
2021-01-07,265.899994,271.609985,264.779999,268.739990,266.400574,15789800
2021-01-08,268.309998,268.950012,263.179993,267.570007,265.240845,18528300
2021-01-11,260.480011,263.470001,255.899994,256.839996,254.604156,30412300
2021-01-12,256.630005,259.720001,250.300003,251.089996,248.904236,26383500
2021-01-13,251.550003,253.949997,249.199997,251.639999,249.449432,19528900
2021-01-14,253.399994,255.029999,244.610001,245.639999,243.501663,29739400
2021-01-15,247.899994,253.860001,247.160004,251.360001,249.171875,24942900
2021-01-19,256.899994,262.200012,252.720001,261.100006,258.827118,28028500
2021-01-20,268.929993,270.320007,263.600006,267.480011,265.151520,25199900
2021-01-21,269.260010,273.600006,267.489990,272.869995,270.494598,20838700
2021-01-22,272.010010,278.470001,272.000000,274.500000,272.110443,21954000
2021-01-25,278.140015,280.100006,271.510010,278.010010,275.589905,19087000
2021-01-26,278.140015,285.390015,277.809998,282.049988,279.594696,19373600
2021-01-27,282.529999,283.450012,268.119995,272.140015,269.770996,35346200
2021-01-28,277.179993,286.790009,264.700012,265.000000,262.693176,37758800
2021-01-29,265.299988,266.559998,254.850006,258.329987,256.081177,30389500
2021-02-01,259.519989,264.170013,254.910004,262.010010,259.729218,22914300
2021-02-02,264.000000,268.850006,263.269989,267.079987,264.755035,17320800
2021-02-03,265.619995,269.200012,263.839996,266.649994,264.328735,14223400
2021-02-04,267.010010,268.160004,264.000000,266.489990,264.170135,16060000
2021-02-05,266.799988,269.170013,265.670013,268.100006,265.766113,12454400
2021-02-08,268.750000,269.859985,265.000000,266.579987,264.259369,13755200
2021-02-09,266.440002,273.390015,265.750000,269.450012,267.104401,14613400
2021-02-10,272.450012,273.799988,267.720001,271.869995,269.503357,14687200
2021-02-11,271.890015,273.579987,268.489990,270.390015,268.036255,12828600
2021-02-12,270.519989,271.179993,268.339996,270.500000,268.145264,9097600
2021-02-16,270.799988,276.600006,270.049988,273.970001,271.585022,15417200
2021-02-17,271.239990,273.970001,269.579987,273.570007,271.188568,12763200
2021-02-18,269.570007,271.950012,266.029999,269.390015,267.044952,15249100
2021-02-19,269.859985,270.269989,260.149994,261.559998,259.283112,25622600
2021-02-22,257.950012,263.070007,257.529999,260.329987,258.063843,17434900
2021-02-23,259.500000,267.459991,254.960007,265.859985,263.545654,21924600
2021-02-24,262.329987,266.380005,258.390015,264.309998,262.009094,15736100
2021-02-25,262.299988,266.940002,254.039993,254.690002,252.472870,19053100
2021-02-26,256.470001,265.549988,256.470001,257.619995,255.377365,26619500
2021-03-01,260.820007,266.649994,257.899994,264.910004,262.603912,22157300
2021-03-02,265.779999,266.709991,258.649994,259.000000,256.745422,15191700
2021-03-03,260.290009,260.989990,255.100006,255.410004,253.186646,15513500
2021-03-04,256.470001,266.489990,253.500000,257.640015,255.397247,31626500
2021-03-05,260.670013,265.450012,255.610001,264.279999,261.979401,26820100
2021-03-08,265.549988,265.579987,255.050003,255.309998,253.087509,18391800
2021-03-09,261.179993,268.529999,259.809998,265.739990,263.426697,22039700
2021-03-10,268.640015,268.970001,262.869995,264.899994,262.594025,14210300
2021-03-11,268.109985,277.899994,267.820007,273.880005,271.495850,21834000
2021-03-12,269.140015,269.739990,264.019989,268.399994,266.063538,20600200
2021-03-15,269.079987,275.959991,268.500000,273.750000,271.366943,16844800
2021-03-16,276.079987,282.140015,274.799988,279.279999,276.848846,22437700
2021-03-17,275.709991,286.230011,275.410004,284.010010,281.537628,21315000
2021-03-18,279.869995,285.190002,278.279999,278.619995,276.194580,18728300
2021-03-19,281.220001,292.799988,281.200012,290.109985,287.584564,38930500
2021-03-22,290.450012,299.709991,286.750000,293.540009,290.984680,28273100
2021-03-23,293.149994,298.000000,289.809998,290.630005,288.100006,23000900
2021-03-24,291.000000,291.720001,281.160004,282.140015,279.683990,18675000
2021-03-25,280.980011,288.059998,277.750000,278.739990,276.313568,24505600
2021-03-26,278.299988,284.500000,277.769989,283.019989,280.556244,17629200
2021-03-29,285.769989,293.179993,284.700012,290.820007,288.288391,21718800
2021-03-30,289.829987,292.470001,286.700012,288.000000,285.492950,17474500
2021-03-31,289.989990,296.500000,288.609985,294.529999,291.966125,19498200
2021-04-01,298.399994,302.399994,296.600006,298.660004,296.060120,17616000
2021-04-05,300.890015,310.769989,300.679993,308.910004,306.220886,28237000
2021-04-06,308.839996,311.350006,305.250000,306.260010,303.593994,17335200
2021-04-07,306.339996,314.250000,305.500000,313.089996,310.364502,22855200
2021-04-08,314.850006,315.880005,310.049988,313.019989,310.295135,20894100
2021-04-09,311.399994,314.739990,310.329987,312.459991,309.739990,15988600
2021-04-12,311.049988,312.149994,307.929993,311.540009,308.828064,10881900
2021-04-13,312.209991,314.429993,309.320007,309.760010,307.063507,14036900
2021-04-14,307.299988,308.029999,301.950012,302.820007,300.183960,17421400
2021-04-15,306.339996,310.140015,304.100006,307.820007,305.140411,14558300
2021-04-16,308.170013,308.950012,304.609985,306.179993,303.514648,13059200
2021-04-19,305.010010,307.700012,300.559998,302.239990,299.608978,14553500
2021-04-20,301.989990,305.100006,297.209991,302.649994,300.015350,16796400
2021-04-21,301.950012,301.980011,297.390015,301.470001,298.845703,14863500
2021-04-22,301.329987,302.920013,296.040009,296.519989,293.938721,16375400
2021-04-23,298.760010,302.589996,297.149994,301.130005,298.508636,17536800
2021-04-26,303.339996,305.799988,301.559998,303.040009,300.402008,16172600
2021-04-27,304.279999,305.339996,301.109985,303.570007,300.927399,15309300
2021-04-28,307.359985,310.920013,305.369995,307.100006,304.426727,33907200
2021-04-29,330.119995,331.809998,321.609985,329.510010,326.641571,56526800
2021-04-30,326.140015,329.820007,324.500000,325.079987,322.250153,26332400
2021-05-03,326.170013,328.549988,321.839996,322.579987,319.771912,18719500
2021-05-04,320.019989,322.190002,313.119995,318.359985,315.588562,24032600
2021-05-05,318.190002,321.059998,314.489990,315.019989,312.277740,15577600
2021-05-06,314.519989,320.239990,313.269989,320.019989,317.234192,19012200
2021-05-07,322.380005,322.940002,318.750000,319.079987,316.302368,15916700
2021-05-10,314.350006,314.579987,304.829987,305.970001,303.306488,24239200
2021-05-11,300.750000,306.839996,299.690002,306.529999,303.861633,18920100
2021-05-12,301.130005,304.959991,298.190002,302.549988,299.916260,24645500
2021-05-13,306.079987,308.859985,302.769989,305.260010,302.602692,18079200
2021-05-14,309.540009,316.850006,309.079987,315.940002,313.189697,19245700
2021-05-17,313.549988,315.679993,311.579987,315.459991,312.713837,15401300
2021-05-18,315.589996,316.500000,309.809998,309.959991,307.261749,14522400
2021-05-19,304.190002,314.660004,303.570007,313.589996,310.860138,19106200
2021-05-20,313.579987,319.250000,313.160004,318.609985,315.836426,17320200
2021-05-21,319.290009,319.929993,315.809998,316.230011,313.477234,13600900
2021-05-24,318.209991,325.950012,318.029999,324.630005,321.804016,16445400
2021-05-25,327.079987,329.179993,324.799988,327.790009,324.936584,16437000
2021-05-26,328.350006,329.829987,325.820007,327.660004,324.807709,9686900
2021-05-27,328.000000,333.779999,326.760010,332.750000,329.853363,20477700
2021-05-28,331.000000,332.869995,328.329987,328.730011,325.868347,12037400
2021-06-01,330.149994,331.420013,326.640015,329.130005,326.264862,11765900
2021-06-02,330.380005,331.869995,327.119995,329.149994,326.284729,11654300
2021-06-03,325.779999,327.380005,323.480011,326.040009,323.201813,12610800
2021-06-04,325.899994,332.459991,325.179993,330.350006,327.474213,13289400
2021-06-07,329.480011,337.690002,328.929993,336.579987,333.649994,20136700
2021-06-08,336.700012,338.299988,332.239990,333.679993,330.775238,14580500
2021-06-09,335.739990,336.799988,330.000000,330.250000,327.375153,13727900
2021-06-10,330.790009,333.940002,328.549988,332.459991,329.565887,13240200
2021-06-11,332.579987,332.829987,328.929993,331.260010,328.376373,13587900
2021-06-14,331.899994,336.820007,329.809998,336.769989,333.838409,12250800
2021-06-15,336.989990,339.920013,335.029999,336.750000,333.818512,15795200
2021-06-16,336.700012,337.549988,328.720001,331.079987,328.197876,17232200
2021-06-17,330.489990,337.980011,330.149994,336.510010,333.580597,17794100
2021-06-18,334.529999,336.149994,329.000000,329.660004,326.790253,23039500
2021-06-21,331.089996,332.920013,327.649994,332.290009,329.397369,11337500
2021-06-22,332.690002,339.920013,332.600006,339.029999,336.078735,15345300
2021-06-23,339.350006,343.420013,338.200012,340.589996,337.625153,14817800
2021-06-24,341.850006,344.899994,341.790009,343.179993,340.192566,12329100
2021-06-25,342.589996,344.119995,339.679993,341.369995,338.398376,14594400
2021-06-28,342.459991,358.140015,341.769989,355.640015,352.544128,29156100
2021-06-29,356.269989,356.739990,349.049988,351.890015,348.826752,21417300
2021-06-30,352.170013,352.920013,347.170013,347.709991,344.683136,15107500
2021-07-01,346.820007,354.670013,346.500000,354.390015,351.304932,17137000
2021-07-02,355.100006,356.440002,352.619995,354.700012,351.612305,11521300
2021-07-06,356.500000,358.790009,349.179993,352.779999,349.709015,13488500
2021-07-07,355.260010,356.489990,350.000000,350.489990,347.438934,14218900
2021-07-08,345.730011,348.329987,342.559998,345.649994,342.641052,14406500
2021-07-09,345.320007,350.709991,345.269989,350.420013,347.369537,13018700
2021-07-12,351.230011,354.190002,349.640015,353.160004,350.085632,10018600
2021-07-13,351.500000,358.489990,348.799988,352.089996,349.025024,11456000
2021-07-14,354.559998,355.200012,346.730011,347.630005,344.603851,13894200
2021-07-15,349.230011,349.230011,340.220001,344.459991,341.461395,14781600
2021-07-16,344.910004,345.989990,340.140015,341.160004,338.190155,11026100
2021-07-19,337.570007,339.790009,334.540009,336.950012,334.016785,14372300
2021-07-20,338.799988,343.450012,334.500000,341.660004,338.685791,11024300
2021-07-21,341.500000,346.519989,341.250000,346.230011,343.216064,9279700
2021-07-22,346.679993,351.540009,345.209991,351.190002,348.132874,12385400
2021-07-23,360.910004,375.329987,357.190002,369.790009,366.570953,33694300
2021-07-26,369.579987,374.440002,368.220001,372.459991,369.217682,14925200
2021-07-27,371.910004,373.149994,364.549988,367.809998,364.608185,15705400
2021-07-28,374.559998,377.549988,366.929993,373.279999,370.030548,29676900
2021-07-29,361.000000,365.519989,356.739990,358.320007,355.200806,33413200
2021-07-30,354.000000,360.730011,352.940002,356.299988,353.198334,15976200
2021-08-02,358.100006,359.399994,350.739990,351.950012,348.886230,13180400
2021-08-03,352.730011,353.769989,347.700012,351.239990,348.182373,12406100
2021-08-04,352.420013,360.480011,351.510010,358.920013,355.795532,14180600
2021-08-05,359.640015,363.899994,356.899994,362.970001,359.810272,10247200
2021-08-06,361.399994,365.149994,361.399994,363.510010,360.345581,8925000
2021-08-09,363.760010,365.779999,360.750000,361.609985,358.462128,7798900
2021-08-10,361.829987,364.100006,359.040009,361.130005,357.986328,7469900
2021-08-11,362.100006,362.359985,357.809998,359.959991,356.826508,8400300
2021-08-12,358.450012,363.000000,357.109985,362.649994,359.493073,7170700
2021-08-13,362.970001,364.660004,361.480011,363.179993,360.018524,7195700
2021-08-16,362.519989,366.950012,357.380005,366.559998,363.369080,11222100
2021-08-17,362.980011,364.670013,355.070007,358.450012,355.329681,12328700
2021-08-18,356.250000,359.859985,355.149994,355.450012,352.355774,10042400
2021-08-19,351.350006,357.570007,351.000000,355.119995,352.028625,12004500
2021-08-20,354.600006,359.989990,353.309998,359.369995,356.241638,8697700
2021-08-23,359.440002,365.690002,359.100006,363.350006,360.187042,10942000
2021-08-24,363.660004,367.959991,361.839996,365.510010,362.328186,9235100
2021-08-25,365.600006,370.859985,365.399994,368.390015,365.183136,9684500
2021-08-26,368.380005,369.440002,364.130005,364.380005,361.208008,7888700
2021-08-27,365.100006,373.739990,364.079987,372.630005,369.386200,11219100
2021-08-30,372.559998,381.489990,370.519989,380.660004,377.346313,13547300
2021-08-31,379.950012,382.760010,378.799988,379.380005,376.077393,12345400
2021-09-01,379.589996,384.329987,378.809998,382.049988,378.724213,11567200
2021-09-02,381.500000,381.750000,374.059998,375.279999,372.013092,14832900
2021-09-03,374.750000,377.160004,373.109985,376.260010,372.984650,7509600
2021-09-07,375.880005,382.959991,373.149994,382.179993,378.853088,10793800
2021-09-08,380.160004,380.869995,374.790009,377.570007,374.283203,11067200
2021-09-09,377.640015,379.829987,376.570007,378.000000,374.709473,9098900
2021-09-10,381.359985,383.790009,378.260010,378.690002,375.393494,11549600
2021-09-13,381.679993,381.750000,374.350006,376.510010,373.232483,13026300
2021-09-14,377.399994,378.589996,375.109985,376.529999,373.252228,8711600
2021-09-15,377.000000,377.559998,367.670013,373.920013,370.665039,17940300
2021-09-16,372.790009,373.559998,369.709991,373.059998,369.812469,11934200
2021-09-17,371.410004,371.410004,361.589996,364.720001,361.545044,26299000
2021-09-20,359.299988,361.029999,349.799988,355.700012,352.603607,19822800
2021-09-21,358.500000,360.040009,355.190002,357.480011,354.368103,11751900
2021-09-22,347.230011,349.839996,340.690002,343.209991,340.222260,43692900
2021-09-23,345.359985,349.670013,343.000000,345.959991,342.948425,21806300
2021-09-24,343.239990,354.350006,342.369995,352.959991,349.887421,18801900
2021-09-27,349.809998,355.149994,347.079987,353.579987,350.502075,15205800
2021-09-28,347.970001,349.600006,338.920013,340.649994,337.684570,21710300
2021-09-29,343.149994,345.230011,338.880005,339.609985,336.653656,14452200
2021-09-30,340.450012,342.799988,338.149994,339.390015,336.435547,16547100
2021-10-01,341.609985,345.019989,338.640015,343.010010,340.024078,14905300
2021-10-04,335.529999,335.940002,322.700012,326.230011,323.390106,42885000
2021-10-05,328.579987,335.179993,326.160004,332.959991,330.061584,35377900
2021-10-06,329.739990,334.380005,325.799988,333.640015,330.735687,26443000
2021-10-07,337.000000,338.839996,328.980011,329.220001,326.354126,28307500
2021-10-08,331.510010,333.399994,328.709991,330.049988,327.176849,15946100
2021-10-11,327.630005,330.459991,325.309998,325.450012,322.616913,14708200
2021-10-12,323.029999,324.380005,317.369995,323.769989,320.951538,31658700
2021-10-13,326.970001,327.000000,322.660004,324.540009,321.714874,14761500
2021-10-14,328.359985,330.519989,327.100006,328.529999,325.670074,14302200
2021-10-15,328.679993,329.070007,322.510010,324.760010,321.932953,21596400
2021-10-18,328.950012,335.890015,327.500000,335.339996,332.420807,21585000
2021-10-19,339.649994,342.459991,337.279999,339.989990,337.030365,18786300
2021-10-20,343.450012,343.980011,339.450012,340.779999,337.813507,13639500
2021-10-21,340.279999,342.309998,337.799988,341.880005,338.903900,16354400
2021-10-22,326.350006,329.630005,321.109985,324.609985,321.784241,35224500
2021-10-25,320.299988,329.559998,319.720001,328.690002,325.828705,38409000
2021-10-26,328.260010,330.209991,309.600006,315.809998,313.060791,65654000
2021-10-27,314.190002,319.250000,312.059998,312.220001,309.502075,29971800
2021-10-28,312.989990,325.519989,308.109985,316.920013,314.161163,50806800
2021-10-29,320.190002,326.000000,319.600006,323.570007,320.753235,37059400
2021-11-01,326.040009,333.450012,326.000000,329.980011,327.107544,31518900
2021-11-02,331.380005,334.790009,323.799988,328.079987,325.224030,28353000
2021-11-03,327.489990,332.149994,323.200012,331.619995,328.733185,20786500
2021-11-04,334.010010,337.269989,332.649994,335.850006,332.926422,22495300
2021-11-05,340.309998,346.790009,339.640015,341.130005,338.160431,26872800
2021-11-08,344.420013,344.790009,338.339996,338.619995,335.672241,18342500
2021-11-09,340.000000,341.309998,334.470001,335.369995,332.450562,17556700
2021-11-10,332.489990,333.190002,325.510010,327.640015,324.787811,21872600
2021-11-11,329.820007,332.459991,327.000000,327.739990,324.886993,12376600
2021-11-12,330.179993,341.859985,329.779999,340.890015,337.922516,25414300
2021-11-15,344.339996,353.649994,343.200012,347.559998,344.534424,25076600
2021-11-16,343.829987,346.649994,340.869995,342.959991,339.974487,18181100
2021-11-17,344.239990,347.299988,340.100006,340.769989,337.803558,13602800
2021-11-18,339.720001,342.459991,335.299988,338.690002,335.741669,17487200
2021-11-19,342.200012,352.100006,339.899994,345.299988,342.294098,26488500
2021-11-22,349.049988,353.829987,340.510010,341.010010,338.041473,27116800
2021-11-23,338.929993,341.399994,333.500000,337.250000,334.314178,17225000
2021-11-24,336.000000,341.779999,332.809998,341.059998,338.091064,13566200
2021-11-26,335.799988,337.750000,331.899994,333.119995,330.220184,14750700
2021-11-29,336.890015,340.670013,335.309998,338.029999,335.087402,16650900
2021-11-30,335.000000,335.809998,323.429993,324.459991,321.635559,25390000
2021-12-01,330.290009,330.500000,310.290009,310.600006,307.896179,30329600
2021-12-02,311.399994,314.600006,307.200012,310.390015,307.687988,24396200
2021-12-03,313.730011,313.750000,299.500000,306.839996,304.168915,27471000
2021-12-06,308.130005,320.100006,306.339996,317.869995,315.102875,21758300
2021-12-07,321.570007,326.540009,321.000000,322.809998,319.999878,18794000
2021-12-08,325.000000,332.750000,323.070007,330.559998,327.682434,19937700
2021-12-09,329.540009,336.130005,328.000000,329.820007,326.948853,16879200
2021-12-10,332.559998,335.029999,326.369995,329.750000,326.879547,14528000
2021-12-13,330.950012,341.089996,329.589996,334.489990,331.578217,22948700
2021-12-14,328.049988,335.700012,327.649994,333.739990,330.834717,20461000
2021-12-15,332.489990,342.109985,323.980011,341.660004,338.685791,24681300
2021-12-16,338.980011,344.459991,333.739990,334.899994,331.984650,22635000
2021-12-17,332.799988,337.109985,330.750000,333.790009,330.884338,40012600
2021-12-20,329.779999,329.899994,322.529999,325.450012,322.616913,17901800
2021-12-21,326.410004,336.000000,323.750000,334.200012,331.290741,16116800
2021-12-22,333.799988,334.510010,328.260010,330.450012,327.573364,16764600
2021-12-23,330.100006,336.670013,328.359985,335.239990,332.321686,13987700
2021-12-27,338.850006,347.869995,338.010010,346.179993,343.166443,17795000
2021-12-28,346.630005,352.709991,345.200012,346.220001,343.206116,16637600
2021-12-29,346.910004,349.690002,341.640015,342.940002,339.954681,10747000
2021-12-30,344.000000,347.230011,343.220001,344.359985,341.362305,10593300
2021-12-31,343.019989,343.440002,336.269989,336.350006,333.422028,12870500
2022-01-03,338.299988,341.079987,337.190002,338.540009,335.592957,14537900
2022-01-04,339.950012,343.089996,331.869995,336.529999,333.600494,15998000
2022-01-05,333.019989,335.760010,323.839996,324.170013,321.348083,20564500
2022-01-06,322.820007,339.170013,322.720001,332.459991,329.565887,27962800
2022-01-07,332.739990,337.000000,328.880005,331.790009,328.901764,14722000
2022-01-10,325.309998,328.339996,315.429993,328.070007,325.214111,24942400
2022-01-11,326.779999,334.630005,325.279999,334.369995,331.459229,16226800
2022-01-12,335.179993,336.369995,330.029999,333.260010,330.358978,14104900
2022-01-13,334.980011,335.630005,325.760010,326.480011,323.637939,14797100
2022-01-14,321.790009,332.730011,321.209991,331.899994,329.010742,16868500
2022-01-18,323.290009,324.209991,317.640015,318.149994,315.380493,22645600
2022-01-19,319.579987,327.100006,319.329987,319.589996,316.807922,20814700
2022-01-20,323.899994,327.820007,315.980011,316.559998,313.804321,16925000
2022-01-21,314.809998,318.309998,303.040009,303.170013,300.530884,28710700
2022-01-24,297.839996,309.529999,289.010010,308.709991,306.022614,38878100
2022-01-25,299.950012,306.230011,297.579987,300.149994,297.537170,25108500
2022-01-26,307.010010,307.510010,290.850006,294.630005,292.065277,28348800
2022-01-27,297.750000,301.709991,294.260010,294.640015,292.075104,21629900
2022-01-28,295.619995,301.899994,293.029999,301.709991,299.083588,21871600
2022-01-31,300.679993,313.790009,299.320007,313.260010,310.533051,21579500
2022-02-01,314.559998,319.660004,312.119995,319.000000,316.223053,18023800
2022-02-02,327.820007,328.000000,316.869995,323.000000,320.188263,58458300
2022-02-03,244.649994,248.000000,235.750000,237.759995,235.690262,188119900
2022-02-04,234.970001,242.610001,230.110001,237.089996,235.026093,89342200
2022-02-07,237.699997,238.300003,224.009995,224.910004,222.952148,88613800
2022-02-08,220.850006,225.770004,216.149994,220.179993,218.263306,94729700
2022-02-09,224.199997,233.369995,222.210007,232.000000,229.980423,86563300
2022-02-10,228.270004,235.000000,226.699997,228.070007,226.084641,49310400
2022-02-11,228.460007,230.419998,218.770004,219.550003,217.638779,46156900
2022-02-14,219.309998,221.000000,214.779999,217.699997,215.804886,38184000
2022-02-15,220.470001,221.149994,215.059998,221.000000,219.076157,42685500
2022-02-16,212.410004,217.460007,212.360001,216.539993,214.654999,45817500
2022-02-17,214.020004,217.500000,207.160004,207.710007,205.901871,38747500
2022-02-18,209.389999,210.750000,205.179993,206.160004,204.365356,37128400
2022-02-22,202.339996,207.479996,200.059998,202.080002,200.320862,39852400
2022-02-23,204.160004,206.940002,198.050003,198.449997,196.722458,44481400
2022-02-24,191.059998,208.350006,190.220001,207.600006,205.792816,49957200
2022-02-25,204.940002,211.320007,203.179993,210.479996,208.647751,37627600
2022-02-28,207.679993,213.149994,206.830002,211.029999,209.192947,34239800
2022-03-01,209.869995,211.750000,202.220001,203.490005,201.718613,27094900
2022-03-02,204.779999,209.149994,202.020004,208.110001,206.298370,29452100
2022-03-03,209.020004,209.080002,201.419998,202.970001,201.203125,27263500
2022-03-04,202.369995,205.889999,198.789993,200.059998,198.318451,32130900
2022-03-07,200.789993,200.889999,187.279999,187.470001,185.838058,38560600
2022-03-08,187.850006,196.699997,186.110001,190.289993,188.633499,37508100
2022-03-09,195.740005,199.100006,193.919998,198.500000,196.772049,31894700
2022-03-10,194.839996,196.279999,191.070007,195.210007,193.510681,24853000
2022-03-11,192.639999,193.559998,186.669998,187.610001,185.976822,34694500
2022-03-14,187.029999,192.289993,185.820007,186.630005,185.005356,31010500
2022-03-15,190.800003,192.279999,185.910004,192.029999,190.358383,31721700
2022-03-16,194.699997,203.729996,194.520004,203.630005,201.857391,40640300
2022-03-17,201.699997,208.039993,201.110001,207.839996,206.030762,29499700
2022-03-18,206.699997,216.800003,206.000000,216.490005,214.605408,52128000
2022-03-21,214.500000,214.710007,207.630005,211.490005,209.648956,30142300
2022-03-22,211.369995,219.460007,210.179993,216.649994,214.764008,31998800
2022-03-23,213.330002,216.800003,212.160004,213.460007,211.601822,23717300
2022-03-24,215.000000,220.669998,214.789993,219.570007,217.658600,31502300
2022-03-25,220.509995,225.500000,218.889999,221.820007,219.889053,40039000
2022-03-28,222.130005,224.039993,219.539993,223.589996,221.643616,26224100
2022-03-29,226.070007,230.889999,225.289993,229.860001,227.859024,31417900
2022-03-30,228.910004,231.149994,226.710007,227.850006,225.866531,25588000
2022-03-31,228.449997,228.490005,222.259995,222.360001,220.424316,24192300
2022-04-01,224.550003,227.279999,222.699997,224.850006,222.892654,19544800
2022-04-04,225.979996,234.350006,225.860001,233.889999,231.853943,28054800
2022-04-05,234.080002,236.860001,231.020004,231.839996,229.821793,29727200
2022-04-06,226.910004,228.990005,221.410004,223.300003,221.356155,28995100
2022-04-07,223.929993,225.520004,218.559998,222.949997,221.009216,21037200
2022-04-08,222.380005,225.130005,220.029999,222.330002,220.394592,18375700
2022-04-11,218.419998,220.610001,215.220001,216.460007,214.575699,20516600
2022-04-12,220.240005,222.029999,213.130005,214.139999,212.275894,20128800
2022-04-13,211.820007,216.610001,211.330002,214.990005,213.118500,19231800
2022-04-14,214.889999,214.990005,210.000000,210.179993,208.350357,18379500
2022-04-18,210.000000,213.380005,208.300003,210.770004,208.935242,16580800
2022-04-19,210.520004,218.429993,209.000000,217.309998,215.418304,20089900
2022-04-20,213.610001,214.160004,198.919998,200.419998,198.675308,43036500
2022-04-21,201.600006,202.970001,185.580002,188.070007,186.432861,49954100
2022-04-22,190.369995,192.720001,183.270004,184.110001,182.507278,36426800
2022-04-25,182.729996,187.179993,181.660004,186.990005,185.362228,29281100
2022-04-26,186.630005,187.190002,179.500000,180.949997,179.374802,31747400
2022-04-27,174.429993,181.210007,169.000000,174.949997,173.427032,71062900
2022-04-28,202.919998,208.529999,192.899994,205.729996,203.939087,100890600
2022-04-29,204.460007,212.479996,199.899994,200.470001,198.724899,49193400
2022-05-02,201.169998,211.880005,200.990005,211.130005,209.292099,49915300
2022-05-03,210.449997,214.899994,208.089996,212.029999,210.184280,41556300
2022-05-04,210.649994,224.300003,206.960007,223.410004,221.465179,41375900
2022-05-05,218.740005,220.169998,206.160004,208.279999,206.466888,41129200
2022-05-06,207.339996,209.380005,201.020004,203.770004,201.996155,34747200
2022-05-09,199.839996,202.570007,195.580002,196.210007,194.501984,36303200
2022-05-10,199.509995,202.960007,194.190002,197.649994,195.929428,34452500
2022-05-11,196.330002,200.669998,188.270004,188.740005,187.096985,31153400
2022-05-12,187.059998,198.050003,184.779999,191.240005,189.575256,38262200
2022-05-13,192.580002,199.889999,191.279999,198.619995,196.890991,24549800
2022-05-16,197.050003,205.369995,195.929993,200.039993,198.298630,27112600
2022-05-17,202.119995,205.460007,198.360001,202.619995,200.856155,24872700
2022-05-18,200.000000,201.000000,191.630005,192.240005,190.566559,23960000
2022-05-19,191.199997,195.289993,189.600006,191.289993,189.624802,24446900
2022-05-20,194.970001,197.910004,187.869995,193.539993,191.855209,31465600
2022-05-23,195.190002,196.990005,191.240005,196.229996,194.521774,25059200
2022-05-24,180.550003,183.679993,176.110001,181.279999,179.701935,50406300
2022-05-25,180.399994,185.449997,179.320007,183.830002,182.229721,28030200
2022-05-26,182.880005,192.830002,182.259995,191.630005,189.961853,23056500
2022-05-27,191.360001,195.330002,189.800003,195.130005,193.431381,22562700
2022-05-31,194.889999,197.600006,192.009995,193.639999,191.954330,26131100
2022-06-01,196.509995,199.529999,185.000000,188.639999,186.997864,36623500
2022-06-02,188.449997,200.940002,187.729996,198.860001,197.128860,31951600
2022-06-03,195.979996,196.610001,189.779999,190.779999,189.119217,19465000
2022-06-06,193.990005,196.919998,188.399994,194.250000,192.559036,30574200
2022-06-07,191.929993,196.529999,191.490005,195.649994,193.946823,18828700
2022-06-08,194.669998,202.029999,194.410004,196.639999,194.928238,22267200
2022-06-09,194.279999,199.449997,183.679993,184.000000,182.398239,23501600
2022-06-10,183.039993,183.100006,175.020004,175.570007,174.041656,27450800
2022-06-13,170.589996,172.580002,164.029999,164.259995,162.830109,31749300
2022-06-14,166.029999,166.750000,161.360001,163.729996,162.304718,27244300
2022-06-15,167.199997,172.160004,163.979996,169.350006,167.875778,30008300
2022-06-16,163.720001,165.080002,159.610001,160.869995,159.469589,26944100
2022-06-17,161.679993,165.899994,159.899994,163.740005,162.314621,31374200
2022-06-21,165.929993,167.759995,155.970001,157.050003,155.682861,50724900
2022-06-22,158.380005,160.789993,155.440002,155.850006,154.493317,47267800
2022-06-23,156.270004,159.750000,154.250000,158.750000,157.368057,40499200
2022-06-24,161.729996,170.250000,161.300003,170.160004,168.678741,68736000
2022-06-27,171.320007,171.750000,168.009995,169.490005,168.014557,29174600
2022-06-28,169.899994,171.300003,160.610001,160.679993,159.281250,27744500
2022-06-29,163.570007,166.330002,160.320007,163.940002,162.512894,28595200
2022-06-30,162.149994,165.229996,158.490005,161.250000,159.846313,35250600
2022-07-01,160.309998,160.619995,155.000000,160.029999,158.636917,31423900
2022-07-05,158.139999,168.250000,157.020004,168.190002,166.725891,28618600
2022-07-06,168.199997,171.589996,165.460007,169.770004,168.292145,23085900
2022-07-07,169.449997,172.720001,167.779999,172.190002,170.691071,24083400
2022-07-08,169.979996,172.399994,168.149994,170.880005,169.392456,19249200
2022-07-11,167.070007,167.490005,161.910004,162.880005,161.462112,21885600
2022-07-12,164.800003,165.910004,162.100006,163.270004,161.848709,16639700
2022-07-13,160.160004,164.979996,159.610001,163.490005,162.066803,16555100
2022-07-14,161.220001,162.589996,157.279999,158.050003,156.674149,23765200
2022-07-15,160.539993,164.979996,159.820007,164.699997,163.266251,23342800
2022-07-18,166.750000,171.690002,165.639999,167.229996,165.774231,23574300
2022-07-19,170.369995,176.490005,169.509995,175.779999,174.249802,25933700
2022-07-20,177.490005,183.600006,176.699997,183.089996,181.496201,24784300
2022-07-21,180.630005,183.850006,178.869995,183.169998,181.575485,27195800
2022-07-22,173.070007,175.600006,168.410004,169.270004,167.796478,42583900
2022-07-25,169.000000,170.570007,164.809998,166.649994,165.199280,26166300
2022-07-26,165.940002,166.000000,157.949997,159.149994,157.764572,28468400
2022-07-27,162.589996,170.869995,162.020004,169.580002,168.103806,43846600
2022-07-28,161.059998,161.509995,154.850006,160.720001,159.320938,73214300
2022-07-29,157.690002,160.139999,155.169998,159.100006,157.714996,42065400
2022-08-01,157.250000,165.190002,155.229996,159.929993,158.537796,40596700
2022-08-02,158.309998,162.240005,158.009995,160.190002,158.795532,27374500
2022-08-03,162.690002,169.539993,161.570007,168.800003,167.330566,31721900
2022-08-04,168.300003,172.149994,166.800003,170.570007,169.085159,23938200
2022-08-05,166.990005,171.610001,165.800003,167.110001,165.655289,25832700
2022-08-08,168.000000,177.509995,167.130005,170.250000,168.767960,27299100
2022-08-09,168.949997,169.529999,166.600006,168.529999,167.062927,18655100
2022-08-10,175.990005,180.479996,173.949997,178.339996,176.787521,30262100
2022-08-11,179.710007,183.100006,176.369995,177.490005,175.944916,24079100
2022-08-12,180.809998,181.460007,178.910004,180.500000,178.928741,21274000
2022-08-15,178.960007,181.440002,178.199997,180.889999,179.315323,15878700
2022-08-16,179.440002,180.990005,177.039993,179.470001,177.907700,21156700
2022-08-17,176.759995,178.139999,174.169998,174.850006,173.327896,20118100
2022-08-18,174.339996,175.759995,171.860001,174.660004,173.139557,18844500
2022-08-19,170.199997,172.320007,167.050003,167.960007,166.497894,26240800
2022-08-22,165.490005,165.490005,162.259995,163.050003,161.630615,19499700
2022-08-23,162.479996,165.050003,160.699997,161.110001,159.707504,18111800
2022-08-24,160.600006,165.460007,159.770004,163.259995,161.838791,20891500
2022-08-25,165.179993,168.880005,164.020004,168.779999,167.310730,15550500
2022-08-26,168.479996,170.919998,161.669998,161.779999,160.371689,24023600
2022-08-29,160.660004,163.050003,159.009995,159.169998,157.784424,20052700
2022-08-30,160.350006,161.660004,155.910004,157.160004,155.791916,19567900
2022-08-31,167.070007,167.839996,162.139999,162.929993,161.511688,40953000
2022-09-01,163.580002,167.360001,160.350006,165.360001,163.920502,30145700
2022-09-02,167.449997,167.929993,159.220001,160.320007,158.924377,22634200
2022-09-06,160.100006,161.690002,157.690002,158.539993,157.159882,19339800
2022-09-07,157.759995,160.960007,156.809998,160.389999,158.993790,16831200
2022-09-08,158.710007,162.229996,157.740005,162.059998,160.649261,22530800
2022-09-09,163.250000,169.539993,163.020004,169.149994,167.677521,22086800
2022-09-12,167.389999,171.389999,167.279999,168.960007,167.489212,23220400
2022-09-13,161.539993,161.630005,152.669998,153.130005,151.796997,44444100
2022-09-14,153.330002,153.539993,149.050003,151.470001,150.151413,43064200
2022-09-15,149.800003,154.199997,148.699997,149.550003,148.248154,34606300
2022-09-16,148.050003,148.580002,144.289993,146.289993,145.016510,40122800
2022-09-19,145.240005,148.580002,145.100006,148.020004,146.731491,22169500
2022-09-20,145.779999,148.839996,145.220001,146.089996,144.818268,23217400
2022-09-21,146.389999,149.600006,142.000000,142.119995,140.882813,38338600
2022-09-22,141.550003,144.580002,140.869995,142.820007,141.576752,34418500
2022-09-23,141.419998,142.619995,138.889999,140.410004,139.187714,31710700
2022-09-26,140.119995,142.240005,136.190002,136.369995,135.182877,30497000
2022-09-27,137.919998,139.419998,134.119995,134.399994,133.230042,30826500
2022-09-28,134.619995,142.029999,134.270004,141.610001,140.377258,32658500
2022-09-29,139.360001,139.839996,135.199997,136.410004,135.222549,38985400
2022-09-30,136.050003,140.990005,135.500000,135.679993,134.498871,33166400
2022-10-03,137.139999,139.619995,136.100006,138.610001,137.403366,27723100
2022-10-04,140.490005,142.389999,139.339996,140.279999,139.058853,34670700
2022-10-05,138.240005,140.210007,134.779999,138.979996,137.770142,27979300
2022-10-06,137.720001,141.449997,136.600006,139.070007,137.859406,36231100
2022-10-07,136.759995,138.289993,132.440002,133.449997,132.288269,33214800
2022-10-10,133.550003,136.110001,131.869995,133.789993,132.625351,24024000
2022-10-11,131.619995,132.660004,126.989998,128.539993,127.421043,38481400
2022-10-12,128.320007,129.669998,126.250000,127.500000,126.390091,34605200
2022-10-13,123.529999,131.139999,122.529999,130.289993,129.155807,34325700
2022-10-14,131.000000,131.789993,126.519997,126.760002,125.656548,23559400
2022-10-17,130.300003,134.789993,130.179993,134.039993,132.873169,29612200
2022-10-18,137.089996,137.839996,131.399994,132.800003,131.643951,25445000
2022-10-19,132.889999,137.000000,132.220001,133.229996,132.070221,30691000
2022-10-20,132.929993,136.770004,131.309998,131.529999,130.385010,26356300
2022-10-21,126.309998,130.119995,125.440002,130.009995,128.878235,46348600
2022-10-24,127.250000,133.479996,124.570000,129.720001,128.590775,63563400
2022-10-25,130.880005,138.350006,130.589996,137.509995,136.312943,38433200
2022-10-26,131.679993,135.550003,128.529999,129.820007,128.689941,82791500
2022-10-27,97.980003,102.500000,96.379997,97.940002,97.087425,232316600
2022-10-28,99.580002,100.849998,97.510002,99.199997,98.336449,95928300
2022-10-31,98.220001,99.320000,92.599998,93.160004,92.349030,121361400
2022-11-01,94.330002,97.489998,93.550003,95.199997,94.371269,110189600
2022-11-02,94.209999,95.199997,90.480003,90.540001,89.751839,71821100
2022-11-03,90.080002,90.459999,88.410004,88.910004,88.136032,60664000
2022-11-04,90.349998,91.389999,88.089996,90.790001,89.999657,55638100
2022-11-07,94.779999,96.879997,93.099998,96.720001,95.878044,81987300
2022-11-08,95.919998,97.800003,94.790001,96.470001,95.630226,52088300
2022-11-09,101.720001,104.900002,100.739998,101.470001,100.586700,107677300
2022-11-10,107.120003,112.750000,104.610001,111.870003,110.896156,80671000
2022-11-11,109.230003,114.900002,108.809998,113.019997,112.036140,59961700
2022-11-14,110.989998,116.269997,110.800003,114.220001,113.225700,53395000
2022-11-15,116.070000,118.739998,114.410004,117.080002,116.060814,50670500
2022-11-16,114.500000,116.080002,112.660004,113.230003,112.244324,33287800
2022-11-17,110.410004,112.330002,109.800003,111.449997,110.479805,35093800
2022-11-18,113.800003,114.320000,110.620003,112.050003,111.074585,33357700
2022-11-21,111.519997,112.370003,109.190002,109.860001,108.903664,24351100
2022-11-22,109.860001,111.620003,108.320000,111.440002,110.469894,29029000
2022-11-23,111.720001,112.669998,110.730003,112.239998,111.262924,21343100
2022-11-25,111.300003,112.730003,111.019997,111.410004,110.440163,12007600
2022-11-28,110.779999,112.040001,108.379997,108.779999,107.833046,23309400
2022-11-29,109.540001,110.940002,108.540001,109.459999,108.507141,23899200
2022-11-30,109.510002,118.160004,109.379997,118.099998,117.071915,43348600
2022-12-01,119.199997,121.199997,118.400002,120.440002,119.391556,36551400
2022-12-02,117.830002,124.040001,117.610001,123.489998,122.415001,39950500
2022-12-05,121.750000,124.669998,121.349998,122.430000,121.364243,35474900
2022-12-06,119.910004,120.550003,113.739998,114.120003,113.126579,43689200
2022-12-07,113.760002,115.879997,112.879997,113.930000,112.938232,29461100
2022-12-08,116.389999,117.339996,114.589996,115.330002,114.326042,30619400
2022-12-09,115.300003,117.540001,113.870003,115.900002,114.891075,26033400
2022-12-12,115.180000,115.720001,113.139999,114.709999,113.711433,24747100
2022-12-13,122.129997,123.300003,118.639999,120.150002,119.104080,44701100
2022-12-14,119.389999,124.139999,119.389999,121.589996,120.531540,36922000
2022-12-15,118.330002,118.629997,114.010002,116.150002,115.138901,34531000
2022-12-16,120.230003,123.309998,118.820000,119.430000,118.390343,67064000
2022-12-19,116.830002,117.800003,114.330002,114.480003,113.483444,29769900
2022-12-20,113.260002,117.330002,112.459999,117.089996,116.070709,28742500
2022-12-21,116.699997,120.339996,115.620003,119.760002,118.717491,20392800
2022-12-22,117.199997,118.620003,114.379997,117.120003,116.100464,23618100
2022-12-23,116.029999,118.180000,115.540001,118.040001,117.012451,17796600
2022-12-27,117.930000,118.599998,116.050003,116.879997,115.862541,21392300
2022-12-28,116.250000,118.150002,115.510002,115.620003,114.613518,19612500
2022-12-29,116.400002,121.029999,115.769997,120.260002,119.213127,22366200
2022-12-30,118.160004,120.419998,117.739998,120.339996,119.292427,19583800
2023-01-03,122.820000,126.370003,122.279999,124.739998,123.654129,35528500
2023-01-04,127.379997,129.050003,125.849998,127.370003,126.261230,32397100
2023-01-05,126.129997,128.520004,124.540001,126.940002,125.834984,25447100
2023-01-06,128.970001,130.330002,126.040001,130.020004,128.888168,27584500
2023-01-09,131.160004,132.949997,129.279999,129.470001,128.342972,26649100
2023-01-10,127.269997,133.440002,127.150002,132.990005,131.832321,28684400
2023-01-11,130.960007,133.850006,130.339996,132.889999,131.733185,25423000
2023-01-12,133.440002,137.679993,131.759995,136.710007,135.519943,30757700
2023-01-13,134.970001,137.389999,134.839996,136.979996,135.787567,22423800
2023-01-17,136.179993,136.750000,134.250000,135.360001,134.181656,21147600
2023-01-18,135.809998,137.250000,132.800003,133.020004,131.862030,20215500
2023-01-19,132.490005,137.449997,132.139999,136.149994,134.964798,28625200
2023-01-20,135.889999,139.940002,134.610001,139.369995,138.156784,28688600
2023-01-23,139.289993,143.759995,138.660004,143.270004,142.022827,27470100
2023-01-24,141.690002,145.000000,141.360001,143.139999,141.893967,21970200
2023-01-25,141.220001,143.169998,140.309998,141.500000,140.268234,26622000
2023-01-26,144.399994,147.509995,143.300003,147.300003,146.017731,25482100
2023-01-27,148.240005,153.190002,147.389999,151.740005,150.419098,35771900
2023-01-30,149.410004,151.119995,146.949997,147.059998,145.779816,28040100
2023-01-31,147.949997,149.880005,147.520004,148.970001,147.673203,29842100
2023-02-01,148.029999,153.580002,147.059998,153.119995,151.787064,55661000
2023-02-02,183.380005,197.160004,180.160004,188.770004,187.126740,150475700
2023-02-03,183.470001,196.770004,182.889999,186.529999,184.906235,76809700
2023-02-06,186.529999,190.699997,185.520004,186.059998,184.440338,42483800
2023-02-07,185.580002,193.779999,184.399994,191.619995,189.951935,47080700
2023-02-08,190.000000,190.830002,182.919998,183.429993,181.833221,36139100
2023-02-09,186.130005,186.649994,177.270004,177.919998,176.371170,37118800
2023-02-10,176.350006,178.889999,173.350006,174.149994,172.634003,33433600
2023-02-13,178.220001,181.000000,175.820007,179.429993,177.868027,31463200
2023-02-14,177.160004,181.509995,175.880005,179.479996,177.917587,24034600
2023-02-15,176.419998,178.190002,175.330002,177.160004,175.617783,25308900
2023-02-16,172.750000,175.850006,171.789993,172.440002,170.938904,25827500
2023-02-17,170.220001,173.179993,169.699997,172.880005,171.375061,24171300
2023-02-21,174.309998,178.169998,171.880005,172.080002,170.582047,34592600
2023-02-22,171.070007,172.759995,169.690002,171.119995,169.630386,22433200
2023-02-23,172.000000,173.690002,169.380005,172.039993,170.542358,20017800
2023-02-24,168.639999,170.720001,167.660004,170.389999,168.906754,19791300
2023-02-27,171.880005,173.119995,169.059998,169.539993,168.064133,19277000
2023-02-28,171.899994,177.550003,171.869995,174.940002,173.417114,46051100
2023-03-01,174.589996,177.850006,173.050003,173.419998,171.910339,30998400
2023-03-02,172.380005,175.009995,171.429993,174.529999,173.010681,17352000
2023-03-03,178.919998,186.619995,177.050003,185.250000,183.637390,45877700
2023-03-06,188.000000,189.660004,184.639999,184.899994,183.290405,33209400
2023-03-07,189.000000,190.360001,184.009995,184.509995,182.903809,36701500
2023-03-08,182.869995,185.259995,181.339996,184.970001,183.359818,19432400
2023-03-09,186.350006,188.929993,180.300003,181.690002,180.108368,26582800
2023-03-10,181.009995,184.770004,178.800003,179.509995,177.947327,25665000
2023-03-13,177.960007,183.779999,174.820007,180.899994,179.325226,24728000
2023-03-14,187.580002,194.320007,186.559998,194.020004,192.331024,41642600
2023-03-15,192.949997,197.779999,190.839996,197.750000,196.028564,42123600
2023-03-16,198.259995,205.759995,196.089996,204.929993,203.146027,50447100
2023-03-17,200.559998,201.899994,195.429993,195.610001,193.907196,50141100
2023-03-20,198.479996,199.360001,193.639999,197.809998,196.088028,25186300
2023-03-21,203.199997,203.550003,197.949997,202.160004,200.400192,31827000
2023-03-22,202.500000,207.369995,199.669998,199.809998,198.070633,28477800
2023-03-23,202.839996,207.880005,202.149994,204.279999,202.501755,27389700
2023-03-24,205.179993,207.580002,203.550003,206.009995,204.216660,27716400
2023-03-27,204.809998,205.860001,201.360001,202.839996,201.074249,18527200
2023-03-28,200.149994,201.029999,197.899994,200.679993,198.933060,19127300
2023-03-29,203.559998,205.720001,202.539993,205.350006,203.562408,18851100
2023-03-30,203.380005,208.089996,202.820007,207.839996,206.030762,22608300
2023-03-31,207.240005,212.169998,206.770004,211.940002,210.095016,25440300
2023-04-03,208.839996,213.490005,208.199997,213.070007,211.215195,17924600
2023-04-04,213.389999,216.240005,212.539993,214.720001,212.850830,21026400
2023-04-05,214.149994,215.190002,209.940002,211.479996,209.639038,19396600
2023-04-06,209.250000,216.940002,208.649994,216.100006,214.218811,26104400
2023-04-10,214.710007,215.660004,210.660004,214.750000,212.880585,16106100
2023-04-11,215.479996,216.020004,213.410004,213.850006,211.988419,16710100
2023-04-12,214.839996,216.839996,212.580002,214.000000,212.137115,18972200
2023-04-13,215.729996,221.149994,215.690002,220.350006,218.431854,23310400
2023-04-14,217.880005,222.110001,217.550003,221.490005,219.561920,21591200
2023-04-17,219.789993,220.979996,217.130005,218.860001,216.954788,15481900
2023-04-18,219.910004,220.440002,216.210007,217.889999,215.993256,12281000
2023-04-19,213.470001,217.330002,212.929993,215.699997,213.822281,15898100
2023-04-20,213.479996,216.750000,212.770004,213.070007,211.215195,16475400
2023-04-21,210.210007,213.410004,209.580002,212.889999,211.036774,17717200
2023-04-24,213.679993,213.919998,210.710007,212.789993,210.937637,15750900
2023-04-25,210.820007,211.259995,207.130005,207.550003,205.743225,19198200
2023-04-26,212.500000,214.110001,208.880005,209.399994,207.577133,41992700
2023-04-27,239.889999,241.690002,236.770004,238.559998,236.483322,71196500
2023-04-28,239.009995,240.429993,235.750000,240.320007,238.227997,39554000
2023-05-01,238.619995,244.000000,236.460007,243.179993,241.063080,29143900
2023-05-02,243.179993,244.919998,238.990005,239.240005,237.157410,24350100
2023-05-03,239.470001,241.750000,232.750000,237.029999,234.966629,34463900
2023-05-04,236.059998,238.199997,232.929993,233.520004,231.487198,17889400
2023-05-05,232.240005,234.679993,229.850006,232.779999,230.753632,27000500
2023-05-08,231.419998,235.619995,230.270004,233.270004,231.239349,16400500
2023-05-09,231.460007,235.880005,231.080002,233.369995,231.338486,16865600
2023-05-10,236.169998,236.750000,230.720001,233.080002,231.051010,19119000
2023-05-11,233.050003,238.210007,232.300003,235.789993,233.737411,20449000
2023-05-12,236.740005,236.960007,231.449997,233.809998,231.774658,16161400
2023-05-15,236.919998,240.259995,235.330002,238.860001,236.780685,20653200
2023-05-16,235.789993,239.639999,235.520004,238.820007,236.741043,18163800
2023-05-17,238.449997,243.839996,238.139999,242.490005,240.379089,21193100
2023-05-18,241.300003,247.089996,241.190002,246.850006,244.701157,22943300
2023-05-19,247.470001,248.690002,243.410004,245.639999,243.501663,21733600
2023-05-22,245.410004,253.570007,245.119995,248.320007,246.158356,27738500
2023-05-23,246.809998,251.610001,246.649994,246.740005,244.592117,17748100
2023-05-24,245.279999,249.589996,244.949997,249.210007,247.040619,17724300
2023-05-25,253.399994,255.619995,249.169998,252.690002,250.490311,22371400
2023-05-26,252.929993,262.309998,252.710007,262.040009,259.758942,25727200
2023-05-30,265.250000,268.649994,261.290009,262.519989,260.234741,23816500
2023-05-31,260.000000,265.000000,258.450012,264.720001,262.415558,25473700
2023-06-01,265.899994,274.000000,265.890015,272.609985,270.236877,25609500
2023-06-02,272.660004,275.350006,271.119995,272.609985,270.236877,19416900
2023-06-05,270.299988,275.570007,269.559998,271.390015,269.027588,20742900
2023-06-06,270.140015,276.570007,269.690002,271.119995,268.759857,19419000
2023-06-07,271.670013,274.250000,262.799988,263.600006,261.305328,26163600
2023-06-08,260.619995,267.649994,258.880005,264.579987,262.276764,20899400
2023-06-09,262.480011,267.950012,261.700012,264.950012,262.643585,16949800
2023-06-12,267.170013,271.750000,265.329987,271.049988,268.690491,15442500
2023-06-13,274.880005,275.720001,269.089996,271.320007,268.958191,16164000
2023-06-14,271.890015,274.989990,268.320007,273.350006,270.970428,19175100
2023-06-15,272.299988,283.989990,271.420013,281.829987,279.376617,25973500
2023-06-16,284.750000,287.850006,280.130005,281.000000,278.553864,43127700
2023-06-20,278.730011,284.799988,276.220001,284.329987,281.854858,20701600
2023-06-21,283.529999,284.000000,278.359985,281.640015,279.188293,20556200
2023-06-22,279.079987,285.260010,277.790009,284.880005,282.400055,17563100
2023-06-23,281.510010,289.670013,278.950012,288.730011,286.216583,51092000
2023-06-26,288.700012,289.790009,277.600006,278.470001,276.045868,24232700
2023-06-27,282.010010,289.350006,280.649994,287.049988,284.551178,26108300
2023-06-28,284.820007,289.549988,284.059998,285.290009,282.806549,16722100
2023-06-29,284.500000,286.570007,280.690002,281.529999,279.079254,15395700
2023-06-30,284.760010,289.049988,284.420013,286.980011,284.481842,19694900
2023-07-03,286.700012,289.399994,284.850006,286.019989,283.530182,8629300
2023-07-05,287.649994,298.119995,286.359985,294.369995,291.807434,33865500
2023-07-06,295.890015,298.119995,291.309998,291.989990,289.448151,47600500
2023-07-07,292.179993,296.200012,288.660004,290.529999,288.000885,25586000
2023-07-10,295.549988,298.130005,287.049988,294.100006,291.539856,37058300
2023-07-11,293.899994,300.179993,291.899994,298.290009,295.693420,27585900
2023-07-12,301.750000,309.450012,300.100006,309.339996,306.647156,36677100
2023-07-13,313.619995,316.239990,310.290009,313.410004,310.681763,30281000
2023-07-14,311.790009,314.880005,307.359985,308.869995,306.181213,23054100
2023-07-17,307.540009,311.709991,304.709991,310.619995,307.916016,25323100
2023-07-18,310.880005,314.200012,307.619995,312.049988,309.333557,20731900
2023-07-19,313.029999,318.679993,310.519989,316.010010,313.259125,21763700
2023-07-20,313.500000,315.540009,302.220001,302.519989,299.886536,23836900
2023-07-21,304.570007,305.459991,291.200012,294.260010,291.698517,42139300
2023-07-24,295.779999,297.519989,288.299988,291.609985,289.071503,24915700
2023-07-25,295.190002,298.299988,291.859985,294.470001,291.906616,19585600
2023-07-26,301.190002,301.769989,291.899994,298.570007,295.970917,47256900
2023-07-27,325.119995,325.350006,309.839996,311.709991,308.996552,64229200
2023-07-28,316.880005,326.200012,314.250000,325.480011,322.646667,39220300
2023-07-31,323.690002,325.660004,317.589996,318.600006,315.826538,25799600
2023-08-01,317.540009,324.140015,314.660004,322.709991,319.900726,22817900
2023-08-02,318.000000,318.390015,310.649994,314.309998,311.573883,20461100
2023-08-03,309.929993,315.950012,309.929993,313.190002,310.463654,15180200
2023-08-04,314.959991,318.410004,310.200012,310.730011,308.025055,17612800
2023-08-07,313.230011,317.070007,310.459991,316.559998,313.804321,16236500
2023-08-08,314.399994,317.890015,310.109985,312.640015,309.918427,15183500
2023-08-09,312.880005,313.630005,302.850006,305.209991,302.553101,19955800
2023-08-10,307.940002,312.339996,303.869995,305.739990,303.078522,14358900
2023-08-11,302.570007,304.720001,300.359985,301.640015,299.014221,14046300
2023-08-14,300.980011,306.209991,298.250000,306.190002,303.524567,15641900
2023-08-15,306.140015,307.230011,300.029999,301.950012,299.321503,11623600
2023-08-16,300.200012,301.079987,294.279999,294.290009,291.728241,18547700
2023-08-17,293.049988,296.049988,284.950012,285.089996,282.608276,23950100
2023-08-18,279.029999,285.690002,274.380005,283.250000,280.784271,35347900
2023-08-21,283.450012,290.500000,281.850006,289.899994,287.376373,20181500
2023-08-22,292.549988,292.899994,286.750000,287.600006,285.096436,12980200
2023-08-23,288.500000,297.399994,287.670013,294.239990,291.678558,18287000
2023-08-24,298.500000,299.459991,286.640015,286.750000,284.253815,18360900
2023-08-25,286.130005,288.390015,276.029999,285.500000,283.014679,23701400
2023-08-28,288.000000,291.450012,285.799988,290.260010,287.733307,14239300
2023-08-29,288.579987,299.149994,288.179993,297.989990,295.395935,20844500
2023-08-30,297.170013,298.290009,293.429993,295.100006,292.531128,17717000
2023-08-31,295.799988,301.100006,295.660004,295.890015,293.314240,17229900
2023-09-01,299.369995,301.739990,294.470001,296.380005,293.799988,12842300
2023-09-05,297.019989,301.390015,295.510010,300.149994,297.537170,14956000
2023-09-06,301.709991,303.299988,295.660004,299.170013,296.565674,15418100
2023-09-07,298.000000,307.049988,292.220001,298.670013,296.070038,33748700
2023-09-08,299.220001,305.250000,296.779999,297.890015,295.296844,17548000
2023-09-11,301.410004,309.040009,301.279999,307.559998,304.882660,19489300
2023-09-12,306.329987,308.660004,300.230011,301.660004,299.033966,13480400
2023-09-13,302.359985,307.179993,301.320007,305.059998,302.404419,13210900
2023-09-14,306.739990,312.869995,305.029999,311.720001,309.006409,19343100
2023-09-15,311.609985,312.000000,298.750000,300.309998,297.695770,28131100
2023-09-18,298.190002,303.600006,297.799988,302.549988,299.916260,14234200
2023-09-19,302.480011,306.170013,299.809998,305.070007,302.414368,15924400
2023-09-20,305.049988,308.059998,299.429993,299.670013,297.061371,19379500
2023-09-21,295.700012,300.260010,293.269989,295.730011,293.155609,21319600
2023-09-22,299.299988,305.380005,298.269989,299.079987,296.476440,25369600
2023-09-25,295.640015,300.950012,293.700012,300.829987,298.211212,18987000
2023-09-26,297.660004,300.299988,296.010010,298.959991,296.357513,19417200
2023-09-27,300.450012,301.299988,286.790009,297.739990,295.148163,36429800
2023-09-28,298.940002,306.329987,296.700012,303.959991,301.313995,22167100
2023-09-29,307.380005,310.640015,299.359985,300.209991,297.596588,25373700
2023-10-02,302.739990,307.179993,301.630005,306.820007,304.149078,16265600
2023-10-03,304.260010,306.769989,299.640015,300.940002,298.320282,17362300
2023-10-04,298.730011,306.899994,298.500000,305.579987,302.919861,16880500
2023-10-05,304.630005,306.209991,299.500000,304.790009,302.136749,19130000
2023-10-06,301.440002,316.309998,300.910004,315.429993,312.684143,21803900
2023-10-09,312.500000,320.329987,311.820007,318.359985,315.588562,22503700
2023-10-10,319.119995,324.660004,318.160004,321.839996,319.038330,19038000
2023-10-11,323.010010,328.839996,322.950012,327.820007,324.966309,22036300
2023-10-12,328.000000,330.540009,322.690002,324.160004,321.338104,20530500
2023-10-13,323.529999,325.049988,312.369995,314.690002,311.950653,21341000
2023-10-16,318.640015,321.820007,315.519989,321.149994,318.354340,16536100
2023-10-17,318.179993,324.399994,317.299988,324.000000,321.179535,16387800
2023-10-18,321.390015,325.940002,315.559998,316.970001,314.210785,16851000
2023-10-19,319.880005,321.890015,311.750000,312.809998,310.086975,18709200
2023-10-20,314.140015,315.299988,306.470001,308.649994,305.963165,22312300
2023-10-23,309.500000,317.359985,307.260010,314.010010,311.276520,17796800
2023-10-24,316.779999,318.350006,310.630005,312.549988,309.829254,19525500
2023-10-25,310.000000,310.880005,298.839996,299.529999,296.922516,42192500
2023-10-26,295.000000,295.000000,279.399994,288.350006,285.839874,66684100
2023-10-27,294.480011,299.309998,292.970001,296.730011,294.146942,29596300
2023-10-30,299.089996,309.399994,299.049988,302.660004,300.025299,28435100
2023-10-31,303.309998,303.679993,296.859985,301.269989,298.647400,19434200
2023-11-01,301.850006,312.739990,301.850006,311.850006,309.135284,20434600
2023-11-02,317.299988,318.820007,308.329987,310.869995,308.163879,21631800
2023-11-03,312.549988,315.549988,311.019989,314.600006,311.861359,16764300
2023-11-06,315.980011,318.329987,314.450012,315.799988,313.050903,12887700
2023-11-07,317.059998,321.000000,315.119995,318.820007,316.044678,14055600
2023-11-08,318.140015,321.329987,314.880005,319.779999,316.996246,13609700
2023-11-09,319.420013,324.179993,318.799988,320.549988,317.759583,16103100
2023-11-10,319.940002,329.100006,319.459991,328.769989,325.907990,19096200
2023-11-13,326.200012,332.329987,325.700012,329.190002,326.324371,16908900
2023-11-14,334.540009,338.100006,333.329987,336.309998,333.382324,17179400
2023-11-15,337.929993,338.399994,330.019989,332.709991,329.813721,14531200
2023-11-16,329.369995,334.579987,326.380005,334.190002,331.280823,18932600
2023-11-17,330.260010,335.500000,329.350006,335.040009,332.123413,14494400
2023-11-20,334.890015,341.869995,334.190002,339.970001,337.010498,16960500
2023-11-21,338.329987,339.899994,335.899994,336.980011,334.046539,12027900
2023-11-22,339.209991,342.920013,338.579987,341.489990,338.517303,10702700
2023-11-24,340.130005,341.859985,336.769989,338.230011,335.285706,5467500
2023-11-27,336.179993,339.899994,334.200012,334.700012,331.786377,15684500
2023-11-28,333.399994,339.380005,333.399994,338.989990,336.039063,12637200
2023-11-29,339.690002,339.899994,330.779999,332.200012,329.308167,16024500
2023-11-30,331.890015,333.500000,322.399994,327.149994,324.302124,23146400
2023-12-01,325.480011,326.859985,320.760010,324.820007,321.992432,15276400
2023-12-04,317.290009,320.859985,313.660004,320.019989,317.234192,19037100
2023-12-05,318.980011,321.880005,315.390015,318.290009,315.519287,16952100
2023-12-06,321.929993,322.250000,317.040009,317.450012,314.686554,11294300
2023-12-07,317.769989,328.239990,317.769989,326.589996,323.746979,15905100
2023-12-08,323.089996,333.170013,323.000000,332.750000,329.853363,14087400
2023-12-11,329.399994,329.890015,320.000000,325.279999,322.448425,25802500
2023-12-12,324.600006,334.470001,324.559998,334.220001,331.310577,18485500
2023-12-13,333.929993,338.369995,332.640015,334.739990,331.826050,16353300
2023-12-14,333.850006,334.700012,328.640015,333.170013,330.269745,19607300
2023-12-15,331.989990,338.660004,331.220001,334.920013,332.004425,31776900
2023-12-18,337.480011,347.559998,337.019989,344.619995,341.619995,18993900
2023-12-19,345.579987,353.600006,345.119995,350.359985,347.310089,17729400
2023-12-20,348.649994,354.959991,347.790009,349.279999,346.239410,16369900
2023-12-21,352.980011,356.410004,349.209991,354.089996,351.007568,15289600
2023-12-22,355.579987,357.200012,351.220001,353.390015,350.313690,11772800
2023-12-26,354.989990,356.980011,353.450012,354.829987,351.741180,9898600
2023-12-27,356.070007,359.000000,355.309998,357.829987,354.715057,13207900
2023-12-28,359.700012,361.899994,357.809998,358.320007,355.200806,11798800
2023-12-29,358.989990,360.000000,351.820007,353.959991,350.878754,14987100
2024-01-02,351.320007,353.160004,340.010010,346.290009,343.275482,19042200
2024-01-03,344.980011,347.950012,343.179993,344.470001,341.471344,15451100
2024-01-04,344.500000,348.149994,343.399994,347.119995,344.098297,12099900
2024-01-05,346.989990,353.500000,346.260010,351.950012,348.886230,13920700
2024-01-08,354.700012,358.980011,352.049988,358.660004,355.537842,13890200
2024-01-09,356.399994,360.640015,355.359985,357.429993,354.318542,13463900
2024-01-10,360.170013,372.940002,359.079987,370.470001,367.245026,22117200
2024-01-11,372.130005,372.779999,362.929993,369.670013,366.452026,17205400
2024-01-12,370.160004,377.059998,369.540009,374.489990,371.230042,19310000
2024-01-16,373.649994,375.609985,367.230011,367.459991,364.261200,15306900
2024-01-17,366.299988,368.540009,358.609985,368.369995,365.163269,12724800
2024-01-18,371.489990,376.850006,370.950012,376.130005,372.855774,16354300
2024-01-19,379.000000,384.359985,377.970001,383.450012,380.112000,21670800
2024-01-22,387.950012,390.350006,381.160004,381.779999,378.456573,17680500
2024-01-23,384.619995,388.380005,382.079987,385.200012,381.846802,15506100
2024-01-24,390.000000,396.149994,387.809998,390.700012,387.298859,15698500
2024-01-25,390.170013,395.489990,385.660004,393.179993,389.757324,15091100
2024-01-26,394.350006,396.790009,391.589996,394.140015,390.708984,13163700
2024-01-29,394.989990,402.929993,393.100006,401.019989,397.529083,18742400
2024-01-30,403.589996,406.359985,399.570007,400.059998,396.577454,18614700
2024-01-31,389.000000,398.000000,387.100006,390.140015,386.743805,20180800
2024-02-01,393.940002,400.500000,393.049988,394.779999,391.343414,29727100
2024-02-02,459.600006,485.959991,453.010010,474.989990,470.855133,84707600
2024-02-05,469.880005,471.899994,459.220001,459.410004,455.410828,40832400
2024-02-06,464.000000,467.119995,453.000000,454.720001,450.761658,21655200
2024-02-07,458.000000,471.519989,456.179993,469.589996,465.502197,23066000
2024-02-08,468.320007,470.589996,465.029999,470.000000,465.908600,18815100
2024-02-09,472.950012,473.589996,467.470001,468.109985,464.035065,18413100
2024-02-12,468.190002,479.149994,466.579987,468.899994,464.818207,19382000
2024-02-13,456.869995,467.890015,455.089996,460.119995,456.114532,20916600
2024-02-14,467.929993,474.109985,466.089996,473.279999,469.160065,16858400
2024-02-15,475.279999,488.619995,472.220001,484.029999,479.816467,24212300
2024-02-16,478.109985,478.959991,469.209991,473.320007,469.199707,23324600
2024-02-20,469.720001,476.179993,466.559998,471.750000,467.643341,18015500
2024-02-21,466.500000,469.000000,461.790009,468.029999,464.448029,12921800
2024-02-22,480.239990,489.989990,476.059998,486.130005,482.409485,21625800
2024-02-23,488.049988,494.359985,482.350006,484.029999,480.325562,18374300
2024-02-26,483.470001,486.140015,480.600006,481.739990,478.053070,12101400
2024-02-27,479.980011,487.269989,479.920013,487.049988,483.322449,10809600
2024-02-28,485.000000,491.049988,482.750000,484.019989,480.315582,12715500
2024-02-29,488.440002,491.700012,482.609985,490.130005,486.378937,17732000
2024-03-01,492.109985,504.250000,491.850006,502.299988,498.455719,16273600
2024-03-04,503.000000,504.420013,496.420013,498.190002,494.377167,12324100
2024-03-05,495.000000,495.579987,487.890015,490.220001,486.468170,15325300
2024-03-06,497.630005,502.970001,494.290009,496.089996,492.293243,11757900
2024-03-07,503.279999,519.849976,501.380005,512.190002,508.270081,18586400
2024-03-08,514.190002,523.570007,499.350006,505.950012,502.077789,18597100
2024-03-11,497.010010,497.320007,476.000000,483.589996,479.888916,20428300
2024-03-12,493.260010,502.309998,484.730011,499.750000,495.925232,15448200
2024-03-13,495.390015,500.980011,491.029999,495.570007,491.777283,12090700
2024-03-14,500.260010,501.350006,488.160004,491.829987,488.065826,12620000
2024-03-15,489.010010,491.829987,481.299988,484.100006,480.394989,29153600
2024-03-18,491.910004,497.420013,486.809998,496.980011,493.176453,11755300
2024-03-19,488.170013,496.630005,481.279999,496.239990,492.442108,10903100
2024-03-20,499.500000,508.200012,495.170013,505.519989,501.651093,11711100
2024-03-21,514.710022,515.039978,506.010010,507.760010,503.873993,9712500
2024-03-22,507.000000,509.970001,504.339996,509.579987,505.679993,8120600
2024-03-25,505.790009,507.220001,500.239990,503.019989,499.170197,8380600
2024-03-26,505.130005,510.000000,495.209991,495.890015,492.094849,11205400
2024-03-27,499.299988,499.890015,488.070007,493.859985,490.080322,9989700
2024-03-28,492.839996,492.890015,485.149994,485.579987,481.863678,15212800
2024-04-01,487.200012,497.429993,481.779999,491.350006,487.589539,9247000
2024-04-02,485.100006,497.529999,484.649994,497.369995,493.563477,11081000
2024-04-03,498.929993,507.239990,498.750000,506.739990,502.861725,12099200
2024-04-04,516.419983,530.000000,510.579987,510.920013,507.009735,26476300
2024-04-05,516.859985,530.700012,514.409973,527.340027,523.304077,19263300
2024-04-08,529.280029,531.489990,518.890015,519.250000,515.276001,13260600
2024-04-09,522.229980,525.869995,506.739990,516.900024,512.943970,10863800
2024-04-10,509.290009,522.559998,505.799988,519.830017,515.851563,11418500
2024-04-11,521.109985,523.859985,517.289978,523.159973,519.156067,10369500
2024-04-12,517.750000,520.190002,509.329987,511.899994,507.982239,11984500
2024-04-15,516.719971,518.530029,497.279999,500.230011,496.401581,13512900
2024-04-16,498.109985,504.769989,497.109985,499.760010,495.935181,9847900
2024-04-17,503.100006,503.160004,487.140015,494.170013,490.388000,12193700
2024-04-18,499.820007,512.210022,499.040009,501.799988,497.959564,14808700
2024-04-19,502.799988,502.799988,475.730011,481.070007,477.388214,25215400
2024-04-22,489.720001,492.010010,473.399994,481.730011,478.043152,17271100
2024-04-23,491.250000,498.760010,488.970001,496.100006,492.303192,15079200
2024-04-24,508.059998,510.000000,484.579987,493.500000,489.723083,37772700
2024-04-25,421.399994,445.769989,414.500000,441.380005,438.002014,82890700
2024-04-26,441.459991,446.440002,431.959991,443.290009,439.897400,32691400
2024-04-29,439.559998,439.760010,428.559998,432.619995,429.308990,21502600
2024-04-30,431.049988,439.619995,429.720001,430.170013,426.877777,18429500
2024-05-01,428.600006,449.959991,427.109985,439.190002,435.828796,20344900
2024-05-02,438.839996,443.959991,432.279999,441.679993,438.299622,15221300
2024-05-03,445.929993,454.170013,443.850006,451.959991,448.500977,16489100
2024-05-06,455.579987,466.160004,453.339996,465.679993,462.115967,15094600
2024-05-07,466.290009,471.529999,461.309998,468.239990,464.656403,13406800
2024-05-08,463.500000,475.579987,463.000000,472.600006,468.983063,11683900
2024-05-09,470.000000,476.079987,467.630005,475.420013,471.781464,9437700
2024-05-10,477.089996,477.500000,469.600006,476.200012,472.555481,10750000
2024-05-13,472.750000,473.350006,462.850006,468.010010,464.428131,14668800
2024-05-14,463.369995,472.540009,460.079987,471.850006,468.238739,10478600
2024-05-15,474.980011,482.500000,471.200012,481.540009,477.854645,13100500
2024-05-16,475.000000,477.690002,472.750000,473.230011,469.608185,16608200
2024-05-17,470.829987,472.799988,468.420013,471.910004,468.298340,10807300
2024-05-20,469.950012,473.200012,467.040009,468.839996,465.251770,11745100
2024-05-21,467.119995,470.700012,462.269989,464.630005,461.074005,11742200
2024-05-22,467.869995,473.720001,465.649994,467.779999,464.199921,10078600
2024-05-23,472.880005,474.359985,461.540009,465.779999,462.215210,11747900
2024-05-24,467.619995,479.850006,466.299988,478.220001,474.559998,12024300
2024-05-28,476.579987,480.859985,474.839996,479.920013,476.247009,10175800
2024-05-29,474.660004,479.850006,473.700012,474.359985,470.729553,9226200
2024-05-30,471.670013,471.730011,464.709991,467.049988,463.475525,10719600
2024-05-31,465.799988,469.119995,454.459991,466.829987,463.257202,16919800
2024-06-03,470.859985,479.600006,468.239990,477.489990,473.835602,11279400
2024-06-04,477.000000,478.890015,473.230011,476.989990,473.339386,7088700
2024-06-05,484.450012,496.649994,483.910004,495.059998,491.271118,15690500
2024-06-06,492.980011,502.820007,490.890015,493.760010,489.981049,10667300
2024-06-07,495.910004,498.910004,490.170013,492.959991,489.187195,9380700
2024-06-10,493.859985,502.660004,493.410004,502.600006,498.753418,11220900
2024-06-11,500.160004,507.600006,498.269989,507.470001,503.586121,9673700
2024-06-12,513.989990,514.010010,504.470001,508.839996,504.945709,11983200
2024-06-13,505.709991,509.359985,501.359985,504.100006,500.241943,9954600
2024-06-14,502.649994,507.149994,500.750000,504.160004,500.798218,10243300
2024-06-17,501.670013,510.750000,496.010010,506.630005,503.251740,11266600
2024-06-18,504.559998,506.000000,495.019989,499.489990,496.159363,13060400
2024-06-20,502.000000,503.670013,496.769989,501.700012,498.354645,11801200
2024-06-21,503.450012,503.450012,492.390015,494.779999,491.480774,22359200
2024-06-24,499.200012,507.799988,494.290009,498.910004,495.583221,13525300
2024-06-25,497.049988,510.709991,495.500000,510.600006,507.195282,12063200
2024-06-26,506.649994,513.809998,504.679993,513.119995,509.698456,8882300
2024-06-27,514.250000,522.880005,513.900024,519.559998,516.095581,10121200
2024-06-28,517.150024,521.880005,503.839996,504.220001,500.857849,15855100
2024-07-01,504.950012,506.579987,493.170013,504.679993,501.314758,10328200
2024-07-02,500.760010,510.500000,499.450012,509.500000,506.102631,7739500
2024-07-03,506.369995,511.279999,506.019989,509.959991,506.559540,6005600
2024-07-05,511.600006,540.869995,511.600006,539.909973,536.309814,21354100
2024-07-08,542.349976,542.809998,526.650024,529.320007,525.790466,14917500
2024-07-09,533.750000,537.479980,528.190002,530.000000,526.465942,8753200
2024-07-10,530.789978,538.880005,528.359985,534.690002,531.124634,10983300
2024-07-11,530.890015,535.460022,508.369995,512.700012,509.281250,16458300
2024-07-12,497.760010,508.089996,494.230011,498.869995,495.543488,19750500
2024-07-15,498.630005,506.679993,493.369995,496.160004,492.851593,12539200
2024-07-16,501.500000,503.950012,485.790009,489.790009,486.524048,14075800
2024-07-17,479.170013,479.170013,459.119995,461.989990,458.909424,28076600
2024-07-18,475.000000,479.239990,464.540009,475.850006,472.677002,19267200
2024-07-19,476.059998,486.709991,475.709991,476.790009,473.610687,15149400
2024-07-22,486.579987,492.059998,483.899994,487.399994,484.149994,12023100
2024-07-23,489.839996,495.220001,487.720001,488.690002,485.431396,9455500
2024-07-24,472.309998,476.299988,460.579987,461.269989,458.194214,17649700
2024-07-25,463.260010,463.549988,442.649994,453.410004,450.386627,18240500
2024-07-26,464.200012,469.769989,459.420013,465.700012,462.594696,14222400
2024-07-29,469.880005,473.959991,465.019989,465.709991,462.604584,11339600
2024-07-30,467.000000,472.730011,456.700012,463.190002,460.101440,11390400
2024-07-31,471.019989,476.500000,466.750000,474.829987,471.663788,24285800
2024-08-01,521.000000,527.169983,492.100006,497.739990,494.421051,43083100
2024-08-02,489.000000,501.149994,476.149994,488.140015,484.885071,24044700
2024-08-05,451.350006,483.480011,450.799988,475.730011,472.557800,21396200
2024-08-06,479.000000,502.559998,478.649994,494.089996,490.795349,20955000
2024-08-07,503.130005,510.149994,486.859985,488.920013,485.659912,20105300
2024-08-08,497.500000,509.959991,494.720001,509.630005,506.231750,16156800
2024-08-09,507.709991,518.340027,505.700012,517.770020,514.317505,13696600
2024-08-12,516.859985,518.020020,509.100006,515.950012,512.509583,9767400
2024-08-13,520.010010,531.500000,518.150024,528.539978,525.015625,13743800
2024-08-14,528.059998,534.000000,523.130005,526.760010,523.247559,11444200
2024-08-15,531.789978,539.770020,526.700012,537.330017,533.747009,13482100
2024-08-16,531.900024,533.659973,524.659973,527.419983,523.903198,14776700
2024-08-19,526.869995,531.659973,522.760010,529.280029,525.750793,9879700
2024-08-20,528.349976,531.090027,525.880005,526.729980,523.217712,7944400
2024-08-21,527.150024,539.400024,526.929993,535.159973,531.591553,13423300
2024-08-22,537.000000,544.229980,528.590027,531.929993,528.382996,15708300
2024-08-23,536.919983,539.869995,525.059998,528.000000,524.479370,11323900
2024-08-26,527.599976,528.000000,514.950012,521.119995,517.645081,9584000
2024-08-27,518.979980,524.010010,515.309998,519.099976,515.638550,6282700
2024-08-28,517.669983,521.090027,512.450012,516.780029,513.334045,9106100
2024-08-29,519.049988,527.200012,515.679993,518.219971,514.764465,8317400
2024-08-30,521.349976,523.539978,515.200012,521.309998,517.833984,9157500
2024-09-03,519.640015,525.489990,508.619995,511.760010,508.347565,12459100
2024-09-04,506.070007,516.590027,504.070007,512.739990,509.321014,8335200
2024-09-05,511.720001,521.630005,511.149994,516.859985,513.413513,8640900
2024-09-06,521.880005,524.580017,498.250000,500.269989,496.934143,14744500
2024-09-09,506.160004,511.329987,502.079987,504.790009,501.424042,11047800
2024-09-10,508.160004,514.179993,500.029999,504.790009,501.424042,9899000
2024-09-11,507.010010,513.119995,495.600006,511.829987,508.417084,10782500
2024-09-12,517.049988,526.710022,515.219971,525.599976,522.095154,11970500
2024-09-13,520.340027,527.580017,517.109985,524.619995,521.121765,10321400
2024-09-16,524.539978,534.099976,517.400024,533.280029,530.229431,9527600
2024-09-17,537.599976,542.099976,530.570007,536.320007,533.252014,11690800
2024-09-18,537.070007,544.200012,533.900024,537.950012,534.872620,10323500
2024-09-19,550.000000,562.070007,546.520020,559.099976,555.901672,15647000
2024-09-20,560.000000,564.500000,556.299988,561.349976,558.138794,22066800
2024-09-23,569.500000,573.979980,562.409973,564.409973,561.181213,12830700
2024-09-24,566.679993,567.750000,554.190002,563.330017,560.107605,12993000
2024-09-25,564.049988,576.880005,563.719971,568.309998,565.058899,16543400
2024-09-26,575.729980,577.400024,562.349976,567.840027,564.591675,14400800
2024-09-27,570.099976,570.840027,564.510010,567.359985,564.114441,9398400
2024-09-30,567.700012,574.679993,564.799988,572.440002,569.165344,12792300
2024-10-01,577.979980,583.039978,570.099976,576.469971,573.172363,15259300
2024-10-02,574.859985,576.000000,569.340027,572.809998,569.533325,6524700
2024-10-03,570.150024,583.359985,568.729980,582.770020,579.436218,11581000
2024-10-04,583.729980,596.849976,581.429993,595.940002,592.531006,14169500
2024-10-07,598.219971,602.950012,584.039978,584.780029,581.434814,12014200
2024-10-08,589.690002,593.559998,585.969971,592.890015,589.498352,7857400
2024-10-09,593.989990,594.390015,581.609985,590.510010,587.132019,9529700
2024-10-10,587.570007,590.229980,582.520020,583.830017,580.490234,7740400
2024-10-11,584.830017,591.210022,582.710022,589.950012,586.575256,8587100
2024-10-14,594.219971,600.099976,589.960022,590.419983,587.042542,8252000
2024-10-15,590.159973,590.609985,580.140015,586.270020,582.916260,9564200
2024-10-16,581.400024,582.080017,574.030029,576.789978,573.490479,11268400
2024-10-17,583.330017,584.969971,575.200012,576.929993,573.629761,8701200
2024-10-18,581.099976,583.969971,575.250000,576.469971,573.172363,7694300
2024-10-21,576.030029,577.239990,569.109985,575.159973,571.869812,8171900
2024-10-22,574.289978,583.530029,572.119995,582.010010,578.680664,8544500
2024-10-23,579.969971,585.000000,562.500000,563.690002,560.465393,14248400
2024-10-24,567.130005,568.880005,561.520020,567.780029,564.532043,7184700
2024-10-25,573.929993,581.289978,571.719971,573.250000,569.970764,11337900
2024-10-28,582.000000,583.750000,574.119995,578.159973,574.852600,10925100
2024-10-29,580.150024,593.669983,575.400024,593.280029,589.886230,13019100
2024-10-30,600.979980,601.200012,589.380005,591.799988,588.414612,26864900
2024-10-31,585.000000,589.900024,563.010010,567.580017,564.333130,26838400
2024-11-01,567.609985,573.669983,562.559998,567.159973,563.915588,15303200
2024-11-04,564.099976,568.690002,557.890015,560.679993,557.472656,12064600
2024-11-05,567.299988,573.479980,566.669983,572.429993,569.155396,9775400
2024-11-06,562.750000,573.000000,555.169983,572.049988,568.777588,18305400
2024-11-07,576.890015,594.799988,575.210022,591.700012,588.315247,14653700
2024-11-08,591.539978,593.099976,584.520020,589.340027,585.968750,9415700
2024-11-11,586.359985,587.000000,576.510010,583.169983,579.833984,10209100
2024-11-12,588.539978,599.659973,580.380005,584.820007,581.474548,16287700
2024-11-13,582.609985,585.640015,575.169983,580.000000,576.682190,10757600
2024-11-14,577.000000,580.760010,573.010010,577.159973,573.858398,11053700
2024-11-15,571.219971,572.570007,551.500000,554.080017,550.910400,17712900
2024-11-18,557.039978,559.900024,550.090027,554.400024,551.228577,14327300
2024-11-19,551.859985,561.429993,550.599976,561.090027,557.880371,9522400
2024-11-20,562.929993,566.349976,554.200012,565.520020,562.284973,9797300
2024-11-21,569.520020,570.000000,549.049988,563.090027,559.868896,11154700
2024-11-22,563.549988,563.830017,554.590027,559.140015,555.941467,9164000
2024-11-25,562.099976,572.590027,556.390015,565.109985,561.877380,13599800
2024-11-26,566.000000,577.500000,565.200012,573.539978,570.259033,10356600
2024-11-27,574.890015,574.979980,564.099976,569.200012,565.943970,7200200
2024-11-29,569.000000,578.460022,566.900024,574.320007,571.034607,7130500
2024-12-02,577.500000,594.500000,575.570007,592.830017,589.438782,12522400
2024-12-03,595.000000,614.200012,591.250000,613.650024,610.139648,14907200
2024-12-04,612.960022,617.780029,605.099976,613.780029,610.268860,14697000
2024-12-05,617.080017,619.900024,607.049988,608.929993,605.446655,8081200
2024-12-06,610.099976,629.789978,608.530029,623.770020,620.201721,16935500
2024-12-09,623.919983,626.400024,606.169983,613.570007,610.060059,11426000
2024-12-10,617.559998,625.590027,612.739990,619.320007,615.777283,10938900
2024-12-11,623.369995,638.400024,621.530029,632.679993,629.060791,10837200
2024-12-12,631.500000,636.659973,627.210022,630.789978,627.181580,7474700
2024-12-13,627.219971,631.080017,616.890015,620.349976,616.801270,8453300
2024-12-16,629.979980,631.150024,618.580017,624.239990,621.169678,10885600
2024-12-17,626.169983,632.369995,616.539978,619.440002,616.393311,12897800
2024-12-18,621.000000,627.359985,596.320007,597.190002,594.252808,17075500
2024-12-19,610.390015,611.520020,595.000000,595.570007,592.640747,14958100
2024-12-20,590.580017,603.109985,580.000000,585.250000,582.371460,48989400
2024-12-23,589.599976,601.090027,586.250000,599.849976,596.899597,10205800
2024-12-24,602.719971,607.989990,599.280029,607.750000,604.760803,4726100
2024-12-26,605.479980,606.299988,598.940002,603.349976,600.382446,6081400
2024-12-27,599.409973,601.849976,589.799988,599.809998,596.859924,8084200
2024-12-30,588.750000,596.940002,585.580017,591.239990,588.331970,7025900
2024-12-31,592.270020,593.969971,583.849976,585.510010,582.630249,6019500
2025-01-02,589.719971,604.909973,587.820007,599.239990,596.292603,12682300
2025-01-03,604.760010,609.500000,596.409973,604.630005,601.656189,11436800
2025-01-06,611.830017,630.989990,605.619995,630.200012,627.100403,14560800
2025-01-07,631.700012,632.099976,608.229980,617.890015,614.851013,12071500
2025-01-08,613.400024,616.440002,602.789978,610.719971,607.716187,10085800
2025-01-10,610.030029,629.909973,597.340027,615.859985,612.830933,19256600
2025-01-13,607.099976,608.969971,598.450012,608.330017,605.338013,10785000
2025-01-14,605.070007,605.489990,588.549988,594.250000,591.327271,13598000
2025-01-15,610.210022,622.460022,606.500000,617.119995,614.084778,15524300
2025-01-16,611.500000,616.250000,609.710022,611.299988,608.293274,8355300
2025-01-17,624.049988,624.969971,603.669983,612.770020,609.756165,17280600
2025-01-21,617.830017,621.500000,609.010010,616.460022,613.428040,11674000
2025-01-22,623.299988,633.700012,619.429993,623.500000,620.433350,12274000
2025-01-23,627.359985,636.599976,621.150024,636.450012,633.319702,9910200
2025-01-24,636.400024,652.000000,634.200012,647.489990,644.305359,19065300
2025-01-27,626.609985,663.869995,625.099976,659.880005,656.634399,28399200
2025-01-28,666.000000,682.580017,659.469971,674.330017,671.013367,20950100
2025-01-29,675.000000,681.049988,665.669983,676.489990,673.162720,21377800
2025-01-30,696.820007,710.789978,676.099976,687.000000,683.620972,29322900
2025-01-31,691.000000,705.299988,685.580017,689.179993,685.790283,19303900
2025-02-03,675.909973,704.000000,675.250000,697.460022,694.029663,21415700
2025-02-04,702.500000,707.710022,691.609985,704.190002,700.726440,13826300
2025-02-05,703.549988,718.140015,699.010010,704.869995,701.403198,17778200
2025-02-06,705.880005,718.900024,703.500000,711.989990,708.488098,13080700
2025-02-07,716.799988,725.010010,711.750000,714.520020,711.005798,16427100
2025-02-10,718.559998,721.200012,711.330017,717.400024,713.871521,12904300
2025-02-11,713.320007,723.659973,710.039978,719.799988,716.259705,12998000
2025-02-12,715.299988,727.099976,712.599976,725.380005,721.812195,12016500
2025-02-13,721.520020,729.000000,718.039978,728.559998,724.976563,12569100
2025-02-14,726.140015,740.909973,725.619995,736.669983,733.046692,16901200
2025-02-18,736.000000,737.000000,706.440002,716.369995,712.846619,21938700
2025-02-19,704.099976,707.000000,695.390015,703.770020,700.308533,17535500
2025-02-20,697.280029,705.630005,693.640015,694.840027,691.422485,12587400
2025-02-21,696.580017,703.869995,682.359985,683.549988,680.187988,15660400
2025-02-24,686.280029,687.270020,662.450012,668.130005,664.843872,15677000
2025-02-25,665.969971,668.000000,641.859985,657.500000,654.266174,20579700
2025-02-26,659.650024,683.010010,658.000000,673.700012,670.386536,14488700
2025-02-27,682.450012,688.650024,657.570007,658.239990,655.002441,12500000
2025-02-28,658.039978,669.630005,642.599976,668.200012,664.913513,17534200
2025-03-03,673.679993,681.250000,650.840027,655.049988,651.828186,10843800
2025-03-04,645.510010,649.750000,623.650024,640.000000,636.852234,21495200
2025-03-05,641.000000,659.500000,637.659973,656.469971,653.241150,13770000
2025-03-06,648.000000,650.559998,624.109985,627.929993,624.841553,13446500
2025-03-07,625.369995,634.789978,600.609985,625.659973,622.582703,21375700
2025-03-10,608.070007,610.109985,586.869995,597.989990,595.048828,21999900
2025-03-11,595.049988,614.929993,593.330017,605.710022,602.730896,17401500
2025-03-12,629.900024,633.330017,609.349976,619.559998,616.512634,15747000
2025-03-13,620.250000,620.500000,586.510010,590.640015,587.734985,16480300
2025-03-14,602.799988,608.859985,594.780029,607.599976,605.149475,12364500
2025-03-17,607.460022,613.099976,598.000000,604.900024,602.460388,15473900
2025-03-18,600.049988,600.250000,574.659973,582.359985,580.011230,20297700
2025-03-19,584.280029,592.320007,574.770020,584.059998,581.704407,20537500
2025-03-20,582.760010,610.200012,579.510010,586.000000,583.636658,24336500
2025-03-21,583.419983,597.539978,580.950012,596.250000,593.845215,25015900
2025-03-24,614.969971,622.539978,612.200012,618.849976,616.354004,15741300
2025-03-25,626.760010,633.880005,621.179993,626.309998,623.783936,15312500
2025-03-26,624.890015,626.750000,606.609985,610.979980,608.515808,12609800
2025-03-27,602.000000,614.250000,600.099976,602.580017,600.149719,10436500
2025-03-28,600.309998,601.750000,573.919983,576.739990,574.413940,17602800
2025-03-31,563.500000,578.700012,553.299988,576.359985,574.035400,21124700
2025-04-01,570.840027,589.909973,570.000000,586.000000,583.636658,12836600
2025-04-02,574.909973,592.659973,573.359985,583.929993,581.574951,13470800
2025-04-03,546.219971,552.559998,530.299988,531.619995,529.475952,34777500
2025-04-04,506.619995,518.000000,494.200012,504.730011,502.694366,38589800
2025-04-07,485.100006,539.369995,481.899994,516.250000,514.167847,36606100
2025-04-08,543.250000,547.429993,502.859985,510.450012,508.391296,28034200
2025-04-09,509.269989,587.890015,502.109985,585.770020,583.407593,39216600
2025-04-10,575.489990,581.299988,535.299988,546.289978,544.086609,28173500
2025-04-11,535.510010,547.400024,528.590027,543.570007,541.377747,17642300
2025-04-14,556.169983,557.770020,528.280029,531.479980,529.336426,14130900
2025-04-15,532.109985,537.940002,517.500000,521.520020,519.416626,15558700
2025-04-16,508.510010,513.369995,495.630005,502.309998,500.284119,18735100
2025-04-17,505.250000,507.299988,498.010010,501.480011,499.457489,14593500
2025-04-21,491.329987,493.500000,479.799988,484.660004,482.705261,16166000
2025-04-22,491.869995,506.880005,486.359985,500.279999,498.262329,17399400
2025-04-23,528.530029,535.340027,516.520020,520.270020,518.171692,18173900
2025-04-24,518.729980,533.900024,517.500000,533.150024,530.999756,13910000
2025-04-25,546.799988,549.859985,536.250000,547.270020,545.062866,17098900
2025-04-28,555.640015,558.489990,540.590027,549.739990,547.522766,15179000
2025-04-29,546.000000,556.570007,544.119995,554.440002,552.203857,11835000
2025-04-30,538.400024,549.099976,529.500000,549.000000,546.785767,29244000
2025-05-01,592.080017,592.950012,570.500000,572.210022,569.902222,31159000
2025-05-02,583.460022,604.340027,578.330017,597.020020,594.612183,24739300
2025-05-05,591.219971,603.210022,588.049988,599.270020,596.853149,13887700
2025-05-06,592.530029,596.030029,586.580017,587.309998,584.941284,10600700
2025-05-07,590.359985,603.080017,586.669983,596.809998,594.403015,13139100
2025-05-08,606.289978,611.299988,596.619995,598.010010,595.598267,14622800
2025-05-09,603.719971,606.969971,591.710022,592.489990,590.100403,10427300
2025-05-12,630.919983,640.390015,621.030029,639.429993,636.851074,21965100
2025-05-13,645.539978,660.919983,642.830017,656.030029,653.384155,18570800
2025-05-14,661.210022,662.669983,654.309998,659.359985,656.700684,12348200
2025-05-15,654.280029,657.309998,638.580017,643.880005,641.283203,14341800
2025-05-16,637.960022,640.440002,626.150024,640.340027,637.757446,18519000
2025-05-19,628.250000,643.000000,627.799988,640.429993,637.847107,9592400
2025-05-20,636.010010,639.349976,632.260010,637.099976,634.530518,6743500
2025-05-21,631.789978,646.609985,630.169983,635.500000,632.936951,11464600
2025-05-22,634.049988,643.250000,630.710022,636.570007,634.002625,8228400
2025-05-23,624.000000,632.450012,622.650024,627.059998,624.530945,8454100
2025-05-27,635.409973,643.080017,632.750000,642.320007,639.729431,9508400
2025-05-28,642.599976,650.880005,642.549988,643.580017,640.984375,9042900
2025-05-29,651.650024,653.320007,639.500000,645.049988,642.448425,8858800
2025-05-30,642.500000,649.409973,632.780029,647.489990,644.878601,16241000
2025-06-02,644.390015,673.260010,644.260010,670.900024,668.194214,15766300
2025-06-03,671.450012,675.580017,665.030029,666.849976,664.160522,11585000
2025-06-04,669.320007,689.000000,668.570007,687.950012,685.175476,14031900
2025-06-05,691.659973,694.380005,682.250000,684.619995,681.858826,13083100
2025-06-06,696.169983,702.809998,691.869995,697.710022,694.896118,11728000
2025-06-09,698.460022,705.190002,693.940002,694.059998,691.260742,12773200
2025-06-10,701.349976,703.229980,691.559998,702.400024,699.567139,10850100
2025-06-11,703.710022,708.869995,691.989990,694.140015,691.340454,9582500
2025-06-12,693.299988,695.380005,687.000000,693.359985,690.563599,7322700
2025-06-13,687.950012,694.570007,681.010010,682.869995,680.115784,9274400
2025-06-16,699.330017,707.150024,693.510010,702.119995,699.826294,13720300
2025-06-17,702.000000,705.969971,696.059998,697.229980,694.952271,10066100
2025-06-18,698.179993,701.590027,694.900024,695.770020,693.497009,10068300
2025-06-20,700.750000,701.820007,678.669983,682.349976,680.120789,22538600
2025-06-23,683.690002,699.049988,678.750000,698.530029,696.248108,11080100
2025-06-24,704.890015,713.190002,702.109985,712.200012,709.873352,13823200
2025-06-25,713.320007,716.580017,705.380005,708.679993,706.364868,9320400
2025-06-26,714.359985,728.219971,711.049988,726.090027,723.718018,13964800
2025-06-27,726.520020,735.429993,725.859985,733.630005,731.233398,18775700
2025-06-30,744.549988,747.900024,734.250000,738.090027,735.678833,15402100
2025-07-01,736.880005,737.750000,715.369995,719.219971,716.870483,13431200
2025-07-02,715.330017,720.299988,712.799988,713.570007,711.238953,9336700
2025-07-03,726.609985,729.030029,714.419983,719.010010,716.661133,8601700
2025-07-07,717.599976,727.000000,713.510010,718.349976,716.003235,9457100
2025-07-08,721.570007,722.909973,714.809998,720.669983,718.315674,7770700
2025-07-09,722.719971,737.530029,722.719971,732.780029,730.386230,11418000
2025-07-10,731.549988,735.799988,719.599976,727.239990,724.864258,9913600
2025-07-11,722.500000,725.159973,709.700012,717.510010,715.166077,10873900
2025-07-14,717.599976,728.000000,716.549988,720.919983,718.564880,8939400
2025-07-15,723.900024,724.469971,709.820007,710.390015,708.069275,11529500
2025-07-16,713.369995,713.969971,699.270020,702.909973,700.613647,13067600
2025-07-17,704.390015,705.900024,697.109985,701.409973,699.118591,11803300
2025-07-18,702.190002,704.710022,691.650024,704.280029,701.979248,12779800
2025-07-21,706.799988,717.000000,705.760010,712.969971,710.640869,9404400
2025-07-22,716.190002,716.599976,701.409973,704.809998,702.507568,8921100
2025-07-23,706.369995,714.630005,704.929993,713.580017,711.248901,8771600
2025-07-24,717.049988,723.619995,714.000000,714.799988,712.464844,10920800
2025-07-25,716.919983,720.650024,711.900024,712.679993,710.351807,8271700
2025-07-28,715.200012,724.739990,712.679993,717.630005,715.285645,8715700
2025-07-29,720.000000,724.469971,699.909973,700.000000,697.713257,13267000
2025-07-30,708.090027,708.500000,691.200012,695.210022,692.938904,27077300
2025-07-31,775.200012,784.750000,765.510010,773.440002,770.913330,38831100
2025-08-01,760.729980,766.000000,745.309998,750.010010,747.559875,19028700
2025-08-04,760.000000,776.849976,758.409973,776.369995,773.833740,15801700
2025-08-05,776.450012,783.130005,763.000000,763.460022,760.965942,11640300
2025-08-06,770.000000,773.640015,760.460022,771.989990,769.468079,9733900
2025-08-07,773.489990,775.000000,759.549988,761.830017,759.341248,9019700
2025-08-08,762.750000,769.900024,758.580017,769.299988,766.786865,7320800
2025-08-11,770.080017,773.460022,764.669983,765.869995,763.367981,7612000
2025-08-12,773.000000,793.669983,772.429993,790.000000,787.419250,14563100
2025-08-13,791.150024,795.460022,778.229980,780.080017,777.531677,8811800
2025-08-14,777.880005,787.809998,772.510010,782.130005,779.574890,8116200
2025-08-15,784.150024,796.250000,780.820007,785.229980,782.664795,13375400
2025-08-18,775.090027,775.809998,756.559998,767.369995,764.863159,16513700
2025-08-19,767.119995,767.169983,749.359985,751.479980,749.025024,12286700
2025-08-20,747.570007,750.200012,731.000000,747.719971,745.277283,11898200
2025-08-21,744.710022,745.500000,733.109985,739.099976,736.685486,8876300
2025-08-22,739.229980,756.900024,734.390015,754.789978,752.324219,10612700
2025-08-25,754.820007,758.880005,750.130005,753.299988,750.839111,6861200
2025-08-26,750.799988,754.869995,747.940002,754.099976,751.636475,7601800
2025-08-27,752.299988,754.150024,742.840027,747.380005,744.938477,8315400
2025-08-28,744.000000,753.049988,740.799988,751.109985,748.656250,7468000
2025-08-29,745.280029,747.140015,735.349976,738.700012,736.286865,9070500
2025-09-02,726.039978,736.000000,721.729980,735.109985,732.708557,9350900
2025-09-03,736.000000,740.250000,733.989990,737.049988,734.642212,7699300
2025-09-04,748.570007,761.159973,745.820007,748.650024,746.204285,11439100
2025-09-05,752.619995,757.950012,745.030029,752.450012,749.991882,9663400
2025-09-08,756.000000,766.510010,752.020020,752.299988,749.842346,13087800
2025-09-09,757.489990,766.299988,753.429993,765.700012,763.198547,10999000
2025-09-10,765.130005,765.700012,751.000000,751.979980,749.523438,12478300
2025-09-11,754.650024,757.099976,748.369995,750.900024,748.446960,7923300
2025-09-12,748.729980,757.570007,743.760010,755.590027,753.121643,8248600
2025-09-15,757.469971,774.070007,751.989990,764.700012,762.201843,10533800
2025-09-16,767.000000,781.359985,765.099976,779.000000,776.455200,11782500
2025-09-17,779.989990,783.289978,766.309998,775.719971,773.185852,9400900
2025-09-18,780.750000,788.780029,773.359985,780.250000,777.701050,10955000
2025-09-19,786.419983,790.799988,769.190002,778.380005,775.837219,23696800
2025-09-22,781.849976,785.729980,764.469971,765.159973,763.175110,11706900
2025-09-23,769.250000,770.599976,751.070007,755.400024,753.440491,10872600
2025-09-24,757.500000,761.109985,752.530029,760.659973,758.686768,8828200
2025-09-25,753.450012,756.770020,744.549988,748.909973,746.967224,10591100
2025-09-26,750.000000,751.929993,737.349976,743.750000,741.820618,9696300
2025-09-29,748.719971,750.780029,739.150024,743.400024,741.471619,9246800
2025-09-30,742.250000,742.969971,726.299988,734.380005,732.474915,16226800
2025-10-01,721.489990,721.849976,710.200012,717.340027,715.479187,20419600
2025-10-02,722.580017,727.770020,718.140015,727.049988,725.163940,11415300
2025-10-03,729.630005,731.000000,710.179993,710.559998,708.716736,16154300
2025-10-06,705.190002,716.880005,690.510010,715.659973,713.803528,21654700
2025-10-07,717.719971,718.500000,705.750000,713.080017,711.230225,12062900
2025-10-08,713.450012,719.650024,707.809998,717.840027,715.977905,10790600
2025-10-09,718.280029,733.510010,712.440002,733.510010,731.607239,12717200
2025-10-10,730.919983,735.270020,704.510010,705.299988,703.470398,16980100
2025-10-13,713.010010,719.940002,707.640015,715.700012,713.843384,9251800
2025-10-14,707.780029,715.549988,699.330017,708.650024,706.811768,8829800
2025-10-15,717.059998,723.900024,709.510010,717.549988,715.688599,10246800
2025-10-16,717.549988,725.489990,703.880005,712.070007,710.222839,9017000
2025-10-17,707.080017,718.539978,706.119995,716.919983,715.060242,12232400
2025-10-20,721.190002,733.770020,720.179993,732.169983,730.270691,8900200
2025-10-21,736.020020,738.500000,728.750000,733.270020,731.367859,7647300
2025-10-22,733.830017,740.599976,724.030029,733.409973,731.507446,8734500
2025-10-23,734.700012,742.409973,733.099976,734.000000,732.095947,9856000
2025-10-24,736.789978,741.210022,731.150024,738.359985,736.444580,9151300
2025-10-27,749.729980,755.750000,748.010010,750.820007,748.872314,11321100
2025-10-28,752.630005,758.400024,745.520020,751.440002,749.490723,12193800
2025-10-29,754.750000,759.159973,742.510010,751.669983,749.720154,26818600
2025-10-30,669.150024,680.960022,650.169983,666.469971,664.741089,88440100
2025-10-31,674.510010,674.890015,645.570007,648.349976,646.668091,56953200
2025-11-03,656.000000,659.330017,636.179993,637.710022,636.055786,33003600
2025-11-04,628.039978,641.739990,626.010010,627.320007,625.692688,27356600
2025-11-05,632.309998,642.229980,626.539978,635.950012,634.300293,20219900
2025-11-06,635.849976,636.000000,618.000000,618.940002,617.334412,23628800
2025-11-07,616.489990,622.130005,601.200012,621.710022,620.097229,29946800
2025-11-10,631.090027,635.000000,618.109985,631.760010,630.121155,19245000
2025-11-11,628.000000,629.559998,619.390015,627.080017,625.453369,13302200
2025-11-12,628.130005,628.989990,607.770020,609.010010,607.430176,24493300
2025-11-13,613.070007,617.650024,603.000000,609.890015,608.307922,20973800
2025-11-14,601.789978,613.679993,595.200012,609.460022,607.879028,20724100
2025-11-17,609.039978,611.690002,595.400024,602.010010,600.448303,16501300
2025-11-18,591.599976,603.659973,583.780029,597.690002,596.139587,25500600
2025-11-19,593.719971,595.330017,581.250000,590.320007,588.788635,24744700
2025-11-20,603.500000,606.719971,583.349976,589.150024,587.621765,20603000
2025-11-21,588.500000,598.119995,581.859985,594.250000,592.708496,21052600
2025-11-24,598.719971,616.700012,597.630005,613.049988,611.459717,23554900
2025-11-25,624.000000,637.049988,618.299988,636.219971,634.569580,25213000
2025-11-26,637.690002,638.359985,631.630005,633.609985,631.966431,15209500
2025-11-28,636.080017,648.049988,635.500000,647.950012,646.269165,11033200
2025-12-01,639.549988,645.320007,637.760010,640.869995,639.207581,13029900
2025-12-02,642.340027,647.869995,638.070007,647.099976,645.421326,11640900
2025-12-03,644.409973,648.849976,637.549988,639.599976,637.940857,11134300
2025-12-04,676.000000,676.099976,660.049988,661.530029,659.813965,29874600
2025-12-05,664.000000,674.690002,662.390015,673.419983,671.673096,21207900
2025-12-08,669.340027,676.710022,665.070007,666.799988,665.070251,13161000
2025-12-09,663.770020,664.479980,653.340027,656.960022,655.255798,12997100
2025-12-10,649.950012,654.510010,643.400024,650.130005,648.443481,16910900
2025-12-11,643.289978,655.280029,640.799988,652.710022,651.016846,13056700
2025-12-12,649.799988,711.000000,638.609985,644.229980,642.558838,14016900
2025-12-15,645.700012,653.000000,638.700012,647.510010,646.357056,15549100
2025-12-16,643.500000,662.539978,643.200012,657.150024,655.979919,14309100
2025-12-17,655.609985,661.229980,649.200012,649.500000,648.343506,15598500
2025-12-18,657.030029,670.559998,656.460022,664.450012,663.266846,20260300
2025-12-19,666.419983,671.000000,658.179993,658.770020,657.596985,49977100
2025-12-22,661.650024,673.580017,656.650024,661.500000,660.322144,15659400
2025-12-23,660.049988,666.000000,658.250000,664.940002,663.755981,8486800
2025-12-24,662.530029,668.179993,662.200012,667.549988,666.361328,5627500
2025-12-26,668.059998,668.950012,661.320007,663.289978,662.108948,7133800
2025-12-29,658.010010,660.250000,654.390015,658.690002,657.517151,8506500
2025-12-30,658.690002,672.219971,657.840027,665.950012,664.764221,9187500