Date,Open,High,Low,Close,Adj Close,Volume
2020-01-02,158.779999,160.729996,158.330002,160.619995,151.829544,22622100
2020-01-03,158.320007,159.949997,158.059998,158.619995,149.939056,21116200
2020-01-06,157.080002,159.100006,156.509995,159.029999,150.326569,20813700
2020-01-07,159.320007,159.669998,157.320007,157.580002,148.955933,21634100
2020-01-08,158.929993,160.800003,157.949997,160.089996,151.328552,27746500
2020-01-09,161.839996,162.220001,161.029999,162.089996,153.219101,21385000
2020-01-10,162.820007,163.220001,161.179993,161.339996,152.510162,20725900
2020-01-13,161.759995,163.309998,161.259995,163.279999,154.343964,21626500
2020-01-14,163.389999,163.600006,161.720001,162.130005,153.256912,23477400
2020-01-15,162.619995,163.940002,162.570007,163.179993,154.249466,21417900
2020-01-16,164.350006,166.240005,164.029999,166.169998,157.075821,23865400
2020-01-17,167.419998,167.470001,165.429993,167.100006,157.954941,34371700
2020-01-21,166.679993,168.190002,166.429993,166.500000,157.387726,29517200
2020-01-22,167.399994,167.490005,165.679993,165.699997,156.631561,24138800
2020-01-23,166.190002,166.800003,165.270004,166.720001,157.595688,19680800
2020-01-24,167.509995,167.529999,164.449997,165.039993,156.007645,24918100
2020-01-27,161.149994,163.380005,160.199997,162.279999,153.398682,32078100
2020-01-28,163.779999,165.759995,163.070007,165.460007,156.404648,24899900
2020-01-29,167.839996,168.750000,165.690002,168.039993,158.843460,34754500
2020-01-30,174.050003,174.050003,170.789993,172.779999,163.324036,51597500
2020-01-31,172.210007,172.399994,169.580002,170.229996,160.913620,36142700
2020-02-03,170.429993,174.500000,170.399994,174.380005,164.836487,30107000
2020-02-04,177.139999,180.639999,176.309998,180.119995,170.262329,36433300
2020-02-05,184.029999,184.199997,178.410004,179.899994,170.054398,39186300
2020-02-06,180.970001,183.820007,180.059998,183.630005,173.580231,27751400
2020-02-07,182.850006,185.630005,182.479996,183.889999,173.826004,33529100
2020-02-10,183.580002,188.839996,183.250000,188.699997,178.372757,35844300
2020-02-11,190.649994,190.699997,183.500000,184.440002,174.345932,53159900
2020-02-12,185.580002,185.850006,181.850006,184.710007,174.601166,47062900
2020-02-13,183.080002,186.229996,182.869995,183.710007,173.655914,35295800
2020-02-14,183.250000,185.410004,182.649994,185.350006,175.206085,23149500
2020-02-18,185.610001,187.699997,185.500000,187.229996,176.983231,27792200
2020-02-19,188.059998,188.179993,186.470001,187.279999,177.514038,29997500
2020-02-20,186.949997,187.250000,181.100006,184.419998,174.803162,36862400
2020-02-21,183.169998,183.500000,177.250000,178.589996,169.277191,48572600
2020-02-24,167.770004,174.550003,163.229996,170.889999,161.978683,68311100
2020-02-25,174.199997,174.839996,167.649994,168.070007,159.305771,68073300
2020-02-26,169.710007,173.259995,168.210007,170.169998,161.296280,56206100
2020-02-27,163.320007,167.029999,157.979996,158.179993,149.931473,93174900
2020-02-28,152.410004,163.710007,152.000000,162.009995,153.561737,97012700
2020-03-02,165.309998,172.919998,162.309998,172.789993,163.779633,71030800
2020-03-03,173.800003,175.000000,162.259995,164.509995,155.931366,71677000
2020-03-04,168.490005,170.699997,165.619995,170.550003,161.656464,49814400
2020-03-05,166.050003,170.869995,165.690002,166.270004,157.599625,47817300
2020-03-06,162.610001,163.110001,156.000000,161.570007,153.144730,72821100
2020-03-09,151.000000,157.750000,150.000000,150.619995,142.765717,70419300
2020-03-10,158.160004,161.029999,152.580002,160.919998,152.528641,65354400
2020-03-11,157.130005,157.699997,151.149994,153.630005,145.618774,56371600
2020-03-12,145.300003,153.470001,138.580002,139.059998,131.808533,93226400
2020-03-13,147.500000,161.910004,140.729996,158.830002,150.547592,92727400
2020-03-16,140.000000,149.350006,135.000000,135.419998,128.358337,87905900
2020-03-17,140.000000,147.500000,135.000000,146.570007,138.926895,81059800
2020-03-18,138.000000,146.000000,135.020004,140.399994,133.078674,81593200
2020-03-19,142.770004,150.149994,139.000000,142.710007,135.268204,85922700
2020-03-20,146.000000,147.100006,135.860001,137.350006,130.187698,84866200
2020-03-23,137.009995,140.570007,132.520004,135.979996,128.889130,78975200
2020-03-24,143.750000,149.600006,141.270004,148.339996,140.604660,82516700
2020-03-25,148.910004,154.330002,144.440002,146.919998,139.258682,75638200
2020-03-26,148.399994,156.660004,148.369995,156.110001,147.969421,64568100
2020-03-27,151.750000,154.889999,149.199997,149.699997,141.893707,57042300
2020-03-30,152.440002,160.600006,150.009995,160.229996,151.874603,63420300
2020-03-31,159.399994,164.779999,156.559998,157.710007,149.485992,77927200
2020-04-01,153.000000,157.750000,150.820007,152.110001,144.177994,57969900
2020-04-02,151.860001,155.479996,150.360001,155.259995,147.163773,49630700
2020-04-03,155.100006,157.380005,152.190002,153.830002,145.808334,41243300
2020-04-06,160.320007,166.500000,157.580002,165.270004,156.651779,67111700
2020-04-07,169.589996,170.000000,163.259995,163.490005,154.964615,62769000
2020-04-08,165.669998,166.669998,163.500000,165.130005,156.519104,48318200
2020-04-09,166.360001,167.369995,163.330002,165.139999,156.528534,51385100
2020-04-13,164.350006,165.570007,162.300003,165.509995,156.879242,41905300
2020-04-14,169.000000,173.750000,168.000000,173.699997,164.642181,52874300
2020-04-15,171.199997,173.570007,169.240005,171.880005,162.917084,40940800
2020-04-16,174.300003,177.279999,172.899994,177.039993,167.807999,50479600
2020-04-17,179.500000,180.000000,175.869995,178.600006,169.286682,52765600
2020-04-20,176.630005,178.750000,174.990005,175.059998,165.931290,36669600
2020-04-21,173.500000,173.669998,166.110001,167.820007,159.068787,56203700
2020-04-22,171.389999,174.000000,170.820007,173.520004,164.471588,34620200
2020-04-23,174.110001,175.059998,170.910004,171.419998,162.481094,32790800
2020-04-24,172.059998,174.559998,170.710007,174.550003,165.447830,34277600
2020-04-27,176.589996,176.899994,173.300003,174.050003,164.973923,33194400
2020-04-28,175.589996,175.669998,169.389999,169.809998,160.955002,34392700
2020-04-29,173.220001,177.679993,171.880005,177.429993,168.177689,51286600
2020-04-30,180.000000,180.399994,176.229996,179.210007,169.864868,53875900
2020-05-01,175.800003,178.639999,174.009995,174.570007,165.466843,39370500
2020-05-04,174.490005,179.000000,173.800003,178.839996,169.514145,30372900
2020-05-05,180.619995,183.649994,179.899994,180.759995,171.334015,36839200
2020-05-06,182.080002,184.199997,181.630005,182.539993,173.021225,32139300
2020-05-07,184.169998,184.550003,182.580002,183.600006,174.025940,28316000
2020-05-08,184.979996,185.000000,183.360001,184.679993,175.049637,30877800
2020-05-11,183.149994,187.509995,182.850006,186.740005,177.002167,30892700
2020-05-12,186.800003,187.039993,182.300003,182.509995,172.992767,32038200
2020-05-13,182.550003,184.050003,176.539993,179.750000,170.376724,44711500
2020-05-14,177.539993,180.690002,175.679993,180.529999,171.116013,41873900
2020-05-15,179.059998,187.059998,177.000000,183.160004,173.608887,46610400
2020-05-18,185.750000,186.199997,183.960007,184.910004,175.267609,35264500
2020-05-19,185.029999,186.600006,183.490005,183.630005,174.054352,26799100
2020-05-20,184.809998,185.850006,183.940002,185.660004,176.468613,31261300
2020-05-21,185.399994,186.669998,183.289993,183.429993,174.348999,29119500
2020-05-22,183.190002,184.460007,182.539993,183.509995,174.425064,20826900
2020-05-26,186.339996,186.500000,181.100006,181.570007,172.581100,36073600
2020-05-27,180.199997,181.990005,176.600006,181.809998,172.809235,39517100
2020-05-28,180.740005,184.149994,180.380005,181.399994,172.419479,33810200
2020-05-29,182.729996,184.270004,180.410004,183.250000,174.177933,42130400
2020-06-01,182.539993,183.000000,181.460007,182.830002,173.778732,22622400
2020-06-02,184.250000,185.000000,181.350006,184.910004,175.755753,30794600
2020-06-03,184.820007,185.940002,183.580002,185.360001,176.183487,27311000
2020-06-04,184.300003,185.839996,182.300003,182.919998,173.864258,28761800
2020-06-05,182.619995,187.729996,182.009995,187.199997,177.932404,39893600
2020-06-08,185.940002,188.550003,184.440002,188.360001,179.034912,33211600
2020-06-09,188.000000,190.699997,187.259995,189.800003,180.403687,29783900
2020-06-10,191.130005,198.520004,191.009995,196.839996,187.095154,43872300
2020-06-11,193.130005,195.759995,186.070007,186.270004,177.048416,52854700
2020-06-12,190.539993,191.720001,185.179993,187.740005,178.445679,43373600
2020-06-15,184.580002,190.820007,184.009995,188.940002,179.586227,32770200
2020-06-16,192.889999,195.580002,191.460007,193.570007,183.987076,42556700
2020-06-17,195.029999,196.320007,193.690002,194.240005,184.623840,25687800
2020-06-18,194.000000,196.490005,194.000000,196.320007,186.600891,23061600
2020-06-19,198.589996,199.289993,194.369995,195.149994,185.488785,44441100
2020-06-22,195.789993,200.759995,195.229996,200.570007,190.640488,32818900
2020-06-23,202.089996,203.949997,201.429993,201.910004,191.914124,30917400
2020-06-24,201.600006,203.250000,196.559998,197.839996,188.045654,36740600
2020-06-25,197.800003,200.610001,195.470001,200.339996,190.421860,27803900
2020-06-26,199.729996,199.889999,194.880005,196.330002,186.610367,54675800
2020-06-29,195.779999,198.529999,193.550003,198.440002,188.615936,26701600
2020-06-30,197.880005,204.399994,197.740005,203.509995,193.434906,34310300
2020-07-01,203.139999,206.350006,201.770004,204.699997,194.566025,32061200
2020-07-02,205.679993,208.020004,205.000000,206.259995,196.048782,29315800
2020-07-06,208.830002,211.130005,208.089996,210.699997,200.268951,31897600
2020-07-07,210.449997,214.669998,207.990005,208.250000,197.940292,33600700
2020-07-08,210.070007,213.259995,208.690002,212.830002,202.293594,33600000
2020-07-09,216.330002,216.380005,211.470001,214.320007,203.709778,33121700
2020-07-10,213.619995,214.080002,211.080002,213.669998,203.091965,26177600
2020-07-13,214.479996,215.800003,206.500000,207.070007,196.818695,38135600
2020-07-14,206.130005,208.850006,202.029999,208.350006,198.035309,37591800
2020-07-15,209.559998,211.330002,205.029999,208.039993,197.740646,32179400
2020-07-16,205.399994,205.699997,202.309998,203.919998,193.824631,29940700
2020-07-17,204.470001,205.039993,201.389999,202.880005,192.836136,31635300
2020-07-20,205.000000,212.300003,203.009995,211.600006,201.124390,36884800
2020-07-21,213.660004,213.940002,208.029999,208.750000,198.415512,37990400
2020-07-22,209.199997,212.300003,208.389999,211.750000,201.266983,49605700
2020-07-23,207.190002,210.919998,202.149994,202.539993,192.512924,67457000
2020-07-24,200.419998,202.860001,197.509995,201.300003,191.334320,39827000
2020-07-27,201.470001,203.970001,200.860001,203.850006,193.758087,30160900
2020-07-28,203.610001,204.699997,201.740005,202.020004,192.018707,23251400
2020-07-29,202.500000,204.649994,202.009995,204.059998,193.957703,19632600
2020-07-30,201.000000,204.460007,199.570007,203.899994,193.805588,25079600
2020-07-31,204.399994,205.100006,199.009995,205.009995,194.860718,51044000
2020-08-03,211.520004,217.639999,210.440002,216.539993,205.819870,78983000
2020-08-04,214.169998,214.770004,210.309998,213.289993,202.730743,49280100
2020-08-05,214.899994,215.000000,211.570007,212.940002,202.398071,28806400
2020-08-06,212.339996,216.369995,211.550003,216.350006,205.639252,32656800
2020-08-07,214.850006,215.699997,210.929993,212.479996,201.960861,27820400
2020-08-10,211.669998,211.880005,206.350006,208.250000,197.940292,36716500
2020-08-11,207.160004,207.649994,203.139999,203.380005,193.311417,36446500
2020-08-12,205.289993,210.279999,204.750000,209.190002,198.833740,28013100
2020-08-13,209.440002,211.350006,208.149994,208.699997,198.367996,22588900
2020-08-14,208.759995,209.589996,207.509995,208.899994,198.558075,17958900
2020-08-17,209.600006,211.190002,208.919998,210.279999,199.869797,20184800
2020-08-18,210.529999,212.360001,209.210007,211.490005,201.019897,21336200
2020-08-19,211.490005,212.100006,209.250000,209.699997,199.800293,27627600
2020-08-20,209.539993,215.000000,208.910004,214.580002,204.449921,26981500
2020-08-21,213.860001,216.250000,212.850006,213.020004,202.963577,36249300
2020-08-24,214.789993,215.520004,212.429993,213.690002,203.601883,25460100
2020-08-25,213.100006,216.610001,213.100006,216.470001,206.250687,23043700
2020-08-26,217.880005,222.089996,217.360001,221.149994,210.709717,39600800
2020-08-27,222.889999,231.149994,219.399994,226.580002,215.883438,57602200
2020-08-28,228.179993,230.639999,226.580002,228.910004,218.103409,26292900
2020-08-31,227.000000,228.699997,224.309998,225.529999,214.882996,28774200
2020-09-01,225.509995,227.449997,224.429993,227.270004,216.540833,25725500
2020-09-02,227.970001,232.860001,227.350006,231.649994,220.714096,34080800
2020-09-03,229.270004,229.309998,214.960007,217.300003,207.041519,58400300
2020-09-04,215.100006,218.360001,205.190002,214.250000,204.135513,59664100
2020-09-08,206.500000,210.029999,202.199997,202.660004,193.092651,52924300
2020-09-09,207.600006,214.839996,206.699997,211.289993,201.315262,45679000
2020-09-10,213.399994,214.740005,204.110001,205.369995,195.674698,35461500
2020-09-11,207.199997,208.630005,201.240005,204.029999,194.398010,33620100
2020-09-14,204.240005,209.199997,204.029999,205.410004,195.712891,30375800
2020-09-15,208.419998,209.779999,206.929993,208.779999,198.923691,21823900
2020-09-16,210.619995,210.649994,204.639999,205.050003,195.369827,26328100
2020-09-17,200.050003,204.330002,199.960007,202.910004,193.330841,34011300
2020-09-18,202.800003,203.649994,196.250000,200.389999,190.929810,55225300
2020-09-21,197.190002,202.710007,196.380005,202.539993,192.978317,39839700
2020-09-22,205.059998,208.100006,202.080002,207.419998,197.627930,33517100
2020-09-23,207.899994,208.100006,200.029999,200.589996,191.120392,30803800
2020-09-24,199.850006,205.570007,199.199997,203.190002,193.597626,31202500
2020-09-25,203.550003,209.039993,202.539993,207.820007,198.009048,29437300
2020-09-28,210.880005,212.570007,208.059998,209.440002,199.552536,32004900
2020-09-29,209.350006,210.070007,206.809998,207.259995,197.475464,24221900
2020-09-30,207.729996,211.979996,206.539993,210.330002,200.400528,33829100
2020-10-01,213.490005,213.990005,211.320007,212.460007,202.430023,27158400
2020-10-02,208.000000,210.990005,205.539993,206.190002,196.456024,33154800
2020-10-05,207.220001,210.410004,206.979996,210.380005,200.448227,21331600
2020-10-06,208.820007,210.179993,204.820007,205.910004,196.189209,28554300
2020-10-07,207.059998,210.110001,206.720001,209.830002,199.924149,25681100
2020-10-08,210.509995,211.190002,208.320007,210.580002,200.638779,19925800
2020-10-09,211.229996,215.860001,211.229996,215.809998,205.621872,26458000
2020-10-12,218.789993,223.860001,216.809998,221.399994,210.947983,40461400
2020-10-13,222.720001,225.210007,220.429993,222.860001,212.339020,28950800
2020-10-14,223.000000,224.220001,219.130005,220.860001,210.433456,23421700
2020-10-15,217.100006,220.360001,216.009995,219.660004,209.290131,22733100
2020-10-16,220.149994,222.289993,219.320007,219.660004,209.290131,26057900
2020-10-19,220.419998,222.300003,213.720001,214.220001,204.106964,27625800
2020-10-20,215.800003,217.369995,213.089996,214.649994,204.516647,22753500
2020-10-21,213.119995,216.919998,213.119995,214.800003,204.659515,22724900
2020-10-22,213.929993,216.059998,211.699997,214.889999,204.745255,22351500
2020-10-23,215.029999,216.279999,213.160004,216.229996,206.022034,18879600
2020-10-26,213.850006,216.339996,208.100006,210.080002,200.162323,37111600
2020-10-27,211.589996,214.669998,210.330002,213.250000,203.182724,36700300
2020-10-28,207.669998,208.839996,202.100006,202.679993,193.111740,51195600
2020-10-29,204.070007,207.360001,203.369995,204.720001,195.055389,31432600
2020-10-30,203.500000,204.289993,199.619995,202.470001,192.911636,36953700
2020-11-02,204.289993,205.279999,200.119995,202.330002,192.778244,30842200
2020-11-03,203.889999,208.119995,203.119995,206.429993,196.684631,27512000
2020-11-04,214.020004,218.320007,212.419998,216.389999,206.174469,42311800
2020-11-05,222.039993,224.119995,221.149994,223.289993,212.748734,36080100
2020-11-06,222.259995,224.360001,218.029999,223.720001,213.158417,25231900
2020-11-09,224.440002,228.119995,217.880005,218.389999,208.080048,44395000
2020-11-10,214.500000,216.500000,209.720001,211.009995,201.048462,44045100
2020-11-11,212.389999,218.039993,212.199997,216.550003,206.326935,29440800
2020-11-12,217.210007,219.110001,214.460007,215.440002,205.269318,21593900
2020-11-13,216.360001,217.419998,214.160004,216.509995,206.288803,18621100
2020-11-16,214.869995,217.740005,214.520004,217.229996,206.974808,24953300
2020-11-17,216.100006,217.679993,214.080002,214.460007,204.335602,24154100
2020-11-18,213.649994,215.169998,210.929993,211.080002,201.641693,28372800
2020-11-19,211.380005,213.029999,209.929993,212.419998,202.921768,24792700
2020-11-20,212.199997,213.289993,210.000000,210.389999,200.982529,22843100
2020-11-23,210.949997,212.289993,208.160004,210.110001,200.715012,25683500
2020-11-24,209.589996,214.250000,208.860001,213.860001,204.297394,33979700
2020-11-25,215.110001,215.289993,212.460007,213.869995,204.306931,21012900
2020-11-27,214.850006,216.270004,214.039993,215.229996,205.606110,14512200
2020-11-30,214.100006,214.759995,210.839996,214.070007,204.498001,33064800
2020-12-01,214.509995,217.320007,213.350006,216.210007,206.542297,30904500
2020-12-02,214.880005,215.470001,212.800003,215.369995,205.739853,23724500
2020-12-03,214.610001,216.380005,213.649994,214.240005,204.660400,25120900
2020-12-04,214.220001,215.380005,213.179993,214.360001,204.775024,24666000
2020-12-07,214.369995,215.539993,212.990005,214.289993,204.708145,24620000
2020-12-08,213.970001,216.949997,212.889999,216.009995,206.351227,23284100
2020-12-09,215.160004,215.229996,211.210007,211.800003,202.329514,32440600
2020-12-10,211.770004,213.080002,210.360001,210.520004,201.106735,26733300
2020-12-11,210.050003,213.320007,209.110001,213.259995,203.724213,30979400
2020-12-14,213.100006,216.210007,212.880005,214.199997,204.622177,28798400
2020-12-15,215.169998,215.419998,212.240005,214.130005,204.555313,27000600
2020-12-16,214.750000,220.110001,214.720001,219.279999,209.475006,35023300
2020-12-17,219.869995,220.889999,217.919998,219.419998,209.608795,32515800
2020-12-18,218.589996,219.690002,216.020004,218.589996,208.815857,63354900
2020-12-21,217.550003,224.000000,217.279999,222.589996,212.636993,37181900
2020-12-22,222.690002,225.630005,221.850006,223.940002,213.926666,22612200
2020-12-23,223.110001,223.559998,220.800003,221.020004,211.137222,18699600
2020-12-24,221.419998,223.610001,221.199997,222.750000,212.789886,10550600
2020-12-28,224.449997,226.029999,223.020004,224.960007,214.901077,17933500
2020-12-29,226.309998,227.179993,223.580002,224.149994,214.127274,17403200
2020-12-30,225.229996,225.630005,221.470001,221.679993,211.767685,20272300
2020-12-31,221.699997,223.000000,219.679993,222.419998,212.474640,20942100
2021-01-04,222.529999,223.000000,214.809998,217.690002,207.956116,37130100
2021-01-05,217.259995,218.520004,215.699997,217.899994,208.156708,23823000
2021-01-06,212.169998,216.490005,211.940002,212.250000,202.759369,35930700
2021-01-07,214.039993,219.339996,213.710007,218.289993,208.529282,27694500
2021-01-08,218.679993,220.580002,217.029999,219.619995,209.799835,22956200
2021-01-11,218.470001,218.910004,216.729996,217.490005,207.765106,23031300
2021-01-12,216.500000,217.100006,213.320007,214.929993,205.319534,23249300
2021-01-13,214.020004,216.759995,213.929993,216.339996,206.666489,20087100
2021-01-14,215.910004,217.460007,212.740005,213.020004,203.494934,29480800
2021-01-15,213.520004,214.509995,212.029999,212.649994,203.141479,31746500
2021-01-19,213.750000,216.979996,212.630005,216.440002,206.761993,30480900
2021-01-20,217.699997,225.789993,217.289993,224.339996,214.308746,37777300
2021-01-21,224.699997,226.300003,222.419998,224.970001,214.910583,30709400
2021-01-22,227.080002,230.070007,225.800003,225.949997,215.846786,30172700
2021-01-25,229.119995,229.779999,224.220001,229.529999,219.266708,33152100
2021-01-26,231.860001,234.179993,230.080002,232.330002,221.941498,49169600
2021-01-27,238.000000,240.440002,230.139999,232.899994,222.486038,69870600
2021-01-28,235.610001,242.639999,235.089996,238.929993,228.246384,49111200
2021-01-29,235.990005,238.020004,231.350006,231.960007,221.588074,42503100
2021-02-01,235.059998,242.500000,232.429993,239.649994,228.934174,33314200
2021-02-02,241.300003,242.309998,238.690002,239.509995,228.800446,25916300
2021-02-03,239.570007,245.089996,239.259995,243.000000,232.134415,27158100
2021-02-04,242.660004,243.240005,240.369995,242.009995,231.188660,25296100
2021-02-05,242.229996,243.279999,240.419998,242.199997,231.370132,18054800
2021-02-08,243.149994,243.679993,240.809998,242.470001,231.628082,22211900
2021-02-09,241.869995,244.759995,241.380005,243.770004,232.869980,23565000
2021-02-10,245.000000,245.919998,240.889999,242.820007,231.962448,22186700
2021-02-11,244.779999,245.149994,242.149994,244.490005,233.557785,15751100
2021-02-12,243.929993,245.300003,242.729996,244.990005,234.035400,16561100
2021-02-16,245.029999,246.130005,242.919998,243.699997,232.803101,26728500
2021-02-17,241.320007,244.309998,240.940002,244.199997,233.818024,21653500
2021-02-18,241.800003,243.929993,240.860001,243.789993,233.425461,16925600
2021-02-19,243.750000,243.860001,240.179993,240.970001,230.725327,25262600
2021-02-22,237.419998,237.929993,232.399994,234.509995,224.539978,36446900
2021-02-23,230.330002,234.830002,228.729996,233.270004,223.352722,30228700
2021-02-24,230.009995,235.199997,229.000000,234.550003,224.578308,26339700
2021-02-25,232.080002,234.589996,227.880005,228.990005,219.254654,39542200
2021-02-26,231.529999,235.369995,229.539993,232.380005,222.500565,37819200
2021-03-01,235.899994,237.470001,233.149994,236.940002,226.866714,25324000
2021-03-02,237.009995,237.300003,233.449997,233.869995,223.927170,22812500
2021-03-03,232.160004,233.580002,227.259995,227.559998,217.885468,34029500
2021-03-04,226.740005,232.490005,224.259995,226.729996,217.090744,44727800
2021-03-05,229.520004,233.270004,226.460007,231.600006,221.753723,41872800
2021-03-08,231.369995,233.369995,227.130005,227.389999,217.722702,35267400
2021-03-09,232.880005,235.380005,231.669998,233.779999,223.841064,33080500
2021-03-10,237.000000,237.000000,232.039993,232.419998,222.538849,29746800
2021-03-11,234.960007,239.169998,234.309998,237.130005,227.048584,29907600
2021-03-12,234.009995,235.820007,233.229996,235.750000,225.727295,22653700
2021-03-15,234.960007,235.190002,231.809998,234.809998,224.827271,26034900
2021-03-16,236.279999,240.059998,235.940002,237.710007,227.603989,28092200
2021-03-17,236.149994,238.550003,233.229996,237.039993,226.962402,29562100
2021-03-18,232.559998,234.190002,230.330002,230.720001,220.911118,34833000
2021-03-19,231.020004,232.470001,229.350006,230.350006,220.556870,46430700
2021-03-22,230.270004,236.899994,230.139999,235.990005,225.957047,30127000
2021-03-23,237.490005,241.050003,237.070007,237.580002,227.479446,31638400
2021-03-24,237.850006,238.000000,235.320007,235.460007,225.449631,25620100
2021-03-25,235.300003,236.940002,231.570007,232.339996,222.462250,34061900
2021-03-26,231.550003,236.710007,231.550003,236.479996,226.426285,25479900
2021-03-29,236.589996,236.800003,231.880005,235.240005,225.238953,25227500
2021-03-30,233.529999,233.850006,231.100006,231.850006,221.993118,24792000
2021-03-31,232.910004,239.100006,232.389999,235.770004,225.746429,43623500
2021-04-01,238.470001,242.839996,238.050003,242.350006,232.046692,30338000
2021-04-05,242.759995,249.960007,242.699997,249.070007,238.481018,36910600
2021-04-06,247.610001,249.399994,246.880005,247.860001,237.322433,22931900
2021-04-07,247.809998,250.929993,247.190002,249.899994,239.275696,22719800
2021-04-08,252.770004,254.139999,252.000000,253.250000,242.483307,23625200
2021-04-09,252.869995,255.990005,252.440002,255.850006,244.972733,24326800
2021-04-12,254.710007,257.670013,254.619995,255.910004,245.030197,27148700
2021-04-13,257.260010,259.190002,256.829987,258.489990,247.500473,23837500
2021-04-14,257.480011,258.829987,255.160004,255.589996,244.723801,23070900
2021-04-15,257.929993,259.929993,257.730011,259.500000,248.467560,25627500
2021-04-16,259.470001,261.000000,257.600006,260.739990,249.654846,24878600
2021-04-19,260.190002,261.480011,257.820007,258.739990,247.739868,23209300
2021-04-20,257.820007,260.200012,256.839996,258.260010,247.280334,19722900
2021-04-21,258.940002,260.679993,257.250000,260.579987,249.501663,24030400
2021-04-22,260.209991,261.779999,255.639999,257.170013,246.236649,25606200
2021-04-23,257.880005,261.510010,257.269989,261.149994,250.047409,21462600
2021-04-26,261.660004,262.440002,260.170013,261.549988,250.430389,19763300
2021-04-27,261.579987,263.190002,260.119995,261.970001,250.832565,31014200
2021-04-28,256.079987,256.540009,252.949997,254.559998,243.737579,46903100
2021-04-29,255.460007,256.100006,249.000000,252.509995,241.774750,40589000
2021-04-30,249.740005,253.080002,249.600006,252.179993,241.458771,30945100
2021-05-03,253.399994,254.350006,251.119995,251.860001,241.152420,19626600
2021-05-04,250.970001,251.210007,245.759995,247.789993,237.255447,32756100
2021-05-05,249.059998,249.500000,245.820007,246.470001,235.991562,21901300
2021-05-06,246.449997,249.860001,244.690002,249.729996,239.112915,26491100
2021-05-07,252.149994,254.300003,251.169998,252.460007,241.726852,27032900
2021-05-10,250.869995,251.729996,247.119995,247.179993,236.671295,29299900
2021-05-11,244.550003,246.600006,242.570007,246.229996,235.761734,33641600
2021-05-12,242.169998,244.380005,238.070007,239.000000,228.839157,36684400
2021-05-13,241.800003,245.600006,241.419998,243.029999,232.697769,29624300
2021-05-14,245.580002,249.179993,245.490005,248.149994,237.600082,23901100
2021-05-17,246.550003,246.589996,243.520004,245.179993,234.756348,24970200
2021-05-18,246.270004,246.410004,242.899994,243.080002,232.745636,20168000
2021-05-19,239.309998,243.229996,238.600006,243.119995,233.321472,25739800
2021-05-20,243.960007,247.949997,243.860001,246.479996,236.546036,21800700
2021-05-21,247.570007,248.330002,244.740005,245.169998,235.288879,21863100
2021-05-24,247.789993,251.160004,247.509995,250.779999,240.672729,21411500
2021-05-25,251.770004,252.750000,250.820007,251.720001,241.574844,17704300
2021-05-26,251.429993,252.940002,250.750000,251.490005,241.354156,17771600
2021-05-27,251.169998,251.479996,249.250000,249.309998,239.262009,24426200
2021-05-28,251.000000,252.080002,249.559998,249.679993,239.617050,18270200
2021-06-01,251.229996,251.289993,246.960007,247.399994,237.428955,23213300
2021-06-02,248.130005,249.270004,245.839996,247.300003,237.333008,19406700
2021-06-03,245.220001,246.339996,243.000000,245.710007,235.807098,25307700
2021-06-04,247.759995,251.649994,247.509995,250.789993,240.682343,25281100
2021-06-07,249.979996,254.089996,249.809998,253.809998,243.580643,23079200
2021-06-08,255.160004,256.010010,252.509995,252.570007,242.390640,22455000
2021-06-09,253.809998,255.529999,253.210007,253.589996,243.369507,17937600
2021-06-10,254.289993,257.459991,253.669998,257.239990,246.872406,24563600
2021-06-11,257.989990,258.489990,256.609985,257.890015,247.496246,18999700
2021-06-14,257.899994,259.950012,256.799988,259.890015,249.415604,19150500
2021-06-15,259.769989,259.989990,257.679993,258.359985,247.947220,18038900
2021-06-16,259.399994,260.579987,254.419998,257.380005,247.006744,27220000
2021-06-17,256.070007,261.750000,256.010010,260.899994,250.384857,27565500
2021-06-18,259.630005,262.299988,258.750000,259.429993,248.974152,37202200
2021-06-21,259.820007,263.519989,257.920013,262.630005,252.045151,26696100
2021-06-22,262.720001,265.790009,262.399994,265.510010,254.809128,24694100
2021-06-23,265.989990,266.829987,264.429993,265.269989,254.578705,19518700
2021-06-24,266.160004,267.850006,265.470001,266.690002,255.941559,21446900
2021-06-25,266.230011,267.250000,264.760010,265.019989,254.338837,25611100
2021-06-28,266.190002,268.899994,265.910004,268.720001,257.889740,19590000
2021-06-29,268.869995,271.649994,267.980011,271.399994,260.461670,19937800
2021-06-30,270.690002,271.359985,269.600006,270.899994,259.981873,21656500
2021-07-01,269.609985,271.839996,269.600006,271.600006,260.653656,16725300
2021-07-02,272.820007,278.000000,272.500000,277.649994,266.459778,26458000
2021-07-06,278.029999,279.369995,274.299988,277.660004,266.469360,31565600
2021-07-07,279.399994,280.690002,277.149994,279.929993,268.647888,23260000
2021-07-08,276.899994,278.730011,274.869995,277.420013,266.239044,24618600
2021-07-09,275.720001,278.049988,275.320007,277.940002,266.738098,23916700
2021-07-12,279.160004,279.769989,276.579987,277.320007,266.143036,18931700
2021-07-13,277.519989,282.850006,277.390015,280.980011,269.655548,26120100
2021-07-14,282.350006,283.660004,280.549988,282.510010,271.123932,23113700
2021-07-15,282.000000,282.510010,279.829987,281.029999,269.703522,22604200
2021-07-16,282.070007,284.100006,279.459991,280.750000,269.434906,26186800
2021-07-19,278.929993,280.369995,274.450012,277.010010,265.845612,32935600
2021-07-20,278.029999,280.970001,276.260010,279.320007,268.062469,26259700
2021-07-21,278.899994,281.519989,277.290009,281.399994,270.058563,24364300
2021-07-22,283.839996,286.420013,283.420013,286.140015,274.607666,23384100
2021-07-23,287.369995,289.989990,286.500000,289.670013,277.995300,22768100
2021-07-26,289.000000,289.690002,286.640015,289.049988,277.400238,23176100
2021-07-27,289.429993,289.579987,282.950012,286.540009,274.991455,33604100
2021-07-28,288.989990,290.149994,283.829987,286.220001,274.684387,33566900
2021-07-29,286.239990,288.619995,286.079987,286.500000,274.953064,18168300
2021-07-30,285.170013,286.660004,283.910004,284.910004,273.427246,20944800
2021-08-02,286.359985,286.769989,283.739990,284.820007,273.340820,16267400
2021-08-03,285.420013,287.230011,284.000000,287.119995,275.548126,17879000
2021-08-04,286.220001,287.589996,284.649994,286.510010,274.962738,16191300
2021-08-05,286.880005,289.630005,286.100006,289.519989,277.851379,13900200
2021-08-06,288.510010,289.500000,287.619995,289.459991,277.793854,16589300
2021-08-09,289.750000,291.549988,287.809998,288.329987,276.709412,16117600
2021-08-10,288.799988,289.250000,285.200012,286.440002,274.895569,18616600
2021-08-11,287.209991,288.660004,285.859985,286.950012,275.385010,13955900
2021-08-12,286.630005,289.970001,286.339996,289.809998,278.129700,14561300
2021-08-13,289.480011,292.899994,289.299988,292.850006,281.047150,18249000
2021-08-16,293.190002,294.820007,290.019989,294.600006,282.726624,22507600
2021-08-17,292.390015,293.429993,291.079987,293.079987,281.267944,20075300
2021-08-18,292.040009,294.820007,290.269989,290.730011,279.546814,21813000
2021-08-19,288.690002,297.470001,288.640015,296.769989,285.354431,29850500
2021-08-20,299.720001,305.839996,298.059998,304.359985,292.652435,40817600
2021-08-23,303.250000,305.399994,301.850006,304.649994,292.931335,22830200
2021-08-24,305.019989,305.649994,302.000000,302.619995,290.979370,18175800
2021-08-25,304.299988,304.589996,300.420013,302.010010,290.392853,20006100
2021-08-26,300.989990,302.429993,298.950012,299.089996,287.585144,17666100
2021-08-27,298.989990,300.869995,296.829987,299.720001,288.190918,22605700
2021-08-30,301.119995,304.220001,301.059998,303.589996,291.912048,16348100
2021-08-31,304.420013,304.500000,301.500000,301.880005,290.267822,26285300
2021-09-01,302.869995,305.190002,301.489990,301.829987,290.219757,18983800
2021-09-02,302.200012,303.359985,300.179993,301.149994,289.565948,16285600
2021-09-03,300.989990,302.600006,300.260010,301.140015,289.556305,14747900
2021-09-07,301.010010,301.089996,298.200012,300.179993,288.633240,17180400
2021-09-08,299.779999,300.609985,297.470001,300.209991,288.662109,15046800
2021-09-09,300.820007,302.140015,297.000000,297.250000,285.815948,19927000
2021-09-10,298.420013,299.920013,295.380005,295.709991,284.335144,19633400
2021-09-13,297.549988,298.540009,294.079987,296.989990,285.565918,23652900
2021-09-14,299.559998,301.390015,298.100006,299.790009,288.258331,21853400
2021-09-15,303.260010,305.320007,301.820007,304.820007,293.094788,28356300
2021-09-16,303.760010,305.309998,300.760010,305.220001,293.479370,19550800
2021-09-17,304.170013,304.500000,299.529999,299.869995,288.335144,41372500
2021-09-20,296.329987,298.720001,289.519989,294.299988,282.979370,38278700
2021-09-21,295.690002,297.540009,294.070007,294.799988,283.460236,22364100
2021-09-22,296.730011,300.220001,294.510010,298.579987,287.094849,26626300
2021-09-23,298.850006,300.899994,297.529999,299.559998,288.037109,18604600
2021-09-24,298.230011,299.799988,296.929993,299.350006,287.835144,14999000
2021-09-27,296.140015,296.470001,292.940002,294.170013,282.854492,23571700
2021-09-28,289.799988,290.779999,282.750000,283.519989,272.614136,43186200
2021-09-29,285.100006,286.769989,283.010010,284.000000,273.075684,26353700
2021-09-30,285.709991,287.829987,281.619995,281.920013,271.075714,32343600
2021-10-01,282.119995,289.980011,281.290009,289.100006,277.979492,30086300
2021-10-04,287.399994,287.750000,280.250000,283.109985,272.219818,31350700
2021-10-05,284.049988,290.399994,284.049988,288.760010,277.652557,24993000
2021-10-06,285.779999,293.630005,285.510010,293.109985,281.835236,28002600
2021-10-07,295.179993,296.640015,293.920013,294.850006,283.508270,20430500
2021-10-08,296.220001,296.640015,293.760010,294.850006,283.508270,17685700
2021-10-11,292.920013,297.970001,292.750000,294.230011,282.912201,19298600
2021-10-12,295.339996,295.440002,292.350006,292.880005,281.614044,17974100
2021-10-13,294.910004,297.279999,293.489990,296.309998,284.912109,23416300
2021-10-14,299.209991,303.269989,297.829987,302.750000,291.104431,27262900
2021-10-15,302.339996,304.450012,300.519989,304.209991,292.508209,25384800
2021-10-18,303.570007,308.209991,302.690002,307.290009,295.469818,22729300
2021-10-19,308.350006,309.299988,307.220001,308.230011,296.373657,17682100
2021-10-20,309.209991,309.700012,306.109985,307.410004,295.585144,16537100
2021-10-21,307.170013,311.019989,306.359985,310.760010,298.806335,16918100
2021-10-22,310.399994,311.089996,307.799988,309.160004,297.267853,17449300
2021-10-25,309.359985,309.399994,306.459991,308.130005,296.277496,17554500
2021-10-26,311.000000,312.399994,308.600006,310.109985,298.181305,28107300
2021-10-27,316.000000,326.100006,316.000000,323.170013,310.738983,52588700
2021-10-28,324.329987,324.869995,321.359985,324.350006,311.873566,26297900
2021-10-29,324.130005,332.000000,323.899994,331.619995,318.863861,34766000
2021-11-01,331.359985,331.489990,326.369995,329.369995,316.700500,27073200
2021-11-02,330.309998,333.450012,330.000000,333.130005,320.315796,26487100
2021-11-03,333.899994,334.899994,330.649994,334.000000,321.152405,21500100
2021-11-04,332.890015,336.540009,329.510010,336.440002,323.498474,23992200
2021-11-05,338.510010,338.790009,334.420013,336.059998,323.133087,22570100
2021-11-08,337.299988,337.649994,334.440002,336.989990,324.027344,20897000
2021-11-09,337.109985,338.720001,334.529999,335.950012,323.027344,21307400
2021-11-10,334.570007,334.630005,329.920013,330.799988,318.075439,25500900
2021-11-11,331.250000,333.769989,330.510010,332.429993,319.642731,16849800
2021-11-12,333.920013,337.230011,333.790009,336.720001,323.767670,23831000
2021-11-15,337.540009,337.880005,334.029999,336.070007,323.142700,16723000
2021-11-16,335.679993,340.670013,335.510010,339.510010,326.450470,20886800
2021-11-17,338.940002,342.190002,338.000000,339.119995,326.671997,19053400
2021-11-18,338.179993,342.450012,337.119995,341.269989,328.743011,22463500
2021-11-19,342.640015,345.100006,342.200012,343.109985,330.515472,21963400
2021-11-22,344.619995,349.670013,339.549988,339.829987,327.355896,31031100
2021-11-23,337.049988,339.450012,333.559998,337.679993,325.284790,30427600
2021-11-24,336.279999,338.160004,333.910004,337.910004,325.506409,21661300
2021-11-26,334.350006,337.929993,328.119995,329.679993,317.578461,24217200
2021-11-29,334.940002,339.029999,334.739990,336.630005,324.273376,28563500
2021-11-30,335.320007,337.779999,328.989990,330.589996,318.454987,42885600
2021-12-01,335.130005,339.279999,329.390015,330.079987,317.963806,33337600
2021-12-02,330.299988,333.489990,327.799988,329.489990,317.395477,30766000
2021-12-03,331.989990,332.700012,318.029999,323.010010,311.153259,41779300
2021-12-06,323.950012,327.450012,319.230011,326.190002,314.216614,30032600
2021-12-07,331.640015,335.799988,330.100006,334.920013,322.626129,31021900
2021-12-08,335.309998,335.500000,330.799988,334.970001,322.674347,24761000
2021-12-09,334.410004,336.489990,332.119995,333.100006,320.872925,22214200
2021-12-10,334.980011,343.000000,334.790009,342.540009,329.966400,38095700
2021-12-13,340.679993,343.790009,339.079987,339.399994,326.941681,28899400
2021-12-14,333.220001,334.640015,324.109985,328.339996,316.287628,44438700
2021-12-15,328.609985,335.190002,324.500000,334.649994,322.366058,35381100
2021-12-16,335.709991,336.760010,323.019989,324.899994,312.973938,35034800
2021-12-17,320.880005,324.920013,317.250000,323.799988,311.914276,47750300
2021-12-20,320.049988,322.799988,317.570007,319.910004,308.167023,28326500
2021-12-21,323.290009,327.730011,319.799988,327.290009,315.276215,24740600
2021-12-22,328.299988,333.609985,325.750000,333.200012,320.969208,24831500
2021-12-23,332.750000,336.390015,332.730011,334.690002,322.404572,19617800
2021-12-27,335.459991,342.480011,335.429993,342.450012,329.879761,19947000
2021-12-28,343.149994,343.809998,340.320007,341.250000,328.723694,15661500
2021-12-29,341.299988,344.299988,339.679993,341.950012,329.398102,15042000
2021-12-30,341.910004,343.130005,338.820007,339.320007,326.864624,15994500
2021-12-31,338.510010,339.359985,335.850006,336.320007,323.974701,18000800
2022-01-03,335.350006,338.000000,329.779999,334.750000,322.462402,28865100
2022-01-04,334.829987,335.200012,326.119995,329.010010,316.933075,32674300
2022-01-05,325.859985,326.070007,315.980011,316.380005,304.766724,40054300
2022-01-06,313.149994,318.700012,311.489990,313.880005,302.358459,39646100
2022-01-07,314.149994,316.500000,310.089996,314.040009,302.512543,32720000
2022-01-10,309.489990,314.720001,304.690002,314.269989,302.734131,44289500
2022-01-11,313.380005,316.609985,309.890015,314.980011,303.418060,29386800
2022-01-12,319.670013,323.410004,317.079987,318.269989,306.587250,34372200
2022-01-13,320.470001,320.880005,304.000000,304.799988,293.611786,45366000
2022-01-14,304.250000,310.820007,303.750000,310.200012,298.813507,39846400
2022-01-18,304.070007,309.799988,301.739990,302.649994,291.540710,42333200
2022-01-19,306.290009,313.910004,302.700012,303.329987,292.195679,45933900
2022-01-20,309.070007,311.649994,301.140015,301.600006,290.529205,35380700
2022-01-21,302.690002,304.109985,295.609985,296.029999,285.163635,57984400
2022-01-24,292.200012,297.109985,276.049988,296.369995,285.491272,85731500
2022-01-25,291.519989,294.989990,285.170013,288.489990,277.900421,72848600
2022-01-26,307.989990,308.500000,293.029999,296.709991,285.818665,90428900
2022-01-27,302.660004,307.299988,297.929993,299.839996,288.833801,53481300
2022-01-28,300.230011,308.480011,294.450012,308.260010,296.944824,49743700
2022-01-31,308.950012,312.380005,306.369995,310.980011,299.564911,46444500
2022-02-01,310.410004,310.630005,305.130005,308.760010,297.426300,40950400
2022-02-02,309.630005,315.119995,308.880005,313.459991,301.953827,36636000
2022-02-03,309.489990,311.230011,299.959991,301.250000,290.192017,43730000
2022-02-04,300.209991,308.799988,299.970001,305.940002,294.709869,35096500
2022-02-07,306.170013,307.839996,299.899994,300.950012,289.903015,28533300
2022-02-08,301.250000,305.559998,299.950012,304.559998,293.380554,32421200
2022-02-09,309.869995,311.929993,307.390015,311.209991,299.786469,31284700
2022-02-10,304.040009,309.119995,300.700012,302.380005,291.280609,45386200
2022-02-11,303.190002,304.290009,294.220001,295.040009,284.209991,39175600
2022-02-14,293.769989,296.760010,291.350006,295.000000,284.171417,36359500
2022-02-15,300.010010,300.799988,297.019989,300.470001,289.440674,27058300
2022-02-16,298.369995,300.869995,293.679993,299.500000,289.102844,29982100
2022-02-17,296.359985,296.799988,290.000000,290.730011,280.637329,32461600
2022-02-18,293.049988,293.859985,286.309998,287.929993,277.934509,34264000
2022-02-22,285.000000,291.540009,284.500000,287.720001,277.731812,41736100
2022-02-23,290.179993,291.700012,280.100006,280.269989,270.540405,37811200
2022-02-24,272.510010,295.160004,271.519989,294.589996,284.363342,56989700
2022-02-25,295.140015,297.630005,291.649994,297.309998,286.988892,32546700
2022-02-28,294.309998,299.140015,293.000000,298.790009,288.417480,34627500
2022-03-01,296.399994,299.970001,292.149994,294.950012,284.710815,31217800
2022-03-02,295.359985,301.470001,293.700012,300.190002,289.768921,31873000
2022-03-03,302.890015,303.130005,294.049988,295.920013,285.647034,27314500
2022-03-04,294.290009,295.660004,287.170013,289.859985,279.797394,32356500
2022-03-07,288.529999,289.690002,278.529999,278.910004,269.227600,43157200
2022-03-08,277.799988,283.959991,270.000000,275.850006,266.273865,48159500
2022-03-09,283.440002,289.600006,280.779999,288.500000,278.484650,35204500
2022-03-10,283.019989,286.600006,280.579987,285.589996,275.675690,30628000
2022-03-11,287.959991,289.510010,279.429993,280.070007,270.347351,27209300
2022-03-14,280.339996,285.399994,275.820007,276.440002,266.843384,30660700
2022-03-15,280.350006,287.820007,278.730011,287.149994,277.181580,34245100
2022-03-16,289.109985,294.570007,283.200012,294.390015,284.170319,37826300
2022-03-17,293.290009,295.609985,289.369995,295.220001,284.971436,30816600
2022-03-18,295.369995,301.000000,292.730011,300.429993,290.000549,43390600
2022-03-21,298.890015,300.140015,294.899994,299.160004,288.774658,28351200
2022-03-22,299.799988,305.000000,298.769989,304.059998,293.504486,27599700
2022-03-23,300.510010,303.230011,297.720001,299.489990,289.093170,25715400
2022-03-24,299.140015,304.200012,298.320007,304.100006,293.543091,24484500
2022-03-25,305.230011,305.500000,299.290009,303.679993,293.137787,22566500
2022-03-28,304.329987,310.799988,304.329987,310.700012,299.914032,29578200
2022-03-29,313.910004,315.820007,309.049988,315.410004,304.460480,30393400
2022-03-30,313.760010,315.950012,311.579987,313.859985,302.964325,28163600
2022-03-31,313.899994,315.140015,307.890015,308.309998,297.606995,33422100
2022-04-01,309.369995,310.130005,305.540009,309.420013,298.678467,27110500
2022-04-04,310.089996,315.109985,309.709991,314.970001,304.035797,24289600
2022-04-05,313.269989,314.869995,309.869995,310.880005,300.087799,23156700
2022-04-06,305.190002,307.000000,296.709991,299.500000,289.102844,40110400
2022-04-07,296.660004,303.649994,296.350006,301.369995,290.907959,31411200
2022-04-08,300.440002,301.119995,296.279999,296.970001,286.660706,24361900
2022-04-11,291.790009,292.609985,285.000000,285.260010,275.357208,34569300
2022-04-12,289.239990,290.739990,280.489990,282.059998,272.268280,30966700
2022-04-13,282.730011,288.579987,281.299988,287.619995,277.635254,21907200
2022-04-14,288.089996,288.309998,279.320007,279.829987,270.115662,28221600
2022-04-18,278.910004,282.459991,278.339996,280.519989,270.781708,20778000
2022-04-19,279.380005,286.170013,278.410004,285.299988,275.395752,22297700
2022-04-20,289.399994,289.700012,285.369995,286.359985,276.418976,22906700
2022-04-21,288.579987,293.299988,280.059998,280.809998,271.061707,29454600
2022-04-22,281.679993,283.200012,273.380005,274.029999,264.517090,29405800
2022-04-25,273.290009,281.109985,270.769989,280.720001,270.974823,35678900
2022-04-26,277.500000,278.359985,270.000000,270.220001,260.839294,46518400
2022-04-27,282.100006,290.970001,279.160004,283.220001,273.388031,63477700
2022-04-28,285.190002,290.980011,281.459991,289.630005,279.575470,33646600
2022-04-29,288.609985,289.880005,276.500000,277.519989,267.885773,37073900
2022-05-02,277.709991,284.940002,276.220001,284.470001,274.594666,35151100
2022-05-03,283.959991,284.130005,280.149994,281.779999,271.998047,25978600
2022-05-04,282.589996,290.880005,276.730011,289.980011,279.913330,33599300
2022-05-05,285.540009,286.350006,274.339996,277.350006,267.721832,43260400
2022-05-06,274.809998,279.250000,271.269989,274.730011,265.192749,37780300
2022-05-09,270.059998,272.359985,263.320007,264.579987,255.395096,47726000
2022-05-10,271.690002,273.750000,265.070007,269.500000,260.144287,39336400
2022-05-11,265.679993,271.359985,259.299988,260.549988,251.504959,48975900
2022-05-12,257.690002,259.880005,250.020004,255.350006,246.485489,51033800
2022-05-13,257.350006,263.040009,255.350006,261.119995,252.055130,34925100
2022-05-16,259.959991,265.820007,255.779999,261.500000,252.422028,32550900
2022-05-17,266.109985,268.329987,262.459991,266.820007,257.557373,28828800
2022-05-18,263.000000,263.600006,252.770004,254.080002,245.830826,31356000
2022-05-19,253.899994,257.670013,251.880005,253.139999,244.921356,32692300
2022-05-20,257.239990,258.540009,246.440002,252.559998,244.360199,39199300
2022-05-23,255.490005,261.500000,253.429993,260.649994,252.187485,33175400
2022-05-24,257.890015,261.329987,253.500000,259.619995,251.190979,29043900
2022-05-25,258.140015,264.579987,257.130005,262.519989,253.996826,28547900
2022-05-26,262.269989,267.109985,261.429993,265.899994,257.267090,25002100
2022-05-27,268.480011,273.339996,267.559998,273.239990,264.368713,26910800
2022-05-31,272.529999,274.769989,268.929993,271.869995,263.043274,37827700
2022-06-01,275.200012,277.690002,270.040009,272.420013,263.575439,25292200
2022-06-02,264.450012,274.649994,261.600006,274.579987,265.665283,44008200
2022-06-03,270.309998,273.450012,268.410004,270.019989,261.253296,28059000
2022-06-06,272.059998,274.179993,267.220001,268.750000,260.024445,22400300
2022-06-07,266.640015,273.130005,265.940002,272.500000,263.652802,22860700
2022-06-08,271.709991,273.000000,269.609985,270.410004,261.630646,17372300
2022-06-09,267.779999,272.709991,264.630005,264.790009,256.193115,26439700
2022-06-10,260.579987,260.579987,252.529999,252.990005,244.776260,31422800
2022-06-13,245.110001,249.020004,241.529999,242.259995,234.394608,46135800
2022-06-14,243.860001,245.740005,241.509995,244.490005,236.552185,28651500
2022-06-15,248.309998,255.300003,246.419998,251.759995,243.586136,33111700
2022-06-16,245.979996,247.419998,243.020004,244.970001,237.016556,33169200
2022-06-17,244.699997,250.500000,244.029999,247.649994,239.609589,43084800
2022-06-21,250.259995,254.750000,249.509995,253.740005,245.501877,29928300
2022-06-22,251.889999,257.170013,250.369995,253.130005,244.911697,25939900
2022-06-23,255.570007,259.369995,253.630005,258.859985,250.455612,25861400
2022-06-24,261.809998,267.980011,261.720001,267.700012,259.008606,33923200
2022-06-27,268.209991,268.299988,263.279999,264.890015,256.289917,24615100
2022-06-28,263.980011,266.910004,256.320007,256.480011,248.152939,27295500
2022-06-29,257.589996,261.970001,255.759995,260.260010,251.810242,20069800
2022-06-30,257.049988,259.529999,252.899994,256.829987,248.491547,31730900
2022-07-01,256.390015,259.769989,254.610001,259.579987,251.152252,22837700
2022-07-05,256.160004,262.980011,254.740005,262.850006,254.316071,22941000
2022-07-06,263.750000,267.989990,262.399994,266.209991,257.566986,23824400
2022-07-07,265.119995,269.059998,265.019989,268.399994,259.685944,20859900
2022-07-08,264.790009,268.100006,263.290009,267.660004,258.969910,19658800
2022-07-11,265.649994,266.529999,262.179993,264.510010,255.922241,19455200
2022-07-12,265.880005,265.940002,252.039993,253.669998,245.434113,35868500
2022-07-13,250.190002,253.550003,248.110001,252.720001,244.514969,29497400
2022-07-14,250.570007,255.139999,245.940002,254.080002,245.830826,25102800
2022-07-15,255.720001,260.369995,254.770004,256.720001,248.385147,29774100
2022-07-18,259.750000,260.839996,253.300003,254.250000,245.995270,20975000
2022-07-19,257.579987,259.720001,253.679993,259.529999,251.103912,25012600
2022-07-20,259.899994,264.869995,258.910004,262.269989,253.754868,22788300
2022-07-21,259.790009,264.890015,257.029999,264.839996,256.241394,22404700
2022-07-22,265.239990,265.329987,259.070007,260.359985,251.906921,21881300
2022-07-25,261.000000,261.500000,256.809998,258.829987,250.426575,21056000
2022-07-26,259.859985,259.880005,249.570007,251.899994,243.721588,39348000
2022-07-27,261.160004,270.049988,258.850006,268.739990,260.014893,45994000
2022-07-28,269.750000,277.839996,267.869995,276.410004,267.435852,33459300
2022-07-29,277.700012,282.000000,276.630005,280.739990,271.625305,32152800
2022-08-01,277.820007,281.279999,275.839996,278.010010,268.983887,21539600
2022-08-02,276.000000,277.890015,272.380005,274.820007,265.897491,22754200
2022-08-03,276.760010,283.500000,276.609985,282.470001,273.299164,23518900
2022-08-04,281.799988,283.799988,280.170013,283.649994,274.440826,18098700
2022-08-05,279.149994,283.649994,278.679993,282.910004,273.724854,16774600
2022-08-08,284.049988,285.920013,279.320007,280.320007,271.218903,18739200
2022-08-09,279.640015,283.079987,277.609985,282.299988,273.134644,23405200
2022-08-10,288.170013,289.809998,286.940002,289.160004,279.771912,24687800
2022-08-11,290.850006,291.209991,286.510010,287.019989,277.701385,20065900
2022-08-12,288.480011,291.910004,286.940002,291.910004,282.432556,22619700
2022-08-15,291.000000,294.179993,290.109985,293.470001,283.942047,18085700
2022-08-16,291.989990,294.040009,290.420013,292.709991,283.206604,18102900
2022-08-17,289.739990,293.350006,289.470001,291.320007,282.460022,18253400
2022-08-18,290.190002,291.910004,289.079987,290.170013,281.345032,17186200
2022-08-19,288.899994,289.250000,285.559998,286.149994,277.447296,20570000
2022-08-22,282.079987,282.459991,277.220001,277.750000,269.302734,25061100
2022-08-23,276.440002,278.859985,275.399994,276.440002,268.032623,17527400
2022-08-24,275.410004,277.230011,275.109985,275.790009,267.402374,18137000
2022-08-25,277.329987,279.019989,274.519989,278.850006,270.369263,16583400
2022-08-26,279.079987,280.339996,267.980011,268.089996,259.936523,27549300
2022-08-29,265.850006,267.399994,263.850006,265.230011,257.163513,20338500
2022-08-30,266.670013,267.049988,260.660004,262.970001,254.972260,22767100
2022-08-31,265.390015,267.109985,261.329987,261.470001,253.517899,24791800
2022-09-01,258.869995,260.890015,255.410004,260.399994,252.480423,23263400
2022-09-02,261.700012,264.739990,254.470001,256.059998,248.272415,22855400
2022-09-06,256.200012,257.829987,251.940002,253.250000,245.547852,21328200
2022-09-07,254.699997,258.829987,253.220001,258.089996,250.240662,24126700
2022-09-08,257.510010,260.429993,254.789993,258.519989,250.657578,20319900
2022-09-09,260.500000,265.230011,260.290009,264.459991,256.416931,22084700
2022-09-12,265.779999,267.450012,265.160004,266.649994,258.540283,18747700
2022-09-13,258.839996,260.399994,251.589996,251.990005,244.326187,33353300
2022-09-14,253.529999,254.229996,249.860001,252.220001,244.549210,23913000
2022-09-15,249.770004,251.399994,244.020004,245.380005,237.917236,31530900
2022-09-16,244.259995,245.300003,242.059998,244.740005,237.296692,39791800
2022-09-19,242.470001,245.139999,240.850006,244.520004,237.083405,26826900
2022-09-20,242.070007,243.509995,239.639999,242.449997,235.076340,26660300
2022-09-21,244.270004,247.660004,238.899994,238.949997,231.682785,28625600
2022-09-22,237.869995,243.860001,237.570007,240.979996,233.651047,31061200
2022-09-23,239.539993,241.130005,235.199997,237.919998,230.684113,34176000
2022-09-26,237.050003,241.449997,236.899994,237.449997,230.228378,27694200
2022-09-27,239.979996,241.800003,234.500000,236.410004,229.220032,27018700
2022-09-28,236.809998,242.330002,234.729996,241.070007,233.738312,29029700
2022-09-29,238.889999,239.949997,234.410004,237.500000,230.276886,27484200
2022-09-30,238.289993,240.539993,232.729996,232.899994,225.816772,35694800
2022-10-03,235.410004,241.610001,234.660004,240.740005,233.418335,28880400
2022-10-04,245.089996,250.360001,244.979996,248.880005,241.310745,34888400
2022-10-05,245.990005,250.580002,244.100006,249.199997,241.621048,20347100
2022-10-06,247.929993,250.339996,246.080002,246.789993,239.284317,20239900
2022-10-07,240.899994,241.320007,233.169998,234.240005,227.116043,37769600
2022-10-10,233.050003,234.559998,226.729996,229.250000,222.277771,29743600
2022-10-11,227.619995,229.059998,224.110001,225.410004,218.554581,30474000
2022-10-12,225.399994,227.860001,223.960007,225.750000,218.884232,21903900
2022-10-13,219.850006,236.100006,219.130005,234.240005,227.116043,42551800
2022-10-14,235.539993,237.240005,228.339996,228.559998,221.608795,30198600
2022-10-17,235.820007,238.960007,235.139999,237.529999,230.305969,28142300
2022-10-18,243.240005,243.929993,235.369995,238.500000,231.246460,26329600
2022-10-19,237.039993,239.610001,234.289993,236.479996,229.287888,19985700
2022-10-20,235.770004,241.309998,234.869995,236.149994,228.967926,21811000
2022-10-21,234.740005,243.000000,234.500000,242.119995,234.756348,26299700
2022-10-24,243.759995,247.839996,241.300003,247.250000,239.730377,24911200
2022-10-25,247.259995,251.039993,245.830002,250.660004,243.036652,34775500
2022-10-26,231.169998,238.300003,230.059998,231.320007,224.284836,82543200
2022-10-27,231.039993,233.690002,225.779999,226.750000,219.853821,40424600
2022-10-28,226.240005,236.600006,226.050003,235.869995,228.696442,40647700
2022-10-31,233.759995,234.919998,231.149994,232.130005,225.070206,28357300
2022-11-01,234.600006,235.740005,227.330002,228.169998,221.230637,30592300
2022-11-02,229.460007,231.300003,220.039993,220.100006,213.406082,38407000
2022-11-03,220.089996,220.410004,213.979996,214.250000,207.733994,36633900
2022-11-04,217.550003,221.589996,213.429993,221.389999,214.656845,36789100
2022-11-07,221.990005,228.410004,221.279999,227.869995,220.939743,33498000
2022-11-08,228.699997,231.649994,225.839996,228.869995,221.909332,28192500
2022-11-09,227.369995,228.630005,224.330002,224.509995,217.681946,27852900
2022-11-10,235.429993,243.330002,235.000000,242.979996,235.590195,46268000
2022-11-11,242.990005,247.990005,241.929993,247.110001,239.594589,34620200
2022-11-14,241.990005,243.910004,239.210007,241.550003,234.203674,31123300
2022-11-15,245.660004,247.000000,240.029999,241.970001,234.610947,31390100
2022-11-16,242.789993,243.800003,240.419998,241.729996,235.038712,24093300
2022-11-17,237.779999,243.250000,237.630005,241.679993,234.990143,23123500
2022-11-18,243.509995,243.740005,239.029999,241.220001,234.542862,27613500
2022-11-21,241.429993,244.669998,241.190002,242.050003,235.349884,26394700
2022-11-22,243.589996,245.309998,240.710007,245.029999,238.247406,19665700
2022-11-23,245.110001,248.279999,244.270004,247.580002,240.726807,19508500
2022-11-25,247.309998,248.699997,246.729996,247.490005,240.639297,9200800
2022-11-28,246.080002,246.649994,240.800003,241.759995,235.067886,24778200
2022-11-29,241.399994,242.789993,238.210007,240.330002,233.677536,17956300
2022-11-30,240.570007,255.330002,239.860001,255.139999,248.077560,47594200
2022-12-01,253.869995,256.119995,250.919998,254.690002,247.639999,26041500
2022-12-02,249.820007,256.059998,249.690002,255.020004,247.960892,21528500
2022-12-05,252.009995,253.820007,248.059998,250.199997,243.274307,23435300
2022-12-06,250.820007,251.860001,243.779999,245.119995,238.334900,22463700
2022-12-07,244.830002,246.160004,242.210007,244.369995,237.605682,20481500
2022-12-08,244.839996,248.740005,243.059998,247.399994,240.551804,22611800
2022-12-09,244.699997,248.309998,244.160004,245.419998,238.626633,20609700
2022-12-12,247.449997,252.539993,247.169998,252.509995,245.520355,30665100
2022-12-13,261.690002,263.920013,253.070007,256.920013,249.808289,42196900
2022-12-14,257.130005,262.589996,254.309998,257.220001,250.099976,35410900
2022-12-15,253.720001,254.199997,247.339996,249.009995,242.117218,35560400
2022-12-16,248.550003,249.839996,243.509995,244.690002,237.916855,86102000
2022-12-19,244.860001,245.210007,238.710007,240.449997,233.794174,29696400
2022-12-20,239.399994,242.910004,238.419998,241.800003,235.106827,25150800
2022-12-21,241.690002,245.619995,240.110001,244.429993,237.664017,23690600
2022-12-22,241.259995,241.990005,233.869995,238.190002,231.596771,28651700
2022-12-23,236.110001,238.869995,233.940002,238.729996,232.121796,21207000
2022-12-27,238.699997,238.929993,235.830002,236.960007,230.400772,16688600
2022-12-28,236.889999,239.720001,234.169998,234.529999,228.038055,17457100
2022-12-29,235.649994,241.919998,235.649994,241.009995,234.338684,19770700
2022-12-30,238.210007,239.960007,236.660004,239.820007,233.181625,21938500
2023-01-03,243.080002,245.750000,237.399994,239.580002,232.948242,25740000
2023-01-04,232.279999,232.869995,225.960007,229.100006,222.758347,50623400
2023-01-05,227.199997,227.550003,221.759995,222.309998,216.156311,39585600
2023-01-06,223.000000,225.759995,219.350006,224.929993,218.703796,43613600
2023-01-09,226.449997,231.240005,226.410004,227.119995,220.833160,27369800
2023-01-10,227.759995,231.309998,227.330002,228.850006,222.515320,27033900
2023-01-11,231.289993,235.949997,231.110001,235.770004,229.243729,28669300
2023-01-12,235.259995,239.899994,233.559998,238.509995,231.907867,27269500
2023-01-13,237.000000,239.369995,234.919998,239.229996,232.607956,21333300
2023-01-17,237.970001,240.910004,237.089996,240.350006,233.696960,29831300
2023-01-18,241.570007,242.380005,235.520004,235.809998,229.282608,30028700
2023-01-19,233.779999,235.520004,230.679993,231.929993,225.509995,28623000
2023-01-20,234.860001,240.740005,234.509995,240.220001,233.570541,35389800
2023-01-23,241.100006,245.169998,239.649994,242.580002,235.865250,31934000
2023-01-24,242.500000,243.949997,240.440002,242.039993,235.340149,40234400
2023-01-25,234.479996,243.300003,230.899994,240.610001,233.949768,66526600
2023-01-26,243.649994,248.309998,242.000000,248.000000,241.135178,33454500
2023-01-27,248.990005,249.830002,246.830002,248.160004,241.290756,26498900
2023-01-30,244.509995,245.600006,242.199997,242.710007,235.991623,25867400
2023-01-31,243.449997,247.949997,242.949997,247.809998,240.950439,26541100
2023-02-01,248.000000,255.179993,245.470001,252.750000,245.753693,31259900
2023-02-02,258.820007,264.690002,257.250000,264.600006,257.275726,39940400
2023-02-03,259.540009,264.200012,257.100006,258.350006,251.198654,29077300
2023-02-06,257.440002,258.299988,254.779999,256.769989,249.662415,22518000
2023-02-07,260.529999,268.769989,260.079987,267.559998,260.153778,50841400
2023-02-08,273.200012,276.760010,266.209991,266.730011,259.346710,54686000
2023-02-09,273.799988,273.980011,262.799988,263.619995,256.322784,42375100
2023-02-10,261.529999,264.089996,260.660004,263.100006,255.817261,25818500
2023-02-13,267.640015,274.600006,267.149994,271.320007,263.809692,44630900
2023-02-14,272.670013,274.970001,269.279999,272.170013,264.636108,37047900
2023-02-15,268.320007,270.730011,266.179993,269.320007,262.520966,28922400
2023-02-16,264.019989,266.739990,261.899994,262.149994,255.531998,29603600
2023-02-17,259.390015,260.089996,256.000000,258.059998,251.545166,30000100
2023-02-21,254.479996,255.490005,251.589996,252.669998,246.291260,28397400
2023-02-22,254.089996,254.339996,250.339996,251.509995,245.160553,22491100
2023-02-23,255.559998,256.839996,250.479996,254.770004,248.338242,29219100
2023-02-24,249.960007,251.000000,248.100006,249.220001,242.928375,24990900
2023-02-27,252.460007,252.820007,249.389999,250.160004,243.844635,21190000
2023-02-28,249.070007,251.490005,248.729996,249.419998,243.123306,22491000
2023-03-01,250.759995,250.929993,245.789993,246.270004,240.052841,27565300
2023-03-02,246.550003,251.399994,245.610001,251.110001,244.770645,24808200
2023-03-03,252.190002,255.619995,251.389999,255.289993,248.845123,30760100
2023-03-06,256.429993,260.119995,255.979996,256.869995,250.385239,24109800
2023-03-07,256.299988,257.690002,253.389999,254.149994,247.733887,21473200
2023-03-08,254.039993,254.539993,250.809998,253.699997,247.295258,17340200
2023-03-09,255.820007,259.559998,251.580002,252.320007,245.950104,26653400
2023-03-10,251.080002,252.789993,247.600006,248.589996,242.314255,28333900
2023-03-13,247.399994,257.910004,245.729996,253.919998,247.509735,33339700
2023-03-14,256.750000,261.070007,255.860001,260.790009,254.206284,33620300
2023-03-15,259.980011,266.480011,259.209991,265.440002,258.738892,46028000
2023-03-16,265.209991,276.559998,263.279999,276.200012,269.227234,54768800
2023-03-17,278.260010,283.329987,276.320007,279.429993,272.375732,69527400
2023-03-20,276.980011,277.480011,269.850006,272.230011,265.357513,43466600
2023-03-21,274.880005,275.000000,269.519989,273.779999,266.868408,34558700
2023-03-22,273.399994,281.040009,272.179993,272.290009,265.415924,34873300
2023-03-23,277.940002,281.059998,275.200012,277.660004,270.650360,36610900
2023-03-24,277.239990,280.630005,275.279999,280.570007,273.486969,28172000
2023-03-27,280.500000,281.459991,275.519989,276.380005,269.402710,26840200
2023-03-28,275.790009,276.140015,272.049988,275.230011,268.281769,21878600
2023-03-29,278.959991,281.140015,278.410004,280.510010,273.428467,25087000
2023-03-30,284.230011,284.459991,281.480011,284.049988,276.879059,25053400
2023-03-31,283.730011,289.269989,283.000000,288.299988,281.021759,32766000
2023-04-03,286.519989,288.269989,283.950012,287.230011,279.978760,24883300
2023-04-04,287.230011,290.450012,285.670013,287.179993,279.930054,25824300
2023-04-05,285.850006,287.149994,282.920013,284.339996,277.161682,22064800
2023-04-06,283.209991,292.079987,282.029999,291.600006,284.238434,29770300
2023-04-10,289.209991,289.600006,284.709991,289.390015,282.084259,23103000
2023-04-11,285.750000,285.980011,281.640015,282.829987,275.689850,27276600
2023-04-12,284.790009,287.010010,281.959991,283.489990,276.333221,27403400
2023-04-13,283.589996,289.899994,283.170013,289.839996,282.522919,24222700
2023-04-14,287.000000,288.480011,283.690002,286.140015,278.916260,20987900
2023-04-17,289.929993,291.600006,286.160004,288.799988,281.509094,23836200
2023-04-18,291.570007,291.760010,287.010010,288.369995,281.089996,20161800
2023-04-19,285.989990,289.049988,284.540009,288.450012,281.167999,17150300
2023-04-20,285.250000,289.029999,285.079987,286.109985,278.887054,23244400
2023-04-21,285.010010,286.269989,283.059998,285.760010,278.545929,21676400
2023-04-24,282.089996,284.950012,278.720001,281.769989,274.656586,26611000
2023-04-25,279.510010,281.600006,275.369995,275.420013,268.466949,45772200
2023-04-26,296.700012,299.570007,292.730011,295.369995,287.913330,64599200
2023-04-27,295.970001,305.200012,295.250000,304.829987,297.134460,46462600
2023-04-28,304.010010,308.929993,303.309998,307.260010,299.503174,36469600
2023-05-01,306.970001,308.600006,305.149994,305.559998,297.846039,21294100
2023-05-02,307.760010,309.179993,303.910004,305.410004,297.699829,26404400
2023-05-03,306.619995,308.609985,304.089996,304.399994,296.715271,22360800
2023-05-04,306.239990,307.760010,303.399994,305.410004,297.699829,22519900
2023-05-05,305.720001,311.970001,304.269989,310.649994,302.807556,28197100
2023-05-08,310.130005,310.200012,306.089996,308.649994,300.858032,21318600
2023-05-09,308.000000,310.040009,306.309998,307.000000,299.249725,21340800
2023-05-10,308.619995,313.000000,307.670013,312.309998,304.425629,30078000
2023-05-11,310.100006,311.119995,306.260010,310.109985,302.281189,31680200
2023-05-12,310.549988,310.649994,306.600006,308.970001,301.169952,19774700
2023-05-15,309.100006,309.899994,307.589996,309.459991,301.647552,16336500
2023-05-16,309.829987,313.709991,309.829987,311.739990,303.869995,26730300
2023-05-17,312.290009,314.429993,310.739990,314.000000,306.742065,24315000
2023-05-18,314.529999,319.040009,313.720001,318.519989,311.157593,27276000
2023-05-19,316.739990,318.750000,316.369995,318.339996,310.981812,27546700
2023-05-22,318.600006,322.589996,318.010010,321.179993,313.756073,24115700
2023-05-23,320.029999,322.720001,315.250000,315.260010,307.972961,30797200
2023-05-24,314.730011,316.500000,312.609985,313.850006,306.595490,23384900
2023-05-25,323.239990,326.899994,320.000000,325.920013,318.386505,43301700
2023-05-26,324.019989,333.399994,323.880005,332.890015,325.195435,36630600
2023-05-30,335.230011,335.739990,330.519989,331.209991,323.554291,29503100
2023-05-31,332.290009,335.940002,327.329987,328.390015,320.799469,45950600
2023-06-01,325.929993,333.529999,324.720001,332.579987,324.892548,26773900
2023-06-02,334.250000,337.500000,332.549988,335.399994,327.647430,25873800
2023-06-05,335.220001,338.559998,334.660004,335.940002,328.174927,21307100
2023-06-06,335.329987,335.369995,332.170013,333.679993,325.967133,20396200
2023-06-07,331.649994,334.489990,322.500000,323.380005,315.905212,40717100
2023-06-08,323.940002,326.640015,323.350006,325.260010,317.741791,23277700
2023-06-09,324.989990,329.989990,324.410004,326.790009,319.236481,22529000
2023-06-12,328.579987,332.100006,325.160004,331.850006,324.179443,24260300
2023-06-13,334.470001,336.980011,330.390015,334.290009,326.563049,22951300
2023-06-14,334.339996,339.040009,332.809998,337.339996,329.542542,26003800
2023-06-15,337.480011,349.839996,337.200012,348.100006,340.053925,38899100
2023-06-16,351.320007,351.470001,341.950012,342.329987,334.417206,46552000
2023-06-20,339.309998,342.079987,335.859985,338.049988,330.236145,26375400
2023-06-21,336.369995,337.730011,332.070007,333.559998,325.849945,25117800
2023-06-22,334.119995,340.119995,333.339996,339.709991,331.857788,23556800
2023-06-23,334.359985,337.959991,333.450012,335.019989,327.276184,23146900
2023-06-26,333.720001,336.109985,328.489990,328.600006,321.004608,21520600
2023-06-27,331.859985,336.149994,329.299988,334.570007,326.836609,24354100
2023-06-28,334.660004,337.980011,333.809998,335.850006,328.087067,20259500
2023-06-29,334.709991,336.109985,332.619995,335.049988,327.305511,16997000
2023-06-30,337.750000,342.730011,337.200012,340.540009,332.668640,26832800
2023-07-03,339.190002,340.899994,336.570007,337.989990,330.177582,12508700
2023-07-05,335.089996,341.649994,334.730011,338.149994,330.333832,18172400
2023-07-06,337.299988,342.989990,335.500000,341.269989,333.381714,28161200
2023-07-07,339.320007,341.790009,337.000000,337.220001,329.425354,21214800
2023-07-10,334.600006,335.230011,327.589996,331.829987,324.159973,32791400
2023-07-11,331.059998,332.859985,327.000000,332.470001,324.785126,26698200
2023-07-12,336.600006,341.649994,335.670013,337.200012,329.405823,29995300
2023-07-13,339.559998,343.739990,339.019989,342.660004,334.739624,20567200
2023-07-14,347.589996,351.429993,344.309998,345.239990,337.259949,28352700
2023-07-17,345.679993,346.989990,342.200012,345.730011,337.738678,20363900
2023-07-18,345.829987,366.779999,342.170013,359.489990,351.180603,64738600
2023-07-19,361.750000,362.459991,352.440002,355.079987,346.872528,39732900
2023-07-20,353.570007,357.970001,345.369995,346.869995,338.852295,33778400
2023-07-21,349.149994,350.299988,339.829987,343.769989,335.823914,69405400
2023-07-24,345.850006,346.920013,342.309998,345.109985,337.132965,26678100
2023-07-25,347.109985,351.890015,345.070007,350.980011,342.867310,41637700
2023-07-26,341.440002,344.670013,333.109985,337.769989,329.962646,58383700
2023-07-27,340.480011,341.329987,329.049988,330.720001,323.075562,39635300
2023-07-28,333.670013,340.010010,333.170013,338.369995,330.548737,28484900
2023-07-31,336.920013,337.700012,333.359985,335.920013,328.155396,25446000
2023-08-01,335.190002,338.540009,333.700012,336.339996,328.565704,18311900
2023-08-02,333.630005,333.630005,326.359985,327.500000,319.930054,27761300
2023-08-03,326.000000,329.880005,325.950012,326.660004,319.109467,18253700
2023-08-04,331.880005,335.140015,327.239990,327.779999,320.203583,23741500
2023-08-07,328.369995,331.109985,327.519989,330.109985,322.479614,17741500
2023-08-08,326.959991,328.750000,323.000000,326.049988,318.513519,22327600
2023-08-09,326.470001,327.109985,321.049988,322.230011,314.781891,22373300
2023-08-10,326.019989,328.260010,321.179993,322.929993,315.465668,20113700
2023-08-11,320.260010,322.410004,319.209991,321.010010,313.590027,24355500
2023-08-14,321.390015,324.059998,320.079987,324.040009,316.550018,18836100
2023-08-15,323.000000,325.089996,320.899994,321.859985,314.420380,16966300
2023-08-16,320.799988,324.420013,319.799988,320.399994,313.656860,20698900
2023-08-17,320.540009,321.869995,316.209991,316.880005,310.210938,21257200
2023-08-18,314.489990,318.380005,311.549988,316.480011,309.819305,24755000
2023-08-21,317.929993,322.769989,317.040009,321.880005,315.105652,24040000
2023-08-22,325.500000,326.079987,321.459991,322.459991,315.673401,16084600
2023-08-23,323.820007,329.200012,323.459991,327.000000,320.117950,21166400
2023-08-24,332.850006,332.980011,319.959991,319.970001,313.235809,23281400
2023-08-25,321.470001,325.359985,318.799988,322.980011,316.182526,21684100
2023-08-28,325.660004,326.149994,321.720001,323.700012,316.887390,14808500
2023-08-29,321.880005,328.980011,321.880005,328.410004,321.498230,19284600
2023-08-30,328.670013,329.809998,326.450012,328.790009,321.870239,15222100
2023-08-31,329.200012,330.910004,326.779999,327.760010,320.861908,26411000
2023-09-01,331.309998,331.989990,326.779999,328.660004,321.743011,14942000
2023-09-05,329.000000,334.850006,328.660004,333.549988,326.530060,18553900
2023-09-06,333.380005,334.459991,330.179993,332.880005,325.874146,17535800
2023-09-07,331.290009,333.079987,329.029999,329.910004,322.966675,18381000
2023-09-08,330.089996,336.160004,329.459991,334.269989,327.234924,19530100
2023-09-11,337.239990,338.420013,335.429993,337.940002,330.827698,16583300
2023-09-12,335.820007,336.790009,331.480011,331.769989,324.787537,17565500
2023-09-13,331.309998,336.850006,331.170013,336.059998,328.987244,16544400
2023-09-14,339.149994,340.859985,336.570007,338.700012,331.571686,20267000
2023-09-15,336.920013,337.399994,329.649994,330.220001,323.270142,37679800
2023-09-18,327.799988,330.399994,326.359985,329.059998,322.134552,16834200
2023-09-19,326.170013,329.390015,324.510010,328.649994,321.733154,16505900
2023-09-20,329.510010,329.589996,320.510010,320.769989,314.019043,21436500
2023-09-21,319.260010,325.350006,315.000000,319.529999,312.805176,35560400
2023-09-22,321.320007,321.450012,316.149994,317.010010,310.338135,21447900
2023-09-25,316.589996,317.670013,315.000000,317.540009,310.857025,17836000
2023-09-26,315.130005,315.880005,310.019989,312.140015,305.570679,26297600
2023-09-27,312.299988,314.299988,309.690002,312.790009,306.207001,19410100
2023-09-28,310.989990,315.480011,309.450012,313.640015,307.039124,19683600
2023-09-29,317.750000,319.470001,314.980011,315.750000,309.104675,24147300
2023-10-02,316.279999,321.890015,315.179993,321.799988,315.027283,20570000
2023-10-03,320.829987,321.390015,311.209991,313.390015,306.794342,21033500
2023-10-04,314.029999,320.040009,314.000000,318.959991,312.247131,20720100
2023-10-05,319.089996,319.980011,314.899994,319.359985,312.638702,16965600
2023-10-06,316.549988,329.190002,316.299988,327.260010,320.372375,25673600
2023-10-09,324.750000,330.299988,323.179993,329.820007,322.878540,19891200
2023-10-10,330.959991,331.100006,327.670013,328.390015,321.478668,20557100
2023-10-11,331.209991,332.820007,329.140015,332.420013,325.423828,20063200
2023-10-12,330.570007,333.630005,328.720001,331.160004,324.190430,19313100
2023-10-13,332.380005,333.829987,326.359985,327.730011,320.832520,21072400
2023-10-16,331.049988,336.140015,330.600006,332.640015,325.639191,22158000
2023-10-17,329.589996,333.459991,327.410004,332.059998,325.071411,18338500
2023-10-18,332.489990,335.589996,328.299988,330.109985,323.162384,23153600
2023-10-19,332.149994,336.880005,330.910004,331.320007,324.347015,25052100
2023-10-20,331.720001,331.920013,325.450012,326.670013,319.794800,25027700
2023-10-23,325.470001,332.730011,324.390015,329.320007,322.389038,24374700
2023-10-24,331.299988,331.839996,327.600006,330.529999,323.573578,31153600
2023-10-25,345.019989,346.200012,337.619995,340.670013,333.500214,55053800
2023-10-26,340.540009,341.630005,326.940002,327.890015,320.989227,37828500
2023-10-27,330.429993,336.720001,328.399994,329.809998,322.868774,29856500
2023-10-30,333.410004,339.450012,331.829987,337.309998,330.210907,22828100
2023-10-31,338.850006,339.000000,334.690002,338.109985,330.994080,20265300
2023-11-01,339.790009,347.420013,339.649994,346.070007,338.786591,28158800
2023-11-02,347.239990,348.829987,344.769989,348.320007,340.989227,24348100
2023-11-03,349.630005,354.390015,347.329987,352.799988,345.374908,23637700
2023-11-06,353.450012,357.540009,353.350006,356.529999,349.026428,23828300
2023-11-07,359.399994,362.459991,357.630005,360.529999,352.942200,25833900
2023-11-08,361.679993,363.869995,360.549988,363.200012,355.556030,26767800
2023-11-09,362.299988,364.790009,360.359985,360.690002,353.098846,24847300
2023-11-10,361.489990,370.100006,361.070007,369.670013,361.889893,28042100
2023-11-13,368.220001,368.470001,365.899994,366.679993,358.962799,19986500
2023-11-14,371.010010,371.950012,367.350006,370.269989,362.477264,27683900
2023-11-15,371.279999,373.130005,367.109985,369.670013,362.624390,26860100
2023-11-16,370.959991,376.350006,370.179993,376.170013,369.000519,27182300
2023-11-17,373.609985,374.369995,367.000000,369.850006,362.800964,40157000
2023-11-20,371.220001,378.869995,371.000000,377.440002,370.246307,52465100
2023-11-21,375.670013,376.220001,371.119995,373.070007,365.959564,28423100
2023-11-22,378.000000,379.790009,374.970001,377.850006,370.648499,23345300
2023-11-24,377.329987,377.970001,375.140015,377.429993,370.236481,10176600
2023-11-27,376.779999,380.640015,376.200012,378.609985,371.393982,22179200
2023-11-28,378.350006,383.000000,378.160004,382.700012,375.406067,20453100
2023-11-29,383.760010,384.299988,377.440002,378.850006,371.629395,28963400
2023-11-30,378.489990,380.089996,375.470001,378.910004,371.688293,30554400
2023-12-01,376.760010,378.160004,371.309998,374.510010,367.372131,33040500
2023-12-04,369.100006,369.519989,362.899994,369.140015,362.104492,32063300
2023-12-05,366.450012,373.079987,365.619995,372.519989,365.420044,23065000
2023-12-06,373.540009,374.179993,368.029999,368.799988,361.771027,21182100
2023-12-07,368.230011,371.450012,366.320007,370.950012,363.879974,23118900
2023-12-08,369.200012,374.459991,368.230011,374.230011,367.097412,20154400
2023-12-11,368.480011,371.600006,366.100006,371.299988,364.223267,27708800
2023-12-12,370.850006,374.420013,370.459991,374.380005,367.244598,24838300
2023-12-13,376.019989,377.640015,370.769989,374.369995,367.234802,30955500
2023-12-14,373.309998,373.760010,364.130005,365.929993,358.955627,43277500
2023-12-15,366.850006,372.399994,366.279999,370.730011,363.664185,78502300
2023-12-18,369.450012,373.000000,368.679993,372.649994,365.547546,21802900
2023-12-19,371.489990,373.260010,369.839996,373.260010,366.145935,20603700
2023-12-20,375.000000,376.029999,370.529999,370.619995,363.556244,26316700
2023-12-21,372.559998,374.410004,370.040009,373.540009,366.420624,17708000
2023-12-22,373.679993,375.179993,372.709991,374.579987,367.440826,17107500
2023-12-26,375.000000,376.940002,373.500000,374.660004,367.519257,12673100
2023-12-27,373.690002,375.059998,372.809998,374.070007,366.940552,14905400
2023-12-28,375.369995,376.459991,374.160004,375.279999,368.127441,14327000
2023-12-29,376.000000,377.160004,373.480011,376.040009,368.872925,18730800
2024-01-02,373.859985,375.899994,366.769989,370.869995,363.801514,25258600
2024-01-03,369.010010,373.260010,368.510010,370.600006,363.536682,23083500
2024-01-04,370.670013,373.100006,367.170013,367.940002,360.927368,20901500
2024-01-05,368.970001,372.059998,366.500000,367.750000,360.740967,21004600
2024-01-08,369.299988,375.200012,369.010010,374.690002,367.548737,23134000
2024-01-09,372.010010,375.989990,371.190002,375.790009,368.627777,20830000
2024-01-10,376.369995,384.170013,376.320007,382.769989,375.474670,25514200
2024-01-11,386.000000,390.679993,380.380005,384.630005,377.299255,27850800
2024-01-12,385.489990,388.679993,384.649994,388.470001,381.066101,21661200
2024-01-16,393.660004,394.029999,387.619995,390.269989,382.831726,27202300
2024-01-17,387.980011,390.109985,384.809998,389.470001,382.046967,22234100
2024-01-18,391.720001,393.989990,390.119995,393.869995,386.363129,23392100
2024-01-19,395.760010,398.670013,393.500000,398.670013,391.071655,29331100
2024-01-22,400.019989,400.619995,393.589996,396.510010,388.952881,27016900
2024-01-23,395.750000,399.380005,393.929993,398.899994,391.297272,20525900
2024-01-24,401.540009,405.630005,400.450012,402.559998,394.887573,24867000
2024-01-25,404.320007,407.010010,402.529999,404.869995,397.153473,21021200
2024-01-26,404.369995,406.170013,402.429993,403.929993,396.231384,17803300
2024-01-29,406.059998,409.980011,404.329987,409.720001,401.911072,24510200
2024-01-30,412.260010,413.049988,406.450012,408.589996,400.802582,33477600
2024-01-31,406.959991,415.320007,397.209991,397.579987,390.002411,47871100
2024-02-01,401.829987,408.000000,401.799988,403.779999,396.084259,30657700
2024-02-02,403.809998,412.649994,403.559998,411.220001,403.382477,28256700
2024-02-05,409.899994,411.160004,403.989990,405.649994,397.918579,25352300
2024-02-06,405.880005,407.970001,402.910004,405.489990,397.761658,18382600
2024-02-07,407.440002,414.299988,407.399994,414.049988,406.158508,22340500
2024-02-08,414.049988,415.559998,412.529999,414.109985,406.217316,21225300
2024-02-09,415.250000,420.820007,415.089996,420.549988,412.534607,22032800
2024-02-12,420.559998,420.739990,414.750000,415.260010,407.345459,21202900
2024-02-13,404.940002,410.070007,403.390015,406.320007,398.575836,27824900
2024-02-14,408.070007,409.839996,404.570007,409.489990,402.428314,20401200
2024-02-15,408.140015,409.130005,404.290009,406.559998,399.548767,21825500
2024-02-16,407.959991,408.290009,403.440002,404.059998,397.091919,22296500
2024-02-20,403.239990,404.489990,398.010010,402.790009,395.843781,24307900
2024-02-21,400.170013,402.290009,397.220001,402.179993,395.244293,18518900
2024-02-22,410.190002,412.829987,408.570007,411.649994,404.550995,27009900
2024-02-23,415.670013,415.859985,408.970001,410.339996,403.263611,16295900
2024-02-26,411.459991,412.160004,407.359985,407.540009,400.511932,16193500
2024-02-27,407.989990,408.320007,403.850006,407.480011,400.452911,14835800
2024-02-28,408.179993,409.299988,405.320007,407.720001,400.688751,13183100
2024-02-29,408.640015,414.200012,405.920013,413.640015,406.506683,31947300
2024-03-01,411.269989,415.869995,410.880005,415.500000,408.334625,17823400
2024-03-04,413.440002,417.350006,412.320007,414.920013,407.764587,17596000
2024-03-05,413.959991,414.250000,400.640015,402.649994,395.706177,26919200
2024-03-06,402.970001,405.160004,398.390015,402.089996,395.155853,22344100
2024-03-07,406.119995,409.779999,402.239990,409.140015,402.084320,18718500
2024-03-08,407.959991,410.420013,404.329987,406.220001,399.214630,18002200
2024-03-11,403.760010,405.679993,401.260010,404.519989,397.543945,16120800
2024-03-12,407.619995,415.570007,406.790009,415.279999,408.118408,22457000
2024-03-13,418.100006,418.179993,411.450012,415.100006,407.941528,17115900
2024-03-14,420.239990,427.820007,417.989990,425.220001,417.887024,34157300
2024-03-15,419.290009,422.600006,412.790009,416.420013,409.238770,45079900
2024-03-18,414.250000,420.730011,413.779999,417.320007,410.123230,20106000
2024-03-19,417.829987,421.670013,415.549988,421.410004,414.142670,19837900
2024-03-20,422.000000,425.959991,420.660004,425.230011,417.896820,17860100
2024-03-21,429.829987,430.820007,427.160004,429.369995,421.965424,21296200
2024-03-22,429.700012,429.859985,426.070007,428.739990,421.346313,17648500
2024-03-25,425.239990,427.410004,421.609985,422.859985,415.567657,18060500
2024-03-26,425.609985,425.989990,421.350006,421.649994,414.378510,16725600
2024-03-27,424.440002,424.450012,419.010010,421.429993,414.162323,16705000
2024-03-28,420.959991,421.869995,419.119995,420.720001,413.464600,21871200
2024-04-01,423.950012,427.890015,422.220001,424.570007,417.248199,16316000
2024-04-02,420.109985,422.380005,417.839996,421.440002,414.172180,17912000
2024-04-03,419.730011,423.260010,419.089996,420.450012,413.199249,16502300
2024-04-04,424.989990,428.670013,417.570007,417.880005,410.673584,19370900
2024-04-05,420.010010,426.510010,418.320007,425.519989,418.181854,16554800
2024-04-08,425.170013,427.279999,423.299988,424.589996,417.267822,14272400
2024-04-09,426.440002,427.739990,421.619995,426.279999,418.928680,12496900
2024-04-10,422.190002,424.029999,419.700012,423.260010,415.960785,16216600
2024-04-11,425.820007,429.369995,422.359985,427.929993,420.550262,17966400
2024-04-12,424.049988,425.179993,419.769989,421.899994,414.624237,19253800
2024-04-15,426.600006,426.820007,413.429993,413.640015,406.506683,20273500
2024-04-16,414.570007,418.399994,413.730011,414.579987,407.430450,16765600
2024-04-17,417.250000,418.880005,410.329987,411.839996,404.737732,15855500
2024-04-18,410.630005,411.890015,403.950012,404.269989,397.298279,21029900
2024-04-19,404.029999,405.480011,397.769989,399.119995,392.237061,30565800
2024-04-22,400.079987,402.850006,395.750000,400.959991,394.045380,20286900
2024-04-23,404.239990,408.200012,403.059998,407.570007,400.541382,15734500
2024-04-24,409.559998,412.470001,406.779999,409.059998,402.005646,15065300
2024-04-25,394.029999,399.890015,388.029999,399.040009,392.158478,40586500
2024-04-26,412.170013,413.000000,405.760010,406.320007,399.312958,29694700
2024-04-29,405.250000,406.320007,399.190002,402.250000,395.313110,19582100
2024-04-30,401.489990,402.160004,389.170013,389.329987,382.615906,28781400
2024-05-01,392.609985,401.720001,390.309998,394.940002,388.129181,23562500
2024-05-02,397.660004,399.929993,394.649994,397.839996,390.979156,17709400
2024-05-03,402.279999,407.149994,401.859985,406.660004,399.647064,17446700
2024-05-06,408.760010,413.929993,406.369995,413.540009,406.408386,16996600
2024-05-07,414.660004,414.670013,409.089996,409.339996,402.280853,20018200
2024-05-08,408.170013,412.230011,406.709991,410.540009,403.460175,11792300
2024-05-09,410.570007,412.720001,409.100006,412.320007,405.209442,14689700
2024-05-10,412.940002,415.380005,411.799988,414.739990,407.587708,13402300
2024-05-13,418.010010,418.350006,410.820007,413.720001,406.585327,15440200
2024-05-14,412.019989,417.489990,411.549988,416.559998,409.376312,15109300
2024-05-15,417.899994,423.809998,417.269989,423.079987,416.533813,22239500
2024-05-16,421.799988,425.420013,420.350006,420.989990,414.476166,17530100
2024-05-17,422.540009,422.920013,418.029999,420.209991,413.708252,15352200
2024-05-20,420.209991,426.769989,419.989990,425.339996,418.758881,16272100
2024-05-21,426.829987,432.970001,424.850006,429.040009,422.401642,21453300
2024-05-22,430.089996,432.410004,427.130005,430.519989,423.858734,18073700
2024-05-23,432.970001,433.600006,425.420013,427.000000,420.393158,17211700
2024-05-24,427.190002,431.059998,424.410004,430.160004,423.504333,11855300
2024-05-28,429.630005,430.820007,426.600006,430.320007,423.661804,15718000
2024-05-29,425.690002,430.940002,425.690002,429.170013,422.529633,15517100
2024-05-30,424.299988,424.299988,414.239990,414.670013,408.253967,28394500
2024-05-31,416.750000,416.750000,404.510010,415.130005,408.706848,47995300
2024-06-03,415.529999,416.429993,408.920013,413.519989,407.121765,17484700
2024-06-04,412.429993,416.440002,409.679993,416.070007,409.632294,14348900
2024-06-05,417.809998,424.079987,416.299988,424.010010,417.449432,16988000
2024-06-06,424.010010,425.309998,420.579987,424.519989,417.951508,14861300
2024-06-07,426.200012,426.279999,423.000000,423.850006,417.291931,13621700
2024-06-10,424.700012,428.079987,423.890015,427.869995,421.249725,13982900
2024-06-11,425.480011,432.820007,425.250000,432.679993,425.985291,14551100
2024-06-12,435.320007,443.399994,433.250000,441.059998,434.235626,22366200
2024-06-13,440.850006,443.390015,439.369995,441.579987,434.747650,15960600
2024-06-14,438.279999,443.140015,436.720001,442.570007,435.722321,13582000
2024-06-17,442.589996,450.940002,440.720001,448.369995,441.432556,20790000
2024-06-18,449.709991,450.140015,444.890015,446.339996,439.433990,17112500
2024-06-20,446.299988,446.529999,441.269989,445.700012,438.803833,19877400
2024-06-21,447.380005,450.579987,446.510010,449.779999,442.820770,34187100
2024-06-24,449.799988,452.750000,446.410004,447.670013,440.743408,15913700
2024-06-25,448.250000,451.420013,446.750000,450.950012,443.972687,16413400
2024-06-26,449.000000,453.600006,448.190002,452.160004,445.163910,16507000
2024-06-27,452.179993,456.170013,451.769989,452.850006,445.843231,14806300
2024-06-28,453.070007,455.380005,446.410004,446.950012,440.034576,28362300
2024-07-01,448.660004,457.369995,445.660004,456.730011,449.663239,17662800
2024-07-02,453.200012,459.589996,453.109985,459.279999,452.173767,13979800
2024-07-03,458.190002,461.019989,457.880005,460.769989,453.640717,9932800
2024-07-05,459.609985,468.350006,458.970001,467.559998,460.325653,16000300
2024-07-08,466.549988,467.700012,464.459991,466.239990,459.026031,12962300
2024-07-09,467.000000,467.329987,458.000000,459.540009,452.429749,17207200
2024-07-10,461.220001,466.459991,458.859985,466.250000,459.035919,18196100
2024-07-11,462.980011,464.779999,451.549988,454.700012,447.664642,23111200
2024-07-12,454.329987,456.359985,450.649994,453.549988,446.532379,16324300
2024-07-15,453.299988,457.260010,451.429993,453.959991,446.936066,14429400
2024-07-16,454.220001,454.299988,446.660004,449.519989,442.564728,17175700
2024-07-17,442.589996,444.850006,439.179993,443.519989,436.657562,21778000
2024-07-18,444.339996,444.649994,434.399994,440.369995,433.556335,20794800
2024-07-19,433.100006,441.140015,432.000000,437.109985,430.346771,20940400
2024-07-22,441.790009,444.600006,438.910004,442.940002,436.086548,15808800
2024-07-23,443.899994,448.390015,443.100006,444.850006,437.967010,13107100
2024-07-24,440.450012,441.480011,427.589996,428.899994,422.263763,26805800
2024-07-25,428.799988,429.799988,417.510010,418.399994,411.926239,29943800
2024-07-26,418.200012,428.920013,417.269989,425.269989,418.689941,23583800
2024-07-29,431.579987,432.149994,424.700012,426.730011,420.127411,15125800
2024-07-30,427.720001,429.049988,417.359985,422.920013,416.376343,32687600
2024-07-31,420.500000,421.779999,412.209991,418.350006,411.877075,42891400
2024-08-01,420.790009,427.459991,413.089996,417.109985,410.656219,30296400
2024-08-02,412.489990,415.000000,404.339996,408.489990,402.169586,29437900
2024-08-05,389.170013,401.040009,385.579987,395.149994,389.036011,40709200
2024-08-06,400.000000,405.670013,398.500000,399.609985,393.426971,24946500
2024-08-07,408.640015,410.079987,397.470001,398.429993,392.265289,20650900
2024-08-08,402.440002,405.859985,399.940002,402.690002,396.459351,20203000
2024-08-09,404.029999,408.049988,402.260010,406.019989,399.737823,19276700
2024-08-12,407.059998,408.760010,404.239990,406.809998,400.515656,16762900
2024-08-13,409.589996,414.950012,409.570007,414.010010,407.604218,19414300
2024-08-14,414.799988,417.720001,412.450012,416.859985,410.410095,18267000
2024-08-15,419.799988,421.109985,417.660004,421.029999,415.262695,20752100
2024-08-16,420.600006,421.339996,417.299988,418.470001,412.737793,22775600
2024-08-19,418.959991,421.750000,416.459991,421.529999,415.755859,15234000
2024-08-20,421.700012,425.859985,421.640015,424.799988,418.981049,16387600
2024-08-21,424.079987,426.399994,421.720001,424.140015,418.330109,16067300
2024-08-22,424.359985,426.790009,414.609985,415.549988,409.857727,19361900
2024-08-23,416.980011,419.260010,412.089996,416.790009,411.080811,18493800
2024-08-26,416.369995,417.279999,411.339996,413.489990,407.825958,13152800
2024-08-27,412.859985,414.359985,410.250000,413.839996,408.171112,13492900
2024-08-28,414.880005,415.000000,407.309998,410.600006,404.975555,14882700
2024-08-29,414.940002,422.049988,410.600006,413.119995,407.461029,17045200
2024-08-30,415.600006,417.489990,412.130005,417.140015,411.425995,24308300
2024-09-03,417.910004,419.880005,407.029999,409.440002,403.831451,20313600
2024-09-04,405.910004,411.239990,404.369995,408.899994,403.298859,15135800
2024-09-05,407.619995,413.100006,406.130005,408.390015,402.795807,14195500
2024-09-06,409.059998,410.649994,400.799988,401.700012,396.197479,19609500
2024-09-09,407.239990,408.649994,402.149994,405.720001,400.162415,15295100
2024-09-10,408.200012,416.329987,407.700012,414.200012,408.526276,19594300
2024-09-11,415.500000,423.989990,409.579987,423.040009,417.245178,19266900
2024-09-12,423.309998,427.369995,419.750000,427.000000,421.150970,17395700
2024-09-13,425.829987,431.829987,425.459991,430.589996,424.691742,15874600
2024-09-16,430.600006,433.529999,428.220001,431.339996,425.431458,13834700
2024-09-17,440.230011,441.850006,432.269989,435.149994,429.189270,18874200
2024-09-18,435.000000,436.029999,430.410004,430.809998,424.908752,18898000
2024-09-19,441.230011,441.500000,436.899994,438.690002,432.680756,21706600
2024-09-20,437.220001,439.239990,434.220001,435.269989,429.307617,55167100
2024-09-23,434.279999,436.459991,430.390015,433.510010,427.571747,15128900
2024-09-24,433.000000,433.350006,426.100006,429.170013,423.291229,17015800
2024-09-25,429.829987,433.119995,428.570007,432.109985,426.190979,13396400
2024-09-26,435.089996,435.299988,429.130005,431.309998,425.401886,14492000
2024-09-27,431.519989,431.850006,427.470001,428.019989,422.156921,14896100
2024-09-30,428.209991,430.420013,425.369995,430.299988,424.405701,16807300
2024-10-01,428.450012,428.480011,418.809998,420.690002,414.927368,19092900
2024-10-02,422.579987,422.820007,416.709991,417.130005,411.416168,16582300
2024-10-03,417.630005,419.549988,414.290009,416.540009,410.834198,13686400
2024-10-04,418.239990,419.750000,414.970001,416.059998,410.360779,19169700
2024-10-07,416.000000,417.109985,409.000000,409.540009,403.930115,20919800
2024-10-08,410.899994,415.660004,408.170013,414.709991,409.029266,19229300
2024-10-09,415.859985,420.380005,414.299988,417.459991,411.741547,14974300
2024-10-10,415.230011,417.350006,413.149994,415.839996,410.143860,13848400
2024-10-11,416.140015,417.130005,413.250000,416.320007,410.617188,14144900
2024-10-14,417.769989,424.040009,417.519989,419.140015,413.398621,16653100
2024-10-15,422.179993,422.480011,415.260010,418.739990,413.004059,18900200
2024-10-16,415.170013,416.359985,410.480011,416.119995,410.419952,15508900
2024-10-17,422.359985,422.500000,415.589996,416.720001,411.011749,14820000
2024-10-18,417.140015,419.649994,416.260010,418.160004,412.432037,17145300
2024-10-21,416.119995,418.959991,413.750000,418.779999,413.043549,14206100
2024-10-22,418.489990,430.579987,418.040009,427.510010,421.653992,25482200
2024-10-23,430.859985,431.079987,422.529999,424.600006,418.783844,19654400
2024-10-24,425.329987,425.980011,422.399994,424.730011,418.912018,13581600
2024-10-25,426.760010,432.519989,426.570007,428.149994,422.285217,16899100
2024-10-28,431.660004,431.940002,426.299988,426.589996,420.746552,14882400
2024-10-29,428.000000,433.170013,425.799988,431.950012,426.033112,17644100
2024-10-30,437.440002,438.500000,432.100006,432.529999,426.605164,29749100
2024-10-31,415.359985,416.160004,406.299988,406.350006,400.783783,53971000
2024-11-01,409.010010,415.500000,407.500000,410.369995,404.748718,24230400
2024-11-04,409.799988,410.420013,405.570007,408.459991,402.864868,19672300
2024-11-05,408.369995,414.899994,408.079987,411.459991,405.823761,17626000
2024-11-06,412.420013,420.450012,410.519989,420.179993,414.424347,26681800
2024-11-07,421.279999,426.850006,419.880005,425.429993,419.602417,19901800
2024-11-08,425.320007,426.500000,421.779999,422.540009,416.752014,16891400
2024-11-11,422.519989,424.809998,416.000000,418.010010,412.284088,24503300
2024-11-12,418.250000,424.440002,417.200012,423.029999,417.235321,19401200
2024-11-13,421.640015,429.329987,418.209991,425.200012,419.375580,21502200
2024-11-14,425.000000,428.170013,420.000000,426.890015,421.042450,30246900
2024-11-15,419.820007,422.799988,413.640015,415.000000,409.315308,28247600
2024-11-18,414.869995,418.399994,412.100006,415.760010,410.064911,24727000
2024-11-19,413.109985,417.940002,411.549988,417.790009,412.067108,18133500
2024-11-20,416.869995,417.290009,410.579987,415.489990,409.798553,19191700
2024-11-21,419.500000,419.779999,410.290009,412.869995,408.029572,20780200
2024-11-22,411.369995,417.399994,411.059998,417.000000,412.111176,24814600
2024-11-25,418.380005,421.079987,414.850006,418.790009,413.880157,27691100
2024-11-26,419.589996,429.040009,418.850006,427.989990,422.972290,23458900
2024-11-27,425.109985,427.230011,422.019989,422.989990,418.030945,18332400
2024-11-29,420.089996,424.880005,417.799988,423.459991,418.495422,16271900
2024-12-02,421.570007,433.000000,421.309998,430.980011,425.927277,20207200
2024-12-03,429.839996,432.470001,427.739990,431.200012,426.144684,18302000
2024-12-04,433.029999,439.670013,432.630005,437.420013,432.291748,26009400
2024-12-05,437.920013,444.660004,436.170013,442.619995,437.430756,21697800
2024-12-06,442.299988,446.100006,441.769989,443.570007,438.369690,18821000
2024-12-09,442.600006,448.329987,440.500000,446.019989,440.790955,19144400
2024-12-10,444.390015,449.619995,441.600006,443.329987,438.132446,18469500
2024-12-11,444.049988,450.350006,444.049988,448.989990,443.726105,19200200
2024-12-12,449.109985,456.160004,449.109985,449.559998,444.289429,20834800
2024-12-13,448.440002,451.429993,445.579987,447.269989,442.026276,20177800
2024-12-16,447.269989,452.179993,445.279999,451.589996,446.295624,23598800
2024-12-17,451.010010,455.290009,449.570007,454.459991,449.131958,22733500
2024-12-18,451.320007,452.649994,437.019989,437.390015,432.262146,24444500
2024-12-19,441.619995,443.179993,436.320007,437.029999,431.906281,22963700
2024-12-20,433.109985,443.739990,428.630005,436.600006,431.481354,64263700
2024-12-23,436.739990,437.649994,432.829987,435.250000,430.147217,19152500
2024-12-24,434.649994,439.600006,434.190002,439.329987,434.179352,7164500
2024-12-26,439.079987,440.940002,436.630005,438.109985,432.973663,8194200
2024-12-27,434.600006,435.220001,426.350006,430.529999,425.482544,18117700
2024-12-30,426.059998,427.549988,421.899994,424.829987,419.849335,13158700
2024-12-31,426.100006,426.730011,420.660004,421.500000,416.558411,13246500
2025-01-02,425.529999,426.070007,414.850006,418.579987,413.672638,16896500
2025-01-03,421.079987,424.029999,419.540009,423.350006,418.386719,16662900
2025-01-06,428.000000,434.320007,425.480011,427.850006,422.833954,20573600
2025-01-07,429.000000,430.649994,420.799988,422.369995,417.418182,18139100
2025-01-08,423.459991,426.970001,421.540009,424.559998,419.582520,15054600
2025-01-10,424.630005,424.709991,415.019989,418.950012,414.038300,20201100
2025-01-13,415.239990,418.500000,412.290009,417.190002,412.298950,17604800
2025-01-14,417.809998,419.739990,410.720001,415.670013,410.796753,16935900
2025-01-15,419.130005,428.149994,418.269989,426.309998,421.311981,19637800
2025-01-16,428.700012,429.489990,424.390015,424.579987,419.602264,15300000
2025-01-17,434.089996,434.480011,428.170013,429.029999,424.000122,26197500
2025-01-21,430.200012,430.899994,425.600006,428.500000,423.476349,26085700
2025-01-22,437.559998,447.269989,436.000000,446.200012,440.968842,27803800
2025-01-23,442.000000,446.750000,441.500000,446.709991,441.472839,18389300
2025-01-24,445.160004,446.649994,441.399994,444.059998,438.853851,15549500
2025-01-27,424.010010,435.200012,423.500000,434.559998,429.465271,35647800
2025-01-28,434.600006,448.380005,431.380005,447.200012,441.957092,23491700
2025-01-29,446.690002,446.880005,440.399994,442.329987,437.144165,23581400
2025-01-30,418.769989,422.859985,413.160004,414.989990,410.124725,54586300
2025-01-31,418.980011,420.690002,414.910004,415.059998,410.193909,34161900
2025-02-03,411.600006,415.410004,408.660004,410.920013,406.102448,25679100
2025-02-04,412.690002,413.920013,409.739990,412.369995,407.535461,20532100
2025-02-05,412.350006,413.829987,410.399994,413.290009,408.444641,16316700
2025-02-06,414.000000,418.200012,414.000000,415.820007,410.944977,16309800
2025-02-07,416.480011,418.649994,408.100006,409.750000,404.946167,22886800
2025-02-10,413.709991,415.459991,410.920013,412.220001,407.387207,20817900
2025-02-11,409.640015,412.489990,409.299988,411.440002,406.616333,18140600
2025-02-12,407.209991,410.750000,404.369995,409.040009,404.244507,19121700
2025-02-13,407.000000,411.000000,406.359985,410.540009,405.726898,23891700
2025-02-14,407.790009,408.910004,405.880005,408.429993,403.641632,22758500
2025-02-18,408.000000,410.600006,406.500000,409.640015,404.837494,21423100
2025-02-19,407.880005,415.489990,407.649994,414.769989,409.907257,24114200
2025-02-20,415.290009,419.309998,412.540009,416.130005,412.075958,23508700
2025-02-21,417.339996,418.049988,407.890015,408.209991,404.233093,27524800
2025-02-24,408.510010,409.369995,399.320007,404.000000,400.064117,26443700
2025-02-25,401.100006,401.920013,396.700012,397.899994,394.023529,29387400
2025-02-26,398.010010,403.600006,394.250000,399.730011,395.835754,19619000
2025-02-27,401.269989,405.739990,392.170013,392.529999,388.705902,21127400
2025-02-28,392.660004,397.630005,386.570007,396.989990,393.122437,32845700
2025-03-03,398.820007,398.820007,386.160004,388.489990,384.705261,23007700
2025-03-04,383.399994,392.579987,381.000000,388.609985,384.824036,29342900
2025-03-05,389.339996,401.670013,388.809998,401.019989,397.113159,23433100
2025-03-06,394.279999,402.149994,392.679993,396.890015,393.023407,23304600
2025-03-07,392.320007,394.799988,385.540009,393.309998,389.478271,22034100
2025-03-10,385.839996,386.399994,377.220001,380.160004,376.456390,32840100
2025-03-11,379.000000,386.000000,376.910004,380.450012,376.743591,30380200
2025-03-12,382.950012,385.220001,378.950012,383.269989,379.536102,24253600
2025-03-13,383.160004,385.320007,377.450012,378.769989,375.079895,20473000
2025-03-14,379.779999,390.230011,379.510010,388.559998,384.774567,19952800
2025-03-17,386.700012,392.709991,385.570007,388.700012,384.913208,22474300
2025-03-18,387.070007,387.369995,381.100006,383.519989,379.783661,19486900
2025-03-19,385.529999,389.679993,384.000000,387.820007,384.041748,19185500
2025-03-20,385.739990,391.790009,383.279999,386.839996,383.071350,18470500
2025-03-21,383.220001,391.739990,382.799988,391.260010,387.448273,39675900
2025-03-24,395.399994,395.399994,389.809998,393.079987,389.250519,21004500
2025-03-25,393.920013,396.359985,392.640015,395.160004,391.310242,15775000
2025-03-26,395.000000,395.309998,388.570007,389.970001,386.170807,16108400
2025-03-27,390.130005,392.239990,387.399994,390.579987,386.774902,13766800
2025-03-28,388.079987,389.130005,376.929993,378.799988,375.109619,21632000
2025-03-31,372.540009,377.070007,367.239990,375.390015,371.732880,35184700
2025-04-01,374.649994,382.850006,373.230011,382.190002,378.466614,19689500
2025-04-02,377.970001,385.079987,376.619995,382.140015,378.417114,16092600
2025-04-03,374.790009,377.480011,369.350006,373.109985,369.475037,30198000
2025-04-04,364.130005,374.589996,359.480011,359.839996,356.334320,49209900
2025-04-07,350.880005,371.000000,344.790009,357.859985,354.373627,50425000
2025-04-08,368.260010,373.649994,350.250000,354.559998,351.105804,35868900
2025-04-09,353.540009,393.230011,353.100006,390.489990,386.685760,50199700
2025-04-10,382.059998,383.899994,367.799988,381.350006,377.634796,38024400
2025-04-11,380.640015,390.049988,378.890015,388.450012,384.665649,23839200
2025-04-14,393.220001,394.649994,384.209991,387.809998,384.031891,19251200
2025-04-15,388.510010,391.890015,384.160004,385.730011,381.972137,17199900
2025-04-16,380.670013,381.609985,368.000000,371.609985,367.989685,21967800
2025-04-17,373.750000,374.320007,366.890015,367.779999,364.196991,21120200
2025-04-21,362.820007,364.480011,355.670013,359.119995,355.621399,20807300
2025-04-22,363.380005,367.769989,359.859985,366.820007,363.246338,19485000
2025-04-23,376.059998,380.390015,373.019989,374.390015,370.742615,20545500
2025-04-24,375.700012,388.450012,375.190002,387.299988,383.526794,22232300
2025-04-25,387.000000,392.160004,384.600006,391.850006,388.032501,18973200
2025-04-28,391.959991,392.739990,386.640015,391.160004,387.349274,16579400
2025-04-29,391.299988,395.100006,390.380005,394.040009,390.201172,14974000
2025-04-30,390.299988,396.660004,384.440002,395.260010,391.409302,36461100
2025-05-01,431.109985,436.989990,424.899994,425.399994,421.255646,58938100
2025-05-02,431.739990,439.440002,429.989990,435.279999,431.039398,30757400
2025-05-05,432.869995,439.500000,432.109985,436.170013,431.920715,20136100
2025-05-06,432.200012,437.730011,431.170013,433.309998,429.088593,15104200
2025-05-07,433.839996,438.119995,431.109985,433.350006,429.128204,23295300
2025-05-08,437.929993,443.670013,435.660004,438.170013,433.901276,23491300
2025-05-09,440.000000,440.739990,435.880005,438.730011,434.455780,15324200
2025-05-12,445.940002,449.369995,439.779999,449.260010,444.883209,22821900
2025-05-13,447.779999,450.670013,445.359985,449.140015,444.764404,23618800
2025-05-14,448.140015,453.899994,448.140015,452.940002,448.527374,19902800
2025-05-15,450.769989,456.190002,450.429993,453.130005,449.539276,21992300
2025-05-16,452.049988,454.359985,448.730011,454.269989,450.670227,23849800
2025-05-19,450.880005,459.589996,450.799988,458.869995,455.233795,21336500
2025-05-20,455.589996,458.339996,454.320007,458.170013,454.539337,15441800
2025-05-21,454.570007,457.779999,451.809998,452.570007,448.983734,19216900
2025-05-22,454.950012,460.250000,453.899994,454.859985,451.255554,18025600
2025-05-23,449.980011,453.690002,448.910004,450.179993,446.612640,16883500
2025-05-27,456.480011,460.950012,456.119995,460.690002,457.039368,20974300
2025-05-28,461.220001,462.519989,456.929993,457.359985,453.735748,17086300
2025-05-29,461.549988,461.720001,455.309998,458.679993,455.045319,13974800
2025-05-30,459.720001,461.679993,455.540009,460.359985,456.711975,34770500
2025-06-02,457.140015,462.109985,456.890015,461.970001,458.309235,16626500
2025-06-03,461.470001,464.140015,460.859985,462.970001,459.301300,15743800
2025-06-04,464.000000,465.690002,463.019989,463.869995,460.194153,14162700
2025-06-05,464.959991,469.649994,464.029999,467.679993,463.973999,20131700
2025-06-06,470.089996,473.339996,468.779999,470.380005,466.652557,15285600
2025-06-09,469.700012,473.429993,468.619995,472.750000,469.003815,16469900
2025-06-10,471.190002,472.799988,466.959991,470.920013,467.188293,15375900
2025-06-11,470.019989,475.470001,469.660004,472.619995,468.874817,16399200
2025-06-12,475.019989,480.420013,473.519989,478.869995,475.075256,18950600
2025-06-13,476.410004,479.179993,472.760010,474.959991,471.196289,16814500
2025-06-16,475.209991,480.690002,475.000000,479.140015,475.343170,15626100
2025-06-17,475.399994,478.739990,474.079987,478.040009,474.251892,15414100
2025-06-18,478.000000,481.000000,474.459991,480.239990,476.434448,17526500
2025-06-20,482.230011,483.459991,476.869995,477.399994,473.616943,37576200
2025-06-23,478.209991,487.750000,472.510010,486.000000,482.148773,24864000
2025-06-24,488.950012,491.850006,486.799988,490.109985,486.226196,22305600
2025-06-25,492.040009,494.559998,489.390015,492.269989,488.369110,17495100
2025-06-26,492.980011,498.040009,492.809998,497.450012,493.508057,21578900
2025-06-27,497.549988,499.299988,493.029999,495.940002,492.010040,34539200
2025-06-30,497.040009,500.760010,495.329987,497.410004,493.468384,28369000
2025-07-01,496.470001,498.049988,490.980011,492.049988,488.150848,19945400
2025-07-02,489.989990,493.500000,488.700012,491.089996,487.198486,16319600
2025-07-03,493.809998,500.130005,493.440002,498.839996,494.887085,13984800
2025-07-07,497.380005,498.750000,495.230011,497.720001,493.775940,13981600
2025-07-08,497.239990,498.200012,494.109985,496.619995,492.684631,11846600
2025-07-09,500.299988,506.779999,499.739990,503.510010,499.520050,18659500
2025-07-10,503.049988,504.440002,497.750000,501.480011,497.506134,16492100
2025-07-11,498.470001,505.029999,497.799988,503.320007,499.331573,16459500
2025-07-14,501.519989,503.970001,501.029999,503.019989,499.033936,12058800
2025-07-15,503.019989,508.299988,502.790009,505.820007,501.811768,14927200
2025-07-16,505.179993,506.720001,501.890015,505.619995,501.613342,15154400
2025-07-17,505.679993,513.369995,505.619995,511.700012,507.645172,17503100
2025-07-18,514.479980,514.640015,507.429993,510.049988,506.008209,21209700
2025-07-21,506.709991,512.090027,505.549988,510.059998,506.018127,14066800
2025-07-22,510.970001,511.200012,505.269989,505.269989,501.266113,13868600
2025-07-23,506.750000,506.790009,500.700012,505.869995,501.861328,16396600
2025-07-24,508.769989,513.669983,507.299988,510.880005,506.831635,16107000
2025-07-25,512.469971,518.289978,510.359985,513.710022,509.639221,19125700
2025-07-28,514.080017,515.000000,510.119995,512.500000,508.438812,14308000
2025-07-29,515.530029,517.619995,511.559998,512.570007,508.508270,16469200
2025-07-30,515.169983,515.950012,509.440002,513.239990,509.172943,26380400
2025-07-31,555.229980,555.450012,531.900024,533.500000,529.272339,51617300
2025-08-01,535.000000,535.799988,520.859985,524.109985,519.956848,28977600
2025-08-04,528.270020,538.250000,528.130005,535.640015,531.395447,25349000
2025-08-05,537.179993,537.299988,527.239990,527.750000,523.567993,19171600
2025-08-06,530.900024,531.700012,524.030029,524.940002,520.780212,21355700
2025-08-07,526.799988,528.090027,517.549988,520.840027,516.712708,16079100
2025-08-08,522.599976,524.659973,519.409973,522.039978,517.903198,15531000
2025-08-11,522.299988,527.590027,519.719971,521.770020,517.635376,20194400
2025-08-12,523.750000,530.979980,522.700012,529.239990,525.046143,18667000
2025-08-13,532.109985,532.700012,519.369995,520.580017,516.454834,19619200
2025-08-14,522.559998,525.950012,520.140015,522.479980,518.339661,20269100
2025-08-15,522.770020,526.099976,519.080017,520.169983,516.047974,25213300
2025-08-18,521.590027,522.820007,514.020020,517.099976,513.002319,23760600
2025-08-19,515.000000,515.159973,508.549988,509.769989,505.730438,21481000
2025-08-20,509.869995,511.000000,504.440002,505.720001,501.712524,27723000
2025-08-21,503.690002,507.630005,502.720001,504.239990,501.066650,18443300
2025-08-22,504.250000,510.730011,502.410004,507.230011,504.037811,24324200
2025-08-25,506.630005,508.190002,504.119995,504.260010,501.086517,21638600
2025-08-26,504.359985,504.980011,498.510010,502.040009,498.880463,30835700
2025-08-27,502.000000,507.290009,499.899994,506.739990,503.550903,17277900
2025-08-28,507.089996,511.089996,505.500000,509.640015,506.432648,18015600
2025-08-29,508.660004,509.600006,504.489990,506.690002,503.501190,20961600
2025-09-02,500.470001,506.000000,496.809998,505.119995,501.941071,18128000
2025-09-03,503.790009,507.790009,502.320007,505.350006,502.169647,16345100
2025-09-04,504.299988,508.149994,503.149994,507.970001,504.773132,15509500
2025-09-05,509.070007,511.970001,492.369995,495.000000,491.884766,31994800
2025-09-08,498.109985,501.200012,495.029999,498.200012,495.064636,16771000
2025-09-09,501.429993,502.250000,497.700012,498.410004,495.273315,14410500
2025-09-10,502.980011,503.230011,496.720001,500.369995,497.220978,21611800
2025-09-11,502.250000,503.170013,497.880005,501.010010,497.856964,18881600
2025-09-12,506.649994,512.549988,503.850006,509.899994,506.691010,23624900
2025-09-15,508.790009,515.469971,507.000000,515.359985,512.116638,17143800
2025-09-16,516.880005,517.229980,508.600006,509.040009,505.836456,19711900
2025-09-17,510.619995,511.290009,505.929993,510.019989,506.810242,15816600
2025-09-18,511.489990,513.070007,507.660004,508.450012,505.250153,18913700
2025-09-19,510.559998,519.299988,510.309998,517.929993,514.670532,52474100
2025-09-22,515.590027,517.739990,512.539978,514.450012,511.212402,20009300
2025-09-23,513.799988,514.590027,507.309998,509.230011,506.025238,19799600
2025-09-24,510.380005,512.479980,506.920013,510.149994,506.939423,13533700
2025-09-25,508.299988,510.010010,505.040009,507.029999,503.839050,15786500
2025-09-26,510.059998,513.940002,506.619995,511.459991,508.241180,16213100
2025-09-29,511.500000,516.849976,508.880005,514.599976,511.361359,17617800
2025-09-30,513.239990,518.159973,509.660004,517.950012,514.690369,19728200
2025-10-01,514.799988,520.510010,511.690002,519.710022,516.439209,22632300
2025-10-02,517.640015,521.599976,510.679993,515.739990,512.494263,21222900
2025-10-03,517.099976,520.489990,515.000000,517.349976,514.094055,15112300
2025-10-06,518.609985,531.030029,518.200012,528.570007,525.243530,21388600
2025-10-07,528.289978,529.799988,521.440002,523.979980,520.682373,14615200
2025-10-08,523.280029,526.950012,523.090027,524.849976,521.546814,13363400
2025-10-09,522.340027,524.330017,517.400024,522.400024,519.112305,18343600
2025-10-10,519.640015,523.580017,509.630005,510.959991,507.744324,24133800
2025-10-13,516.409973,516.409973,511.679993,514.049988,510.814880,14284200
2025-10-14,510.230011,515.280029,506.000000,513.570007,510.337921,14684300
2025-10-15,514.960022,517.190002,510.000000,513.429993,510.198792,14694700
2025-10-16,512.580017,516.849976,508.130005,511.609985,508.390259,15559600
2025-10-17,509.040009,515.479980,507.309998,513.580017,510.347870,19867800
2025-10-20,514.609985,518.700012,513.429993,516.789978,513.537659,14665600
2025-10-21,517.500000,518.690002,513.039978,517.659973,514.402161,15586200
2025-10-22,521.150024,525.229980,517.710022,520.539978,517.264038,18962700
2025-10-23,522.460022,523.950012,518.609985,520.559998,517.283875,14023500
2025-10-24,522.789978,525.349976,520.710022,523.609985,520.314636,15532400
2025-10-27,531.780029,534.580017,529.010010,531.520020,528.174988,18734700
2025-10-28,550.000000,553.719971,540.770020,542.070007,538.658508,29986700
2025-10-29,544.940002,546.270020,536.729980,541.549988,538.141785,36023000
2025-10-30,530.479980,534.969971,522.119995,525.760010,522.451233,41023100
2025-10-31,528.880005,529.320007,515.099976,517.809998,514.551208,34006400
2025-11-03,519.809998,524.960022,514.590027,517.030029,513.776123,22374700
2025-11-04,511.760010,515.549988,507.839996,514.330017,511.093170,20958700
2025-11-05,513.299988,514.830017,506.579987,507.160004,503.968262,23024300
2025-11-06,505.660004,505.700012,495.809998,497.100006,493.971558,27406500
2025-11-07,496.950012,499.380005,493.250000,496.820007,493.693329,24019800
2025-11-10,500.040009,506.850006,498.799988,506.000000,502.815552,26101500
2025-11-11,504.799988,509.600006,502.350006,508.679993,505.478699,17980000
2025-11-12,509.359985,511.670013,499.119995,511.140015,507.923218,26574900
2025-11-13,510.309998,513.500000,501.290009,503.290009,500.122620,25273100
2025-11-14,498.230011,511.600006,497.440002,510.179993,506.969238,28505700
2025-11-17,508.450012,512.119995,504.910004,507.489990,504.296143,19092800
2025-11-18,495.369995,502.980011,486.779999,493.790009,490.682404,33815100
2025-11-19,490.100006,495.190002,482.829987,487.119995,484.054352,23245300
2025-11-20,492.709991,493.570007,475.500000,478.429993,476.308838,26802500
2025-11-21,478.500000,478.920013,468.269989,472.119995,470.026825,31769200
2025-11-24,475.000000,476.899994,468.019989,474.000000,471.898499,34421000
2025-11-25,474.070007,479.149994,464.890015,476.989990,474.875214,28019800
2025-11-26,486.309998,488.309998,481.200012,485.500000,483.347534,25709100
2025-11-28,487.600006,492.630005,486.649994,492.010010,489.828674,14386700
2025-12-01,488.440002,489.859985,484.649994,486.739990,484.582001,23964000
2025-12-02,486.720001,493.500000,486.320007,490.000000,487.827576,19562700
2025-12-03,476.320007,484.239990,475.200012,477.730011,475.611969,34615100
2025-12-04,479.760010,481.320007,476.489990,480.839996,478.708191,22318200
2025-12-05,482.519989,483.399994,478.880005,483.160004,481.017883,22608700
2025-12-08,484.890015,492.299988,484.380005,491.019989,488.843048,21965900
2025-12-09,489.100006,492.119995,488.500000,492.019989,489.838593,14696100
2025-12-10,484.029999,484.250000,475.079987,478.559998,476.438293,35756200
2025-12-11,476.630005,486.029999,475.859985,483.470001,481.326508,24669200
2025-12-12,479.820007,482.450012,476.339996,478.529999,476.408417,21248100
2025-12-15,480.100006,480.720001,472.519989,474.820007,472.714874,23727700
2025-12-16,471.910004,477.890015,470.880005,476.390015,474.277924,20705600
2025-12-17,476.910004,480.000000,475.000000,476.119995,474.009094,24527200
2025-12-18,478.190002,489.600006,477.890015,483.980011,481.834259,28573500
2025-12-19,487.359985,487.850006,482.489990,485.920013,483.765656,70836100
2025-12-22,486.119995,488.730011,482.690002,484.920013,482.770111,16963000
2025-12-23,484.980011,487.829987,484.739990,486.850006,484.691528,14683600
2025-12-24,485.679993,489.160004,484.829987,488.019989,485.856323,5855900
2025-12-26,486.709991,488.119995,485.959991,487.709991,485.547699,8842200
2025-12-29,484.859985,488.350006,484.179993,487.100006,484.940430,10893400
2025-12-30,485.929993,489.679993,485.500000,487.480011,485.318726,13944500