Date,Open,High,Low,Close,Adj Close,Volume
2020-01-02,32.610001,32.998001,32.478001,32.980999,32.980999,44858000
2020-01-03,32.678001,32.986000,32.553001,32.590000,32.590000,38069000
2020-01-06,32.312000,33.636002,32.119999,33.583000,33.583000,56631000
2020-01-07,33.646999,33.669998,33.029999,33.075001,33.075001,47032000
2020-01-08,33.148998,34.270000,33.105000,33.925999,33.925999,71045000
2020-01-09,34.200001,34.341999,33.460999,33.566002,33.566002,47093000
2020-01-10,33.713001,33.849998,32.727001,32.904999,32.904999,47183000
2020-01-13,33.180000,34.084999,33.151001,33.891998,33.891998,62900000
2020-01-14,34.439999,34.537998,33.551998,33.868999,33.868999,71994000
2020-01-15,33.868000,34.317001,33.660000,33.907001,33.907001,51580000
2020-01-16,34.349998,34.355999,33.584999,33.862000,33.862000,50160000
2020-01-17,34.099998,34.157001,33.737999,33.966999,33.966999,60665000
2020-01-21,34.000000,34.099998,33.258999,33.811001,33.811001,143503000
2020-01-22,33.255001,33.630001,32.360001,32.599998,32.599998,217300000
2020-01-23,32.604000,34.987999,32.500999,34.959999,34.959999,182003000
2020-01-24,34.846001,35.985001,34.588001,35.316002,35.316002,179397000
2020-01-27,34.595001,35.189999,34.102001,34.287998,34.287998,77095000
2020-01-28,34.588001,35.240002,34.278000,34.852001,34.852001,68216000
2020-01-29,34.900002,34.939999,33.855000,34.316002,34.316002,76435000
2020-01-30,34.110001,34.820000,33.924999,34.773998,34.773998,53281000
2020-01-31,34.738998,34.738998,34.098000,34.508999,34.508999,52300000
2020-02-03,34.723999,35.963001,34.627998,35.799999,35.799999,66706000
2020-02-04,36.099998,36.957001,35.610001,36.901001,36.901001,71615000
2020-02-05,37.513000,37.525002,36.230000,36.966999,36.966999,64370000
2020-02-06,36.959999,37.154999,36.250999,36.695000,36.695000,39204000
2020-02-07,36.504002,37.180000,36.356998,36.676998,36.676998,43852000
2020-02-10,36.500000,37.480000,36.251999,37.106998,37.106998,52941000
2020-02-11,37.375000,37.811001,36.972000,37.368999,37.368999,47729000
2020-02-12,37.717999,38.062000,37.588001,38.000999,38.000999,46248000
2020-02-13,37.695999,38.536999,37.651001,38.139999,38.139999,44854000
2020-02-14,38.146999,38.514999,37.943001,38.040001,38.040001,37363000
2020-02-18,37.930000,38.953999,37.918999,38.778000,38.778000,51739000
2020-02-19,38.812000,39.294998,38.490002,38.618999,38.618999,48964000
2020-02-20,38.655998,38.970001,37.667999,38.599998,38.599998,40794000
2020-02-21,38.533001,38.731998,37.790001,38.007000,38.007000,39301000
2020-02-24,36.476002,37.282001,36.099998,36.869999,36.869999,69364000
2020-02-25,37.200001,37.564999,35.771999,36.008999,36.008999,64812000
2020-02-26,36.631001,38.200001,36.500000,37.924000,37.924000,89341000
2020-02-27,37.146000,39.155998,37.060001,37.171001,37.171001,109677000
2020-02-28,36.421001,37.676998,35.680000,36.903000,36.903000,111686000
2020-03-02,37.311001,38.136002,36.450001,38.105000,38.105000,69979000
2020-03-03,38.103001,39.352001,36.740002,36.876999,36.876999,83646000
2020-03-04,37.777000,38.401001,37.050999,38.379002,38.379002,54873000
2020-03-05,38.099998,39.139999,36.863998,37.278000,37.278000,87470000
2020-03-06,36.770000,37.131001,35.685001,36.896999,36.896999,81472000
2020-03-09,34.386002,35.747002,34.172001,34.648998,34.648998,74055000
2020-03-10,35.643002,36.453999,34.785000,36.412998,36.412998,76044000
2020-03-11,35.891998,36.298000,34.479000,34.992001,34.992001,60360000
2020-03-12,32.650002,33.571999,30.732000,31.525000,31.525000,120716000
2020-03-13,33.050999,33.641998,30.739000,33.630001,33.630001,94582000
2020-03-16,30.663000,33.435001,29.475000,29.884001,29.884001,105599000
2020-03-17,30.618999,32.290001,29.025000,31.975000,31.975000,100139000
2020-03-18,30.240000,33.158001,30.000000,31.547001,31.547001,125936000
2020-03-19,32.432999,34.851002,31.681999,33.202999,33.202999,106160000
2020-03-20,34.230999,35.049000,33.200001,33.283001,33.283001,108538000
2020-03-23,34.789001,36.611000,34.088001,36.027000,36.027000,134494000
2020-03-24,36.999001,37.292999,35.303001,35.731998,35.731998,116387000
2020-03-25,36.102001,36.200001,33.917000,34.238998,34.238998,87672000
2020-03-26,34.400002,36.383999,34.173000,36.299000,36.299000,72296000
2020-03-27,35.909000,36.855999,35.299999,35.712002,35.712002,79488000
2020-03-30,36.299999,37.779999,36.117001,37.096001,37.096001,86220000
2020-03-31,36.792999,38.300999,36.644001,37.549999,37.549999,93665000
2020-04-01,37.605000,38.022999,36.102001,36.408001,36.408001,66725000
2020-04-02,36.408001,37.098999,36.006001,37.007999,37.007999,45925000
2020-04-03,36.747002,37.090000,35.750999,36.175999,36.175999,48608000
2020-04-06,36.521999,38.028999,36.171001,37.995998,37.995998,81839000
2020-04-07,38.000000,38.132999,36.933998,37.228001,37.228001,70464000
2020-04-08,37.401001,37.839001,36.831001,37.112000,37.112000,69089000
2020-04-09,37.105999,37.209999,36.303001,37.071999,37.071999,77113000
2020-04-13,37.131001,40.050999,36.770000,39.672001,39.672001,116929000
2020-04-14,39.750000,41.782001,39.485001,41.355000,41.355000,115810000
2020-04-15,41.299999,43.498001,41.224998,42.674999,42.674999,135612000
2020-04-16,43.700001,44.952000,43.160999,43.917000,43.917000,161287000
2020-04-17,43.099998,43.200001,41.470001,42.296001,42.296001,126163000
2020-04-20,43.516998,44.449001,43.056000,43.749001,43.749001,126558000
2020-04-21,44.477001,44.700001,42.560001,43.382999,43.382999,231776000
2020-04-22,42.973000,43.299999,41.299999,42.141998,42.141998,210848000
2020-04-23,41.925999,43.841000,41.925999,42.669998,42.669998,139523000
2020-04-24,42.500000,42.716999,41.588001,42.499001,42.499001,86589000
2020-04-27,42.500000,42.900002,42.084000,42.138000,42.138000,62775000
2020-04-28,41.999001,42.099998,40.291000,40.382999,40.382999,101012000
2020-04-29,39.952999,41.585999,39.360001,41.188999,41.188999,96931000
2020-04-30,41.030998,42.444000,40.799999,41.985001,41.985001,79540000
2020-05-01,41.509998,42.797001,41.173000,41.527000,41.527000,82999000
2020-05-04,41.778000,42.854000,41.487000,42.814999,42.814999,77991000
2020-05-05,42.756001,43.099998,42.155998,42.467999,42.467999,62863000
2020-05-06,42.930000,43.977001,42.639000,43.425999,43.425999,66607000
2020-05-07,43.688999,43.888000,43.066002,43.653000,43.653000,56419000
2020-05-08,43.414001,44.200001,43.363998,43.555000,43.555000,50493000
2020-05-11,43.632999,44.488998,43.556000,44.051998,44.051998,54860000
2020-05-12,44.200001,44.417000,43.136002,43.181999,43.181999,45982000
2020-05-13,43.569000,44.700001,42.727001,43.827000,43.827000,70146000
2020-05-14,44.490002,45.237999,43.282001,44.195000,44.195000,90075000
2020-05-15,44.070000,45.500000,43.750999,45.418999,45.418999,72440000
2020-05-18,45.116001,45.636002,44.334999,45.257999,45.257999,77735000
2020-05-19,45.340000,45.896999,45.047001,45.104000,45.104000,48105000
2020-05-20,45.424999,45.581001,44.400002,44.766998,44.766998,56073000
2020-05-21,44.855999,44.896000,43.025002,43.625000,43.625000,91173000
2020-05-22,43.700001,43.909000,42.717999,42.931999,42.931999,54223000
2020-05-26,42.777000,42.849998,41.313999,41.477001,41.477001,78811000
2020-05-27,41.037998,42.001999,39.785999,41.988998,41.988998,104463000
2020-05-28,41.723999,42.237000,41.150002,41.344002,41.344002,56551000
2020-05-29,41.745998,42.029999,41.185001,41.973000,41.973000,52549000
2020-06-01,41.882999,42.672001,41.598000,42.591999,42.591999,37437000
2020-06-02,42.587002,42.758999,41.945999,42.730999,42.730999,34948000
2020-06-03,42.695000,42.709999,41.805000,42.196999,42.196999,43160000
2020-06-04,42.238998,42.870998,41.002998,41.432999,41.432999,54105000
2020-06-05,40.729000,42.023998,40.424999,41.959999,41.959999,50996000
2020-06-08,41.599998,42.080002,40.650002,41.949001,41.949001,58515000
2020-06-09,42.165001,43.473000,42.030998,43.404999,43.404999,67970000
2020-06-10,43.599998,43.969002,43.055000,43.448002,43.448002,48969000
2020-06-11,42.820000,44.556999,42.416000,42.556000,42.556000,74629000
2020-06-12,42.900002,43.405998,41.244999,41.806999,41.806999,64611000
2020-06-15,42.139999,42.648998,41.542000,42.549999,42.549999,44679000
2020-06-16,42.576000,43.796001,42.518002,43.612999,43.612999,55079000
2020-06-17,44.181999,45.046001,43.922001,44.777000,44.777000,65296000
2020-06-18,44.873001,45.276001,44.279999,44.987000,44.987000,42776000
2020-06-19,44.911999,45.396999,44.560001,45.372002,45.372002,59345000
2020-06-22,45.500999,46.859001,45.421001,46.804001,46.804001,62721000
2020-06-23,46.650002,47.401001,46.450001,46.625999,46.625999,59484000
2020-06-24,46.854000,47.236000,45.400002,45.785000,45.785000,48262000
2020-06-25,45.886002,46.701000,45.400002,46.591000,46.591000,41345000
2020-06-26,46.639000,46.803001,44.223999,44.340000,44.340000,68047000
2020-06-29,44.522999,44.766998,43.214001,44.723999,44.723999,48440000
2020-06-30,45.001999,45.758999,44.700001,45.504002,45.504002,41985000
2020-07-01,45.400002,48.823002,45.400002,48.563999,48.563999,97059000
2020-07-02,48.563999,49.228001,47.553001,47.688999,47.688999,63515000
2020-07-06,48.077000,49.950001,47.980000,49.381001,49.381001,78390000
2020-07-07,49.730999,50.481998,49.083000,49.316002,49.316002,56699000
2020-07-08,49.858002,50.509998,49.381001,50.278000,50.278000,56917000
2020-07-09,50.840000,51.000000,49.577999,50.776001,50.776001,58405000
2020-07-10,51.973000,55.588001,51.127998,54.873001,54.873001,216056000
2020-07-13,56.798000,57.536999,52.096001,52.549999,52.549999,183990000
2020-07-14,51.708000,52.549999,49.049000,52.487999,52.487999,150833000
2020-07-15,51.630001,52.900002,51.018002,52.326000,52.326000,100667000
2020-07-16,52.647999,53.554001,50.436001,52.738998,52.738998,244990000
2020-07-17,49.487000,50.359001,48.414001,49.299000,49.299000,249914000
2020-07-20,48.914001,50.450001,48.419998,50.241001,50.241001,119403000
2020-07-21,50.599998,50.622002,48.861000,49.009998,49.009998,91137000
2020-07-22,49.219002,49.720001,48.720001,48.981998,48.981998,69541000
2020-07-23,49.112999,49.189999,47.202000,47.757999,47.757999,77220000
2020-07-24,46.876999,48.716999,46.754002,48.044998,48.044998,77462000
2020-07-27,48.451000,49.692001,48.230999,49.564999,49.564999,78631000
2020-07-28,49.602001,49.778999,48.776001,48.851002,48.851002,59867000
2020-07-29,49.224998,49.492001,48.412998,48.448002,48.448002,66118000
2020-07-30,48.070999,48.834999,47.750999,48.580002,48.580002,66086000
2020-07-31,48.828999,49.480000,48.450001,48.888000,48.888000,59163000
2020-08-03,49.085999,50.308998,49.022999,49.862000,49.862000,58731000
2020-08-04,49.865002,51.043999,49.865002,50.964001,50.964001,56080000
2020-08-05,50.868000,51.009998,50.119999,50.210999,50.210999,43082000
2020-08-06,50.410999,51.082001,49.869999,50.908001,50.908001,37259000
2020-08-07,50.544998,50.828999,48.667999,49.473000,49.473000,59103000
2020-08-10,49.334999,49.745998,47.862999,48.338001,48.338001,46912000
2020-08-11,47.974998,48.091999,46.654999,46.693001,46.693001,73292000
2020-08-12,47.133999,48.249001,47.018002,47.547001,47.547001,54392000
2020-08-13,47.840000,48.445000,47.645000,48.132999,48.132999,30089000
2020-08-14,48.282001,48.833000,48.021000,48.268002,48.268002,29435000
2020-08-17,48.418999,48.624001,47.910000,48.235001,48.235001,24235000
2020-08-18,48.435001,49.529999,48.279999,49.187000,49.187000,35055000
2020-08-19,49.393002,49.450001,48.349998,48.452999,48.452999,31562000
2020-08-20,48.469002,49.894001,48.389000,49.790001,49.790001,51325000
2020-08-21,49.646000,49.813000,49.000000,49.230999,49.230999,39213000
2020-08-24,49.543999,50.099998,48.316002,48.881001,48.881001,47622000
2020-08-25,48.819000,49.247002,48.508999,49.057999,49.057999,57277000
2020-08-26,49.250000,54.903999,49.208000,54.752998,54.752998,203737000
2020-08-27,53.778000,54.099998,52.125000,52.626999,52.626999,90629000
2020-08-28,53.200001,53.900002,52.200001,52.389000,52.389000,44175000
2020-08-31,52.116001,53.199001,51.757999,52.956001,52.956001,49414000
2020-09-01,53.259998,55.738998,53.244999,55.654999,55.654999,95727000
2020-09-02,55.377998,55.650002,53.737000,55.284000,55.284000,58869000
2020-09-03,54.500000,55.400002,52.132000,52.575001,52.575001,90711000
2020-09-04,52.018002,52.736000,48.598000,51.605000,51.605000,82701000
2020-09-08,49.840000,52.200001,49.500000,50.702000,50.702000,55727000
2020-09-09,51.921001,52.000000,49.257000,50.019001,50.019001,68481000
2020-09-10,50.334999,50.629002,47.883999,48.067001,48.067001,62402000
2020-09-11,48.648998,49.373001,47.681000,48.202999,48.202999,50352000
2020-09-14,48.062000,48.898998,47.130001,47.625999,47.625999,73591000
2020-09-15,48.400002,49.747002,48.162998,49.598999,49.598999,53370000
2020-09-16,49.999001,50.466000,48.331001,48.386002,48.386002,43949000
2020-09-17,47.515999,47.840000,46.327000,47.020000,47.020000,53793000
2020-09-18,47.250999,47.939999,45.860001,46.995998,46.995998,67177000
2020-09-21,46.769001,48.778000,46.632000,48.735001,48.735001,54575000
2020-09-22,48.901001,49.181999,47.925999,49.117001,49.117001,34823000
2020-09-23,49.104000,49.104000,46.900002,47.061001,47.061001,37264000
2020-09-24,47.053001,47.700001,46.782001,47.307999,47.307999,37272000
2020-09-25,47.438999,48.487000,46.803001,48.287998,48.287998,37694000
2020-09-28,48.910999,49.200001,47.787998,49.064999,49.064999,47735000
2020-09-29,48.950001,49.629002,48.653000,49.348000,49.348000,35415000
2020-09-30,49.257000,50.463001,48.926998,50.002998,50.002998,46341000
2020-10-01,50.603001,52.955002,50.360001,52.750999,52.750999,81537000
2020-10-02,51.643002,52.637001,50.270000,50.306000,50.306000,60712000
2020-10-05,50.680000,52.098999,50.169998,52.064999,52.064999,40881000
2020-10-06,51.872002,52.181999,50.416000,50.587002,50.587002,41990000
2020-10-07,51.799999,53.648998,51.582001,53.466000,53.466000,79887000
2020-10-08,53.348000,53.500000,52.415001,53.179001,53.179001,53865000
2020-10-09,53.783001,54.428001,53.500000,53.944000,53.944000,47813000
2020-10-12,54.881001,55.181000,53.824001,53.980999,53.980999,53911000
2020-10-13,54.056000,55.764999,53.720001,55.409000,55.409000,56025000
2020-10-14,56.261002,57.249001,54.099998,54.145000,54.145000,94990000
2020-10-15,54.551998,55.122002,53.509998,54.194000,54.194000,51131000
2020-10-16,54.950001,55.432999,53.002998,53.078999,53.078999,63474000
2020-10-19,53.707001,54.180000,52.537998,53.071999,53.071999,75675000
2020-10-20,52.813999,53.377998,52.226002,52.542000,52.542000,100472000
2020-10-21,50.103001,50.685001,48.825001,48.904999,48.904999,174057000
2020-10-22,49.469002,49.514000,48.200001,48.522999,48.522999,69979000
2020-10-23,48.811001,49.006001,48.134998,48.827999,48.827999,49279000
2020-10-26,48.702999,49.681999,47.889999,48.824001,48.824001,61861000
2020-10-27,49.000999,49.049000,48.292999,48.893002,48.893002,36272000
2020-10-28,48.636002,49.400002,48.327999,48.624001,48.624001,59927000
2020-10-29,48.849998,51.389999,47.933998,50.421001,50.421001,111207000
2020-10-30,50.201000,50.588001,47.221001,47.574001,47.574001,78079000
2020-11-02,47.887001,48.630001,47.500000,48.411999,48.411999,44082000
2020-11-03,48.493000,49.530998,47.875999,48.722000,48.722000,36902000
2020-11-04,49.535999,50.772999,49.397999,49.695000,49.695000,51373000
2020-11-05,50.655998,51.873001,50.345001,51.375999,51.375999,53728000
2020-11-06,51.500000,51.521000,50.250999,51.473000,51.473000,42363000
2020-11-09,48.554001,49.584999,46.726002,47.049999,47.049999,104197000
2020-11-10,47.095001,48.459999,46.341000,48.023998,48.023998,83061000
2020-11-11,48.299999,49.167999,47.826000,49.076000,49.076000,54605000
2020-11-12,49.099998,49.652000,48.042999,48.676998,48.676998,50637000
2020-11-13,48.676998,48.894001,47.779999,48.284000,48.284000,30027000
2020-11-16,48.000000,48.557999,47.730000,47.910000,47.910000,39536000
2020-11-17,48.012001,48.750999,47.884998,48.063000,48.063000,36981000
2020-11-18,48.195000,48.861000,47.771999,48.179001,48.179001,36292000
2020-11-19,48.200001,48.779999,48.047001,48.466999,48.466999,22547000
2020-11-20,48.521999,49.476002,48.157001,48.824001,48.824001,42534000
2020-11-23,49.046001,49.115002,47.584000,47.661999,47.661999,54166000
2020-11-24,47.883999,48.404999,47.589001,48.287998,48.287998,35505000
2020-11-25,48.513000,48.689999,47.891998,48.500000,48.500000,35986000
2020-11-27,48.658001,49.325001,48.185001,49.136002,49.136002,28058000
2020-11-30,49.007999,49.255001,48.126999,49.070000,49.070000,35309000
2020-12-01,49.234001,50.946999,49.198002,50.458000,50.458000,50527000
2020-12-02,50.161999,50.680000,49.349998,50.338001,50.338001,30284000
2020-12-03,50.299000,50.876999,49.604000,49.751999,49.751999,28261000
2020-12-04,49.750000,50.450001,49.363998,49.831001,49.831001,36662000
2020-12-07,50.000999,51.776001,49.777000,51.577999,51.577999,42893000
2020-12-08,51.790001,52.148998,50.555000,51.265999,51.265999,42290000
2020-12-09,51.053001,51.450001,49.129002,49.360001,49.360001,41788000
2020-12-10,49.456001,50.376999,49.291000,50.109001,50.109001,30182000
2020-12-11,49.500000,50.334000,49.485001,50.321999,50.321999,32109000
2020-12-14,50.543999,52.416000,50.118000,52.242001,52.242001,57704000
2020-12-15,51.849998,52.470001,51.355999,51.978001,51.978001,33949000
2020-12-16,52.011002,52.737999,51.769001,52.483002,52.483002,36824000
2020-12-17,52.900002,53.549000,52.644001,53.290001,53.290001,31934000
2020-12-18,53.320000,53.637001,52.602001,53.445000,53.445000,45027000
2020-12-21,53.005001,53.262001,52.115002,52.890999,52.890999,38940000
2020-12-22,52.769001,53.040001,52.049999,52.733002,52.733002,19066000
2020-12-23,52.476002,52.632000,51.419998,51.448002,51.448002,23932000
2020-12-24,51.512001,51.935001,51.221001,51.396999,51.396999,11440000
2020-12-28,51.643002,52.366001,50.713001,51.911999,51.911999,28919000
2020-12-29,51.990002,53.654999,51.548000,53.087002,53.087002,40224000
2020-12-30,53.013000,53.326000,52.368999,52.459000,52.459000,18763000
2020-12-31,52.553001,54.549999,52.314999,54.073002,54.073002,53923000
2021-01-04,53.900002,54.080002,51.508999,52.285999,52.285999,44444000
2021-01-05,52.154999,52.678001,51.589001,52.080002,52.080002,31339000
2021-01-06,51.196999,51.310001,49.950001,50.049000,50.049000,53462000
2021-01-07,50.827999,51.644001,50.641998,50.889000,50.889000,36864000
2021-01-08,51.131001,51.324001,50.451000,51.040001,51.040001,29739000
2021-01-11,50.784000,51.073002,49.794998,49.910000,49.910000,38062000
2021-01-12,50.000000,50.109001,48.567001,49.424999,49.424999,59904000
2021-01-13,49.549999,51.235001,49.300999,50.778999,50.778999,50321000
2021-01-14,50.735001,51.450001,49.958000,50.085999,50.085999,41774000
2021-01-15,50.000000,50.632000,49.509998,49.798000,49.798000,58958000
2021-01-19,50.099998,50.924999,49.354000,50.176998,50.176998,123158000
2021-01-20,56.542000,59.328999,55.686001,58.633999,58.633999,326375000
2021-01-21,58.244999,58.875000,57.040001,57.984001,57.984001,118021000
2021-01-22,58.209999,58.398998,56.435001,56.516998,56.516998,75508000
2021-01-25,56.700001,56.974998,54.865002,55.678001,55.678001,72073000
2021-01-26,55.473000,56.799000,55.405998,56.193001,56.193001,50238000
2021-01-27,55.070999,55.641998,51.573002,52.327999,52.327999,86703000
2021-01-28,53.588001,55.314999,53.074001,53.860001,53.860001,59690000
2021-01-29,53.799999,54.099998,53.018002,53.238998,53.238998,43253000
2021-02-01,53.679001,54.506001,53.173000,53.903999,53.903999,35475000
2021-02-02,54.201000,55.548000,53.893002,54.816002,54.816002,37676000
2021-02-03,55.016998,55.048000,53.824001,53.945000,53.945000,31723000
2021-02-04,53.980999,55.948002,53.750999,55.216000,55.216000,51645000
2021-02-05,55.226002,55.444000,54.548000,55.078999,55.078999,23762000
2021-02-08,55.500000,55.500000,54.369999,54.792000,54.792000,27917000
2021-02-09,54.599998,56.599998,54.299999,55.907001,55.907001,37035000
2021-02-10,56.250000,56.665001,55.346001,56.359001,56.359001,39913000
2021-02-11,56.444000,56.592999,55.422001,55.758999,55.758999,27306000
2021-02-12,55.694000,56.125000,55.084999,55.652000,55.652000,21971000
2021-02-16,55.729000,56.362999,55.272999,55.728001,55.728001,26241000
2021-02-17,55.098999,55.525002,54.303001,55.133999,55.133999,20696000
2021-02-18,54.900002,55.000000,53.823002,54.821999,54.821999,24562000
2021-02-19,54.799999,54.898998,53.881001,54.021999,54.021999,28415000
2021-02-22,53.499001,54.179001,53.078999,53.377998,53.377998,30786000
2021-02-23,52.500000,54.854000,51.827999,54.615002,54.615002,41365000
2021-02-24,53.980000,55.685001,53.907001,55.341000,55.341000,32450000
2021-02-25,55.027000,55.647999,53.575001,54.669998,54.669998,42529000
2021-02-26,54.651001,55.308998,53.799999,53.884998,53.884998,37556000
2021-03-01,54.556999,55.214001,54.200001,55.063999,55.063999,30414000
2021-03-02,55.334000,55.699001,54.602001,54.782001,54.782001,30422000
2021-03-03,54.592999,54.800999,51.780998,52.070000,52.070000,53624000
2021-03-04,52.150002,53.150002,50.768002,51.129002,51.129002,50348000
2021-03-05,51.198002,51.776001,49.879002,51.639000,51.639000,50700000
2021-03-08,51.445999,51.883999,49.285000,49.333000,49.333000,39818000
2021-03-09,50.730999,51.311001,50.382000,50.644001,50.644001,34700000
2021-03-10,51.349998,51.896999,50.424999,50.453999,50.453999,37715000
2021-03-11,51.220001,53.023998,51.070999,52.306000,52.306000,47145000
2021-03-12,51.250000,52.651001,50.659000,51.801998,51.801998,39817000
2021-03-15,51.632000,52.073002,50.803001,52.025002,52.025002,34843000
2021-03-16,52.446999,53.341999,52.320999,52.403000,52.403000,32389000
2021-03-17,52.200001,52.837002,51.430000,52.444000,52.444000,28174000
2021-03-18,51.639999,51.790001,50.384998,50.479000,50.479000,40945000
2021-03-19,50.495998,51.319000,50.162998,51.217999,51.217999,43864000
2021-03-22,50.912998,52.931000,50.912998,52.311001,52.311001,33606000
2021-03-23,52.987000,54.312000,52.939999,53.508999,53.508999,55835000
2021-03-24,53.377998,53.442001,52.000000,52.081001,52.081001,41022000
2021-03-25,51.699001,51.853001,49.700001,50.285999,50.285999,49268000
2021-03-26,50.282001,50.872002,49.667999,50.805000,50.805000,34678000
2021-03-29,50.566002,51.799999,50.439999,51.395000,51.395000,33300000
2021-03-30,51.050999,51.441002,50.691002,51.339001,51.339001,24181000
2021-03-31,51.567001,52.813000,51.543999,52.166000,52.166000,35031000
2021-04-01,52.993000,54.049999,52.702999,53.942001,53.942001,39386000
2021-04-05,54.000999,54.285000,52.923000,54.067001,54.067001,33559000
2021-04-06,54.480999,55.417000,54.330002,54.452999,54.452999,34742000
2021-04-07,54.349998,54.964001,54.145000,54.699001,54.699001,21513000
2021-04-08,55.112999,55.689999,54.757000,55.458000,55.458000,43098000
2021-04-09,55.269001,55.689999,54.710999,55.530998,55.530998,28940000
2021-04-12,55.105000,55.798000,54.958000,55.278000,55.278000,29441000
2021-04-13,55.700001,55.974998,55.029999,55.373001,55.373001,27203000
2021-04-14,55.487000,55.487000,53.853001,54.001999,54.001999,37403000
2021-04-15,54.417000,55.348999,54.265999,54.922001,54.922001,31391000
2021-04-16,55.054001,55.198002,53.951000,54.653999,54.653999,32091000
2021-04-19,54.689999,55.644001,54.553001,55.444000,55.444000,42887000
2021-04-20,55.442001,56.355999,54.630001,54.957001,54.957001,112576000
2021-04-21,50.799999,51.546001,50.360001,50.889999,50.889999,228974000
2021-04-22,51.382000,51.396000,50.055000,50.877998,50.877998,90611000
2021-04-23,50.901001,50.970001,50.070000,50.555000,50.555000,73077000
2021-04-26,50.675999,51.048000,50.299999,51.029999,51.029999,43888000
2021-04-27,51.262001,51.299000,50.458000,50.555000,50.555000,37613000
2021-04-28,50.520000,50.840000,50.334000,50.652000,50.652000,31930000
2021-04-29,50.759998,50.929001,49.900002,50.900002,50.900002,51278000
2021-04-30,50.500000,51.455002,50.500000,51.347000,51.347000,44132000
2021-05-03,51.264999,51.895000,50.520000,50.910999,50.910999,40919000
2021-05-04,51.077999,51.162998,49.679001,50.318001,50.318001,43495000
2021-05-05,50.499001,50.778000,49.463001,49.608002,49.608002,31294000
2021-05-06,49.598999,49.955002,49.137001,49.955002,49.955002,37837000
2021-05-07,50.462002,50.855000,50.112000,50.383999,50.383999,31328000
2021-05-10,50.200001,50.314999,48.611000,48.668999,48.668999,51316000
2021-05-11,47.974998,49.799000,47.862999,49.507999,49.507999,44010000
2021-05-12,48.682999,49.354000,48.270000,48.498001,48.498001,41215000
2021-05-13,48.912998,49.077999,48.271000,48.666000,48.666000,27125000
2021-05-14,48.785999,49.485001,48.659000,49.337002,49.337002,28825000
2021-05-17,48.558998,49.271000,48.280998,48.894001,48.894001,27052000
2021-05-18,48.840000,49.348000,48.618999,48.627998,48.627998,23505000
2021-05-19,48.162998,48.856998,47.854000,48.770000,48.770000,33499000
2021-05-20,48.955002,50.270000,48.897999,50.167000,50.167000,37212000
2021-05-21,50.312000,50.540001,49.726002,49.789001,49.789001,33229000
2021-05-24,50.105000,50.424999,49.951000,50.290001,50.290001,24126000
2021-05-25,50.599998,50.637001,49.922001,50.133999,50.133999,26995000
2021-05-26,50.234001,50.414001,50.049999,50.236000,50.236000,24653000
2021-05-27,50.180000,50.509998,49.854000,50.386002,50.386002,32538000
2021-05-28,50.439999,51.175999,50.252998,50.280998,50.280998,29103000
2021-06-01,50.401001,50.541000,49.773998,49.908001,49.908001,24826000
2021-06-02,49.981998,50.321999,49.582001,49.924000,49.924000,22690000
2021-06-03,49.519001,49.666000,48.724998,48.943001,48.943001,38874000
2021-06-04,49.200001,50.186001,49.095001,49.473999,49.473999,31605000
2021-06-07,49.292000,49.669998,49.055000,49.466000,49.466000,27919000
2021-06-08,49.700001,49.882000,48.937000,49.238998,49.238998,23740000
2021-06-09,49.450001,49.609001,48.465000,48.581001,48.581001,30550000
2021-06-10,48.716999,49.021000,48.214001,48.727001,48.727001,43829000
2021-06-11,49.000000,49.140999,48.778000,48.876999,48.876999,31240000
2021-06-14,48.967999,50.349998,48.691002,49.988998,49.988998,44002000
2021-06-15,50.123001,50.123001,49.040001,49.189999,49.189999,31041000
2021-06-16,49.500000,49.646000,48.627998,49.241001,49.241001,35332000
2021-06-17,49.025002,50.180000,49.014999,49.834000,49.834000,31983000
2021-06-18,49.639999,50.449001,49.523998,50.077000,50.077000,51976000
2021-06-21,50.164001,50.205002,49.228001,49.700001,49.700001,52773000
2021-06-22,49.854000,51.355000,49.580002,50.882000,50.882000,58093000
2021-06-23,50.848000,51.662998,50.820000,51.273998,51.273998,39448000
2021-06-24,51.796001,52.096001,51.439999,51.806000,51.806000,33612000
2021-06-25,52.883999,53.306000,52.500000,52.707001,52.707001,52991000
2021-06-28,52.812000,53.394001,52.456001,53.303001,53.303001,28202000
2021-06-29,53.355000,53.612999,52.856998,53.349998,53.349998,23146000
2021-06-30,53.405998,53.438000,52.681999,52.820999,52.820999,27734000
2021-07-01,52.571999,53.703999,52.571999,53.354000,53.354000,28054000
2021-07-02,53.549999,53.854000,52.938999,53.397999,53.397999,19755000
2021-07-06,53.299999,54.285999,53.299999,54.164001,54.164001,27751000
2021-07-07,54.424000,54.464001,53.166000,53.596001,53.596001,27225000
2021-07-08,53.092999,53.549999,52.909000,53.076000,53.076000,32690000
2021-07-09,53.099998,53.826000,52.858002,53.598000,53.598000,27772000
2021-07-12,54.029999,54.064999,53.292000,53.730999,53.730999,17807000
2021-07-13,53.576000,54.533001,53.576000,54.068001,54.068001,27516000
2021-07-14,54.101002,55.410000,54.101002,54.794998,54.794998,46595000
2021-07-15,55.396999,55.754002,53.820000,54.294998,54.294998,57139000
2021-07-16,54.181000,54.405998,52.705002,53.030998,53.030998,34421000
2021-07-19,52.605000,53.491001,52.223999,53.228001,53.228001,38858000
2021-07-20,52.606998,53.664001,52.029999,53.105000,53.105000,69304000
2021-07-21,52.612999,53.098999,50.561001,51.362999,51.362999,119068000
2021-07-22,51.021000,51.368000,50.700001,51.176998,51.176998,43281000
2021-07-23,51.216000,51.741001,50.466000,51.541000,51.541000,38205000
2021-07-26,51.438000,52.112999,50.901001,51.648998,51.648998,22545000
2021-07-27,51.807999,52.195000,51.205002,51.890999,51.890999,27590000
2021-07-28,52.181999,52.446999,51.698002,51.930000,51.930000,23905000
2021-07-29,51.995998,52.077999,51.379002,51.424999,51.424999,17360000
2021-07-30,51.269001,51.979000,51.096001,51.757000,51.757000,25371000
2021-08-02,51.900002,51.985001,51.050999,51.514999,51.514999,20966000
2021-08-03,51.438999,51.563000,50.536999,51.082001,51.082001,25794000
2021-08-04,51.299999,51.798000,51.036999,51.735001,51.735001,20394000
2021-08-05,51.713001,52.541000,51.402000,52.488998,52.488998,25567000
2021-08-06,52.400002,52.683998,51.938999,52.055000,52.055000,19198000
2021-08-09,52.115002,52.266998,51.799000,51.997002,51.997002,13678000
2021-08-10,52.000000,52.078999,51.297001,51.584000,51.584000,19605000
2021-08-11,51.700001,51.957001,50.977001,51.240002,51.240002,16739000
2021-08-12,51.186001,51.299999,50.720001,51.071999,51.071999,16857000
2021-08-13,51.264000,52.144001,51.151001,51.591999,51.591999,21777000
2021-08-16,51.523998,52.338001,51.230000,51.792000,51.792000,20328000
2021-08-17,51.547001,52.078999,51.419998,51.890999,51.890999,23098000
2021-08-18,52.000000,52.638000,51.865002,52.187000,52.187000,25820000
2021-08-19,52.273998,54.839001,52.187000,54.370998,54.370998,74973000
2021-08-20,54.508999,55.139000,53.910000,54.688000,54.688000,37764000
2021-08-23,54.598000,55.555000,54.374001,55.333000,55.333000,26020000
2021-08-24,55.147999,55.530998,54.926998,55.341000,55.341000,21095000
2021-08-25,55.015999,55.284000,54.544998,54.757999,54.757999,20656000
2021-08-26,54.616001,55.259998,54.590000,55.012001,55.012001,15955000
2021-08-27,55.160000,56.417000,54.924999,55.891998,55.891998,32526000
2021-08-30,55.724998,56.716000,55.645000,56.618000,56.618000,24348000
2021-08-31,56.612000,56.948002,56.160999,56.918999,56.918999,24319000
2021-09-01,56.900002,59.099998,56.900002,58.207001,58.207001,56262000
2021-09-02,58.368000,59.875999,58.368000,58.855000,58.855000,61799000
2021-09-03,58.580002,59.188000,58.313999,59.053001,59.053001,26812000
2021-09-07,59.469002,61.384998,59.398998,60.671001,60.671001,58214000
2021-09-08,60.383999,61.560001,59.570999,60.605000,60.605000,54245000
2021-09-09,60.646999,60.944000,59.654999,59.754002,59.754002,29542000
2021-09-10,59.816002,60.945000,59.367001,59.872002,59.872002,39508000
2021-09-13,59.856998,59.856998,58.278000,58.929001,58.929001,30629000
2021-09-14,58.488998,58.728001,57.556000,57.776001,57.776001,34570000
2021-09-15,57.817001,58.462002,57.536999,58.286999,58.286999,27556000
2021-09-16,58.430000,58.748001,57.771999,58.650002,58.650002,18320000
2021-09-17,58.785000,59.028000,58.084999,58.935001,58.935001,41451000
2021-09-20,58.679001,59.153000,56.807999,57.542999,57.542999,37322000
2021-09-21,57.831001,58.188000,56.937000,57.313999,57.313999,22509000
2021-09-22,57.969002,59.564999,57.969002,59.064999,59.064999,40218000
2021-09-23,59.078999,59.931999,58.912998,59.326000,59.326000,25262000
2021-09-24,59.250000,59.298000,58.363998,59.238998,59.238998,21262000
2021-09-27,58.794998,59.358002,57.693001,59.264000,59.264000,25047000
2021-09-28,58.900002,59.953999,58.015999,58.384998,58.384998,44311000
2021-09-29,58.901001,60.987999,58.800999,59.905998,59.905998,62210000
2021-09-30,60.805000,61.900002,60.805000,61.034000,61.034000,66126000
2021-10-01,60.424000,61.499001,59.750999,61.314999,61.314999,40908000
2021-10-04,61.339001,62.612999,59.467999,60.334999,60.334999,49959000
2021-10-05,60.694000,64.039001,60.688999,63.480999,63.480999,95343000
2021-10-06,62.818001,63.987000,62.636002,63.910000,63.910000,45804000
2021-10-07,64.223000,64.683998,63.044998,63.185001,63.185001,35569000
2021-10-08,63.417000,64.379997,63.085999,63.265999,63.265999,32721000
2021-10-11,63.320000,63.942001,62.678001,62.703999,62.703999,28625000
2021-10-12,63.301998,63.765999,62.199001,62.493999,62.493999,32273000
2021-10-13,63.217999,63.217999,62.209999,62.976002,62.976002,24203000
2021-10-14,63.223000,63.688000,62.679001,63.380001,63.380001,26717000
2021-10-15,63.799999,63.942001,62.515999,62.828999,62.828999,41169000
2021-10-18,63.209999,63.841000,62.058998,63.797001,63.797001,46691000
2021-10-19,63.696999,64.099998,63.230000,63.900002,63.900002,76331000
2021-10-20,62.556999,63.740002,61.715000,62.514000,62.514000,106220000
2021-10-21,62.889000,65.401001,62.865002,65.316002,65.316002,84371000
2021-10-22,65.181000,66.545998,65.181000,66.477997,66.477997,61860000
2021-10-25,66.374001,67.587997,65.707001,67.166000,67.166000,38335000
2021-10-26,67.375999,67.649002,66.277000,66.851997,66.851997,29048000
2021-10-27,66.900002,67.140999,66.184998,66.292000,66.292000,22769000
2021-10-28,67.095001,67.680000,66.803001,67.404999,67.404999,28594000
2021-10-29,67.306000,69.097000,67.124001,69.030998,69.030998,38253000
2021-11-01,68.905998,68.997002,67.653999,68.116997,68.116997,31109000
2021-11-02,68.310997,68.767998,67.382004,67.772003,67.772003,38886000
2021-11-03,67.726997,68.939003,67.726997,68.829002,68.829002,23349000
2021-11-04,68.588997,68.594002,66.550003,66.839996,66.839996,48650000
2021-11-05,66.397003,66.564003,64.500999,64.571999,64.571999,52835000
2021-11-08,65.028999,65.599998,64.378998,65.144997,65.144997,28875000
2021-11-09,65.370003,66.050003,65.052002,65.598999,65.598999,24156000
2021-11-10,65.301003,66.032997,64.210999,64.691002,64.691002,24058000
2021-11-11,65.024002,66.582001,64.971001,65.758003,65.758003,28683000
2021-11-12,66.000999,68.334000,65.382004,68.261002,68.261002,41984000
2021-11-15,68.124001,68.526001,67.149002,67.932999,67.932999,28722000
2021-11-16,67.827003,68.835999,67.690002,68.739998,68.739998,20774000
2021-11-17,69.000000,70.098999,68.609001,69.168999,69.168999,27328000
2021-11-18,69.161003,69.174004,67.973999,68.202003,68.202003,20129000
2021-11-19,69.235001,69.416000,67.500000,67.879997,67.879997,26137000
2021-11-22,67.601997,67.947998,65.647003,65.919998,65.919998,27644000
2021-11-23,65.818001,66.642998,64.605003,65.405998,65.405998,23202000
2021-11-24,65.801003,66.143997,65.110001,65.829002,65.829002,18673000
2021-11-26,67.500000,67.640999,66.067001,66.564003,66.564003,28725000
2021-11-29,66.320000,66.799004,65.829002,66.384003,66.384003,25294000
2021-11-30,66.820000,67.538002,64.000999,64.190002,64.190002,56089000
2021-12-01,64.947998,65.452003,61.707001,61.777000,61.777000,38828000
2021-12-02,61.709999,62.535999,61.287998,61.646999,61.646999,33311000
2021-12-03,62.275002,62.549999,59.400002,60.213001,60.213001,48293000
2021-12-06,60.601002,61.729000,60.099998,61.269001,61.269001,30757000
2021-12-07,61.983002,62.889000,61.139999,62.557999,62.557999,31252000
2021-12-08,63.000000,63.245998,62.320000,62.807999,62.807999,22203000
2021-12-09,62.757999,63.023998,61.043999,61.099998,61.099998,23763000
2021-12-10,61.678001,61.773998,60.588001,61.166000,61.166000,27488000
2021-12-13,61.200001,61.264000,59.952000,60.456001,60.456001,25179000
2021-12-14,59.870998,60.229000,58.813000,59.799000,59.799000,29845000
2021-12-15,59.818001,60.569000,58.451000,60.504002,60.504002,28662000
2021-12-16,59.709000,60.283001,58.799999,59.105999,59.105999,31432000
2021-12-17,59.160999,59.325001,58.174000,58.673000,58.673000,43869000
2021-12-20,58.643002,60.287998,58.425999,59.374001,59.374001,33584000
2021-12-21,59.754002,60.782001,59.386002,60.492001,60.492001,23194000
2021-12-22,60.335999,61.481998,60.263000,61.424000,61.424000,23357000
2021-12-23,61.639999,61.688000,60.757000,61.409000,61.409000,16211000
2021-12-27,61.500000,61.500000,60.924999,61.312000,61.312000,20615000
2021-12-28,61.494999,61.841000,60.969002,61.070999,61.070999,18828000
2021-12-29,61.070999,61.397999,60.467999,61.054001,61.054001,12872000
2021-12-30,61.299000,62.061001,61.124001,61.209000,61.209000,16251000
2021-12-31,61.000999,61.408001,60.205002,60.243999,60.243999,19959000
2022-01-03,60.561001,60.999001,59.056000,59.737000,59.737000,30675000
2022-01-04,59.991001,60.041000,58.160000,59.115002,59.115002,43931000
2022-01-05,59.200001,59.284000,56.688000,56.751999,56.751999,41487000
2022-01-06,55.433998,56.335999,54.201000,55.328999,55.328999,57118000
2022-01-07,54.945999,55.342999,53.821999,54.105999,54.105999,33829000
2022-01-10,53.848999,54.368999,52.632000,53.985001,53.985001,44861000
2022-01-11,53.699001,54.390999,53.007000,54.084000,54.084000,30778000
2022-01-12,54.426998,54.426998,53.202000,53.722000,53.722000,37874000
2022-01-13,53.706001,54.078999,51.826000,51.919998,51.919998,44751000
2022-01-14,51.759998,53.837002,51.188000,52.569000,52.569000,78611000
2022-01-18,52.007999,52.174999,50.868000,51.080002,51.080002,48391000
2022-01-19,51.500000,52.320999,51.050999,51.585999,51.585999,43535000
2022-01-20,51.775002,52.664001,50.693001,50.825001,50.825001,126590000
2022-01-21,40.042999,40.915001,37.999001,39.750000,39.750000,589043000
2022-01-24,38.390999,38.726002,35.146000,38.715000,38.715000,323460000
2022-01-25,37.914001,38.771000,36.513000,36.641998,36.641998,151458000
2022-01-26,37.827000,38.265999,35.661999,35.970001,35.970001,126840000
2022-01-27,38.206001,39.480000,37.810001,38.669998,38.669998,243247000
2022-01-28,38.675999,38.700001,37.208000,38.436001,38.436001,119666000
2022-01-31,40.196999,42.770000,39.820000,42.714001,42.714001,200475000
2022-02-01,43.296001,45.848000,42.554001,45.713001,45.713001,225681000
2022-02-02,44.825001,45.198002,42.647999,42.948002,42.948002,143460000
2022-02-03,42.144001,42.925999,40.428001,40.560001,40.560001,99052000
2022-02-04,40.730999,41.277000,39.664001,41.016998,41.016998,77898000
2022-02-07,41.016998,41.235001,39.355000,40.209999,40.209999,82329000
2022-02-08,39.818001,40.660999,39.583000,40.353001,40.353001,68185000
2022-02-09,40.865002,41.298000,39.879002,41.289001,41.289001,77382000
2022-02-10,40.209999,40.799999,39.636002,40.626999,40.626999,84529000
2022-02-11,40.533001,41.160999,38.764999,39.131001,39.131001,75589000
2022-02-14,38.758999,40.936001,38.688999,39.657001,39.657001,72022000
2022-02-15,40.379002,40.916000,40.101002,40.745998,40.745998,53923000
2022-02-16,40.153000,40.155998,39.037998,39.807999,39.807999,52777000
2022-02-17,39.424000,39.910999,38.570000,38.667000,38.667000,46692000
2022-02-18,39.252998,40.286999,38.904999,39.129002,39.129002,68017000
2022-02-22,38.895000,39.242001,37.301998,37.737999,37.737999,66975000
2022-02-23,38.271999,38.599998,36.666000,36.745998,36.745998,46143000
2022-02-24,35.508999,39.073002,35.472000,39.002998,39.002998,70687000
2022-02-25,38.660999,39.129002,37.557999,39.080002,39.080002,48416000
2022-02-28,38.733002,39.775002,38.213001,39.452000,39.452000,50350000
2022-03-01,39.160000,39.500000,38.370998,38.624001,38.624001,32904000
2022-03-02,38.893002,38.922001,37.521000,38.002998,38.002998,53568000
2022-03-03,38.599998,38.612000,36.465000,36.806999,36.806999,60768000
2022-03-04,36.799999,37.481998,35.716999,36.173000,36.173000,53255000
2022-03-07,36.041000,36.200001,35.020000,35.026001,35.026001,57084000
2022-03-08,34.980000,35.886002,34.067001,34.175999,34.175999,64287000
2022-03-09,35.769001,36.414001,35.050999,35.879002,35.879002,65202000
2022-03-10,35.619999,36.702000,35.330002,35.676998,35.676998,48078000
2022-03-11,36.118999,36.335999,34.000000,34.032001,34.032001,48199000
2022-03-14,33.872002,34.132000,32.981998,33.101002,33.101002,59078000
2022-03-15,33.509998,34.535999,33.236000,34.375000,34.375000,54606000
2022-03-16,34.820000,35.999001,34.306000,35.752998,35.752998,69825000
2022-03-17,35.970001,37.331001,35.487999,37.139999,37.139999,58183000
2022-03-18,37.200001,38.180000,36.847000,38.060001,38.060001,83248000
2022-03-21,37.801998,38.181999,36.894001,37.459000,37.459000,48665000
2022-03-22,37.113998,38.666000,36.675999,38.292000,38.292000,42428000
2022-03-23,37.977001,38.245998,37.449001,37.449001,37.449001,37290000
2022-03-24,37.976002,37.976002,36.889999,37.570999,37.570999,38885000
2022-03-25,37.707001,37.764000,36.643002,37.384998,37.384998,35745000
2022-03-28,37.522999,38.028000,36.673000,37.851002,37.851002,43234000
2022-03-29,38.438999,39.650002,38.033001,39.181999,39.181999,58807000
2022-03-30,38.955002,39.270000,37.862999,38.146999,38.146999,40233000
2022-03-31,38.359001,38.400002,37.361000,37.459000,37.459000,41347000
2022-04-01,37.680000,38.087002,36.849998,37.347000,37.347000,46442000
2022-04-04,37.355000,39.602001,37.313000,39.150002,39.150002,70018000
2022-04-05,38.930000,39.000000,37.730999,38.014999,38.014999,42345000
2022-04-06,37.415001,37.646999,36.272999,36.834999,36.834999,43549000
2022-04-07,36.500000,36.854000,35.368999,36.215000,36.215000,49489000
2022-04-08,36.195999,36.250000,35.487000,35.588001,35.588001,40252000
2022-04-11,35.000000,35.478001,34.520000,34.799999,34.799999,37771000
2022-04-12,35.591000,35.941002,34.224998,34.410000,34.410000,38243000
2022-04-13,34.391998,35.200001,34.116001,35.042999,35.042999,32310000
2022-04-14,35.095001,35.200001,33.986000,34.112999,34.112999,43438000
2022-04-18,34.000000,34.236000,33.161999,33.785999,33.785999,51050000
2022-04-19,33.321999,35.167999,33.321999,34.861000,34.861000,209069000
2022-04-20,24.520000,24.870001,21.250999,22.618999,22.618999,1333875000
2022-04-21,22.000000,22.768000,21.152000,21.822001,21.822001,535016000
2022-04-22,22.018000,22.627001,21.004999,21.552000,21.552000,375151000
2022-04-25,21.381001,21.666000,20.451000,20.990999,20.990999,281520000
2022-04-26,20.879999,20.915001,19.827999,19.840000,19.840000,203181000
2022-04-27,19.400999,20.018999,18.777000,18.854000,18.854000,222984000
2022-04-28,19.156000,20.148001,18.559999,19.952000,19.952000,213632000
2022-04-29,19.868000,20.471001,19.000000,19.035999,19.035999,163919000
2022-05-02,19.171000,20.021000,19.000999,19.945999,19.945999,145916000
2022-05-03,19.829000,20.320000,19.476999,19.987000,19.987000,118394000
2022-05-04,19.764999,20.438000,19.101000,20.400999,20.400999,122188000
2022-05-05,20.045000,20.070999,18.600000,18.832001,18.832001,139713000
2022-05-06,18.674999,18.721001,17.580999,18.097000,18.097000,171855000
2022-05-09,17.766001,18.320000,17.230000,17.309999,17.309999,140313000
2022-05-10,17.601000,18.187000,17.056999,17.766001,17.766001,138839000
2022-05-11,17.608999,18.091999,16.555000,16.636999,16.636999,126655000
2022-05-12,16.396000,17.757999,16.271000,17.431000,17.431000,176621000
2022-05-13,17.716000,18.777000,17.601000,18.764000,18.764000,131363000
2022-05-16,19.330000,19.589001,18.570000,18.650999,18.650999,161450000
2022-05-17,18.917000,19.139999,18.517000,19.056000,19.056000,98767000
2022-05-18,18.672001,18.770000,17.627001,17.719000,17.719000,96656000
2022-05-19,17.805000,18.629999,17.570999,18.348000,18.348000,104485000
2022-05-20,18.587000,19.018999,17.976999,18.635000,18.635000,104294000
2022-05-23,18.615000,18.766001,17.789000,18.743999,18.743999,96020000
2022-05-24,18.200001,18.400000,17.716999,18.034000,18.034000,77064000
2022-05-25,18.028000,18.886999,18.017000,18.783001,18.783001,85221000
2022-05-26,18.649000,19.233999,18.309000,19.139999,19.139999,80499000
2022-05-27,19.319000,19.525000,19.037001,19.518999,19.518999,85860000
2022-05-31,19.618000,19.995001,19.080000,19.743999,19.743999,113985000
2022-06-01,19.870001,20.274000,19.166000,19.291000,19.291000,84162000
2022-06-02,19.202000,20.547001,19.172001,20.509001,20.509001,96231000
2022-06-03,20.014000,20.295000,19.805000,19.898001,19.898001,71918000
2022-06-06,20.209000,20.386999,19.538000,19.714001,19.714001,53720000
2022-06-07,19.487000,19.959999,19.299999,19.861000,19.861000,48395000
2022-06-08,19.795000,20.738001,19.764000,20.283001,20.283001,72441000
2022-06-09,20.065001,20.169001,19.254000,19.277000,19.277000,69490000
2022-06-10,18.264000,18.586000,18.084999,18.294001,18.294001,130656000
2022-06-13,17.707001,17.909000,16.896000,16.969000,16.969000,102224000
2022-06-14,16.975000,17.205999,16.427999,16.754000,16.754000,115553000
2022-06-15,16.926001,18.385000,16.853001,18.011000,18.011000,123960000
2022-06-16,17.400000,17.627001,17.156000,17.334999,17.334999,82013000
2022-06-17,17.363001,17.965000,17.334000,17.551001,17.551001,121334000
2022-06-21,17.760000,17.862000,16.980000,17.091000,17.091000,121776000
2022-06-22,17.075001,18.282000,17.020000,17.889000,17.889000,119924000
2022-06-23,18.049999,18.275999,17.587000,18.171000,18.171000,95382000
2022-06-24,18.350000,19.118999,18.184000,19.084999,19.084999,124240000
2022-06-27,19.177000,19.177999,18.239000,18.914000,18.914000,83639000
2022-06-28,18.920000,19.219999,17.937000,17.959999,17.959999,71854000
2022-06-29,17.955000,18.066999,17.510000,17.836000,17.836000,57668000
2022-06-30,17.707001,17.945000,17.030001,17.487000,17.487000,78947000
2022-07-01,17.649000,18.010000,17.427000,17.995001,17.995001,52016000
2022-07-05,17.628000,18.591999,17.268000,18.587999,18.587999,73343000
2022-07-06,18.520000,18.622000,18.082001,18.406000,18.406000,57534000
2022-07-07,18.427000,19.021000,18.350000,18.927000,18.927000,63345000
2022-07-08,18.601999,18.990999,18.275000,18.698000,18.698000,58357000
2022-07-11,18.473000,18.499001,17.688999,17.733999,17.733999,60388000
2022-07-12,17.733000,17.978001,17.341999,17.445000,17.445000,68453000
2022-07-13,17.049999,17.917999,16.969999,17.656000,17.656000,127344000
2022-07-14,17.556000,17.752001,17.181999,17.478001,17.478001,90395000
2022-07-15,17.558001,18.922001,17.455999,18.910999,18.910999,163191000
2022-07-18,19.250000,19.966999,18.980000,19.091999,19.091999,163228000
2022-07-19,19.302000,20.197001,18.840000,20.163000,20.163000,281787000
2022-07-20,20.816999,21.697001,20.010000,21.643999,21.643999,539203000
2022-07-21,21.430000,22.431999,21.150000,22.388000,22.388000,234301000
2022-07-22,22.238001,22.934999,21.844000,22.044001,22.044001,178055000
2022-07-25,22.131001,22.523001,21.635000,21.851000,21.851000,109352000
2022-07-26,21.666000,21.938999,21.164000,21.391001,21.391001,95085000
2022-07-27,21.648001,22.778000,21.458000,22.674999,22.674999,105084000
2022-07-28,22.459999,22.809999,21.966999,22.601999,22.601999,89727000
2022-07-29,22.329000,23.075001,22.240000,22.490000,22.490000,90649000
2022-08-01,22.309999,22.839001,22.100000,22.621000,22.621000,55250000
2022-08-02,22.275999,22.820000,22.087999,22.142000,22.142000,63613000
2022-08-03,22.479000,22.809999,22.242001,22.673000,22.673000,64007000
2022-08-04,22.768000,23.207001,22.504999,22.990999,22.990999,71427000
2022-08-05,22.530001,22.862000,22.287001,22.677999,22.677999,55397000
2022-08-08,22.749001,24.195999,22.641001,23.349001,23.349001,109821000
2022-08-09,23.162001,23.219999,22.465000,22.993999,22.993999,61812000
2022-08-10,23.698999,24.454000,23.660000,24.410999,24.410999,92548000
2022-08-11,24.468000,25.162001,24.150999,24.270000,24.270000,87801000
2022-08-12,24.481001,24.941000,24.375999,24.930000,24.930000,60985000
2022-08-15,24.811001,25.198999,24.750999,24.910999,24.910999,65274000
2022-08-16,24.716000,24.929001,24.403000,24.569000,24.569000,51368000
2022-08-17,24.118000,24.424000,23.756001,24.115000,24.115000,56272000
2022-08-18,24.195999,24.648001,23.927999,24.517000,24.517000,52804000
2022-08-19,24.094999,24.329000,23.568001,24.115999,24.115999,75047000
2022-08-22,23.254999,23.348000,22.459000,22.653999,22.653999,86301000
2022-08-23,22.646000,22.990000,22.430000,22.455000,22.455000,52769000
2022-08-24,22.566000,23.410000,22.393999,22.961000,22.961000,54263000
2022-08-25,23.024000,23.416000,22.900000,23.398001,23.398001,37669000
2022-08-26,23.363001,23.695000,22.315001,22.327999,22.327999,53498000
2022-08-29,22.193001,22.987000,22.152000,22.457001,22.457001,71094000
2022-08-30,22.666000,22.979000,21.874001,22.065001,22.065001,57404000
2022-08-31,22.700001,23.388000,22.343000,22.356001,22.356001,86159000
2022-09-01,22.072001,23.037001,21.947001,23.004000,23.004000,72929000
2022-09-02,23.103001,23.388000,22.504000,22.611000,22.611000,81649000
2022-09-06,22.559000,22.684999,21.469000,21.839001,21.839001,74690000
2022-09-07,22.021000,22.933001,21.827000,22.896000,22.896000,81493000
2022-09-08,22.416000,22.874001,22.129999,22.743999,22.743999,67374000
2022-09-09,22.962000,23.478001,22.962000,23.357000,23.357000,66996000
2022-09-12,23.361000,23.948999,23.337000,23.653000,23.653000,60474000
2022-09-13,22.650000,22.768999,21.771999,21.813000,21.813000,80001000
2022-09-14,21.982000,22.799999,21.580000,22.412001,22.412001,82303000
2022-09-15,23.047001,24.229000,22.910000,23.538000,23.538000,194541000
2022-09-16,23.122000,24.136000,22.783001,24.013000,24.013000,189142000
2022-09-19,24.504999,24.525000,23.575001,24.363001,24.363001,179124000
2022-09-20,24.037001,25.049000,23.966000,24.285000,24.285000,160374000
2022-09-21,24.267000,24.830000,23.667999,23.687000,23.687000,91668000
2022-09-22,23.535000,24.049999,23.166000,23.705000,23.705000,100180000
2022-09-23,23.514000,23.645000,22.143000,22.641001,22.641001,112072000
2022-09-26,22.559999,23.270000,22.301001,22.407000,22.407000,82343000
2022-09-27,22.863001,23.063999,22.072001,22.436001,22.436001,77622000
2022-09-28,22.969000,24.665001,22.738001,24.520000,24.520000,175797000
2022-09-29,24.160999,24.698000,23.568001,23.971001,23.971001,189949000
2022-09-30,23.700001,24.243999,23.326000,23.544001,23.544001,118486000
2022-10-03,23.785000,24.153999,23.285000,23.903999,23.903999,86574000
2022-10-04,24.483999,24.580000,23.325001,24.073999,24.073999,139259000
2022-10-05,23.875999,24.159000,22.738001,23.673000,23.673000,108256000
2022-10-06,23.667999,24.427999,23.391001,24.002001,24.002001,91889000
2022-10-07,23.577000,23.733000,22.427999,22.475000,22.475000,98061000
2022-10-10,22.563999,23.382999,22.423000,22.997999,22.997999,99911000
2022-10-11,22.605000,23.044001,21.370001,21.429001,21.429001,152824000
2022-10-12,21.430000,22.367001,21.264000,22.087000,22.087000,129526000
2022-10-13,21.268999,23.447001,21.173000,23.250999,23.250999,175050000
2022-10-14,23.780001,23.879999,22.951000,23.000000,23.000000,152934000
2022-10-17,23.441000,24.992001,23.440001,24.510000,24.510000,210578000
2022-10-18,24.980000,25.037001,23.773001,24.086000,24.086000,257767000
2022-10-19,26.500000,27.930000,26.266001,27.238001,27.238001,466853000
2022-10-20,27.278000,27.837999,26.638000,26.816000,26.816000,172071000
2022-10-21,26.895000,29.075001,26.568001,28.957001,28.957001,248891000
2022-10-24,29.023001,29.049000,28.035999,28.245001,28.245001,133264000
2022-10-25,28.695000,29.759001,28.555000,29.101999,29.101999,151007000
2022-10-26,29.004000,30.563000,28.804001,29.862000,29.862000,157141000
2022-10-27,29.833000,30.521000,29.478001,29.694000,29.694000,146126000
2022-10-28,29.770000,30.118999,29.229000,29.572001,29.572001,99605000
2022-10-31,29.513000,29.761999,28.950001,29.188000,29.188000,75051000
2022-11-01,29.617001,29.969999,28.642000,28.674999,28.674999,69164000
2022-11-02,28.639999,28.733000,27.284000,27.299999,27.299999,103676000
2022-11-03,27.125000,27.629000,26.879999,26.906000,26.906000,70574000
2022-11-04,27.202000,27.497000,25.532000,26.079000,26.079000,111247000
2022-11-07,26.106001,26.115000,25.209000,25.860001,25.860001,79270000
2022-11-08,25.992001,26.608000,25.688000,26.346001,26.346001,76838000
2022-11-09,25.966000,26.090000,25.422001,25.466000,25.466000,72660000
2022-11-10,26.599001,27.535999,26.009001,27.497000,27.497000,96673000
2022-11-11,27.447001,29.066000,27.156000,29.013000,29.013000,95738000
2022-11-14,29.000000,31.100000,28.819000,29.927000,29.927000,179782000
2022-11-15,30.920000,31.271000,30.254999,31.020000,31.020000,146269000
2022-11-16,30.993999,31.049000,30.361000,30.601999,30.601999,80386000
2022-11-17,29.472000,29.982000,29.100000,29.528000,29.528000,98382000
2022-11-18,29.733000,29.799999,28.700001,28.798000,28.798000,84001000
2022-11-21,29.100000,29.187000,28.266001,28.504999,28.504999,72565000
2022-11-22,28.499001,28.698000,27.733999,28.669001,28.669001,62451000
2022-11-23,28.591000,29.247000,28.375999,29.150000,29.150000,59190000
2022-11-25,28.900000,28.921000,28.417000,28.554001,28.554001,32360000
2022-11-28,28.400000,28.955000,28.052999,28.117001,28.117001,47034000
2022-11-29,28.250000,28.296000,27.594000,28.096001,28.096001,57869000
2022-11-30,28.136999,30.826000,28.041000,30.552999,30.552999,160701000
2022-12-01,30.399000,31.980000,30.302999,31.695000,31.695000,146649000
2022-12-02,31.049000,32.199001,31.000000,32.041000,32.041000,126906000
2022-12-05,31.646000,32.277000,31.091999,31.259001,31.259001,84230000
2022-12-06,31.100000,31.322001,30.313000,30.556000,30.556000,71954000
2022-12-07,30.650000,30.961000,30.209999,30.841999,30.841999,78216000
2022-12-08,30.910999,31.238001,30.481001,31.025999,31.025999,72053000
2022-12-09,32.145000,32.900002,31.952000,32.000999,32.000999,143640000
2022-12-12,32.000000,32.318001,30.885000,31.518000,31.518000,101486000
2022-12-13,32.799999,33.271999,31.719999,32.034000,32.034000,107564000
2022-12-14,31.896999,32.471001,31.441999,31.783001,31.783001,75433000
2022-12-15,30.212000,30.339001,28.655001,29.041000,29.041000,177246000
2022-12-16,28.875999,29.472000,28.870001,29.070999,29.070999,140800000
2022-12-19,28.973000,29.225000,28.613001,28.830000,28.830000,61637000
2022-12-20,28.124001,28.927999,28.080999,28.819000,28.819000,69181000
2022-12-21,28.999001,30.066000,28.650000,29.796000,29.796000,63762000
2022-12-22,29.809000,29.888000,29.080999,29.775000,29.775000,78562000
2022-12-23,29.618000,29.846001,29.191000,29.496000,29.496000,42511000
2022-12-27,29.319000,29.357000,28.212999,28.417000,28.417000,57781000
2022-12-28,28.191999,28.518999,27.341000,27.688000,27.688000,59644000
2022-12-29,28.318001,29.549999,28.101000,29.112000,29.112000,95885000
2022-12-30,28.552999,29.500999,28.322001,29.488001,29.488001,75669000
2023-01-03,29.806000,29.839001,28.870001,29.495001,29.495001,67640000
2023-01-04,29.823999,31.114000,29.551001,30.941000,30.941000,93451000
2023-01-05,30.700001,31.417999,30.455000,30.969999,30.969999,83284000
2023-01-06,31.157000,31.677000,30.368999,31.555000,31.555000,89598000
2023-01-09,31.683001,32.169998,31.322001,31.517000,31.517000,67666000
2023-01-10,31.107000,32.935001,31.107000,32.754002,32.754002,130723000
2023-01-11,32.650002,32.888000,32.134998,32.726002,32.726002,95797000
2023-01-12,33.250000,33.294998,32.313999,33.013000,33.013000,108562000
2023-01-13,32.997002,33.665001,32.889000,33.282001,33.282001,82868000
2023-01-17,33.108002,33.250000,32.360001,32.622002,32.622002,92470000
2023-01-18,32.674999,33.007999,32.125000,32.632999,32.632999,78141000
2023-01-19,32.257000,32.488998,31.339001,31.577999,31.577999,180082000
2023-01-20,33.679001,34.400002,33.263000,34.250000,34.250000,284303000
2023-01-23,34.172001,36.224998,34.063000,35.742001,35.742001,156469000
2023-01-24,35.752998,36.564999,35.514000,36.382999,36.382999,117965000
2023-01-25,36.056999,36.889999,35.849998,36.796001,36.796001,77669000
2023-01-26,36.876999,36.902000,36.169998,36.487000,36.487000,82568000
2023-01-27,36.320000,36.591999,36.058998,36.077000,36.077000,67035000
2023-01-30,35.844002,36.095001,35.285999,35.311001,35.311001,51276000
2023-01-31,34.998001,35.595001,34.870998,35.386002,35.386002,56607000
2023-02-01,35.386002,36.539001,34.991001,36.199001,36.199001,80052000
2023-02-02,36.515999,36.832001,35.842999,36.688999,36.688999,78570000
2023-02-03,35.908001,37.943001,35.900002,36.590000,36.590000,94020000
2023-02-06,36.363998,36.845001,36.068001,36.147999,36.147999,49949000
2023-02-07,35.851002,36.417999,35.417999,36.294998,36.294998,62894000
2023-02-08,36.001999,36.819000,35.831001,36.682999,36.682999,62532000
2023-02-09,37.241001,37.382999,36.174000,36.250000,36.250000,69011000
2023-02-10,35.916000,36.214001,34.714001,34.736000,34.736000,72911000
2023-02-13,34.950001,35.970001,34.424999,35.856998,35.856998,71344000
2023-02-14,35.755001,36.375000,35.340000,35.995998,35.995998,46248000
2023-02-15,35.662998,36.287998,35.424000,36.141998,36.141998,39660000
2023-02-16,35.500000,36.150002,35.030998,35.070999,35.070999,52157000
2023-02-17,34.791000,34.900002,34.243999,34.796001,34.796001,52947000
2023-02-21,34.285000,34.412998,33.641998,33.750000,33.750000,57103000
2023-02-22,33.750000,34.191002,33.282001,33.487999,33.487999,45462000
2023-02-23,33.123001,33.127998,31.430000,32.365002,32.365002,132387000
2023-02-24,31.930000,32.150002,31.452000,31.715000,31.715000,68307000
2023-02-27,32.387001,33.000000,32.212002,32.303001,32.303001,61426000
2023-02-28,32.369999,32.762001,32.117001,32.213001,32.213001,36761000
2023-03-01,32.154999,32.660000,31.236000,31.348000,31.348000,49113000
2023-03-02,31.096001,31.556999,31.038000,31.188000,31.188000,49110000
2023-03-03,31.545000,31.749001,31.082001,31.518000,31.518000,59533000
2023-03-06,31.700001,32.330002,31.184000,31.202999,31.202999,56607000
2023-03-07,31.268000,31.430000,30.662001,30.847000,30.847000,45531000
2023-03-08,30.929001,31.183001,30.575001,31.179001,31.179001,34795000
2023-03-09,31.208000,31.250999,29.488001,29.778000,29.778000,74434000
2023-03-10,29.790001,29.879000,28.900000,29.275999,29.275999,57593000
2023-03-13,28.733999,29.924000,28.533001,29.351000,29.351000,62924000
2023-03-14,29.597000,29.745001,29.031000,29.493999,29.493999,59567000
2023-03-15,29.250999,30.631001,29.228001,30.379000,30.379000,92153000
2023-03-16,30.475000,31.660000,30.171000,31.006001,31.006001,79037000
2023-03-17,31.006001,31.076000,30.000000,30.350000,30.350000,69188000
2023-03-20,29.979000,30.750000,29.600000,30.513000,30.513000,51134000
2023-03-21,30.632000,30.792000,30.042999,30.579000,30.579000,48863000
2023-03-22,30.631001,30.645000,29.354000,29.389999,29.389999,58080000
2023-03-23,30.468000,32.278000,30.414000,32.036999,32.036999,156533000
2023-03-24,32.063000,33.182999,32.063000,32.839001,32.839001,129917000
2023-03-27,32.755001,33.644001,32.441002,32.765999,32.765999,86258000
2023-03-28,32.605999,33.332001,32.127998,32.352001,32.352001,64894000
2023-03-29,32.629002,33.285000,32.573002,33.202999,33.202999,62873000
2023-03-30,34.027000,34.328999,33.529999,33.842999,33.842999,71315000
2023-03-31,34.005001,34.584000,33.720001,34.548000,34.548000,56102000
2023-04-03,34.182999,34.858002,34.040001,34.827999,34.827999,44137000
2023-04-04,34.848999,34.980000,34.395000,34.674999,34.674999,32981000
2023-04-05,34.529999,34.542999,33.625000,34.235001,34.235001,42055000
2023-04-06,33.933998,34.048000,33.263000,33.932999,33.932999,46605000
2023-04-10,33.527000,33.987999,33.335999,33.898998,33.898998,26579000
2023-04-11,34.345001,34.714001,33.764000,33.820999,33.820999,40448000
2023-04-12,34.081001,34.279999,33.004002,33.103001,33.103001,39654000
2023-04-13,33.999001,34.643002,33.875000,34.618999,34.618999,74064000
2023-04-14,34.293999,34.485001,33.640999,33.862999,33.862999,53505000
2023-04-17,33.799999,33.839001,32.750000,33.271999,33.271999,61360000
2023-04-18,33.500000,33.719002,33.049999,33.369999,33.369999,179445000
2023-04-19,32.421001,32.575001,31.610001,32.312000,32.312000,221283000
2023-04-20,32.039001,33.143002,31.833000,32.535000,32.535000,99478000
2023-04-21,32.299999,32.828999,31.950001,32.798000,32.798000,63480000
2023-04-24,33.020000,33.466000,32.674999,32.902000,32.902000,55866000
2023-04-25,32.849998,32.866001,32.110001,32.255001,32.255001,54266000
2023-04-26,32.136002,32.590000,32.047001,32.115002,32.115002,46232000
2023-04-27,32.430000,32.744999,31.743999,32.584999,32.584999,56188000
2023-04-28,32.523998,33.081001,32.400002,32.993000,32.993000,42284000
2023-05-01,32.944000,33.123001,31.809000,32.411999,32.411999,53415000
2023-05-02,32.500000,32.606998,31.562000,31.754999,31.754999,43186000
2023-05-03,31.754999,32.462002,31.584999,31.930000,31.930000,50641000
2023-05-04,31.900999,32.361000,31.795000,32.077999,32.077999,38797000
2023-05-05,32.361000,32.415001,31.944000,32.276001,32.276001,39906000
2023-05-08,32.299000,33.256001,32.202999,33.120998,33.120998,54886000
2023-05-09,33.067001,33.632000,32.973999,33.214001,33.214001,55449000
2023-05-10,33.521000,33.710999,32.951000,33.542000,33.542000,42899000
2023-05-11,33.498001,34.547001,33.183998,34.476002,34.476002,80335000
2023-05-12,34.476002,34.817001,33.736000,33.988998,33.988998,60824000
2023-05-15,34.062000,34.189999,33.554001,33.589001,33.589001,36530000
2023-05-16,33.400002,33.516998,33.191002,33.375000,33.375000,33322000
2023-05-17,33.175999,34.138000,32.962002,33.995998,33.995998,39588000
2023-05-18,34.724998,37.587002,34.637001,37.129002,37.129002,209252000
2023-05-19,36.986000,36.999001,36.381001,36.535999,36.535999,78597000
2023-05-22,36.535999,37.201000,36.250000,36.300999,36.300999,54064000
2023-05-23,36.023998,36.417000,35.431000,35.598999,35.598999,68661000
2023-05-24,35.693001,36.715000,35.662998,36.485001,36.485001,79733000
2023-05-25,35.960999,36.744999,35.742001,35.900002,35.900002,62631000
2023-05-26,36.110001,38.375999,35.599998,37.888000,37.888000,93604000
2023-05-30,39.748001,40.511002,38.578999,39.298000,39.298000,108650000
2023-05-31,39.188999,39.625999,38.890999,39.522999,39.522999,69880000
2023-06-01,39.741001,40.751999,39.307999,40.313000,40.313000,71601000
2023-06-02,40.289001,40.658001,39.590000,40.047001,40.047001,59024000
2023-06-05,40.047001,41.386002,40.014999,40.354000,40.354000,72474000
2023-06-06,40.500000,40.512001,39.693001,39.929001,39.929001,49915000
2023-06-07,41.042999,41.895000,39.923000,39.977001,39.977001,119324000
2023-06-08,39.977001,40.953999,39.633999,40.937000,40.937000,59911000
2023-06-09,42.450001,42.590000,41.476002,42.001999,42.001999,123630000
2023-06-12,41.882999,42.470001,41.657001,42.396999,42.396999,59595000
2023-06-13,43.000999,43.727001,42.840000,43.573002,43.573002,78205000
2023-06-14,43.499001,44.733002,43.349998,44.085999,44.085999,84131000
2023-06-15,44.410000,44.865002,43.950001,44.527000,44.527000,70999000
2023-06-16,44.615002,44.750999,43.090000,43.195999,43.195999,87537000
2023-06-20,43.018002,44.000000,43.000000,43.470001,43.470001,47560000
2023-06-21,43.264999,43.455002,42.254002,42.445000,42.445000,51464000
2023-06-22,42.292999,42.471001,41.868000,42.248001,42.248001,48695000
2023-06-23,41.859001,42.582001,41.772999,42.402000,42.402000,82986000
2023-06-26,42.243999,43.096001,41.490002,41.594002,41.594002,46400000
2023-06-27,41.738998,42.088001,41.150002,41.708000,41.708000,48181000
2023-06-28,42.310001,43.729000,42.289001,42.984001,42.984001,88113000
2023-06-29,43.432999,43.785000,42.615002,42.824001,42.824001,49323000
2023-06-30,43.110001,44.411999,43.110001,44.049000,44.049000,73464000
2023-07-03,43.976002,44.154999,43.161999,44.144001,44.144001,37332000
2023-07-05,44.491001,45.097000,43.962002,44.590000,44.590000,68695000
2023-07-06,44.000000,44.279999,43.071999,43.883999,43.883999,49388000
2023-07-07,43.860001,44.233002,43.584000,43.810001,43.810001,41651000
2023-07-10,43.852001,44.441002,43.681999,44.171001,44.171001,42517000
2023-07-11,43.865002,44.080002,43.104000,44.021000,44.021000,45692000
2023-07-12,44.455002,44.541000,43.775002,44.404999,44.404999,57317000
2023-07-13,44.700001,45.167000,44.118000,45.037998,45.037998,61575000
2023-07-14,45.278999,45.647999,43.970001,44.191002,44.191002,71959000
2023-07-17,44.556999,45.667999,44.511002,45.005001,45.005001,68917000
2023-07-18,45.099998,47.814999,44.877998,47.480000,47.480000,130418000
2023-07-19,47.686001,48.500000,47.000000,47.758999,47.758999,209965000
2023-07-20,44.700001,44.849998,43.200001,43.742001,43.742001,239897000
2023-07-21,43.737000,43.824001,42.319000,42.750000,42.750000,173400000
2023-07-24,42.500000,42.863998,41.918999,42.837002,42.837002,82644000
2023-07-25,42.717999,43.088001,42.612999,42.770000,42.770000,48598000
2023-07-26,42.419998,42.526001,41.558998,42.266998,42.266998,60092000
2023-07-27,42.689999,42.751999,41.188000,41.317001,41.317001,65945000
2023-07-28,41.556000,42.747002,41.375999,42.577999,42.577999,64242000
2023-07-31,42.651001,43.912998,42.630001,43.896999,43.896999,65876000
2023-08-01,43.737000,44.525002,43.139999,43.862000,43.862000,57115000
2023-08-02,43.522999,43.556000,42.655998,42.970001,42.970001,49122000
2023-08-03,42.779999,44.193001,42.719002,43.099998,43.099998,62439000
2023-08-04,43.306000,43.650002,42.626999,43.160000,43.160000,54418000
2023-08-07,43.646000,44.111000,42.890999,44.076000,44.076000,47813000
2023-08-08,44.035999,44.356998,43.509998,43.830002,43.830002,37672000
2023-08-09,43.973999,44.062000,42.758999,42.889999,42.889999,38466000
2023-08-10,43.112000,43.812000,42.868999,42.998001,42.998001,54676000
2023-08-11,42.897999,43.063000,42.132999,42.166000,42.166000,39279000
2023-08-14,42.199001,42.884998,41.877998,42.778000,42.778000,39660000
2023-08-15,42.441002,42.911999,42.104000,42.369999,42.369999,33680000
2023-08-16,42.373001,42.451000,41.525002,41.544998,41.544998,39670000
2023-08-17,41.500000,41.523998,40.158001,40.299999,40.299999,60315000
2023-08-18,39.932999,40.652000,39.814999,40.452999,40.452999,43122000
2023-08-21,40.223000,40.960999,39.950001,40.828999,40.828999,38616000
2023-08-22,40.900002,41.574001,40.740002,41.317001,41.317001,35997000
2023-08-23,41.840000,43.702000,41.771000,42.755001,42.755001,81747000
2023-08-24,42.541000,42.758999,40.617001,40.693001,40.693001,56878000
2023-08-25,41.200001,41.924999,40.756001,41.603001,41.603001,53909000
2023-08-28,41.804001,41.983002,41.327000,41.806000,41.806000,29286000
2023-08-29,41.599998,43.216999,41.450001,42.999001,42.999001,44867000
2023-08-30,43.084999,43.816002,42.834999,43.466999,43.466999,36254000
2023-08-31,43.123001,43.715000,43.123001,43.368000,43.368000,38030000
2023-09-01,43.772999,44.549999,43.592999,43.987999,43.987999,47934000
2023-09-05,43.839001,45.345001,43.799999,44.868000,44.868000,61559000
2023-09-06,44.861000,45.139000,44.049000,44.576000,44.576000,38623000
2023-09-07,44.115002,44.459999,43.669998,44.313999,44.313999,29227000
2023-09-08,44.355999,44.681000,43.884998,44.279999,44.279999,26975000
2023-09-11,44.306999,44.988998,44.275002,44.535999,44.535999,29138000
2023-09-12,44.285000,44.543999,43.411999,43.469002,43.469002,31240000
2023-09-13,43.549999,43.840000,41.069000,41.223999,41.223999,118430000
2023-09-14,41.040001,41.139000,40.000000,40.049000,40.049000,107090000
2023-09-15,40.099998,40.470001,39.502998,39.694000,39.694000,91167000
2023-09-18,39.549999,39.946999,39.259998,39.439999,39.439999,47047000
2023-09-19,39.284000,39.823002,39.025002,39.619999,39.619999,40768000
2023-09-20,39.705002,39.799000,38.612000,38.630001,38.630001,38666000
2023-09-21,38.650002,39.590000,38.341999,38.415001,38.415001,55479000
2023-09-22,38.500000,38.688000,37.835999,37.980999,37.980999,36928000
2023-09-25,38.290001,38.661999,38.081001,38.480000,38.480000,37573000
2023-09-26,38.287998,38.456001,37.736000,37.924999,37.924999,40894000
2023-09-27,38.240002,38.422001,37.625000,37.758999,37.758999,38435000
2023-09-28,37.560001,37.896000,37.110001,37.636002,37.636002,43699000
2023-09-29,38.000000,38.257999,37.535000,37.759998,37.759998,42053000
2023-10-02,37.748001,38.480999,37.680000,38.033001,38.033001,31021000
2023-10-03,37.710999,39.490002,37.285000,37.674999,37.674999,88781000
2023-10-04,37.650002,38.021999,37.358002,37.689999,37.689999,43037000
2023-10-05,37.800999,37.860001,36.723999,37.258999,37.258999,50348000
2023-10-06,36.842999,38.251999,36.777000,38.151001,38.151001,47781000
2023-10-09,37.805000,38.716999,37.776001,38.595001,38.595001,32998000
2023-10-10,38.557999,38.869999,37.224998,37.332001,37.332001,72889000
2023-10-11,37.278000,37.780998,36.534000,36.592999,36.592999,91514000
2023-10-12,36.647999,36.882999,35.904999,36.119999,36.119999,73761000
2023-10-13,35.563999,35.893002,35.205002,35.568001,35.568001,63126000
2023-10-16,35.620998,36.307999,35.477001,36.082001,36.082001,51289000
2023-10-17,36.110001,36.270000,35.389000,35.571999,35.571999,59084000
2023-10-18,35.099998,35.479000,34.473000,34.618999,34.618999,114296000
2023-10-19,40.473999,40.895000,39.226002,40.176998,40.176998,280744000
2023-10-20,40.563000,41.063999,39.800999,40.096001,40.096001,127829000
2023-10-23,40.332001,40.754002,39.852001,40.683998,40.683998,73900000
2023-10-24,40.967999,41.668999,40.839001,41.373001,41.373001,64592000
2023-10-25,41.602001,41.883999,41.011002,41.125000,41.125000,62996000
2023-10-26,41.141998,41.730999,40.153999,40.354000,40.354000,68497000
2023-10-27,40.641998,41.021000,39.562000,39.786999,39.786999,49976000
2023-10-30,40.235001,41.282001,39.941002,41.007999,41.007999,53171000
2023-10-31,40.924000,41.251999,40.463001,41.168999,41.168999,38776000
2023-11-01,41.477001,42.060001,41.417999,42.019001,42.019001,48061000
2023-11-02,42.117001,42.668999,41.709999,42.471001,42.471001,44760000
2023-11-03,42.875999,43.481998,42.553001,43.236000,43.236000,36671000
2023-11-06,43.438000,43.502998,42.960999,43.473999,43.473999,30032000
2023-11-07,43.618000,43.764000,43.099998,43.460999,43.460999,32911000
2023-11-08,43.500000,43.806999,43.368000,43.665001,43.665001,23568000
2023-11-09,43.803001,44.037998,43.435001,43.514999,43.514999,27355000
2023-11-10,43.748001,44.748001,43.550999,44.723999,44.723999,44406000
2023-11-13,44.724998,44.842999,44.259998,44.462002,44.462002,28961000
2023-11-14,44.877998,45.408001,44.563999,44.865002,44.865002,40609000
2023-11-15,45.280998,46.275002,45.244999,46.194000,46.194000,50353000
2023-11-16,46.299999,46.728001,45.965000,46.695000,46.695000,36560000
2023-11-17,46.695000,46.764999,46.276001,46.591000,46.591000,27985000
2023-11-20,46.540001,47.675999,46.540001,47.446999,47.446999,36176000
2023-11-21,47.263000,47.702000,47.120998,47.494999,47.494999,29977000
2023-11-22,47.680000,48.270000,47.655998,47.799999,47.799999,28416000
2023-11-24,47.710999,48.040001,47.520000,47.956001,47.956001,14047000
2023-11-27,47.903000,48.200001,47.535000,47.917000,47.917000,36259000
2023-11-28,47.811001,48.049999,47.595001,47.900002,47.900002,28902000
2023-11-29,47.900002,48.098999,47.449001,47.719002,47.719002,28555000
2023-11-30,47.530998,47.859001,47.042000,47.396999,47.396999,42873000
2023-12-01,47.317001,47.522999,46.459999,46.574001,46.574001,43415000
2023-12-04,46.098999,46.119999,45.119999,45.389999,45.389999,51577000
2023-12-05,45.070000,45.639000,44.958000,45.514999,45.514999,33807000
2023-12-06,46.000000,46.049999,44.573002,44.673000,44.673000,41788000
2023-12-07,45.084999,45.289001,44.832001,45.200001,45.200001,35067000
2023-12-08,45.076000,45.549999,45.076000,45.375999,45.375999,34584000
2023-12-11,45.936001,47.064999,45.721001,45.988998,45.988998,49297000
2023-12-12,46.522999,46.561001,45.919998,46.299999,46.299999,33027000
2023-12-13,46.198002,48.125000,46.198002,47.998001,47.998001,58202000
2023-12-14,48.035999,48.076000,46.476002,46.983002,46.983002,51764000
2023-12-15,46.730000,47.299999,46.730000,47.206001,47.206001,78410000
2023-12-18,47.630001,49.203999,47.509998,48.612000,48.612000,64107000
2023-12-19,48.840000,49.613998,48.405998,49.501999,49.501999,38490000
2023-12-20,49.200001,50.089001,48.839001,48.926998,48.926998,45637000
2023-12-21,49.265999,49.439999,48.676998,49.160999,49.160999,27562000
2023-12-22,49.400002,49.602001,48.544998,48.675999,48.675999,27027000
2023-12-26,48.938999,49.147999,48.638000,49.118999,49.118999,20345000
2023-12-27,49.124001,49.402000,48.924999,49.179001,49.179001,25613000
2023-12-28,49.200001,49.289001,48.907001,49.050999,49.050999,17105000
2023-12-29,49.036999,49.223000,48.194000,48.688000,48.688000,27406000
2024-01-02,48.319000,48.465000,46.186001,46.849998,46.849998,50494000
2024-01-03,46.731998,47.505001,46.577000,47.026001,47.026001,34437000
2024-01-04,47.298000,48.074001,46.653000,47.466999,47.466999,36365000
2024-01-05,47.650002,47.955002,47.180000,47.405998,47.405998,26313000
2024-01-08,47.389000,48.523998,47.365002,48.502998,48.502998,36758000
2024-01-09,47.553001,48.508999,47.380001,48.209000,48.209000,35268000
2024-01-10,48.160000,48.700001,47.294998,47.833000,47.833000,43424000
2024-01-11,49.254002,50.341000,48.382000,49.223000,49.223000,79933000
2024-01-12,50.050999,50.078999,49.061001,49.216000,49.216000,50037000
2024-01-16,49.000000,49.415001,47.801998,48.124001,48.124001,46790000
2024-01-17,48.450001,48.620998,47.526001,48.033001,48.033001,48946000
2024-01-18,48.002998,48.577000,47.801998,48.530998,48.530998,40544000
2024-01-19,48.498001,48.567001,47.605999,48.294998,48.294998,56724000
2024-01-22,48.755001,48.980000,47.990002,48.570999,48.570999,52123000
2024-01-23,49.200001,49.896000,48.139999,49.219002,49.219002,155060000
2024-01-24,53.775002,56.250000,53.707001,54.487000,54.487000,264328000
2024-01-25,55.195000,56.346001,54.846001,56.200001,56.200001,94519000
2024-01-26,56.181000,57.964001,55.842999,57.042000,57.042000,127706000
2024-01-29,57.134998,57.855000,56.268002,57.578999,57.578999,69054000
2024-01-30,56.731998,57.088001,56.082001,56.285000,56.285000,61818000
2024-01-31,56.285000,57.215000,56.203999,56.410999,56.410999,48576000
2024-02-01,56.702000,57.265999,56.382999,56.750999,56.750999,31740000
2024-02-02,56.452000,56.779999,56.237000,56.464001,56.464001,40328000
2024-02-05,56.247002,57.575001,55.720001,56.206001,56.206001,41431000
2024-02-06,56.411999,56.633999,55.437000,55.588001,55.588001,28403000
2024-02-07,55.816002,56.779999,55.498001,55.930000,55.930000,43736000
2024-02-08,56.055000,56.369999,55.574001,55.853001,55.853001,31755000
2024-02-09,56.500000,56.599998,55.810001,56.132000,56.132000,30557000
2024-02-12,56.035999,56.844002,55.700001,55.785000,55.785000,36085000
2024-02-13,55.080002,55.919998,54.900002,55.452000,55.452000,35115000
2024-02-14,56.726002,58.125000,56.433998,57.932999,57.932999,56342000
2024-02-15,58.191002,59.376999,58.032001,59.346001,59.346001,52209000
2024-02-16,59.695000,59.700001,57.745998,58.395000,58.395000,43257000
2024-02-20,58.018002,58.599998,56.966000,57.513000,57.513000,31242000
2024-02-21,57.351002,57.577999,56.731998,57.334999,57.334999,22706000
2024-02-22,58.275002,59.084999,57.889000,58.847000,58.847000,35266000
2024-02-23,58.639999,59.243000,57.981998,58.355999,58.355999,25689000
2024-02-26,58.355999,59.075001,58.327000,58.764999,58.764999,23937000
2024-02-27,59.500000,60.535999,59.233002,60.167000,60.167000,44894000
2024-02-28,59.578999,59.817001,59.000999,59.647999,59.647999,26052000
2024-02-29,60.424999,60.452000,59.515999,60.292000,60.292000,35721000
2024-03-01,59.980999,62.028000,59.950001,61.933998,61.933998,42703000
2024-03-04,62.155998,62.442001,61.507999,61.583000,61.583000,30203000
2024-03-05,61.009998,61.091000,59.200001,59.849998,59.849998,38496000
2024-03-06,60.299000,60.792999,59.355999,59.769001,59.769001,24696000
2024-03-07,59.933998,61.053001,59.590000,60.851002,60.851002,27428000
2024-03-08,60.827000,61.609001,60.084000,60.481998,60.481998,27772000
2024-03-11,60.807999,61.099998,60.036999,60.092999,60.092999,25009000
2024-03-12,60.021000,61.529999,59.626999,61.108002,61.108002,28216000
2024-03-13,61.337002,61.485001,60.721001,60.945000,60.945000,21921000
2024-03-14,61.500000,62.080002,60.735001,61.300999,61.300999,31205000
2024-03-15,62.292000,62.292000,60.382000,60.588001,60.588001,66716000
2024-03-18,61.355999,62.741001,61.044998,61.839001,61.839001,33442000
2024-03-19,61.562000,62.127998,60.799999,62.074001,62.074001,21426000
2024-03-20,61.994999,62.951000,61.834000,62.769001,62.769001,26395000
2024-03-21,63.064999,63.436001,62.233002,62.271000,62.271000,25077000
2024-03-22,62.416000,62.904999,62.099998,62.800999,62.800999,21357000
2024-03-25,62.790001,63.046001,62.316002,62.745998,62.745998,18033000
2024-03-26,62.520000,63.438999,61.917999,62.924000,62.924000,28045000
2024-03-27,62.901001,63.134998,61.073002,61.353001,61.353001,26283000
2024-03-28,61.499001,61.500000,60.159000,60.733002,60.733002,37088000
2024-04-01,60.799999,61.511002,60.556999,61.431000,61.431000,21159000
2024-04-02,61.099998,61.502998,60.550999,61.421001,61.421001,20292000
2024-04-03,61.275002,63.041000,61.150002,63.007999,63.007999,29312000
2024-04-04,63.320999,63.799999,61.658001,61.714001,61.714001,30643000
2024-04-05,62.492001,63.791000,62.271000,63.618000,63.618000,33788000
2024-04-08,63.639000,63.900002,62.811001,62.841000,62.841000,21457000
2024-04-09,63.199001,63.199001,61.563000,61.820000,61.820000,21436000
2024-04-10,61.097000,62.014000,60.933998,61.858002,61.858002,28062000
2024-04-11,62.442001,63.166000,61.723999,62.877998,62.877998,26627000
2024-04-12,62.823002,63.312000,61.891998,62.283001,62.283001,29593000
2024-04-15,63.016998,63.016998,60.387001,60.715000,60.715000,30854000
2024-04-16,60.750000,62.244999,60.750000,61.751999,61.751999,35191000
2024-04-17,62.097000,62.097000,60.771000,61.368999,61.368999,33122000
2024-04-18,61.209999,62.132999,60.542999,61.056000,61.056000,84684000
2024-04-19,56.787998,57.900002,55.216000,55.504002,55.504002,164497000
2024-04-22,55.066002,55.861000,54.201000,55.459999,55.459999,85977000
2024-04-23,55.648998,57.921001,55.528000,57.775002,57.775002,49755000
2024-04-24,57.431000,57.691002,55.130001,55.512001,55.512001,53553000
2024-04-25,54.945999,56.653999,54.570999,56.480000,56.480000,38071000
2024-04-26,55.820999,56.292000,55.319000,56.123001,56.123001,43326000
2024-04-29,55.917999,55.964001,55.424000,55.949001,55.949001,25089000
2024-04-30,56.000000,56.000000,54.938000,55.063999,55.063999,33615000
2024-05-01,54.784000,56.039001,54.424999,55.171001,55.171001,34732000
2024-05-02,55.602001,56.546001,55.558998,56.514999,56.514999,30682000
2024-05-03,56.599998,58.026001,56.515999,57.933998,57.933998,33075000
2024-05-06,58.181999,59.734001,58.025002,59.696999,59.696999,36863000
2024-05-07,59.627998,60.605000,59.132000,60.599998,60.599998,36141000
2024-05-08,60.162998,61.821999,60.162998,60.946999,60.946999,30939000
2024-05-09,61.439999,61.571999,60.575001,61.209000,61.209000,20654000
2024-05-10,61.900002,62.397999,60.506001,61.087002,61.087002,26536000
2024-05-13,61.430000,61.821999,60.682999,61.659000,61.659000,20862000
2024-05-14,61.516998,62.147999,60.840000,61.366001,61.366001,27924000
2024-05-15,61.856998,62.410000,60.910000,61.352001,61.352001,56706000
2024-05-16,61.575001,61.834000,60.909000,61.051998,61.051998,30564000
2024-05-17,61.700001,62.578999,61.471001,62.110001,62.110001,37827000
2024-05-20,62.040001,64.436996,61.952000,64.082001,64.082001,38579000
2024-05-21,63.675999,65.087997,63.422001,65.060997,65.060997,29202000
2024-05-22,64.713997,64.925003,63.812000,64.046997,64.046997,21762000
2024-05-23,64.234001,64.271004,63.000000,63.567001,63.567001,23139000
2024-05-24,63.939999,65.199997,63.759998,64.675003,64.675003,26153000
2024-05-28,64.705002,64.974998,64.303001,64.900002,64.900002,26095000
2024-05-29,64.413002,66.425003,64.389000,65.461998,65.461998,36959000
2024-05-30,65.351997,65.649002,64.473000,64.765999,64.765999,23889000
2024-05-31,64.401001,64.858002,62.830002,64.162003,64.162003,40710000
2024-06-03,64.522003,64.678001,62.727001,63.379002,63.379002,23235000
2024-06-04,63.377998,63.522999,62.644001,63.161999,63.161999,30082000
2024-06-05,63.402000,65.125000,62.825001,65.027000,65.027000,26826000
2024-06-06,64.488998,65.799004,64.424004,64.851997,64.851997,24667000
2024-06-07,64.938004,65.040001,64.024002,64.147003,64.147003,18766000
2024-06-10,64.100998,64.478996,63.558998,64.449997,64.449997,20644000
2024-06-11,64.071999,65.018997,64.052002,64.855003,64.855003,21674000
2024-06-12,65.221001,65.578003,64.310997,65.005997,65.005997,20944000
2024-06-13,64.400002,65.525002,64.235001,65.325996,65.325996,18636000
2024-06-14,65.504997,67.557999,65.264000,66.938004,66.938004,44471000
2024-06-17,66.911003,68.271004,66.511002,67.583000,67.583000,36312000
2024-06-18,67.563004,68.706001,67.463997,68.567001,68.567001,29438000
2024-06-20,68.180000,68.987999,67.372002,67.903000,67.903000,25851000
2024-06-21,68.325996,68.690002,67.809998,68.612000,68.612000,45064000
2024-06-24,68.500000,68.550003,66.449997,66.902000,66.902000,39163000
2024-06-25,67.344002,67.366997,66.230003,67.240997,67.240997,22706000
2024-06-26,67.240997,68.295998,67.001999,67.768997,67.768997,35458000
2024-06-27,67.934998,68.857002,67.814003,68.433998,68.433998,24048000
2024-06-28,67.900002,68.699997,67.307999,67.487999,67.487999,34124000
2024-07-01,67.488998,67.501999,66.377998,67.361000,67.361000,22128000
2024-07-02,67.353996,68.174004,67.007004,67.958000,67.958000,24114000
2024-07-03,67.748001,68.375000,67.550003,68.250999,68.250999,14035000
2024-07-05,68.250999,69.749001,67.723000,69.065002,69.065002,26591000
2024-07-08,68.699997,68.886002,68.149002,68.573997,68.573997,19308000
2024-07-09,69.000000,69.527000,68.472000,68.573997,68.573997,25961000
2024-07-10,68.501999,68.722000,67.316002,67.764999,67.764999,26519000
2024-07-11,67.249001,67.249001,64.744003,65.275002,65.275002,51066000
2024-07-12,65.275002,65.592003,64.371002,64.760002,64.760002,33552000
2024-07-15,64.750000,66.753998,64.663002,65.644997,65.644997,32088000
2024-07-16,66.180000,66.367996,64.913002,65.632004,65.632004,26857000
2024-07-17,65.000000,65.044998,63.946999,64.746002,64.746002,40173000
2024-07-18,65.660004,65.704002,63.917000,64.304001,64.304001,75758000
2024-07-19,66.064003,67.897003,62.911999,63.334000,63.334000,98156000
2024-07-22,63.950001,65.628998,63.259998,64.750000,64.750000,52191000
2024-07-23,64.750000,64.990997,64.099998,64.276001,64.276001,24636000
2024-07-24,63.574001,65.241997,63.266998,63.598999,63.598999,48882000
2024-07-25,64.099998,64.998001,62.169998,63.409000,63.409000,45545000
2024-07-26,64.500000,64.698997,62.977001,63.137001,63.137001,31207000
2024-07-29,63.460999,63.460999,62.393002,62.695999,62.695999,24005000
2024-07-30,63.016998,63.469002,61.700001,62.257999,62.257999,34966000
2024-07-31,62.657001,63.360001,62.257999,62.834999,62.834999,31349000
2024-08-01,62.924999,64.670998,61.761002,62.485001,62.485001,37206000
2024-08-02,62.098000,62.527000,60.834999,61.363998,61.363998,35230000
2024-08-05,58.703999,60.456001,58.703999,59.855000,59.855000,40442000
2024-08-06,60.062000,62.244999,60.062000,60.957001,60.957001,43191000
2024-08-07,61.606998,63.200001,61.063999,61.147999,61.147999,31878000
2024-08-08,62.199001,63.229000,61.602001,63.035000,63.035000,32835000
2024-08-09,62.299000,63.661999,62.299000,63.394001,63.394001,19808000
2024-08-12,63.099998,63.900002,62.707001,63.313999,63.313999,23317000
2024-08-13,63.855999,65.097000,63.549999,64.802002,64.802002,26396000
2024-08-14,64.870003,66.357002,64.870003,66.167999,66.167999,40143000
2024-08-15,66.848999,67.319000,65.980003,66.321999,66.321999,32102000
2024-08-16,66.943001,68.023003,66.536003,67.406998,67.406998,35110000
2024-08-19,67.406998,68.884003,67.291000,68.852997,68.852997,30162000
2024-08-20,68.886002,71.133003,68.824997,69.853996,69.853996,48131000
2024-08-21,69.699997,70.099998,69.138000,69.711998,69.711998,22353000
2024-08-22,69.099998,70.150002,68.624001,68.896004,68.896004,27294000
2024-08-23,69.413002,69.607002,67.862999,68.672997,68.672997,23545000
2024-08-26,68.725998,69.058998,68.164001,68.844002,68.844002,13542000
2024-08-27,68.852997,70.789001,68.692001,69.571999,69.571999,31649000
2024-08-28,69.583000,69.667000,67.709999,68.384003,68.384003,24306000
2024-08-29,69.000000,69.980003,68.607002,69.248001,69.248001,21870000
2024-08-30,70.036003,70.185997,68.816002,70.135002,70.135002,32667000
2024-09-03,70.010002,70.386002,67.100998,67.531998,67.531998,31610000
2024-09-04,67.331001,68.464996,67.306000,67.968002,67.968002,17853000
2024-09-05,67.314003,68.731003,67.185997,68.362000,68.362000,18101000
2024-09-06,68.185997,68.315002,66.234001,66.577003,66.577003,29913000
2024-09-09,67.400002,68.349998,67.213997,67.542000,67.542000,26831000
2024-09-10,67.686996,68.058998,66.581001,67.362000,67.362000,20792000
2024-09-11,67.746002,68.296997,66.080002,68.147003,68.147003,23919000
2024-09-12,68.491997,69.487999,68.220001,68.680000,68.680000,25821000
2024-09-13,68.000999,69.963997,68.000000,69.706001,69.706001,22765000
2024-09-16,70.000000,70.302002,68.862999,69.650002,69.650002,18437000
2024-09-17,70.082001,70.763000,69.836998,70.691002,70.691002,22986000
2024-09-18,70.754997,70.754997,68.800003,69.046997,69.046997,29844000
2024-09-19,70.500000,71.566002,69.537003,70.431999,70.431999,42285000
2024-09-20,70.555000,70.667000,69.630997,70.102997,70.102997,39981000
2024-09-23,70.238998,71.224998,69.916000,70.537003,70.537003,32243000
2024-09-24,70.663002,72.244003,70.445000,72.225998,72.225998,35657000
2024-09-25,72.099998,72.512001,71.621002,72.155998,72.155998,22598000
2024-09-26,72.473000,72.526001,70.171997,71.142998,71.142998,28330000
2024-09-27,70.835999,71.070999,70.125000,70.735001,70.735001,23956000
2024-09-30,70.699997,71.121002,70.281998,70.927002,70.927002,17099000
2024-10-01,71.363998,71.776001,69.859001,70.612999,70.612999,28135000
2024-10-02,70.612999,71.621002,70.469002,71.109001,71.109001,17582000
2024-10-03,70.426003,70.880997,70.000000,70.680000,70.680000,22564000
2024-10-04,71.332001,72.100998,70.882004,71.970001,71.970001,22290000
2024-10-07,71.475998,71.587997,69.642998,70.192001,70.192001,33605000
2024-10-08,70.388000,72.505997,70.355003,72.176003,72.176003,31874000
2024-10-09,71.925003,72.859001,71.887001,72.742996,72.742996,19811000
2024-10-10,72.329002,73.385002,72.250000,73.028999,73.028999,27679000
2024-10-11,73.489998,73.599998,72.122002,72.278999,72.278999,22995000
2024-10-14,72.500000,72.662003,71.130997,71.300003,71.300003,27971000
2024-10-15,71.250999,71.339996,69.977997,70.598000,70.598000,29328000
2024-10-16,70.343002,70.558998,69.781998,70.199997,70.199997,24943000
2024-10-17,70.434998,70.441002,67.788002,68.764999,68.764999,89267000
2024-10-18,73.764000,76.627998,73.623001,76.389000,76.389000,159741000
2024-10-21,76.575996,77.300003,75.660004,77.207001,77.207001,60571000
2024-10-22,76.527000,76.970001,76.112000,76.424004,76.424004,29873000
2024-10-23,76.282997,76.378998,74.426003,74.929001,74.929001,37490000
2024-10-24,75.196999,75.582001,74.625000,75.455002,75.455002,26430000
2024-10-25,75.616997,76.849998,75.352997,75.468002,75.468002,28195000
2024-10-28,75.867996,75.867996,74.788002,74.912003,74.912003,28624000
2024-10-29,75.112999,76.388000,74.801003,75.944000,75.944000,36604000
2024-10-30,75.807999,75.978996,75.227997,75.374001,75.374001,17220000
2024-10-31,75.392998,76.079002,75.223000,75.602997,75.602997,30577000
2024-11-01,75.348000,76.379997,74.777000,75.610001,75.610001,29968000
2024-11-04,75.314003,76.248001,74.969002,75.551003,75.551003,19022000
2024-11-05,75.735001,76.752998,75.626999,76.390999,76.390999,22006000
2024-11-06,77.150002,78.149002,75.737999,78.021004,78.021004,36908000
2024-11-07,78.137001,79.821999,77.994003,79.653999,79.653999,32951000
2024-11-08,79.736000,79.905998,78.864998,79.503998,79.503998,19106000
2024-11-11,79.589996,80.681999,79.556999,80.543999,80.543999,23992000
2024-11-12,80.750000,82.037003,80.375000,81.949997,81.949997,28141000
2024-11-13,82.262001,83.698997,82.054001,83.046997,83.046997,27678000
2024-11-14,83.366997,84.099998,83.001999,83.725998,83.725998,30382000
2024-11-15,83.204002,83.204002,81.649002,82.396004,82.396004,36737000
2024-11-18,81.550003,84.845001,80.932999,84.705002,84.705002,40812000
2024-11-19,83.974998,87.448997,83.916000,87.132004,87.132004,38142000
2024-11-20,87.998001,89.059998,86.839996,88.385002,88.385002,40938000
2024-11-21,88.392998,90.800003,87.723999,89.748001,89.748001,45113000
2024-11-22,89.599998,90.599998,89.300003,89.778999,89.778999,32140000
2024-11-25,90.205002,90.205002,86.421997,86.558998,86.558998,60142000
2024-11-26,86.749001,88.636002,86.724998,87.260002,87.260002,31383000
2024-11-27,87.206001,88.095001,85.890999,87.734001,87.734001,25782000
2024-11-29,88.217003,89.240997,87.667999,88.681000,88.681000,20272000
2024-12-02,88.750999,90.234001,88.412003,89.774002,89.774002,23890000
2024-12-03,89.435997,90.268997,88.803001,90.217003,90.217003,24016000
2024-12-04,89.805000,91.597000,89.805000,91.106003,91.106003,26896000
2024-12-05,91.785004,92.699997,91.111000,91.787003,91.787003,28353000
2024-12-06,91.523003,93.527000,91.271004,93.473999,93.473999,29554000
2024-12-09,92.800003,93.029999,90.259003,91.369003,91.369003,33501000
2024-12-10,91.375999,92.288002,90.958000,91.334999,91.334999,23886000
2024-12-11,92.471001,94.175003,92.307999,93.655998,93.655998,35017000
2024-12-12,93.334999,93.408997,92.260002,92.555000,92.555000,24862000
2024-12-13,91.681000,92.555000,90.960999,91.887001,91.887001,24858000
2024-12-16,92.393997,92.893997,91.949997,92.108002,92.108002,26749000
2024-12-17,92.153999,92.845001,91.641998,91.913002,91.913002,24595000
2024-12-18,91.913002,92.244003,88.655998,88.955002,88.955002,29382000
2024-12-19,90.818001,91.262001,89.900002,90.204002,90.204002,28155000
2024-12-20,89.320999,91.991997,89.049004,90.904999,90.904999,45305000
2024-12-23,91.342003,91.500000,89.910004,91.144997,91.144997,23394000
2024-12-24,91.500000,93.584999,91.169998,93.211998,93.211998,23203000
2024-12-26,92.839996,93.049004,91.529999,92.414001,92.414001,23403000
2024-12-27,91.600998,91.813004,89.449997,90.754997,90.754997,32262000
2024-12-30,89.450996,90.822998,88.971001,90.042999,90.042999,22030000
2024-12-31,90.180000,90.267998,88.946999,89.132004,89.132004,18759000
2025-01-02,89.550003,89.858002,87.699997,88.672997,88.672997,23123000
2025-01-03,89.313004,89.883003,87.988998,88.105003,88.105003,29673000
2025-01-06,88.875999,89.282997,87.168999,88.179001,88.179001,34577000
2025-01-07,87.938004,88.800003,86.911003,87.918999,87.918999,26498000
2025-01-08,88.000000,88.622002,87.300003,87.500000,87.500000,23479000
2025-01-10,86.639999,86.640999,83.440002,83.768997,83.768997,48033000
2025-01-13,83.153000,84.707001,82.914001,84.028999,84.028999,30245000
2025-01-14,84.320000,84.488998,82.351997,82.839996,82.839996,30377000
2025-01-15,83.643997,85.084000,83.041000,84.825996,84.825996,31814000
2025-01-16,86.096001,86.898003,84.202003,84.237000,84.237000,40285000
2025-01-17,85.978996,86.500000,85.212997,85.809998,85.809998,36176000
2025-01-21,86.352997,91.639999,85.474998,86.968002,86.968002,98514000
2025-01-22,99.803001,99.900002,95.075996,95.399002,95.399002,142732000
2025-01-23,95.780998,98.500000,95.389999,98.486000,98.486000,77521000
2025-01-24,98.441002,98.627998,96.767998,97.759003,97.759003,45504000
2025-01-27,97.110001,98.226997,96.026001,97.189003,97.189003,46342000
2025-01-28,96.670998,97.792999,95.730003,97.182999,97.182999,34340000
2025-01-29,98.000000,98.764000,96.822998,97.815002,97.815002,29307000
2025-01-30,98.675003,99.459000,97.000999,97.323997,97.323997,38678000
2025-01-31,97.400002,99.028999,97.400002,97.676003,97.676003,36151000
2025-02-03,97.300003,98.768997,96.438004,97.893997,97.893997,37242000
2025-02-04,98.046997,100.800003,97.850998,99.487000,99.487000,60001000
2025-02-05,98.773003,101.182999,98.667999,101.111000,101.111000,39934000
2025-02-06,100.787003,101.635002,100.261002,101.568001,101.568001,31343000
2025-02-07,101.699997,102.776001,100.567001,101.392998,101.392998,32129000
2025-02-10,102.305000,103.285004,101.587997,102.760002,102.760002,32966000
2025-02-11,102.079002,102.268997,100.294998,100.807999,100.807999,33318000
2025-02-12,100.549004,102.774002,99.834999,102.731003,102.731003,33890000
2025-02-13,102.663002,104.598999,102.510002,104.369003,104.369003,34761000
2025-02-14,104.495003,106.449997,104.168999,105.860001,105.860001,31454000
2025-02-18,106.000000,106.199997,102.375000,103.584999,103.584999,42293000
2025-02-19,103.517998,104.500000,102.450996,104.333000,104.333000,26000000
2025-02-20,104.199997,104.500000,101.558998,102.454002,102.454002,31118000
2025-02-21,102.942001,103.237999,99.939003,100.315002,100.315002,37387000
2025-02-24,100.800003,101.516998,98.447998,98.847000,98.847000,44262000
2025-02-25,98.940002,99.440002,95.500000,97.723999,97.723999,47383000
2025-02-26,97.760002,100.088997,97.690002,99.005997,99.005997,33972000
2025-02-27,99.500000,100.072998,96.182999,96.306999,96.306999,37666000
2025-02-28,96.956001,98.226997,95.817001,98.056000,98.056000,47174000
2025-03-03,98.300003,99.492996,96.481003,97.370003,97.370003,39074000
2025-03-04,97.161003,98.630997,94.820999,97.258003,97.258003,43928000
2025-03-05,97.362000,99.559998,96.947998,99.092003,99.092003,38079000
2025-03-06,97.299004,97.369003,89.900002,90.636002,90.636002,78526000
2025-03-07,89.764000,90.488998,85.806999,89.111000,89.111000,77375000
2025-03-10,87.507004,88.126999,85.449997,86.667999,86.667999,69953000
2025-03-11,86.740997,91.068001,86.599998,89.510002,89.510002,73989000
2025-03-12,91.459999,92.718002,90.099998,91.968002,91.968002,68658000
2025-03-13,91.300003,92.189003,88.750999,89.016998,89.016998,50017000
2025-03-14,90.146004,91.962997,90.099998,91.800003,91.800003,52007000
2025-03-17,93.995003,96.763000,93.442001,95.001999,95.001999,75431000
2025-03-18,94.000000,94.824997,91.629997,92.998001,92.998001,60094000
2025-03-19,93.577003,96.800003,92.400002,95.948997,95.948997,66624000
2025-03-20,95.000999,96.699997,94.550003,95.084000,95.084000,44663000
2025-03-21,94.164001,96.364998,94.095001,96.028999,96.028999,59054000
2025-03-24,96.967003,97.699997,95.154999,97.198997,97.198997,46779000
2025-03-25,97.818001,99.870003,97.710999,99.727997,99.727997,37822000
2025-03-26,99.380997,99.679001,96.632004,97.065002,97.065002,35274000
2025-03-27,97.421997,98.900002,96.637001,97.671997,97.671997,30472000
2025-03-28,97.199997,97.498001,92.922997,93.385002,93.385002,44227000
2025-03-31,92.053001,93.447998,90.058998,93.252998,93.252998,46341000
2025-04-01,92.750000,93.228996,91.150002,92.837997,92.837997,35200000
2025-04-02,92.300003,94.955002,91.611000,93.552002,93.552002,32569000
2025-04-03,90.180000,94.658997,90.046997,91.705002,91.705002,58646000
2025-04-04,89.650002,90.663002,85.387001,85.585999,85.585999,67988000
2025-04-07,82.785004,90.674004,82.110001,86.782997,86.782997,66568000
2025-04-08,91.244003,92.241997,85.769997,87.040001,87.040001,56254000
2025-04-09,85.593002,95.142998,85.440002,94.546997,94.546997,74980000
2025-04-10,93.194000,94.124001,89.400002,92.116997,92.116997,51298000
2025-04-11,92.000000,94.486000,90.667999,91.829002,91.829002,40736000
2025-04-14,93.269997,94.898003,91.949997,93.127998,93.127998,40359000
2025-04-15,95.000000,99.345001,94.800003,97.627998,97.627998,77120000
2025-04-16,97.627998,98.121002,94.917000,96.163002,96.163002,60661000
2025-04-17,96.900002,98.470001,95.599998,97.303001,97.303001,88937000
2025-04-21,98.440002,101.900002,97.305000,98.791000,98.791000,97757000
2025-04-22,100.529999,106.497002,100.452003,104.033997,104.033997,93689000
2025-04-23,104.722000,106.125000,103.199997,104.959000,104.959000,64719000
2025-04-24,104.800003,110.099998,104.702003,109.686996,109.686996,63819000
2025-04-25,109.704002,110.680000,109.099998,110.153000,110.153000,39500000
2025-04-28,110.000000,111.400002,108.262001,111.038002,111.038002,38311000
2025-04-29,110.391998,112.780998,109.547997,112.564003,112.564003,37773000
2025-04-30,111.264999,113.320000,110.111000,113.171997,113.171997,42667000
2025-05-01,112.251999,114.241997,111.182999,113.347000,113.347000,34995000
2025-05-02,113.666000,115.944000,113.332001,115.649002,115.649002,37743000
2025-05-05,111.480003,114.402000,110.700996,113.405998,113.405998,56623000
2025-05-06,112.943001,114.765999,112.639999,113.768997,113.768997,32567000
2025-05-07,113.917999,116.400002,113.800003,115.541000,115.541000,43497000
2025-05-08,116.162003,116.228996,113.919998,114.443001,114.443001,37609000
2025-05-09,114.709999,115.099998,113.321999,114.022003,114.022003,25696000
2025-05-12,112.426003,113.000000,110.292999,111.000000,111.000000,64791000
2025-05-13,111.445999,114.788002,110.629997,113.844002,113.844002,39979000
2025-05-14,112.959999,115.290001,112.839996,115.098999,115.098999,39101000
2025-05-15,114.774002,118.779999,114.764999,117.797997,117.797997,44640000
2025-05-16,119.314003,119.650002,117.939003,119.153000,119.153000,46984000
2025-05-19,117.358002,119.164001,117.170998,119.164001,119.164001,28534000
2025-05-20,118.679001,119.300003,117.902000,119.202003,119.202003,21331000
2025-05-21,118.650002,121.122002,118.650002,119.462997,119.462997,29766000
2025-05-22,119.239998,119.875000,118.721001,118.796997,118.796997,18616000
2025-05-23,118.400002,119.144997,117.944000,118.539001,118.539001,21865000
2025-05-27,119.532997,121.177002,119.308998,121.156998,121.156998,29205000
2025-05-28,121.027000,121.591003,120.601997,120.855003,120.855003,18559000
2025-05-29,120.800003,120.900002,117.627998,118.486000,118.486000,33007000
2025-05-30,119.833000,121.181000,118.093002,120.723000,120.723000,46968000
2025-06-02,120.120003,121.940002,119.625000,121.898003,121.898003,22942000
2025-06-03,121.987000,122.957001,121.117996,121.793999,121.793999,23638000
2025-06-04,122.072998,124.255997,121.987999,123.966003,123.966003,23594000
2025-06-05,124.059998,126.280998,123.728996,125.052002,125.052002,28172000
2025-06-06,125.941002,126.000000,123.555000,124.147003,124.147003,25570000
2025-06-09,123.888000,123.888000,122.156998,122.445999,122.445999,24031000
2025-06-10,122.751999,122.751999,118.060997,120.362000,120.362000,44544000
2025-06-11,120.260002,122.829002,119.600998,121.987999,121.987999,23823000
2025-06-12,122.259003,123.000000,121.195999,121.502998,121.502998,20846000
2025-06-13,120.658997,122.061996,120.189003,121.214996,121.214996,22103000
2025-06-16,121.220001,122.625000,121.220001,122.535004,122.535004,21128000
2025-06-17,121.995003,123.236000,121.609001,122.067001,122.067001,18921000
2025-06-18,122.999001,124.199997,122.050003,122.228996,122.228996,22810000
2025-06-20,123.445000,124.849998,122.434998,123.140999,123.140999,53482000
2025-06-23,123.803001,125.484001,121.500999,125.353996,125.353996,26673000
2025-06-24,126.055000,128.257004,125.500000,127.911003,127.911003,26633000
2025-06-25,128.684006,129.800003,127.380997,127.525002,127.525002,21465000
2025-06-26,128.000000,130.733994,128.000000,130.667007,130.667007,26059000
2025-06-27,130.688004,133.134995,130.100006,132.311996,132.311996,40709000
2025-06-30,133.100006,134.115005,132.121002,133.912994,133.912994,32829000
2025-07-01,133.822998,133.876999,128.222000,129.360001,129.360001,49936000
2025-07-02,129.695999,129.994995,127.158997,128.485992,128.485992,30488000
2025-07-03,129.199997,130.225998,127.975998,129.718002,129.718002,20062000
2025-07-07,129.500000,129.500000,127.601997,128.962006,128.962006,22737000
2025-07-08,129.089996,129.324997,126.000000,127.530998,127.530998,32925000
2025-07-09,127.399002,128.828995,126.624001,128.828003,128.828003,23845000
2025-07-10,128.550003,128.960007,124.600998,125.058998,125.058998,42308000
2025-07-11,125.978996,126.099998,123.129997,124.511002,124.511002,39572000
2025-07-14,124.490997,127.049004,124.000000,126.195000,126.195000,27810000
2025-07-15,126.199997,127.122002,124.323997,126.027000,126.027000,28017000
2025-07-16,126.170998,127.099998,124.982002,125.030998,125.030998,32270000
2025-07-17,125.300003,127.750000,124.480003,127.417000,127.417000,64699000
2025-07-18,124.195999,124.650002,120.100998,120.924004,120.924004,106933000
2025-07-21,120.599998,123.709999,119.800003,123.327003,123.327003,56276000
2025-07-22,123.038002,123.237000,118.750000,119.008003,119.008003,50630000
2025-07-23,118.981003,119.262001,117.360001,117.678001,117.678001,45043000
2025-07-24,117.779999,118.349998,116.265999,118.075996,118.075996,38456000
2025-07-25,117.842003,118.732002,117.438004,118.049004,118.049004,26293000
2025-07-28,118.120003,119.778999,116.852997,117.459999,117.459999,34470000
2025-07-29,117.900002,117.959999,116.329002,116.874001,116.874001,27525000
2025-07-30,116.855003,118.485001,116.610001,118.419998,118.419998,29227000
2025-07-31,118.480003,119.000000,115.774002,115.940002,115.940002,37129000
2025-08-01,116.301003,117.850998,115.285004,115.860001,115.860001,38910000
2025-08-04,116.764999,117.699997,116.262001,117.098999,117.098999,22447000
2025-08-05,117.099998,117.170998,114.471001,114.787003,114.787003,26607000
2025-08-06,115.351997,118.138000,115.186996,117.848000,117.848000,33622000
2025-08-07,118.176003,119.122002,116.820000,118.037003,118.037003,26283000
2025-08-08,118.319000,121.411003,118.037003,121.164001,121.164001,38167000
2025-08-11,121.401001,122.306999,120.193001,121.831001,121.831001,24556000
2025-08-12,122.500000,123.198997,120.651001,122.528000,122.528000,22788000
2025-08-13,123.400002,123.711998,120.300003,120.444000,120.444000,27624000
2025-08-14,120.988998,124.408997,120.703003,123.056000,123.056000,39047000
2025-08-15,123.403999,124.694000,122.788002,123.894997,123.894997,27678000
2025-08-18,123.563004,125.115997,123.544998,124.509003,124.509003,21111000
2025-08-19,124.019997,124.099998,119.278999,121.415001,121.415001,37077000
2025-08-20,121.800003,122.300003,119.331001,121.386002,121.386002,24344000
2025-08-21,121.142998,122.139999,119.764000,120.621002,120.621002,20472000
2025-08-22,120.888000,121.362000,119.822998,120.464996,120.464996,31281000
2025-08-25,120.165001,123.379997,119.900002,121.806999,121.806999,28120000
2025-08-26,122.021004,123.150002,121.220001,122.609001,122.609001,19857000
2025-08-27,122.361000,122.920998,121.300003,122.349998,122.349998,16645000
2025-08-28,122.278999,123.789001,121.427002,123.144997,123.144997,19503000
2025-08-29,122.796997,122.878998,120.114998,120.824997,120.824997,32098000
2025-09-02,119.699997,121.540001,118.279999,121.411003,121.411003,23033000
2025-09-03,120.514000,122.699997,120.337997,122.617996,122.617996,24715000
2025-09-04,122.320000,125.748001,122.308998,125.748001,125.748001,30235000
2025-09-05,126.000000,126.709999,123.902000,124.382004,124.382004,23797000
2025-09-08,124.853996,125.204002,123.199997,124.475998,124.475998,19151000
2025-09-09,124.667000,126.571999,124.667000,126.324997,126.324997,22197000
2025-09-10,126.397003,126.699997,124.636002,124.771004,124.771004,27010000
2025-09-11,125.099998,125.345001,119.199997,120.349998,120.349998,56823000
2025-09-12,120.306000,121.178001,118.239998,118.844002,118.844002,37849000
2025-09-15,118.839996,120.723999,117.320999,120.225998,120.225998,29093000
2025-09-16,120.564003,120.900002,119.727997,120.051003,120.051003,24047000
2025-09-17,122.101997,123.392998,120.661003,122.849998,122.849998,34598000
2025-09-18,122.082001,123.300003,120.550003,120.778000,120.778000,31691000
2025-09-19,121.862000,122.995003,120.809998,122.696999,122.696999,49476000
2025-09-22,122.190002,122.975998,121.424004,122.737000,122.737000,25468000
2025-09-23,122.733002,122.778999,120.847000,121.847000,121.847000,24991000
2025-09-24,121.861000,122.150002,119.419998,120.394997,120.394997,27731000
2025-09-25,120.308998,121.683998,119.151001,120.823997,120.823997,19978000
2025-09-26,120.542000,121.400002,120.000000,121.060997,121.060997,19450000
2025-09-29,120.500000,122.448997,118.753998,120.640999,120.640999,30332000
2025-09-30,120.640999,120.849998,117.800003,119.891998,119.891998,38303000
2025-10-01,117.549004,117.914001,116.320999,117.089996,117.089996,41102000
2025-10-02,116.150002,116.333000,113.400002,116.252998,116.252998,46855000
2025-10-03,116.500000,116.800003,114.321999,115.332001,115.332001,31374000
2025-10-06,116.037003,116.358002,114.544998,116.331001,116.331001,29686000
2025-10-07,117.778999,120.137001,117.746002,119.106003,119.106003,33091000
2025-10-08,119.710999,121.738998,119.199997,121.425003,121.425003,28514000
2025-10-09,121.425003,123.750000,121.181999,123.107002,123.107002,28241000
2025-10-10,122.900002,124.699997,121.910004,122.008003,122.008003,42798000
2025-10-13,122.135002,123.112000,120.681000,121.903000,121.903000,24608000
2025-10-14,121.474998,122.429001,120.309998,121.535004,121.535004,23624000
2025-10-15,121.301003,121.961998,120.161003,120.329002,120.329002,20252000
2025-10-16,121.214996,121.670998,117.599998,118.359001,118.359001,28326000
2025-10-17,118.360001,120.311996,117.894997,119.935997,119.935997,29571000
2025-10-20,120.788002,124.776001,120.690002,123.856003,123.856003,39862000
2025-10-21,124.282997,124.860001,123.176003,124.135002,124.135002,65082000
2025-10-22,114.290001,115.760002,111.250999,111.637001,111.637001,147890000
2025-10-23,112.690002,112.782997,109.973000,111.359001,111.359001,68497000
2025-10-24,111.099998,111.450996,109.441002,109.469002,109.469002,60280000
2025-10-27,110.067001,110.227997,108.730003,109.456001,109.456001,46911000
2025-10-28,109.400002,111.697998,109.301003,110.250000,110.250000,40209000
2025-10-29,109.984001,110.855003,109.599998,110.041000,110.041000,33995000
2025-10-30,109.440002,110.615997,108.810997,108.900002,108.900002,41581000
2025-10-31,110.539001,113.487999,110.197998,111.886002,111.886002,68665000
2025-11-03,113.323997,113.349998,107.514999,110.009003,110.009003,58634000
2025-11-04,109.999001,110.459999,108.667999,109.295998,109.295998,38718000
2025-11-05,108.500000,110.084999,107.336998,109.846001,109.846001,35539000
2025-11-06,109.458000,110.370003,108.513000,109.702003,109.702003,36532000
2025-11-07,109.417999,110.821999,108.750000,110.365997,110.365997,44125000
2025-11-10,110.671997,112.820000,110.404999,112.007004,112.007004,36929000
2025-11-11,111.760002,113.921997,111.279999,113.643997,113.643997,27966000
2025-11-12,113.817001,116.433998,112.825996,115.750000,115.750000,39221000
2025-11-13,115.849998,116.733002,114.569000,115.422997,115.422997,40144000
2025-11-14,114.273003,114.273003,110.721001,111.217003,111.217003,47607000
2025-11-17,110.750000,111.849998,109.550003,110.290001,110.290001,26082700
2025-11-18,110.290001,115.250000,109.199997,114.089996,114.089996,43440600
2025-11-19,113.000000,113.339996,108.610001,110.000000,110.000000,31868100
2025-11-20,111.000000,111.099998,105.389999,105.669998,105.669998,36918500
2025-11-21,105.129997,106.529999,103.809998,104.309998,104.309998,41232700
2025-11-24,104.250000,108.040001,103.320000,106.970001,106.970001,62918300
2025-11-25,106.120003,106.300003,103.820000,104.400002,104.400002,35122600
2025-11-26,105.739998,106.949997,105.220001,106.139999,106.139999,27951000
2025-11-28,106.440002,107.940002,106.239998,107.580002,107.580002,15021600
2025-12-01,106.510002,109.339996,106.309998,109.129997,109.129997,24873400
2025-12-02,109.209999,109.730003,107.519997,109.349998,109.349998,25763000
2025-12-03,106.589996,106.870003,102.029999,103.959999,103.959999,53593400
2025-12-04,103.570000,103.800003,101.769997,103.220001,103.220001,51779100
2025-12-05,98.779999,104.790001,97.739998,100.239998,100.239998,133363600
2025-12-08,99.870003,99.889999,95.300003,96.790001,96.790001,100906300
2025-12-09,97.029999,97.239998,95.449997,96.709999,96.709999,51745600
2025-12-10,96.739998,96.970001,92.349998,92.709999,92.709999,74129300
2025-12-11,93.900002,94.820000,92.760002,94.089996,94.089996,43949000
2025-12-12,95.500000,96.919998,94.650002,95.190002,95.190002,49323100
2025-12-15,96.019997,96.370003,93.529999,93.769997,93.769997,40016500
2025-12-16,93.879997,94.930000,93.320000,94.570000,94.570000,34265000
2025-12-17,95.980003,97.330002,94.459999,94.790001,94.790001,50472800
2025-12-18,95.019997,95.809998,93.589996,94.000000,94.000000,37244700
2025-12-19,93.570000,95.540001,93.449997,94.389999,94.389999,78990200
2025-12-22,94.709999,94.709999,92.910004,93.230003,93.230003,39484800
2025-12-23,93.400002,93.809998,91.330002,93.500000,93.500000,25896200
2025-12-24,93.110001,93.680000,92.669998,93.639999,93.639999,12427900
2025-12-26,93.480003,94.690002,93.269997,94.470001,94.470001,22068300
2025-12-29,93.989998,94.970001,93.629997,94.150002,94.150002,24493700
2025-12-30,93.519997,93.989998,93.339996,93.779999,93.779999,23422000