Date,Open,High,Low,Close,Adj Close,Volume
2020-01-02,5.968750,5.997750,5.918000,5.997750,5.963802,237536000
2020-01-03,5.877500,5.945750,5.852500,5.901750,5.868346,205384000
2020-01-06,5.808000,5.931750,5.781750,5.926500,5.892958,262636000
2020-01-07,5.955000,6.044250,5.909750,5.998250,5.964301,314856000
2020-01-08,5.994000,6.051000,5.953750,6.009500,5.975487,277108000
2020-01-09,6.096250,6.148250,6.021500,6.075500,6.041114,255112000
2020-01-10,6.183250,6.213750,6.093750,6.108000,6.073429,316296000
2020-01-13,6.191500,6.324750,6.168750,6.299500,6.263845,319840000
2020-01-14,6.256500,6.282000,6.168750,6.182000,6.147011,359088000
2020-01-15,6.194750,6.217250,6.113250,6.139250,6.104502,263104000
2020-01-16,6.193000,6.229250,6.169500,6.223250,6.188029,284192000
2020-01-17,6.242500,6.250000,6.184250,6.232000,6.196727,253792000
2020-01-21,6.195250,6.232250,6.164250,6.198500,6.163416,217916000
2020-01-22,6.244000,6.339750,6.225000,6.252750,6.217360,239240000
2020-01-23,6.293000,6.330000,6.203750,6.321500,6.285722,244516000
2020-01-24,6.437500,6.487500,6.207500,6.262000,6.226557,373512000
2020-01-27,5.956000,6.056250,5.805750,6.005000,5.971013,470536000
2020-01-28,6.071250,6.231750,6.017750,6.199250,6.164163,310976000
2020-01-29,6.184750,6.221000,6.098500,6.138500,6.103757,258848000
2020-01-30,6.040250,6.158750,5.985000,6.145250,6.110470,290504000
2020-01-31,6.099250,6.111250,5.868750,5.910750,5.877296,370420000
2020-02-03,5.892500,6.027750,5.886250,6.008250,5.974245,255564000
2020-02-04,6.150750,6.197500,6.100500,6.178250,6.143283,271544000
2020-02-05,6.299750,6.310000,6.185250,6.269000,6.233518,208220000
2020-02-06,6.303500,6.356250,6.222000,6.356250,6.320274,218284000
2020-02-07,6.316000,6.338250,6.264250,6.289750,6.254150,189752000
2020-02-10,6.312500,6.575000,6.307500,6.574250,6.537040,529608000
2020-02-11,6.683000,6.812500,6.620750,6.697250,6.659344,638556000
2020-02-12,6.750250,6.820000,6.711250,6.813500,6.774936,374644000
2020-02-13,6.755250,6.837000,6.727750,6.769500,6.731185,528016000
2020-02-14,7.181500,7.374250,7.150000,7.244750,7.203746,1041924000
2020-02-18,7.141000,7.432750,7.121500,7.414250,7.372287,620164000
2020-02-19,7.537250,7.885250,7.537250,7.867500,7.822971,694332000
2020-02-20,7.819250,7.908000,7.408750,7.717500,7.673820,810052000
2020-02-21,7.604750,7.630000,7.266500,7.351750,7.310140,768180000
2020-02-24,6.754750,7.046750,6.700000,6.832000,6.793333,856916000
2020-02-25,6.907500,6.969750,6.449000,6.551250,6.514172,1055496000
2020-02-26,6.551500,6.886250,6.550000,6.691250,6.653379,747732000
2020-02-27,6.372500,6.675000,6.222250,6.315000,6.283015,906416000
2020-02-28,6.061500,6.811500,6.044750,6.751750,6.717552,1133252000
2020-03-02,6.922500,6.939750,6.525000,6.910750,6.875745,890744000
2020-03-03,6.966750,7.026750,6.561500,6.647250,6.613580,652792000
2020-03-04,6.755000,7.122250,6.680000,7.112750,7.076724,597408000
2020-03-05,6.912500,7.080000,6.787500,6.832250,6.797645,540328000
2020-03-06,6.652000,6.709750,6.450000,6.651000,6.617312,515412000
2020-03-09,5.997500,6.485000,5.954500,6.136000,6.104921,614160000
2020-03-10,6.413500,6.527000,6.149750,6.527000,6.493940,580648000
2020-03-11,6.386500,6.415000,6.064250,6.161750,6.130540,499964000
2020-03-12,5.636500,5.903000,5.395000,5.407750,5.380360,816540000
2020-03-13,5.762500,6.025500,5.490250,6.021000,5.990504,634836000
2020-03-16,5.310250,5.652500,4.850000,4.910000,4.885131,726972000
2020-03-17,5.022750,5.521500,4.775000,5.431750,5.404238,833632000
2020-03-18,5.002500,5.248500,4.517000,5.070500,5.044817,874268000
2020-03-19,5.049000,5.418250,4.834750,5.324250,5.297283,765512000
2020-03-20,5.475000,5.758000,5.128250,5.143750,5.117697,804636000
2020-03-23,5.142750,5.412000,4.963000,5.317250,5.290318,643876000
2020-03-24,5.725000,6.316500,5.701250,6.229500,6.197947,1101644000
2020-03-25,6.345000,6.545500,6.091500,6.140500,6.109399,793432000
2020-03-26,6.348500,6.555500,6.250000,6.431000,6.398427,696108000
2020-03-27,6.250000,6.578000,6.217000,6.318250,6.286248,638828000
2020-03-30,6.384000,6.649000,6.339750,6.639750,6.606120,602252000
2020-03-31,6.680000,6.885000,6.443750,6.590000,6.556623,949960000
2020-04-01,6.391250,6.538250,6.032000,6.076750,6.045970,656912000
2020-04-02,6.106000,6.400000,6.057750,6.386750,6.354399,675764000
2020-04-03,6.349000,6.390750,5.959750,6.097750,6.066865,663212000
2020-04-06,6.381000,6.747000,6.323250,6.710000,6.676013,727884000
2020-04-07,6.932500,6.956250,6.432500,6.475750,6.442949,784520000
2020-04-08,6.585250,6.698750,6.515000,6.673750,6.639947,542444000
2020-04-09,6.800000,6.823000,6.510500,6.573750,6.540454,525564000
2020-04-13,6.513750,6.755000,6.425000,6.746250,6.712081,398408000
2020-04-14,6.875000,7.133000,6.847250,7.098750,7.062794,530948000
2020-04-15,6.930000,7.104250,6.884500,7.021000,6.985438,366148000
2020-04-16,7.177000,7.475000,7.163750,7.367500,7.330183,745620000
2020-04-17,7.450000,7.471500,7.173500,7.308000,7.270984,539120000
2020-04-20,7.181000,7.337500,7.131750,7.176250,7.139901,449388000
2020-04-21,7.057750,7.119250,6.677750,6.737750,6.703622,735160000
2020-04-22,6.930750,7.196750,6.885000,7.153750,7.117516,483356000
2020-04-23,7.196000,7.328500,7.075000,7.100250,7.064287,424160000
2020-04-24,7.090000,7.241750,7.015000,7.239750,7.203080,352328000
2020-04-27,7.374750,7.587500,7.350000,7.427000,7.389380,479388000
2020-04-28,7.575000,7.605000,7.278500,7.284000,7.247106,442904000
2020-04-29,7.419250,7.514500,7.343750,7.461500,7.423707,379160000
2020-04-30,7.407250,7.461500,7.293000,7.307000,7.269988,375916000
2020-05-01,7.108750,7.222500,7.021000,7.069500,7.033692,342096000
2020-05-04,7.022000,7.296000,7.022000,7.282250,7.245364,317556000
2020-05-05,7.386750,7.506750,7.282250,7.343500,7.306305,368896000
2020-05-06,7.423250,7.550000,7.385250,7.444750,7.407041,323464000
2020-05-07,7.584500,7.685250,7.533000,7.621750,7.583146,373732000
2020-05-08,7.693750,7.818750,7.659750,7.812500,7.772930,339216000
2020-05-11,7.807500,8.112500,7.778750,8.065500,8.024650,469060000
2020-05-12,8.123500,8.172500,7.792750,7.802500,7.762979,493060000
2020-05-13,7.917500,8.078500,7.594750,7.780000,7.740592,625852000
2020-05-14,7.841750,8.036000,7.687500,8.030500,7.989824,602312000
2020-05-15,7.889750,8.500500,7.874000,8.490750,8.447742,987660000
2020-05-18,8.760500,8.916500,8.680500,8.750250,8.705930,774460000
2020-05-19,8.790250,9.087500,8.762750,8.805500,8.760898,717320000
2020-05-20,8.991000,9.043000,8.888750,8.970000,8.924565,587536000
2020-05-21,9.051500,9.052500,8.737500,8.775250,8.730804,761068000
2020-05-22,8.825250,9.093000,8.713250,9.026250,8.980531,1038764000
2020-05-26,9.156750,9.181750,8.672000,8.717750,8.673593,770780000
2020-05-27,8.625000,8.632750,7.996750,8.525250,8.482067,1175892000
2020-05-28,8.412250,8.760500,8.379250,8.487000,8.444015,734896000
2020-05-29,8.554500,8.875500,8.485000,8.875500,8.830544,745256000
2020-06-01,8.833250,8.840750,8.689500,8.806250,8.761644,389876000
2020-06-02,8.796250,8.837250,8.658000,8.825250,8.780550,391320000
2020-06-03,8.822250,8.866250,8.700000,8.769500,8.725080,365440000
2020-06-04,8.728000,8.943250,8.677500,8.766500,8.726076,424280000
2020-06-05,8.794500,8.997000,8.708000,8.920000,8.878871,481748000
2020-06-08,8.877250,8.889750,8.685750,8.805000,8.764398,387736000
2020-06-09,8.800000,9.109750,8.751250,9.046000,9.004289,468488000
2020-06-10,9.167750,9.500000,9.153500,9.366750,9.323561,632180000
2020-06-11,9.150000,9.261250,8.786000,8.796250,8.755692,583652000
2020-06-12,9.162500,9.187250,8.703250,8.932500,8.891311,570908000
2020-06-15,8.815250,9.182250,8.743750,9.173750,9.131450,400004000
2020-06-16,9.225000,9.266750,8.838750,9.068500,9.026685,535716000
2020-06-17,9.113750,9.299000,9.070250,9.236000,9.193414,408304000
2020-06-18,9.227000,9.282500,9.114500,9.218000,9.175497,254408000
2020-06-19,9.242500,9.445000,9.227250,9.261250,9.218545,524160000
2020-06-22,9.300000,9.531250,9.273250,9.526750,9.482821,398468000
2020-06-23,9.551000,9.642500,9.407500,9.450000,9.406425,375108000
2020-06-24,9.476250,9.556500,9.144500,9.235500,9.192916,449372000
2020-06-25,9.355750,9.505000,9.182250,9.490000,9.446241,376072000
2020-06-26,9.500000,9.500000,9.125000,9.155000,9.112787,592084000
2020-06-29,9.169750,9.204500,8.900000,9.200000,9.157578,342248000
2020-06-30,9.314000,9.526250,9.266500,9.497750,9.453955,367892000
2020-07-01,9.520750,9.575750,9.413000,9.530000,9.486055,326648000
2020-07-02,9.639000,9.737500,9.578250,9.612250,9.567929,364056000
2020-07-06,9.741750,9.908750,9.712500,9.839250,9.793880,315892000
2020-07-07,9.946250,10.070000,9.850750,9.871750,9.826231,357800000
2020-07-08,9.993750,10.225000,9.965500,10.216000,10.168893,365480000
2020-07-09,10.380250,10.570000,10.233500,10.509000,10.460545,494548000
2020-07-10,10.588750,10.655250,10.378750,10.479250,10.430929,497676000
2020-07-13,10.595000,10.792250,10.025000,10.052250,10.005899,457076000
2020-07-14,10.075000,10.402750,9.785500,10.377000,10.329150,542676000
2020-07-15,10.414250,10.433000,10.055750,10.227250,10.180091,403984000
2020-07-16,10.015000,10.206750,9.895500,10.134750,10.088018,344964000
2020-07-17,10.225500,10.248500,10.087750,10.201500,10.154459,266284000
2020-07-20,10.274250,10.531250,10.156750,10.510750,10.462286,284852000
2020-07-21,10.513000,10.560000,10.286750,10.328500,10.280874,277036000
2020-07-22,10.367500,10.602500,10.291500,10.438750,10.390616,367292000
2020-07-23,10.450000,10.547000,10.031250,10.129750,10.083040,411660000
2020-07-24,9.875000,10.364750,9.777000,10.194500,10.147491,473292000
2020-07-27,10.232250,10.441750,10.217750,10.421500,10.373446,292132000
2020-07-28,10.374250,10.382000,10.209250,10.215500,10.168396,271636000
2020-07-29,10.390750,10.516250,10.347000,10.465500,10.417245,284508000
2020-07-30,10.375000,10.623000,10.295250,10.614000,10.565060,308880000
2020-07-31,10.563250,10.766500,10.433000,10.614750,10.565803,386080000
2020-08-03,10.732500,11.098750,10.715250,11.010250,10.959483,412720000
2020-08-04,11.050000,11.227750,10.906000,11.227750,11.175977,310336000
2020-08-05,11.244000,11.371750,11.166250,11.286750,11.234707,249924000
2020-08-06,11.349750,11.358000,11.178750,11.335500,11.283233,244316000
2020-08-07,11.312500,11.504750,11.037500,11.199500,11.147859,342516000
2020-08-10,11.334250,11.408250,10.856500,11.165000,11.113518,427796000
2020-08-11,11.073750,11.136750,10.795750,10.850000,10.799969,354512000
2020-08-12,10.990750,11.467000,10.958250,11.440250,11.387500,464412000
2020-08-13,11.546000,11.721750,11.355750,11.443000,11.390236,374460000
2020-08-14,11.530000,11.704750,11.440500,11.564000,11.510680,366436000
2020-08-17,11.851250,12.409750,11.817250,12.337000,12.280116,621300000
2020-08-18,12.450000,12.496000,12.086250,12.260750,12.204215,503448000
2020-08-19,12.296500,12.315000,12.098000,12.138500,12.082528,622624000
2020-08-20,11.975000,12.375000,11.878750,12.141000,12.085017,921388000
2020-08-21,12.201750,12.808750,12.195250,12.683500,12.625015,999868000
2020-08-24,12.883750,12.912500,12.507500,12.720250,12.661594,490564000
2020-08-25,12.630750,12.761250,12.573750,12.750000,12.691212,289076000
2020-08-26,12.799250,12.868500,12.677750,12.773000,12.714101,321244000
2020-08-27,12.781500,12.850000,12.566500,12.628250,12.570023,317604000
2020-08-28,12.675000,13.148000,12.642500,13.147750,13.087126,537160000
2020-08-31,13.182750,13.575000,13.037750,13.374500,13.312831,500840000
2020-09-01,13.480000,13.993750,13.436500,13.821000,13.761387,511316000
2020-09-02,14.703750,14.726750,13.900000,14.346500,14.284620,874012000
2020-09-03,13.828750,13.884500,12.878750,13.015500,12.959364,945128000
2020-09-04,12.783750,13.175000,11.704750,12.622500,12.568055,1463684000
2020-09-08,11.734500,12.550000,11.704250,11.913000,11.861615,795728000
2020-09-09,12.400000,12.809250,12.231750,12.715000,12.660153,736200000
2020-09-10,12.989250,13.065250,12.167000,12.311750,12.258645,698684000
2020-09-11,12.485500,12.652500,11.895750,12.164500,12.112032,636928000
2020-09-14,13.081000,13.315000,12.631250,12.872250,12.816727,1201744000
2020-09-15,13.280000,13.298750,12.827750,12.991000,12.934966,727556000
2020-09-16,12.957250,13.092750,12.513750,12.514500,12.460523,556384000
2020-09-17,12.132250,12.589750,12.034750,12.463500,12.409741,792512000
2020-09-18,12.593750,12.632500,11.988750,12.189250,12.136674,698460000
2020-09-21,11.925000,12.522500,11.904500,12.517250,12.463262,721044000
2020-09-22,12.575000,12.648000,12.155500,12.637750,12.583241,646452000
2020-09-23,12.575500,12.727000,12.079250,12.123750,12.071454,647012000
2020-09-24,12.072250,12.569500,12.014000,12.348000,12.294740,731240000
2020-09-25,12.447500,12.883500,12.245750,12.873750,12.818222,588016000
2020-09-28,13.040250,13.051750,12.750000,13.035000,12.978781,573808000
2020-09-29,12.937500,13.442750,12.933250,13.225750,13.168704,621460000
2020-09-30,13.157500,13.622500,13.150250,13.530500,13.472138,689184000
2020-10-01,13.758000,13.762750,13.460750,13.614500,13.555777,525004000
2020-10-02,13.225000,13.519500,13.051000,13.062250,13.005908,552496000
2020-10-05,13.236000,13.644250,13.222750,13.642500,13.583656,479820000
2020-10-06,13.830000,14.142000,13.665000,13.736500,13.677251,784420000
2020-10-07,13.999750,14.119250,13.863500,13.964000,13.903770,418084000
2020-10-08,14.075000,14.084500,13.758000,13.838750,13.779059,378900000
2020-10-09,13.767000,13.824250,13.660750,13.762750,13.703387,346892000
2020-10-12,13.989500,14.347000,13.912500,14.226000,14.164640,434744000
2020-10-13,14.296500,14.348500,14.018750,14.248250,14.186793,344604000
2020-10-14,14.290500,14.342750,13.960000,14.095250,14.034454,276100000
2020-10-15,13.810750,14.005750,13.767750,13.970000,13.909743,267224000
2020-10-16,14.036750,14.121500,13.792500,13.811500,13.751927,242392000
2020-10-19,13.903000,13.983500,13.406750,13.497750,13.439531,298068000
2020-10-20,13.583500,13.799750,13.507000,13.645500,13.586643,229212000
2020-10-21,13.625000,13.791500,13.477500,13.524750,13.466414,219596000
2020-10-22,13.522500,13.611750,13.231750,13.361000,13.303371,290480000
2020-10-23,13.450000,13.593250,13.291250,13.590250,13.531631,233484000
2020-10-26,13.427000,13.692750,13.038500,13.141250,13.084569,336896000
2020-10-27,13.306000,13.442000,13.191500,13.396750,13.338967,250520000
2020-10-28,13.198000,13.260000,12.609000,12.627000,12.572541,376520000
2020-10-29,12.838500,13.192750,12.750000,13.024000,12.967824,320080000
2020-10-30,12.850000,12.936500,12.300000,12.534000,12.479939,416820000
2020-11-02,12.657750,12.836750,12.395000,12.580750,12.526484,299652000
2020-11-03,12.708500,13.105000,12.602750,13.019500,12.963341,272900000
2020-11-04,13.389250,13.827500,13.337000,13.794250,13.734750,410228000
2020-11-05,14.162500,14.339000,13.991000,14.160000,14.098924,319028000
2020-11-06,14.109750,14.588750,13.895000,14.562000,14.499191,383348000
2020-11-09,14.552500,14.691500,13.610750,13.630750,13.571958,582976000
2020-11-10,13.606500,13.606500,12.628250,12.770000,12.714921,644068000
2020-11-11,13.053750,13.435000,12.948250,13.418000,13.360127,404744000
2020-11-12,13.479000,13.766000,13.316000,13.456750,13.398706,365812000
2020-11-13,13.627250,13.668750,13.059250,13.297000,13.239646,346312000
2020-11-16,13.172500,13.649500,13.156000,13.515250,13.456955,413776000
2020-11-17,13.552500,13.596250,13.303750,13.422250,13.364358,312028000
2020-11-18,13.465250,13.605750,13.185000,13.428750,13.370829,510924000
2020-11-19,13.212750,13.487500,13.100000,13.440250,13.382279,565936000
2020-11-20,13.454000,13.494500,13.065000,13.087750,13.031299,341088000
2020-11-23,13.171250,13.382500,13.015500,13.140000,13.083324,361356000
2020-11-24,13.142500,13.162000,12.885000,12.957750,12.901860,346500000
2020-11-25,13.032500,13.269500,13.020000,13.234750,13.177666,259916000
2020-11-27,13.375000,13.407500,13.170500,13.261250,13.204050,167276000
2020-11-30,13.265000,13.412500,12.972250,13.401500,13.343696,286952000
2020-12-01,13.492250,13.528750,13.228250,13.390000,13.332245,296948000
2020-12-02,13.350500,13.673500,13.234250,13.544500,13.486081,283360000
2020-12-03,13.587500,13.660000,13.329000,13.396000,13.342161,199520000
2020-12-04,13.448500,13.560000,13.388750,13.558250,13.503760,202244000
2020-12-07,13.601250,13.731250,13.500000,13.606750,13.552061,223244000
2020-12-08,13.585000,13.598750,13.281500,13.350000,13.296346,271920000
2020-12-09,13.300500,13.414000,12.868250,12.930750,12.878779,401300000
2020-12-10,12.869000,13.068750,12.849500,12.972250,12.920115,207764000
2020-12-11,12.967250,13.020000,12.823000,13.013250,12.960949,209264000
2020-12-14,13.088000,13.388750,13.077500,13.308750,13.255262,270156000
2020-12-15,13.439750,13.464000,13.186750,13.360500,13.306807,193016000
2020-12-16,13.422500,13.437250,13.212500,13.242500,13.189278,223116000
2020-12-17,13.366750,13.379500,13.178500,13.341250,13.287631,231384000
2020-12-18,13.379000,13.405000,13.070500,13.272000,13.218658,342064000
2020-12-21,13.074750,13.370000,12.967500,13.332250,13.278666,302332000
2020-12-22,13.319250,13.337250,13.054000,13.278250,13.224885,185580000
2020-12-23,13.256000,13.275000,13.005000,13.009250,12.956964,179144000
2020-12-24,13.037250,13.132500,12.938750,12.993750,12.941528,97884000
2020-12-28,13.062500,13.062500,12.763250,12.900000,12.848154,212564000
2020-12-29,12.925000,13.072500,12.842250,12.943250,12.891230,170372000
2020-12-30,12.990250,13.213750,12.896750,13.145750,13.092916,225396000
2020-12-31,13.136500,13.151000,12.915000,13.055000,13.002531,192424000
2021-01-04,13.104250,13.652500,12.962500,13.113500,13.060799,560640000
2021-01-05,13.099750,13.443500,13.087000,13.404750,13.350878,322760000
2021-01-06,13.222500,13.245000,12.586000,12.614500,12.563803,580424000
2021-01-07,12.967500,13.377750,12.886500,13.344000,13.290368,461480000
2021-01-08,13.362500,13.421000,13.042000,13.276750,13.223392,292528000
2021-01-11,13.418750,13.961000,13.362500,13.621500,13.566757,518344000
2021-01-12,13.752500,13.754500,13.345000,13.484750,13.430552,291476000
2021-01-13,13.490000,13.625000,13.385000,13.531750,13.477362,210028000
2021-01-14,13.575000,13.599750,13.180500,13.200250,13.147196,283120000
2021-01-15,13.228000,13.325250,12.848500,12.859500,12.807817,277780000
2021-01-19,13.016250,13.094000,12.844000,13.025250,12.972900,226188000
2021-01-20,13.111750,13.430500,13.056750,13.365750,13.312031,258572000
2021-01-21,13.418500,13.999250,13.253000,13.867500,13.811766,337780000
2021-01-22,13.740000,13.841750,13.627250,13.712500,13.657387,246820000
2021-01-25,13.781750,13.828500,13.236500,13.653250,13.598376,251112000
2021-01-26,13.580500,13.644750,13.387500,13.435250,13.381254,163980000
2021-01-27,13.230000,13.232750,12.793750,12.917750,12.865833,371272000
2021-01-28,12.996250,13.339750,12.960500,13.051000,12.998546,228316000
2021-01-29,13.075000,13.334750,12.911500,12.989750,12.937543,271552000
2021-02-01,13.053250,13.270750,12.902750,13.237000,13.183800,217204000
2021-02-02,13.398750,13.572000,13.285500,13.556750,13.502267,220440000
2021-02-03,13.636000,13.931750,13.516500,13.530500,13.476120,245408000
2021-02-04,13.531000,13.673500,13.337750,13.664250,13.609333,201340000
2021-02-05,13.725000,13.737250,13.545750,13.591000,13.536377,169152000
2021-02-08,13.727250,14.473750,13.727250,14.438750,14.380721,434624000
2021-02-09,14.340750,14.583250,14.222500,14.263250,14.205924,287560000
2021-02-10,14.463250,14.905000,14.341500,14.764250,14.704911,485352000
2021-02-11,14.980250,15.272250,14.925000,15.250750,15.189457,450828000
2021-02-12,15.050000,15.291250,14.775000,14.961250,14.901119,374756000
2021-02-16,15.064250,15.372500,14.950000,15.330250,15.268635,321960000
2021-02-17,15.171000,15.223500,14.780000,14.906000,14.846090,274756000
2021-02-18,14.729000,14.873250,14.575000,14.829000,14.769404,233868000
2021-02-19,15.024500,15.177000,14.846750,14.926500,14.866510,271724000
2021-02-22,14.774750,15.133250,14.325000,14.355750,14.298050,325884000
2021-02-23,14.075250,14.238750,13.389500,14.142000,14.085162,391780000
2021-02-24,14.122750,14.506750,13.756000,14.499000,14.440725,448320000
2021-02-25,14.045500,14.374750,13.216250,13.307500,13.254017,824436000
2021-02-26,13.752500,13.854500,13.361000,13.714500,13.659381,500932000
2021-03-01,13.875000,13.925000,13.553250,13.841750,13.786120,353184000
2021-03-02,13.900000,13.920500,13.396000,13.406250,13.352366,264116000
2021-03-03,13.426250,13.451500,12.798750,12.804750,12.753284,377592000
2021-03-04,12.800750,12.975000,12.083750,12.370250,12.320532,573344000
2021-03-05,12.550000,12.550000,11.679250,12.461500,12.411416,542840000
2021-03-08,12.450000,12.471250,11.566500,11.593250,11.546654,543112000
2021-03-09,12.130250,12.616750,12.059250,12.520250,12.474236,521824000
2021-03-10,12.840500,12.980000,12.457500,12.468250,12.422426,384376000
2021-03-11,12.950000,13.046250,12.734500,12.993500,12.945747,299916000
2021-03-12,12.648250,12.888750,12.590000,12.856000,12.808750,243964000
2021-03-15,12.864750,13.206750,12.767250,13.191250,13.142766,221988000
2021-03-16,13.356500,13.512500,13.116750,13.291250,13.242399,272128000
2021-03-17,13.039750,13.453250,12.989500,13.341250,13.292217,243864000
2021-03-18,13.136500,13.184000,12.717000,12.722500,12.675739,293896000
2021-03-19,12.750000,12.921500,12.612500,12.845750,12.798538,299208000
2021-03-22,12.912750,13.394500,12.906750,13.186250,13.137786,297804000
2021-03-23,13.254250,13.344500,13.021250,13.070750,13.022711,222048000
2021-03-24,13.151250,13.159250,12.636750,12.643000,12.596536,245840000
2021-03-25,12.499500,12.714750,12.272000,12.535250,12.489180,295144000
2021-03-26,12.554500,12.856250,12.373500,12.839250,12.792062,363968000
2021-03-29,12.820250,13.062500,12.700000,12.948250,12.900662,273520000
2021-03-30,12.842000,12.975250,12.705000,12.871750,12.824444,200204000
2021-03-31,13.015500,13.470500,12.982500,13.348250,13.299190,314776000
2021-04-01,13.572250,13.870000,13.511250,13.811750,13.760986,308276000
2021-04-05,13.867500,14.014000,13.733000,13.987500,13.936090,255672000
2021-04-06,13.999750,14.054250,13.773500,13.861500,13.810557,191744000
2021-04-07,13.880750,14.243500,13.711500,14.143500,14.091518,251284000
2021-04-08,14.252750,14.471500,14.249000,14.317000,14.264382,244416000
2021-04-09,14.214000,14.408000,14.175000,14.400000,14.347076,195172000
2021-04-12,14.289750,15.352500,14.139250,15.209000,15.153102,869324000
2021-04-13,15.231500,15.700000,15.125750,15.679500,15.621872,676212000
2021-04-14,15.625000,15.720500,15.227500,15.277000,15.220853,385500000
2021-04-15,15.662500,16.214251,15.631500,16.137251,16.077940,598480000
2021-04-16,16.052999,16.165751,15.865250,15.912500,15.854016,335208000
2021-04-19,15.536500,15.807500,15.233000,15.361750,15.305287,404420000
2021-04-20,15.323250,15.497000,14.963000,15.171250,15.115491,334132000
2021-04-21,15.118750,15.362500,15.102250,15.360500,15.304045,216776000
2021-04-22,15.375000,15.438500,14.783500,14.850250,14.795671,277788000
2021-04-23,14.934250,15.335000,14.900250,15.265250,15.209147,227500000
2021-04-26,15.185000,15.479000,15.125000,15.478000,15.421115,197796000
2021-04-27,15.578500,15.670500,15.354500,15.381750,15.325217,164572000
2021-04-28,15.364500,15.532250,15.215500,15.276750,15.220603,209416000
2021-04-29,15.400000,15.436500,15.071500,15.324750,15.268425,173196000
2021-04-30,15.174500,15.365000,14.997000,15.009500,14.954335,201912000
2021-05-03,15.125000,15.246750,14.787500,14.836750,14.782222,203912000
2021-05-04,14.637250,14.637500,14.010250,14.351250,14.298507,405324000
2021-05-05,14.709000,14.813500,14.387500,14.458500,14.405362,292024000
2021-05-06,14.495250,14.571250,14.218000,14.523000,14.469625,193380000
2021-05-07,14.808250,14.970750,14.671750,14.812250,14.757810,229328000
2021-05-10,14.787250,14.806000,14.250000,14.265750,14.213318,268904000
2021-05-11,13.825000,14.354750,13.750000,14.306250,14.253672,285584000
2021-05-12,14.009500,14.260250,13.709250,13.758500,13.707934,303408000
2021-05-13,14.033750,14.080750,13.459000,13.665250,13.615027,285404000
2021-05-14,13.890000,14.328000,13.748500,14.243000,14.190653,258616000
2021-05-17,14.157000,14.169250,13.853500,14.165500,14.113438,216980000
2021-05-18,14.267000,14.404250,14.004000,14.015750,13.964236,186256000
2021-05-19,13.566500,14.079500,13.543250,14.065750,14.014056,344000000
2021-05-20,14.302500,14.683750,14.270500,14.612500,14.558794,321592000
2021-05-21,15.163750,15.222000,14.869500,14.991750,14.936651,672992000
2021-05-24,15.212500,15.745000,15.176000,15.612000,15.554621,554816000
2021-05-25,15.766000,15.818500,15.482500,15.647750,15.590239,435408000
2021-05-26,15.734250,15.793750,15.586250,15.700000,15.642299,370440000
2021-05-27,15.699750,15.750000,15.460000,15.488000,15.431077,581476000
2021-05-28,15.501000,16.277500,15.501000,16.244499,16.184799,644536000
2021-06-01,16.270000,16.388250,15.903250,16.264500,16.204723,472804000
2021-06-02,16.252251,16.918751,16.235500,16.778250,16.716583,594168000
2021-06-03,16.700750,17.259001,16.583000,16.969749,16.907385,580008000
2021-06-04,17.112499,17.660999,17.095501,17.578251,17.513651,617120000
2021-06-07,17.571251,17.812500,17.192751,17.618999,17.554251,575756000
2021-06-08,17.527250,17.621500,17.250999,17.457001,17.392841,323848000
2021-06-09,17.515751,17.575001,17.255751,17.358250,17.298409,381656000
2021-06-10,17.350000,17.492001,17.176001,17.424999,17.364939,287772000
2021-06-11,17.479500,17.939251,17.443750,17.825251,17.763805,416308000
2021-06-14,17.906000,18.039499,17.662750,18.018749,17.956644,321376000
2021-06-15,17.915001,18.016251,17.728001,17.788500,17.727180,243032000
2021-06-16,17.790751,17.954750,17.584499,17.810249,17.748859,307124000
2021-06-17,17.774500,18.834999,17.756250,18.657249,18.592934,809656000
2021-06-18,18.784000,19.375000,18.584000,18.638750,18.574503,968856000
2021-06-21,18.435249,18.536501,17.822750,18.427250,18.363731,672384000
2021-06-22,18.471500,18.963751,18.386000,18.886749,18.821648,580144000
2021-06-23,19.007750,19.152750,18.907749,19.057249,18.991560,332356000
2021-06-24,19.227751,19.420000,19.088249,19.205500,19.139301,320924000
2021-06-25,19.280500,19.345501,18.894501,19.031000,18.965401,278364000
2021-06-28,19.361250,20.078751,19.319000,19.985001,19.916113,495436000
2021-06-29,19.882500,20.098749,19.657000,20.026751,19.957720,367632000
2021-06-30,19.999250,20.162500,19.863750,20.002501,19.933548,326568000
2021-07-01,20.125000,20.455999,20.018999,20.212000,20.142334,480136000
2021-07-02,20.440250,20.505251,20.287750,20.487000,20.416378,342764000
2021-07-06,20.737499,20.841999,20.350250,20.698500,20.627151,446708000
2021-07-07,20.853500,20.875000,20.332001,20.371750,20.301531,418428000
2021-07-08,19.856501,20.132999,19.700750,19.902750,19.834148,503300000
2021-07-09,19.962500,20.080250,19.754250,20.050249,19.981136,296624000
2021-07-12,20.240000,20.532749,20.187750,20.512501,20.441797,321984000
2021-07-13,20.400499,20.461250,20.114000,20.250000,20.180201,290708000
2021-07-14,20.357750,20.417749,19.752750,19.841499,19.773106,380100000
2021-07-15,19.811750,19.847000,18.858500,18.966249,18.900875,550564000
2021-07-16,19.030500,19.157000,18.073000,18.160999,18.098398,688224000
2021-07-19,17.915251,19.042000,17.865499,18.779751,18.715017,749060000
2021-07-20,18.730000,18.837999,18.164000,18.612000,18.547844,434687000
2021-07-21,18.882000,19.527000,18.742001,19.410000,19.343096,371017000
2021-07-22,19.642000,19.886999,19.275999,19.594000,19.526457,323826000
2021-07-23,19.656000,19.700001,19.250000,19.558001,19.490582,195672000
2021-07-26,19.311001,19.441999,18.914000,19.294001,19.227503,203943000
2021-07-27,19.264999,19.622000,18.740999,19.208000,19.141790,248863000
2021-07-28,19.319000,19.646000,18.995001,19.503000,19.435774,202191000
2021-07-29,19.518999,19.853001,19.327999,19.662001,19.594227,190781000
2021-07-30,19.417999,19.629999,19.263000,19.499001,19.431789,183497000
2021-08-02,19.700001,19.961000,19.361000,19.750000,19.681925,217444000
2021-08-03,19.740000,20.222000,19.219999,19.815001,19.746698,301811000
2021-08-04,19.990000,20.318001,19.827999,20.274000,20.204121,231309000
2021-08-05,20.500000,20.733000,20.341999,20.636999,20.565865,211435000
2021-08-06,20.524000,20.570000,20.209999,20.365999,20.295797,178497000
2021-08-09,20.445999,20.507999,20.143000,20.295000,20.225048,146443000
2021-08-10,20.322001,20.430000,19.834999,19.936001,19.867281,179238000
2021-08-11,20.042999,20.049000,19.430000,19.698999,19.631100,185925000
2021-08-12,19.870001,20.028999,19.620001,19.905001,19.836390,151652000
2021-08-13,19.905001,20.214001,19.851000,20.188000,20.118414,183063000
2021-08-16,20.135000,20.287001,19.452999,19.950001,19.881237,210876000
2021-08-17,19.684999,19.770000,19.267000,19.458000,19.390930,204585000
2021-08-18,19.500000,19.634001,19.000000,19.040001,18.974373,285913000
2021-08-19,19.493999,20.495001,18.761999,19.798000,19.729753,766555000
2021-08-20,19.990999,20.865000,19.933001,20.816000,20.744249,675741000
2021-08-23,20.971001,21.997000,20.950001,21.958000,21.882307,575807000
2021-08-24,21.753000,21.959000,21.535000,21.792999,21.717882,297299000
2021-08-25,21.737000,22.469999,21.722000,22.212999,22.136433,347701000
2021-08-26,22.200001,22.340000,21.790001,22.068001,21.991934,237940000
2021-08-27,22.184000,22.722000,22.167000,22.636000,22.557976,304722000
2021-08-30,22.830000,23.042999,22.551001,22.688000,22.609791,262580000
2021-08-31,22.695000,22.695000,22.120001,22.385000,22.311769,259850000
2021-09-01,22.485001,22.697001,22.357000,22.441000,22.367586,201767000
2021-09-02,22.518000,22.593000,22.295000,22.396000,22.322742,187834000
2021-09-03,22.325001,22.986000,22.200001,22.843000,22.768276,280532000
2021-09-07,22.833000,22.899000,22.521999,22.662001,22.587870,198107000
2021-09-08,22.513000,22.610001,21.976999,22.339001,22.265921,254434000
2021-09-09,22.312000,22.538000,22.131001,22.177000,22.104456,196856000
2021-09-10,22.348000,22.625999,22.270000,22.478001,22.404470,248376000
2021-09-13,22.684000,22.964001,21.858000,22.152000,22.079536,297500000
2021-09-14,22.275000,22.410000,22.086000,22.242001,22.169245,199755000
2021-09-15,22.309000,22.367001,21.966000,22.341000,22.267912,166538000
2021-09-16,22.183001,22.277000,21.927000,22.242001,22.169245,156033000
2021-09-17,22.299999,22.320999,21.830000,21.900000,21.828362,294503000
2021-09-20,21.146000,21.433001,20.662001,21.113001,21.043932,349440000
2021-09-21,21.417000,21.424999,20.950001,21.246000,21.176498,204688000
2021-09-22,21.365999,21.959999,21.195999,21.941000,21.869225,268726000
2021-09-23,22.139999,22.535000,21.889999,22.482000,22.408453,248555000
2021-09-24,22.070000,22.149000,21.861000,22.080999,22.008766,217655000
2021-09-27,21.709999,21.799000,21.325001,21.660000,21.589149,245215000
2021-09-28,21.214001,21.419001,20.650999,20.698999,20.631289,343069000
2021-09-29,20.940001,21.017000,20.466999,20.517000,20.449883,218394000
2021-09-30,20.768000,21.066000,20.688000,20.716000,20.648235,221009000
2021-10-01,20.750000,20.858999,20.202999,20.742001,20.674147,240978000
2021-10-04,20.504000,20.542000,19.555000,19.732000,19.667452,345635000
2021-10-05,19.950001,20.648001,19.854000,20.451000,20.384100,279282000
2021-10-06,20.120001,20.719999,20.080000,20.700001,20.632286,297202000
2021-10-07,21.091999,21.322001,20.972000,21.075001,21.006062,256919000
2021-10-08,21.101000,21.205999,20.775000,20.830999,20.762854,151258000
2021-10-11,20.575001,21.063000,20.511000,20.695000,20.627298,163388000
2021-10-12,20.827999,21.056999,20.528000,20.671000,20.603382,162134000
2021-10-13,20.917999,20.990000,20.712999,20.938999,20.870506,180652000
2021-10-14,21.288000,21.754999,21.122000,21.746000,21.674862,243589000
2021-10-15,21.809999,21.931000,21.662001,21.862000,21.790485,226994000
2021-10-18,21.749001,22.291000,21.643999,22.222000,22.149307,189494000
2021-10-19,22.275999,22.379000,22.037001,22.290001,22.217091,161473000
2021-10-20,22.305000,22.433001,21.982000,22.103001,22.030699,146276000
2021-10-21,22.097000,22.711000,22.083000,22.691999,22.617767,187590000
2021-10-22,22.823000,23.129999,22.561001,22.726000,22.651659,249384000
2021-10-25,22.973000,23.355000,22.770000,23.166000,23.090221,230235000
2021-10-26,23.989000,25.259001,23.924000,24.716999,24.636147,485898000
2021-10-27,24.474001,25.090000,24.282000,24.451000,24.371012,245990000
2021-10-28,24.878000,24.950001,24.523001,24.941000,24.859409,234204000
2021-10-29,25.000999,25.709000,25.000000,25.566999,25.483364,292503000
2021-11-01,25.649000,25.893999,25.226999,25.827000,25.742516,265740000
2021-11-02,25.822001,26.677999,25.799999,26.400999,26.314632,294112000
2021-11-03,26.670000,26.784000,26.235001,26.598000,26.510984,239910000
2021-11-04,27.229000,31.365000,27.118000,29.801001,29.703516,1153631000
2021-11-05,30.187000,31.400000,29.410000,29.752001,29.654676,851260000
2021-11-08,30.149000,31.100000,29.907000,30.804001,30.703234,503101000
2021-11-09,32.282001,32.310001,29.964001,30.657000,30.556715,646746000
2021-11-10,29.356001,30.850000,28.778000,29.459000,29.362629,636206000
2021-11-11,30.468000,30.590000,29.777000,30.389999,30.290585,332172000
2021-11-12,30.010000,30.680000,29.629999,30.389999,30.290585,413054000
2021-11-15,30.552000,30.643999,29.247000,30.025000,29.926779,384909000
2021-11-16,29.759001,30.389999,29.705999,30.202999,30.104197,264484000
2021-11-17,30.417999,30.509001,28.799999,29.261000,29.165279,428508000
2021-11-18,32.367001,32.759998,31.320999,31.674999,31.571381,781711000
2021-11-19,32.243000,33.088001,31.905001,32.985001,32.877102,533867000
2021-11-22,33.516998,34.646999,31.900000,31.955999,31.851463,754335000
2021-11-23,31.535000,32.360001,30.879999,31.746000,31.642151,532163000
2021-11-24,31.461000,32.855000,30.927999,32.674000,32.567120,435162000
2021-11-26,32.599998,32.709999,31.350000,31.503000,31.399946,283069000
2021-11-29,32.366001,33.411999,32.035999,33.375999,33.266823,454964000
2021-11-30,33.168999,33.353001,31.864000,32.675999,32.569107,622066000
2021-12-01,33.219002,33.289001,31.379999,31.434999,31.336002,484368000
2021-12-02,31.214001,32.478001,31.025000,32.125999,32.024826,472890000
2021-12-03,32.000000,32.129002,30.129999,30.693001,30.596344,544325000
2021-12-06,29.879999,30.240999,28.038000,30.037001,29.942410,658938000
2021-12-07,30.957001,32.449001,30.650999,32.426998,32.324879,593053000
2021-12-08,31.999001,32.290001,31.421000,31.826000,31.725775,475551000
2021-12-09,31.733999,32.205002,30.427999,30.490000,30.393984,488507000
2021-12-10,31.150000,31.305000,29.861000,30.198000,30.102898,488825000
2021-12-13,30.249001,30.294001,28.115999,28.160999,28.072315,598344000
2021-12-14,27.698999,28.677999,27.250000,28.337000,28.247761,667035000
2021-12-15,28.400000,30.500000,27.837999,30.459000,30.363081,698297000
2021-12-16,31.152000,31.160000,28.093000,28.386999,28.297604,707366000
2021-12-17,27.985001,28.922001,27.760000,27.801001,27.713446,713758000
2021-12-20,27.305000,28.143999,27.145000,27.719000,27.631710,461847000
2021-12-21,28.374001,29.120001,27.400999,29.075001,28.983438,524385000
2021-12-22,28.891001,29.555000,28.448999,29.400000,29.307415,395184000
2021-12-23,29.754999,30.059000,29.431000,29.639999,29.546656,343022000
2021-12-27,29.660000,31.087000,29.639999,30.945000,30.847549,403686000
2021-12-28,31.312000,31.330000,30.011999,30.322001,30.226513,420591000
2021-12-29,30.273001,30.548000,29.365999,30.000999,29.906519,343139000
2021-12-30,29.827000,30.457001,29.540001,29.586000,29.492828,308864000
2021-12-31,29.674000,30.030001,29.330999,29.410999,29.318382,266530000
2022-01-03,29.815001,30.711000,29.785000,30.121000,30.026144,391547000
2022-01-04,30.277000,30.468000,28.349001,29.290001,29.197760,527154000
2022-01-05,28.948999,29.416000,27.533001,27.604000,27.517075,498064000
2022-01-06,27.639999,28.438000,27.065001,28.177999,28.089260,454186000
2022-01-07,28.141001,28.422001,27.056999,27.247000,27.161194,409939000
2022-01-10,26.580999,27.469000,25.643999,27.400000,27.313715,594681000
2022-01-11,27.323000,28.065001,26.839001,27.816999,27.729401,404089000
2022-01-12,28.066999,28.594999,27.608000,27.999001,27.910826,383413000
2022-01-13,28.379000,28.480000,26.497999,26.575001,26.491308,540171000
2022-01-14,26.299999,27.197001,26.209999,26.941999,26.857155,395832000
2022-01-18,26.260000,26.638000,25.770000,25.903000,25.821421,424270000
2022-01-19,26.079000,26.542999,25.052000,25.066999,24.988060,488315000
2022-01-20,25.304001,25.579000,24.077999,24.150000,24.073944,435181000
2022-01-21,23.507000,24.823000,23.263000,23.374001,23.300394,718958000
2022-01-24,22.330000,23.379999,20.888000,23.372000,23.298401,913982000
2022-01-25,22.546000,22.943001,22.000000,22.323999,22.253702,664616000
2022-01-26,23.240000,24.056999,22.299999,22.771999,22.700285,755959000
2022-01-27,23.568001,23.995001,21.674999,21.944000,21.874895,573353000
2022-01-28,22.011999,22.858000,21.296000,22.840000,22.768074,543774000
2022-01-31,23.181999,24.509001,23.052000,24.486000,24.408888,564680000
2022-02-01,25.104000,25.145000,23.889999,24.638000,24.560413,518925000
2022-02-02,25.794001,25.816999,24.552999,25.242001,25.162512,543419000
2022-02-03,24.458000,25.077000,23.780001,23.948000,23.872581,410178000
2022-02-04,23.972000,24.635000,23.632000,24.319000,24.242414,354829000
2022-02-07,24.372000,25.181999,24.202000,24.728001,24.650127,376868000
2022-02-08,24.358999,25.230000,23.980000,25.108000,25.028934,410359000
2022-02-09,25.622000,26.725000,25.353001,26.705000,26.620897,524282000
2022-02-10,25.995001,26.924999,25.600000,25.823999,25.742672,513200000
2022-02-11,25.916000,26.152000,23.773001,23.948999,23.873579,605472000
2022-02-14,23.934000,24.875000,23.754999,24.267000,24.190578,440424000
2022-02-15,24.948999,26.545000,24.784000,26.495001,26.411562,699869000
2022-02-16,26.259001,26.582001,25.552000,26.511000,26.427511,732676000
2022-02-17,25.629999,25.785000,24.165001,24.507000,24.429821,810595000
2022-02-18,24.667999,24.986000,23.100000,23.642000,23.567545,761255000
2022-02-22,23.035000,24.063999,23.000000,23.389999,23.316341,633422000
2022-02-23,23.802000,24.155001,22.301001,22.386999,22.316496,566511000
2022-02-24,21.014999,23.799999,20.889999,23.747999,23.673214,735801000
2022-02-25,23.721001,24.216999,23.381001,24.157000,24.080927,528866000
2022-02-28,23.992001,24.665001,23.707001,24.385000,24.308210,477319000
2022-03-01,24.291000,24.377001,23.132000,23.476999,23.403067,412056000
2022-03-02,23.756001,24.409000,23.415001,24.219999,24.147840,389642000
2022-03-03,24.261999,24.326000,23.469000,23.714001,23.643347,365095000
2022-03-04,23.384001,23.680000,22.482000,22.936001,22.867664,431415000
2022-03-07,22.816999,23.033001,21.330000,21.351999,21.288383,450821000
2022-03-08,21.309000,22.372999,20.650000,21.514000,21.449905,557467000
2022-03-09,22.386999,23.219999,22.247000,23.014000,22.945435,492742000
2022-03-10,22.531000,22.788000,21.882000,22.658001,22.590498,428066000
2022-03-11,23.021999,23.145000,22.046000,22.100000,22.034161,367209000
2022-03-14,21.868999,22.261999,21.159000,21.330000,21.266449,385354000
2022-03-15,21.518000,23.038000,21.322001,22.973000,22.904556,491996000
2022-03-16,23.500000,24.597000,23.172001,24.496000,24.423018,671422000
2022-03-17,24.120001,24.841999,23.906000,24.766001,24.692215,471941000
2022-03-18,24.799000,26.569000,24.624001,26.452999,26.374184,730719000
2022-03-21,26.507000,27.152000,25.966999,26.733999,26.654348,591727000
2022-03-22,26.726999,27.238001,26.072001,26.524000,26.444975,547007000
2022-03-23,26.125999,26.612000,25.575001,25.634001,25.557627,502120000
2022-03-24,26.166000,28.320000,25.907000,28.150000,28.066132,877379000
2022-03-25,27.886000,28.358000,27.271000,27.691999,27.609495,579016000
2022-03-28,27.756001,28.250000,27.205999,28.219000,28.134926,425494000
2022-03-29,28.695000,28.945999,27.980000,28.656000,28.570621,488984000
2022-03-30,28.304001,28.496000,27.503000,27.690001,27.607500,463487000
2022-03-31,27.782000,28.247999,27.270000,27.285999,27.204704,523440000
2022-04-01,27.375000,27.496000,26.267000,26.712000,26.632418,517235000
2022-04-04,26.728001,27.558001,26.613001,27.360001,27.278486,397120000
2022-04-05,27.254000,27.319000,25.820000,25.931000,25.853741,436615000
2022-04-06,24.934000,25.299999,24.003000,24.407000,24.334280,703833000
2022-04-07,24.441000,24.722000,23.478001,24.208000,24.135874,557992000
2022-04-08,23.917000,23.923000,23.062000,23.118999,23.050123,524781000
2022-04-11,22.214001,22.320000,21.660000,21.917000,21.851704,575207000
2022-04-12,22.537001,22.725000,21.282000,21.504000,21.439934,662258000
2022-04-13,21.728001,22.500000,21.455000,22.202999,22.136848,516943000
2022-04-14,22.504999,22.777000,21.163000,21.257999,21.194658,569097000
2022-04-18,21.200001,22.087999,21.079000,21.783001,21.718103,525701000
2022-04-19,21.719999,22.372999,21.313999,22.198000,22.131859,512781000
2022-04-20,22.517000,22.670000,21.200001,21.482000,21.417997,468974000
2022-04-21,21.709000,22.392000,20.000000,20.183001,20.122869,656209000
2022-04-22,20.302999,20.486000,19.500000,19.514999,19.456856,624713000
2022-04-25,19.202000,19.945000,19.096001,19.902000,19.842707,641566000
2022-04-26,19.718000,19.788000,18.670000,18.788000,18.732023,653143000
2022-04-27,18.598000,19.167000,18.290001,18.415001,18.360138,499460000
2022-04-28,18.966999,20.037001,18.490000,19.782000,19.723064,570327000
2022-04-29,19.402000,20.128000,18.517000,18.547001,18.491745,500435000
2022-05-02,18.541000,19.573999,18.391001,19.533001,19.474806,572049000
2022-05-03,19.400000,19.825001,19.132999,19.601999,19.543602,475751000
2022-05-04,19.923000,20.400000,18.750999,20.334000,20.273418,648855000
2022-05-05,19.867001,19.924999,18.500000,18.844000,18.787851,626331000
2022-05-06,18.736000,19.511999,17.990000,18.674999,18.619358,633297000
2022-05-09,18.034000,18.254999,16.827000,16.950001,16.899502,644455000
2022-05-10,17.688999,18.198000,17.025000,17.594999,17.542574,761474000
2022-05-11,17.347000,17.753000,16.568001,16.629999,16.580454,670167000
2022-05-12,16.219000,16.788000,15.567000,16.174999,16.126808,708728000
2022-05-13,16.788000,17.927999,16.593000,17.705999,17.653248,670437000
2022-05-16,17.509001,17.788000,17.106001,17.264000,17.212564,521446000
2022-05-17,18.073999,18.371000,17.634001,18.177000,18.122841,585830000
2022-05-18,17.705000,18.118000,16.864000,16.938000,16.887539,545161000
2022-05-19,16.937000,17.687000,16.733999,17.124001,17.072981,621310000
2022-05-20,17.332001,17.410000,15.755000,16.694000,16.644264,739105000
2022-05-23,16.274000,16.915001,16.179001,16.898001,16.847654,639889000
2022-05-24,16.510000,16.597000,15.780000,16.153999,16.105871,588550000
2022-05-25,16.020000,17.111000,16.000000,16.975000,16.924425,781132000
2022-05-26,16.035999,18.091999,16.021999,17.851000,17.797815,996575000
2022-05-27,18.186001,18.881001,18.100000,18.811001,18.754955,738379000
2022-05-31,18.980000,19.200001,18.350000,18.672001,18.616371,664100000
2022-06-01,18.724001,19.052999,18.122000,18.320000,18.265419,544514000
2022-06-02,18.292000,19.618999,18.198000,19.591999,19.533625,648656000
2022-06-03,19.082001,19.332001,18.521999,18.719999,18.664228,598779000
2022-06-06,19.139000,19.337000,18.563999,18.785999,18.730026,422406000
2022-06-07,18.472000,19.000000,18.188000,18.926001,18.869616,388914000
2022-06-08,18.799000,19.180000,18.535000,18.648001,18.596371,363252000
2022-06-09,18.481001,18.933001,18.041000,18.048000,17.998035,395574000
2022-06-10,17.600000,17.697001,16.868999,16.974001,16.927004,465248000
2022-06-13,16.000000,16.312000,15.606000,15.647000,15.603681,604153000
2022-06-14,15.731000,16.066000,15.412000,15.836000,15.792155,469680000
2022-06-15,16.094999,16.868000,15.926000,16.527000,16.481241,563936000
2022-06-16,15.860000,15.942000,15.401000,15.601000,15.557808,545749000
2022-06-17,15.648000,15.995000,15.328000,15.880000,15.836037,630334000
2022-06-21,16.475000,17.007999,16.407000,16.566000,16.520134,483089000
2022-06-22,16.226000,16.662001,16.180000,16.360001,16.314707,437135000
2022-06-23,16.518999,16.584999,15.853000,16.225000,16.180077,463680000
2022-06-24,16.500000,17.139999,16.309999,17.125999,17.078587,472153000
2022-06-27,17.312000,17.330000,16.625999,16.868999,16.822298,427968000
2022-06-28,16.900000,17.202000,15.945000,15.982000,15.937752,461149000
2022-06-29,15.814000,15.820000,15.170000,15.542000,15.498971,482352000
2022-06-30,15.361000,15.567000,14.862000,15.159000,15.117034,686070000
2022-07-01,14.899000,15.063000,14.392000,14.523000,14.482791,577610000
2022-07-05,14.175000,14.971000,14.055000,14.964000,14.922572,651397000
2022-07-06,15.010000,15.319000,14.789000,15.130000,15.088110,529066000
2022-07-07,15.456000,15.945000,15.389000,15.858000,15.814097,492903000
2022-07-08,15.430000,16.037001,15.389000,15.838000,15.794152,467972000
2022-07-11,15.526000,15.527000,15.038000,15.152000,15.110049,437321000
2022-07-12,15.268000,15.431000,14.877000,15.082000,15.040242,458483000
2022-07-13,14.590000,15.375000,14.465000,15.164000,15.122015,521918000
2022-07-14,15.108000,15.473000,14.728000,15.372000,15.329442,456235000
2022-07-15,15.659000,15.782000,15.445000,15.762000,15.718360,385935000
2022-07-18,16.302000,16.896999,16.002001,16.101000,16.056421,670517000
2022-07-19,16.486000,17.110001,16.172001,16.992001,16.944958,702366000
2022-07-20,16.947001,17.933001,16.801001,17.806999,17.757698,760538000
2022-07-21,17.885000,18.143999,17.545000,18.049999,18.000029,557049000
2022-07-22,17.893000,17.966999,17.136999,17.319000,17.271051,536671000
2022-07-25,17.018999,17.124001,16.649000,17.024000,16.976868,480748000
2022-07-26,16.889000,16.919001,16.478001,16.533001,16.487228,397865000
2022-07-27,17.032000,17.936001,16.913000,17.790001,17.740749,569776000
2022-07-28,17.975000,18.139999,17.440001,17.983999,17.934208,474646000
2022-07-29,17.813000,18.243999,17.691999,18.163000,18.112719,435460000
2022-08-01,18.181999,18.846001,17.990000,18.441000,18.389948,476469000
2022-08-02,18.122000,18.938000,18.091999,18.525999,18.474707,489527000
2022-08-03,18.184000,18.968000,18.136999,18.893000,18.840691,418146000
2022-08-04,18.849001,19.274000,18.760000,19.215000,19.161800,409652000
2022-08-05,18.809999,19.229000,18.666000,18.989000,18.936426,386068000
2022-08-08,17.502001,18.239000,17.242001,17.792999,17.743736,981859000
2022-08-09,17.252001,17.447001,16.724001,17.086000,17.038696,668263000
2022-08-10,17.698000,18.118000,17.316999,18.097000,18.046898,597422000
2022-08-11,18.131001,18.707001,17.875999,17.941999,17.892326,509327000
2022-08-12,18.160000,18.718000,17.952999,18.709000,18.657202,478094000
2022-08-15,18.701000,19.164000,18.613001,19.032000,18.979307,457666000
2022-08-16,18.920000,19.142000,18.500999,18.879000,18.826733,451240000
2022-08-17,18.523001,18.688000,18.145000,18.334999,18.284239,446799000
2022-08-18,18.301001,18.865000,18.183001,18.773001,18.721025,415447000
2022-08-19,18.406000,18.520000,17.770000,17.849001,17.799583,441588000
2022-08-22,17.490000,17.558001,16.966000,17.034000,16.986841,409593000
2022-08-23,16.989000,17.465000,16.969999,17.181000,17.133430,369986000
2022-08-24,17.011999,17.406000,16.895000,17.222000,17.174316,522661000
2022-08-25,16.844000,17.947001,16.833000,17.913000,17.863405,770691000
2022-08-26,17.857000,17.924000,16.237000,16.260000,16.214985,769127000
2022-08-29,16.020000,16.337999,15.767000,15.801000,15.757252,496132000
2022-08-30,15.960000,16.039000,15.182000,15.468000,15.425175,530181000
2022-08-31,15.384000,15.540000,14.959000,15.094000,15.052209,573710000
2022-09-01,14.209000,14.380000,13.270000,13.937000,13.898415,1178865000
2022-09-02,14.100000,14.171000,13.591000,13.647000,13.609218,743157000
2022-09-06,13.731000,13.779000,13.351000,13.465000,13.427720,535751000
2022-09-07,13.563000,13.838000,13.346000,13.714000,13.680097,512657000
2022-09-08,13.459000,14.008000,13.369000,13.990000,13.955415,624873000
2022-09-09,14.157000,14.474000,14.126000,14.387000,14.351432,486612000
2022-09-12,14.369000,14.547000,14.198000,14.505000,14.469139,484159000
2022-09-13,13.802000,13.922000,13.099000,13.131000,13.098537,714956000
2022-09-14,13.254000,13.290000,12.913000,13.128000,13.095544,588507000
2022-09-15,13.015000,13.233000,12.790000,12.929000,12.897036,523625000
2022-09-16,12.742000,13.212000,12.617000,13.198000,13.165371,670751000
2022-09-19,13.012000,13.463000,13.010000,13.382000,13.348916,569685000
2022-09-20,13.215000,13.483000,13.057000,13.176000,13.143426,524818000
2022-09-21,13.213000,14.031000,13.110000,13.261000,13.228216,807679000
2022-09-22,13.070000,13.149000,12.428000,12.561000,12.529945,759162000
2022-09-23,12.420000,12.611000,12.257000,12.516000,12.485059,663309000
2022-09-26,12.491000,12.659000,12.214000,12.228000,12.197768,547343000
2022-09-27,12.507000,12.736000,12.258000,12.413000,12.382313,553854000
2022-09-28,12.410000,12.823000,12.354000,12.736000,12.704514,542414000
2022-09-29,12.448000,12.500000,11.946000,12.220000,12.189790,532763000
2022-09-30,12.087000,12.633000,12.075000,12.139000,12.108990,565638000
2022-10-03,12.347000,12.678000,12.105000,12.512000,12.481068,547478000
2022-10-04,12.879000,13.220000,12.879000,13.167000,13.134449,584182000
2022-10-05,12.911000,13.321000,12.621000,13.209000,13.176346,507131000
2022-10-06,13.220000,13.656000,13.103000,13.130000,13.097539,644157000
2022-10-07,12.505000,12.670000,12.022000,12.076000,12.046145,672478000
2022-10-10,12.037000,12.124000,11.408000,11.670000,11.641150,698699000
2022-10-11,11.561000,11.846000,11.283000,11.586000,11.557357,667482000
2022-10-12,11.579000,11.735000,11.345000,11.500000,11.471570,492590000
2022-10-13,10.971000,12.078000,10.813000,11.960000,11.930430,850103000
2022-10-14,12.057000,12.111000,11.204000,11.227000,11.199244,713432000
2022-10-17,11.518000,11.948000,11.517000,11.888000,11.858609,580774000
2022-10-18,12.344000,12.492000,11.618000,11.967000,11.937414,659362000
2022-10-19,11.879000,12.350000,11.834000,12.051000,12.021207,523131000
2022-10-20,12.113000,12.769000,12.105000,12.194000,12.163854,652398000
2022-10-21,12.098000,12.498000,11.887000,12.466000,12.435182,609494000
2022-10-24,12.508000,12.710000,12.064000,12.599000,12.567854,517457000
2022-10-25,12.694000,13.300000,12.664000,13.261000,13.228216,505482000
2022-10-26,12.869000,13.388000,12.708000,12.896000,12.864117,532953000
2022-10-27,13.630000,13.838000,13.122000,13.176000,13.143426,583113000
2022-10-28,13.104000,13.850000,13.061000,13.834000,13.799798,521040000
2022-10-31,13.778000,13.838000,13.297000,13.497000,13.463633,486341000
2022-11-01,13.811000,13.925000,13.519000,13.543000,13.509518,432817000
2022-11-02,13.850000,14.210000,13.211000,13.219000,13.186319,672628000
2022-11-03,13.043000,13.781000,12.956000,13.421000,13.387818,500065000
2022-11-04,13.986000,14.229000,13.697000,14.156000,14.121002,612576000
2022-11-07,14.228000,14.412000,13.954000,14.301000,14.265642,410061000
2022-11-08,14.801000,14.891000,14.216000,14.602000,14.565901,595292000
2022-11-09,14.162000,14.211000,13.759000,13.776000,13.741940,454414000
2022-11-10,14.800000,15.773000,14.547000,15.750000,15.711062,700819000
2022-11-11,15.807000,16.389000,15.482000,16.327000,16.286634,655487000
2022-11-14,16.218000,16.540001,15.922000,16.295000,16.254715,527852000
2022-11-15,16.722000,16.997999,16.382000,16.666000,16.624794,545876000
2022-11-16,16.162001,16.362000,15.873000,15.910000,15.870667,649547000
2022-11-17,15.715000,16.266001,15.535000,15.677000,15.638241,710894000
2022-11-18,15.966000,16.002001,15.120000,15.409000,15.370905,492072000
2022-11-21,15.147000,15.477000,15.080000,15.317000,15.279132,404739000
2022-11-22,15.328000,16.058001,15.122000,16.038000,15.998351,472866000
2022-11-23,16.098000,16.527000,16.048000,16.518999,16.478163,427241000
2022-11-25,16.318001,16.487000,16.172001,16.270000,16.229774,167934000
2022-11-28,16.025999,16.357000,15.725000,15.827000,15.787870,303741000
2022-11-29,15.827000,15.932000,15.520000,15.639000,15.600337,298384000
2022-11-30,15.697000,16.930000,15.597000,16.923000,16.885487,565298000
2022-12-01,16.999001,17.264999,16.635000,17.135000,17.097008,470977000
2022-12-02,16.659000,16.933001,16.445000,16.875999,16.838583,371389000
2022-12-05,16.679001,16.995001,16.472000,16.610001,16.573177,352255000
2022-12-06,16.530001,16.573000,15.819000,15.987000,15.951555,352694000
2022-12-07,15.772000,16.186001,15.667000,16.120001,16.084259,372388000
2022-12-08,16.273001,17.179001,15.959000,17.169001,17.130939,515456000
2022-12-09,17.160000,17.583000,16.975000,17.000999,16.963308,465338000
2022-12-12,17.037001,17.538000,16.797001,17.535000,17.496122,457328000
2022-12-13,18.531000,18.790001,17.711000,18.072001,18.031931,656589000
2022-12-14,17.987000,18.252001,17.420000,17.674000,17.634819,496888000
2022-12-15,17.146000,17.320000,16.700001,16.952000,16.914417,478542000
2022-12-16,16.864000,17.041000,16.410000,16.570999,16.534256,478232000
2022-12-19,16.572001,16.608999,16.145000,16.254000,16.217962,354039000
2022-12-20,16.063999,16.309999,15.852000,16.084999,16.049337,403260000
2022-12-21,16.114000,16.627001,16.101999,16.500999,16.464415,325025000
2022-12-22,16.094000,16.138000,14.882000,15.339000,15.304993,565045000
2022-12-23,15.196000,15.339000,14.883000,15.206000,15.172287,349326000
2022-12-27,15.074000,15.100000,14.056000,14.121000,14.089693,464902000
2022-12-28,13.927000,14.262000,13.884000,14.036000,14.004884,351066000
2022-12-29,14.402000,14.683000,14.227000,14.603000,14.570623,354923000
2022-12-30,14.334000,14.629000,14.233000,14.614000,14.581600,310490000
2023-01-03,14.851000,14.996000,14.096000,14.315000,14.283264,401277000
2023-01-04,14.567000,14.853000,14.241000,14.749000,14.716300,431324000
2023-01-05,14.491000,14.564000,14.148000,14.265000,14.233375,389168000
2023-01-06,14.474000,15.010000,14.034000,14.859000,14.826056,405044000
2023-01-09,15.284000,16.056000,15.141000,15.628000,15.593351,504231000
2023-01-10,15.507000,15.962000,15.472000,15.909000,15.873730,384101000
2023-01-11,15.840000,16.028000,15.563000,16.000999,15.965525,353285000
2023-01-12,16.100000,16.636999,15.492000,16.511000,16.474396,551409000
2023-01-13,16.278000,16.922001,16.165001,16.899000,16.861536,447287000
2023-01-17,16.899000,17.728001,16.899000,17.702000,17.662754,511102000
2023-01-18,17.667000,17.872999,17.282000,17.377001,17.338474,439624000
2023-01-19,17.035999,17.197001,16.731001,16.764999,16.727829,452932000
2023-01-20,17.011000,17.856001,16.825001,17.839001,17.799452,564967000
2023-01-23,18.063999,19.245001,17.818001,19.193001,19.150450,655163000
2023-01-24,18.827000,19.495001,18.820000,19.264999,19.222288,496204000
2023-01-25,18.913000,19.370001,18.580000,19.323000,19.280165,449537000
2023-01-26,19.701000,20.166000,19.278000,19.802000,19.758099,489535000
2023-01-27,19.462000,20.628000,19.405001,20.365000,20.319851,542142000
2023-01-30,19.950001,20.139999,19.150000,19.162001,19.119524,488611000
2023-01-31,19.170000,19.687000,18.950001,19.537001,19.493687,498017000
2023-02-01,19.691000,21.191999,19.611000,20.943001,20.896570,660477000
2023-02-02,21.000000,21.948999,20.700001,21.709000,21.660872,564276000
2023-02-03,21.000000,21.745001,20.789000,21.100000,21.053219,429366000
2023-02-06,20.806000,21.570000,20.785999,21.089001,21.042244,452197000
2023-02-07,21.382000,22.259001,21.150000,22.173000,22.123844,664150000
2023-02-08,22.386999,22.878000,22.007999,22.205000,22.155771,559651000
2023-02-09,22.606001,23.020000,22.120001,22.337000,22.287476,523876000
2023-02-10,21.690001,22.077999,20.811001,21.264999,21.217854,550737000
2023-02-13,21.538000,22.048000,20.962000,21.788000,21.739695,474919000
2023-02-14,21.577999,23.049000,21.365999,22.971001,22.920071,675474000
2023-02-15,22.549000,22.855000,22.106001,22.764000,22.713530,420575000
2023-02-16,22.132999,22.549999,21.927000,22.002001,21.953218,412026000
2023-02-17,21.631001,21.740000,20.975000,21.388000,21.340582,465888000
2023-02-21,21.000000,21.493999,20.618000,20.655001,20.609207,410015000
2023-02-22,20.707001,21.104000,20.421000,20.754000,20.707989,513184000
2023-02-23,23.440001,23.888000,23.025000,23.664000,23.611534,1117995000
2023-02-24,23.225000,23.474001,22.947001,23.285999,23.234369,589716000
2023-02-27,23.670000,23.879999,23.454000,23.500999,23.448895,452994000
2023-02-28,23.372000,23.825001,23.205999,23.216000,23.164528,455963000
2023-03-01,23.191999,23.256001,22.507999,22.698000,22.647680,460026000
2023-03-02,22.488001,23.379999,22.431999,23.313999,23.262312,389415000
2023-03-03,23.320000,23.900000,23.129999,23.889999,23.837034,412393000
2023-03-06,23.891001,24.247999,23.487000,23.554001,23.501783,437429000
2023-03-07,23.600000,24.125000,23.240999,23.288000,23.240314,515154000
2023-03-08,23.487000,24.200001,23.424000,24.181000,24.131487,513573000
2023-03-09,24.174999,24.454000,23.382999,23.436001,23.388014,501257000
2023-03-10,23.409000,23.627001,22.726000,22.965000,22.917976,474866000
2023-03-13,22.752001,23.298000,22.297001,22.966000,22.918972,421890000
2023-03-14,23.496000,24.219000,23.459999,24.063000,24.013731,474910000
2023-03-15,23.761000,24.285999,23.360001,24.228001,24.178394,524486000
2023-03-16,24.027000,25.587999,23.893999,25.541000,25.488703,583253000
2023-03-17,25.982000,26.399000,25.667999,25.725000,25.672327,848547000
2023-03-20,25.615000,26.024000,25.129999,25.900000,25.846966,432747000
2023-03-21,26.180000,26.392000,25.381001,26.198999,26.145355,547408000
2023-03-22,26.424999,27.589001,26.237000,26.468000,26.413803,797295000
2023-03-23,27.115000,27.499001,26.690001,27.191000,27.135324,564889000
2023-03-24,27.031000,27.167000,26.355000,26.778999,26.724171,454920000
2023-03-27,26.837000,27.000000,26.365000,26.531000,26.476677,361026000
2023-03-28,26.447001,26.513000,25.850000,26.410000,26.355928,356104000
2023-03-29,26.825001,27.077999,26.597000,26.983999,26.928745,393694000
2023-03-30,27.229000,27.499001,27.101999,27.382999,27.326931,364516000
2023-03-31,27.139999,27.834000,27.105000,27.777000,27.720125,433933000
2023-04-03,27.509001,28.000000,27.336000,27.965000,27.907738,398716000
2023-04-04,27.966000,28.000000,27.306999,27.452999,27.396786,368592000
2023-04-05,26.829000,26.997999,26.395000,26.881001,26.825960,515015000
2023-04-06,26.584000,27.080000,26.427000,27.037001,26.981640,397654000
2023-04-10,26.823000,27.621000,26.669001,27.579000,27.522528,395279000
2023-04-11,27.724001,27.790001,27.125999,27.169001,27.113369,314378000
2023-04-12,27.370001,27.468000,26.448000,26.495001,26.440752,446259000
2023-04-13,26.733999,26.886999,26.329000,26.462999,26.408813,353615000
2023-04-14,26.504000,26.882999,26.219999,26.757999,26.703209,395660000
2023-04-17,26.565001,27.006001,26.433001,27.002001,26.946711,321471000
2023-04-18,27.533001,28.110001,27.357000,27.667000,27.610352,604812000
2023-04-19,27.361000,28.000000,27.232000,27.931000,27.873808,358660000
2023-04-20,27.671000,28.030001,27.000000,27.104000,27.048504,427713000
2023-04-21,26.952000,27.183001,26.722000,27.118999,27.063471,345103000
2023-04-24,27.013000,27.365999,26.671000,27.042000,26.986629,339282000
2023-04-25,27.077999,27.247000,26.225000,26.240999,26.187271,378527000
2023-04-26,27.002001,27.330000,26.705000,26.955999,26.900805,406337000
2023-04-27,27.363001,27.495001,26.625000,27.226000,27.170252,377161000
2023-04-28,27.225000,27.757999,27.070999,27.749001,27.692183,292216000
2023-05-01,27.840000,29.058001,27.780001,28.910000,28.850803,570329000
2023-05-02,28.680000,28.836000,28.083000,28.209999,28.152235,402730000
2023-05-03,27.840000,28.367001,27.472000,27.802000,27.745073,383387000
2023-05-04,27.650999,27.858999,27.240000,27.562000,27.505564,321850000
2023-05-05,27.826000,28.754999,27.731001,28.680000,28.621275,361494000
2023-05-08,28.521999,29.219999,28.350000,29.150999,29.091309,344979000
2023-05-09,28.899000,28.973000,28.450001,28.570999,28.512495,314869000
2023-05-10,29.004999,29.113001,28.461000,28.885000,28.825857,369350000
2023-05-11,28.896000,28.950001,28.246000,28.577999,28.519484,322149000
2023-05-12,28.528999,28.780001,28.046000,28.340000,28.281973,274222000
2023-05-15,28.507999,28.969000,28.152000,28.952999,28.893717,293926000
2023-05-16,28.841000,29.870001,28.832001,29.212999,29.153187,449405000
2023-05-17,29.584000,30.198999,29.430000,30.177999,30.116207,432535000
2023-05-18,30.410000,31.827999,30.320000,31.677999,31.613134,748725000
2023-05-19,31.535999,31.580000,30.916000,31.264000,31.199984,473908000
2023-05-22,30.900999,31.520000,30.680000,31.176001,31.112164,372000000
2023-05-23,31.000000,31.288000,30.631001,30.688000,30.625166,356253000
2023-05-24,30.209999,30.607000,29.806000,30.538000,30.475471,721419000
2023-05-25,38.522999,39.480000,36.634998,37.980000,37.902237,1543911000
2023-05-26,37.889999,39.169998,37.549999,38.945999,38.866249,714397000
2023-05-30,40.595001,41.938000,39.949001,40.111000,40.028873,923401000
2023-05-31,39.487999,40.294998,37.821999,37.834000,37.756531,1002580000
2023-06-01,38.488998,40.049999,38.340000,39.770000,39.688568,635873000
2023-06-02,40.097000,40.500000,39.057999,39.327000,39.246475,482731000
2023-06-05,38.909000,39.564999,38.707001,39.171001,39.090782,396094000
2023-06-06,38.830002,39.160000,38.147999,38.653999,38.574856,388729000
2023-06-07,38.915001,39.499001,37.355999,37.474998,37.402134,511998000
2023-06-08,37.723999,38.863998,37.505001,38.509998,38.435123,417772000
2023-06-09,39.036999,39.710999,38.567001,38.770000,38.694622,427717000
2023-06-12,39.200001,39.529999,38.618000,39.481998,39.405235,388701000
2023-06-13,40.186001,41.101002,39.740002,41.021999,40.942238,613208000
2023-06-14,40.824001,43.000000,40.551998,42.997002,42.913403,740465000
2023-06-15,42.602001,43.289001,42.146999,42.653000,42.570065,568622000
2023-06-16,43.450001,43.721001,42.660999,42.692001,42.608990,655709000
2023-06-20,42.998001,43.990002,42.674000,43.807999,43.722828,451153000
2023-06-21,43.500999,43.615002,42.080002,43.044998,42.961311,551603000
2023-06-22,42.252998,43.425999,42.234001,43.025002,42.941349,417737000
2023-06-23,42.464001,42.808998,42.014999,42.209000,42.126934,358140000
2023-06-26,42.460999,42.764000,40.099998,40.632000,40.553005,594322000
2023-06-27,40.799000,41.939999,40.448002,41.875999,41.794582,462175000
2023-06-28,40.660000,41.845001,40.518002,41.117001,41.037056,582639000
2023-06-29,41.557999,41.599998,40.599998,40.821999,40.742630,380514000
2023-06-30,41.680000,42.549999,41.500999,42.301998,42.219753,501148000
2023-07-03,42.516998,42.897999,42.202000,42.412998,42.330528,198209000
2023-07-05,42.134998,43.176998,42.084999,42.317001,42.234726,323618000
2023-07-06,41.844002,42.179001,41.346001,42.103001,42.021145,303582000
2023-07-07,42.321999,43.214001,42.180000,42.502998,42.420361,355881000
2023-07-10,42.657001,42.811001,41.648998,42.180000,42.097988,353908000
2023-07-11,42.480999,42.757999,42.067001,42.404999,42.322544,298244000
2023-07-12,43.033001,43.935001,42.777000,43.902000,43.816631,481277000
2023-07-13,44.518002,46.154999,44.492001,45.977001,45.887611,478204000
2023-07-14,46.583000,48.088001,45.060001,45.469002,45.380596,772075000
2023-07-17,46.289001,46.495998,45.262001,46.460999,46.370667,510488000
2023-07-18,46.701000,47.896000,45.734001,47.493999,47.401657,569164000
2023-07-19,47.464001,47.818001,46.742001,47.077000,46.985466,427502000
2023-07-20,46.507000,47.087002,45.062000,45.520000,45.431496,537865000
2023-07-21,45.787998,45.866001,44.099998,44.308998,44.222843,963769000
2023-07-24,44.730999,45.109001,44.040001,44.612000,44.525261,382516000
2023-07-25,44.941002,46.182999,44.923000,45.679001,45.590183,348081000
2023-07-26,46.021000,46.053001,44.630001,45.452000,45.363628,364237000
2023-07-27,46.519001,47.395000,45.750000,45.900002,45.810760,455976000
2023-07-28,46.667999,47.027000,46.381001,46.750000,46.659107,331194000
2023-07-31,46.754002,47.130001,46.506001,46.729000,46.638142,251055000
2023-08-01,46.459999,46.900002,46.027000,46.507000,46.416576,237858000
2023-08-02,45.831001,45.840000,43.387001,44.269001,44.182926,530142000
2023-08-03,43.799999,45.118000,43.799999,44.514999,44.428444,324176000
2023-08-04,44.985001,45.641998,44.393002,44.680000,44.593124,362666000
2023-08-07,45.111000,45.540001,44.563000,45.417000,45.328697,322154000
2023-08-08,44.853001,45.242001,44.056000,44.664001,44.577160,353843000
2023-08-09,44.273998,44.312000,42.133999,42.554001,42.471260,586449000
2023-08-10,42.160000,43.574001,41.834999,42.388000,42.305588,492705000
2023-08-11,41.750999,42.018002,40.639000,40.855000,40.775570,533085000
2023-08-14,40.486000,43.799999,40.311001,43.752998,43.667931,690286000
2023-08-15,44.560001,45.268002,43.709999,43.939999,43.854572,676512000
2023-08-16,44.520000,44.674999,43.405998,43.486000,43.401447,527451000
2023-08-17,43.970001,44.062000,43.000999,43.344002,43.259720,452395000
2023-08-18,42.634998,43.577999,41.660000,43.299000,43.214809,583768000
2023-08-21,44.493999,47.064999,44.222000,46.966999,46.875683,692573000
2023-08-22,48.134998,48.187000,45.333000,45.667999,45.579205,755293000
2023-08-23,45.866001,47.200001,45.208000,47.116001,47.024399,779046000
2023-08-24,50.216000,50.265999,47.159000,47.162998,47.071297,1156044000
2023-08-25,47.012001,47.805000,45.023998,46.018002,45.928528,925341000
2023-08-28,46.481998,46.980000,44.888000,46.834999,46.743942,685192000
2023-08-29,46.666000,49.081001,46.390999,48.784000,48.689148,701397000
2023-08-30,49.043999,49.926998,48.424999,49.264000,49.168209,735206000
2023-08-31,49.380001,49.743999,48.958000,49.355000,49.259041,528570000
2023-09-01,49.762001,49.799999,48.141998,48.508999,48.414677,463830000
2023-09-05,48.223000,48.851002,47.860001,48.548000,48.453609,382653000
2023-09-06,48.441002,48.549000,46.580002,47.061001,46.973370,468670000
2023-09-07,45.525002,46.344002,45.152000,46.241001,46.154896,433330000
2023-09-08,45.942001,46.605999,45.271000,45.571999,45.487137,473069000
2023-09-11,46.147999,46.162998,44.312000,45.178001,45.093876,473966000
2023-09-12,44.737999,45.673000,44.530998,44.869999,44.786449,349256000
2023-09-13,44.599998,45.930000,44.502998,45.485001,45.400303,398355000
2023-09-14,45.950001,45.987000,45.131001,45.581001,45.496124,370097000
2023-09-15,45.341000,45.598999,43.807999,43.900002,43.818249,506831000
2023-09-18,42.748001,44.242001,42.000000,43.966000,43.884132,500271000
2023-09-19,43.833000,43.966000,43.001999,43.520000,43.438969,373064000
2023-09-20,43.599998,43.903000,42.223000,42.238998,42.160343,367108000
2023-09-21,41.583000,42.099998,40.980000,41.016998,40.940620,450736000
2023-09-22,41.571999,42.115002,41.230999,41.610001,41.532520,479236000
2023-09-25,41.591000,42.535999,41.176998,42.222000,42.143383,419091000
2023-09-26,42.000999,42.820000,41.654999,41.910999,41.832954,402282000
2023-09-27,42.330002,42.872002,41.629002,42.467999,42.388920,444935000
2023-09-28,42.459999,43.445999,42.115002,43.089001,43.008770,424663000
2023-09-29,43.827000,44.144001,43.306999,43.499001,43.417999,397830000
2023-10-02,44.029999,45.174999,43.861000,44.782001,44.698612,433298000
2023-10-03,44.807999,45.130001,43.245998,43.516998,43.435970,470850000
2023-10-04,43.742001,44.143002,43.292000,44.041000,43.958988,361821000
2023-10-05,44.049999,44.900002,43.888000,44.688000,44.604786,393483000
2023-10-06,44.193001,45.789001,44.026001,45.762001,45.676785,434436000
2023-10-09,44.841999,45.605000,44.368000,45.272999,45.188698,409675000
2023-10-10,45.310001,46.258999,45.088001,45.798000,45.712727,368582000
2023-10-11,46.195999,46.859001,46.049999,46.806000,46.718838,378137000
2023-10-12,46.777000,47.609001,46.330002,46.945000,46.857586,481325000
2023-10-13,46.959999,47.116001,45.279999,45.460999,45.376347,474115000
2023-10-16,45.063000,46.224998,44.911999,46.095001,46.009163,375099000
2023-10-17,44.000000,44.754002,42.480000,43.938000,43.856186,812333000
2023-10-18,42.591000,43.219002,41.825001,42.195999,42.117428,627294000
2023-10-19,42.811001,43.297001,41.882000,42.101002,42.022610,501233000
2023-10-20,41.889999,42.470001,41.077999,41.387001,41.309933,477266000
2023-10-23,41.229000,43.248001,40.945000,42.974998,42.894974,478530000
2023-10-24,43.077000,43.696999,42.691002,43.662998,43.581696,401463000
2023-10-25,43.397999,43.650002,41.555000,41.778999,41.701199,398379000
2023-10-26,41.853001,42.256001,39.880001,40.326000,40.250908,541001000
2023-10-27,41.130001,41.206001,40.014999,40.500000,40.424583,416784000
2023-10-30,41.087002,41.765999,40.480999,41.160999,41.084354,388028000
2023-10-31,40.450001,40.879002,39.230000,40.779999,40.704056,517969000
2023-11-01,40.883999,42.381001,40.868999,42.325001,42.246189,437593000
2023-11-02,43.327999,43.883999,42.894001,43.506001,43.424988,409172000
2023-11-03,44.020000,45.308998,43.723000,45.005001,44.921204,424610000
2023-11-06,45.285000,45.935001,44.898998,45.750999,45.665810,400733000
2023-11-07,45.719002,46.217999,45.158001,45.955002,45.869431,343165000
2023-11-08,46.099998,46.867001,45.967999,46.574001,46.487278,346719000
2023-11-09,47.466999,48.230000,46.750000,46.950001,46.862579,540496000
2023-11-10,47.500000,48.472000,47.283001,48.334999,48.244995,421245000
2023-11-13,48.320000,49.116001,48.098999,48.619999,48.529469,384136000
2023-11-14,49.680000,49.834000,49.040001,49.655998,49.563538,416954000
2023-11-15,49.935001,49.959999,48.200001,48.888000,48.796967,475497000
2023-11-16,48.679001,49.525002,48.330002,49.480000,49.387863,339756000
2023-11-17,49.523998,49.716999,49.007000,49.298000,49.206211,325205000
2023-11-20,49.312000,50.548000,49.181000,50.409000,50.315128,414120000
2023-11-21,50.125999,50.516998,49.222000,49.944000,49.850998,565747000
2023-11-22,49.852001,50.334999,47.689999,48.716000,48.625282,899420000
2023-11-24,48.470001,48.921001,47.744999,47.776001,47.687038,294645000
2023-11-27,47.799999,48.529999,47.652000,48.242001,48.152172,395662000
2023-11-28,48.236000,48.323002,47.473000,47.820999,47.731953,401491000
2023-11-29,48.379002,48.762001,47.860001,48.139999,48.050358,382005000
2023-11-30,48.023998,48.110001,46.422001,46.770000,46.682907,526247000
2023-12-01,46.525002,47.200001,46.187000,46.764999,46.677921,369317000
2023-12-04,46.077000,46.077000,45.009998,45.509998,45.425251,437543000
2023-12-05,45.466000,46.599998,45.271000,46.566002,46.483376,371718000
2023-12-06,47.215000,47.387001,45.411999,45.502998,45.422256,380590000
2023-12-07,45.700001,46.629002,45.604000,46.596001,46.513321,350823000
2023-12-08,46.595001,47.741001,46.549999,47.506001,47.421711,359224000
2023-12-11,47.491001,47.530998,45.830002,46.626999,46.544262,509728000
2023-12-12,46.046001,47.666000,46.046001,47.657001,47.572445,372387000
2023-12-13,47.629002,48.594002,47.608002,48.088001,48.002678,447792000
2023-12-14,48.389999,48.669998,47.422001,48.349998,48.264210,391232000
2023-12-15,48.194000,49.403999,48.119999,48.889999,48.803249,479948000
2023-12-18,49.400002,50.432999,49.150002,50.077000,49.988148,412587000
2023-12-19,49.424000,49.700001,48.895000,49.604000,49.515987,464444000
2023-12-20,49.654999,49.999001,48.098000,48.111000,48.025635,397894000
2023-12-21,48.811001,49.095001,48.418999,48.990002,48.903076,300425000
2023-12-22,49.195000,49.382999,48.466999,48.830002,48.743351,252507000
2023-12-26,48.967999,49.599998,48.959999,49.278999,49.191566,244200000
2023-12-27,49.511002,49.680000,49.084999,49.417000,49.329319,233648000
2023-12-28,49.643002,49.883999,49.411999,49.521999,49.434128,246587000
2023-12-29,49.813000,49.997002,48.750999,49.521999,49.434128,389293000
2024-01-02,49.243999,49.294998,47.595001,48.167999,48.082535,411254000
2024-01-03,47.485001,48.183998,47.320000,47.569000,47.484596,320896000
2024-01-04,47.766998,48.500000,47.507999,47.998001,47.912834,306535000
2024-01-05,48.462002,49.547001,48.306000,49.097000,49.009880,415039000
2024-01-08,49.512001,52.275002,49.479000,52.252998,52.160282,642510000
2024-01-09,52.401001,54.325001,51.689999,53.139999,53.045719,773100000
2024-01-10,53.616001,54.599998,53.488998,54.349998,54.253567,533796000
2024-01-11,54.999001,55.346001,53.560001,54.821999,54.724728,596759000
2024-01-12,54.619999,54.970001,54.330002,54.709999,54.612926,352994000
2024-01-16,55.018002,56.834999,54.900002,56.382000,56.281963,449580000
2024-01-17,56.347000,56.471001,54.740002,56.053001,55.953548,474394000
2024-01-18,57.259998,57.599998,56.106998,57.106998,57.005676,491650000
2024-01-19,57.988998,59.500000,57.224998,59.491001,59.385445,543501000
2024-01-22,60.049000,60.331001,59.070000,59.653999,59.548161,452955000
2024-01-23,59.570000,59.910000,58.584999,59.873001,59.766769,294654000
2024-01-24,60.304001,62.848999,59.938000,61.362000,61.253124,560271000
2024-01-25,62.349998,62.719002,60.849998,61.617001,61.507675,482777000
2024-01-26,60.959999,61.783001,60.573002,61.030998,60.922714,390309000
2024-01-29,61.231998,62.488998,60.907001,62.465000,62.354168,348733000
2024-01-30,62.900002,63.493000,62.259998,62.773998,62.662617,410735000
2024-01-31,61.439999,62.269001,60.700001,61.527000,61.417831,453795000
2024-02-01,62.099998,63.191002,61.650002,63.027000,62.915173,369146000
2024-02-02,63.973999,66.599998,63.689999,66.160004,66.042625,476578000
2024-02-05,68.224998,69.497002,67.205002,69.332001,69.208977,680078000
2024-02-06,69.629997,69.753998,66.300003,68.223000,68.101952,683111000
2024-02-07,68.319000,70.220001,67.599998,70.098999,69.974625,495575000
2024-02-08,70.073997,70.793999,69.455002,69.640999,69.517433,414422000
2024-02-09,70.532997,72.184998,70.211998,72.133003,72.005028,436637000
2024-02-12,72.599998,74.611000,71.250000,72.248001,72.119812,613710000
2024-02-13,70.400002,73.449997,69.620003,72.127998,72.000023,602580000
2024-02-14,73.202003,74.236000,71.938004,73.900002,73.768875,504917000
2024-02-15,73.869003,73.974998,72.400002,72.657997,72.529091,420122000
2024-02-16,74.099998,74.402000,72.500999,72.612999,72.484154,495327000
2024-02-20,71.946999,71.956001,67.734001,69.452003,69.328789,704833000
2024-02-21,68.005997,68.888000,66.248001,67.472000,67.352287,673755000
2024-02-22,75.025002,78.574997,74.220001,78.538002,78.398659,865100000
2024-02-23,80.790001,82.393997,77.570000,78.817001,78.677155,829388000
2024-02-26,79.699997,80.646004,78.504997,79.092003,78.951668,503973000
2024-02-27,79.380997,79.480003,77.162003,78.700996,78.561363,391705000
2024-02-28,77.620003,78.932999,77.125000,77.663002,77.525200,393110000
2024-02-29,79.094002,79.989998,78.349998,79.112000,78.971642,507289000
2024-03-01,80.000000,82.300003,79.434998,82.278999,82.133011,479135000
2024-03-04,84.129997,87.695000,83.719002,85.237000,85.085762,615616000
2024-03-05,85.269997,86.097000,83.417000,85.963997,85.815506,520639000
2024-03-06,88.022003,89.723999,87.029999,88.699997,88.546768,582520000
2024-03-07,90.157997,92.766998,89.601997,92.668999,92.508919,608119000
2024-03-08,95.138000,97.400002,86.505997,87.528000,87.376785,1142269000
2024-03-11,86.429001,88.796997,84.166000,85.774002,85.625824,678364000
2024-03-12,88.049004,91.959999,86.150002,91.913002,91.754227,668075000
2024-03-13,91.055000,91.503998,88.434998,90.888000,90.730988,635713000
2024-03-14,89.577003,90.646004,86.599998,87.944000,87.792084,602318000
2024-03-15,86.930000,89.545998,86.257004,87.836998,87.685272,642086000
2024-03-18,90.388000,92.404999,87.084999,88.455002,88.302193,668976000
2024-03-19,86.699997,90.543999,85.010002,89.398003,89.243568,672171000
2024-03-20,89.796997,90.410004,88.223000,90.372002,90.215889,479063000
2024-03-21,92.300003,92.648003,90.404999,91.434998,91.277039,480372000
2024-03-22,91.140999,94.778000,90.834000,94.289001,94.126122,586719000
2024-03-25,93.941002,96.765999,93.510002,95.001999,94.837883,552136000
2024-03-26,95.850998,96.375000,92.501999,92.560997,92.401100,513648000
2024-03-27,93.112000,93.239998,89.123001,90.250000,90.094101,586067000
2024-03-28,90.000000,91.300003,89.193001,90.356003,90.199921,435212000
2024-04-01,90.299004,92.224998,89.204002,90.362999,90.206909,452441000
2024-04-02,88.447998,90.094002,87.620003,89.452003,89.297470,433064000
2024-04-03,88.484001,90.374001,88.400002,88.963997,88.810310,370067000
2024-04-04,90.405998,90.634003,85.879997,85.904999,85.756607,434965000
2024-04-05,86.865997,88.481003,85.926003,88.008003,87.855980,399678000
2024-04-08,88.699997,88.830002,86.732002,87.133003,86.982475,283220000
2024-04-09,87.442001,87.635002,83.022003,85.353996,85.206558,501700000
2024-04-10,83.926003,87.400002,83.709000,87.039001,86.888649,431929000
2024-04-11,87.419998,90.738998,86.926003,90.615997,90.459457,431637000
2024-04-12,89.698997,90.175003,87.529999,88.185997,88.033646,426805000
2024-04-15,89.098000,90.612999,85.929001,86.000999,85.852425,443077000
2024-04-16,86.432999,88.117996,86.064003,87.415001,87.263992,370453000
2024-04-17,88.339996,88.775002,83.949997,84.035004,83.889832,495400000
2024-04-18,84.970001,86.190002,82.402000,84.670998,84.524719,447260000
2024-04-19,83.150002,84.323997,75.606003,76.199997,76.068367,875198000
2024-04-22,78.103996,80.072998,76.400002,79.517998,79.380630,596341000
2024-04-23,80.768997,82.768997,80.264000,82.422997,82.280609,438559000
2024-04-24,83.949997,84.082001,79.182999,79.677002,79.539360,512208000
2024-04-25,78.867996,83.322998,78.223000,82.632004,82.489258,424641000
2024-04-26,83.818001,88.331001,83.387001,87.735001,87.583450,551011000
2024-04-29,87.595001,87.991997,85.265999,87.757004,87.605408,388971000
2024-04-30,87.239998,88.819000,86.300003,86.402000,86.252739,363709000
2024-05-01,85.077003,86.000000,81.254997,83.041000,82.897545,559863000
2024-05-02,84.448997,86.237000,83.199997,85.817001,85.668755,377898000
2024-05-03,87.789001,89.280998,87.040001,88.789001,88.635620,398341000
2024-05-06,89.389999,92.220001,89.055000,92.139999,91.980827,376203000
2024-05-07,91.098000,91.780998,89.011002,90.554001,90.397568,437342000
2024-05-08,89.483002,91.194000,89.419998,90.412003,90.255814,325721000
2024-05-09,90.528999,91.071999,88.231003,88.747002,88.593689,378013000
2024-05-10,90.305000,91.401001,89.226997,89.877998,89.722733,335325000
2024-05-13,90.477997,90.998001,88.528999,90.399002,90.242836,289680000
2024-05-14,89.598999,91.651001,88.933998,91.356003,91.198181,296507000
2024-05-15,92.472000,94.862000,91.598999,94.629997,94.466530,417735000
2024-05-16,94.910004,95.819000,94.102997,94.359001,94.195999,323952000
2024-05-17,94.369003,94.739998,91.806000,92.478996,92.319244,359691000
2024-05-20,93.750000,95.199997,93.440002,94.779999,94.616264,318764000
2024-05-21,93.598999,95.400002,93.180000,95.386002,95.221222,328946000
2024-05-22,95.459000,96.019997,93.249001,94.949997,94.785957,548648000
2024-05-23,102.028000,106.320000,101.519997,103.799004,103.619698,835065000
2024-05-24,104.448997,106.474998,103.000000,106.469002,106.285065,429494000
2024-05-28,110.244003,114.939003,109.883003,113.901001,113.704231,652728000
2024-05-29,113.050003,115.491997,110.901001,114.824997,114.626648,557442000
2024-05-30,114.650002,115.819000,109.663002,110.500000,110.309105,484553000
2024-05-31,112.519997,112.717003,106.940002,109.633003,109.443611,613263000
2024-06-03,113.621002,115.000000,112.002998,115.000000,114.801331,438392000
2024-06-04,115.716003,116.599998,114.044998,116.436996,116.235847,403324000
2024-06-05,118.371002,122.448997,117.468002,122.440002,122.228493,528402000
2024-06-06,124.047997,125.586998,118.320000,120.998001,120.788971,664696000
2024-06-07,119.769997,121.692001,118.022003,120.888000,120.679176,412386000
2024-06-10,120.370003,123.099998,117.010002,121.790001,121.579613,313434100
2024-06-11,121.769997,122.870003,118.739998,120.910004,120.711052,222551200
2024-06-12,123.059998,126.879997,122.570000,125.199997,124.993988,299595000
2024-06-13,129.389999,129.800003,127.160004,129.610001,129.396744,260704500
2024-06-14,129.960007,132.839996,128.320007,131.880005,131.662964,309320400
2024-06-17,132.990005,133.729996,129.580002,130.979996,130.764481,288504400
2024-06-18,131.139999,136.330002,130.690002,135.580002,135.356903,294335100
2024-06-20,139.800003,140.759995,129.520004,130.779999,130.564789,517768400
2024-06-21,127.120003,130.630005,124.300003,126.570000,126.361725,649445800
2024-06-24,123.239998,124.459999,118.040001,118.110001,117.915642,476060900
2024-06-25,121.199997,126.500000,119.320000,126.089996,125.882523,414192600
2024-06-26,126.129997,128.119995,122.599998,126.400002,126.192001,362975900
2024-06-27,124.099998,126.410004,122.919998,123.989998,123.785973,252571700
2024-06-28,124.580002,127.709999,122.750000,123.540001,123.336716,315516700
2024-07-01,123.470001,124.839996,118.830002,124.300003,124.095467,284885500
2024-07-02,121.129997,123.410004,121.029999,122.669998,122.468147,218374000
2024-07-03,121.660004,128.279999,121.360001,128.279999,128.068924,215749000
2024-07-05,127.379997,128.850006,125.680000,125.830002,125.622948,214176700
2024-07-08,127.489998,130.770004,127.040001,128.199997,127.989037,237677300
2024-07-09,130.350006,133.820007,128.649994,131.380005,131.163818,285366600
2024-07-10,134.029999,135.100006,132.419998,134.910004,134.688004,248978600
2024-07-11,135.750000,136.149994,127.050003,127.400002,127.190361,374782700
2024-07-12,128.259995,131.919998,127.220001,129.240005,129.027344,252680500
2024-07-15,130.559998,131.389999,127.180000,128.440002,128.228653,208326200
2024-07-16,128.440002,129.039993,124.580002,126.360001,126.152084,214769500
2024-07-17,121.349998,121.849998,116.720001,117.989998,117.795837,390086200
2024-07-18,121.849998,122.400002,116.559998,121.089996,120.890739,320979500
2024-07-19,120.349998,121.599998,117.370003,117.930000,117.735947,217223800
2024-07-22,120.349998,124.070000,119.860001,123.540001,123.336716,258068900
2024-07-23,122.779999,124.690002,122.099998,122.589996,122.388268,173911000
2024-07-24,119.169998,119.949997,113.440002,114.250000,114.061996,327776900
2024-07-25,113.040001,116.629997,106.300003,112.279999,112.095238,460067000
2024-07-26,116.190002,116.199997,111.580002,113.059998,112.873955,293399100
2024-07-29,113.690002,116.279999,111.300003,111.589996,111.406372,248152100
2024-07-30,111.519997,111.989998,102.540001,103.730003,103.559311,486833300
2024-07-31,112.900002,118.339996,110.879997,117.019997,116.827431,473174200
2024-08-01,117.529999,120.160004,106.809998,109.209999,109.030289,523462300
2024-08-02,103.760002,108.720001,101.370003,107.269997,107.093475,482027500
2024-08-05,92.059998,103.410004,90.690002,100.449997,100.284714,552842400
2024-08-06,103.839996,107.709999,100.550003,104.250000,104.078453,409012100
2024-08-07,107.809998,108.800003,98.690002,98.910004,98.747246,411440400
2024-08-08,102.000000,105.500000,97.519997,104.970001,104.797264,391910000
2024-08-09,105.639999,106.599998,103.430000,104.750000,104.577637,290844200
2024-08-12,106.320000,111.070000,106.260002,109.019997,108.840607,325559900
2024-08-13,112.440002,116.230003,111.580002,116.139999,115.948891,312646700
2024-08-14,118.529999,118.599998,114.070000,118.080002,117.885704,339246400
2024-08-15,118.760002,123.239998,117.470001,122.860001,122.657837,318086700
2024-08-16,121.940002,125.000000,121.180000,124.580002,124.375008,302589900
2024-08-19,124.279999,130.000000,123.419998,130.000000,129.786072,318333600
2024-08-20,128.399994,129.880005,125.889999,127.250000,127.040611,300087400
2024-08-21,127.320000,129.350006,126.660004,128.500000,128.288559,257883600
2024-08-22,130.020004,130.750000,123.099998,123.739998,123.536377,376189100
2024-08-23,125.860001,129.600006,125.220001,129.369995,129.157120,323230300
2024-08-26,129.570007,131.259995,124.370003,126.459999,126.251907,331964700
2024-08-27,125.050003,129.199997,123.879997,128.300003,128.088898,303134600
2024-08-28,128.119995,128.330002,122.639999,125.610001,125.403313,448101100
2024-08-29,121.360001,124.430000,116.709999,117.589996,117.396500,453023300
2024-08-30,119.529999,121.750000,117.220001,119.370003,119.173576,333751600
2024-09-03,116.010002,116.209999,107.290001,108.000000,107.822289,477155100
2024-09-04,105.410004,113.269997,104.120003,106.209999,106.035225,372470300
2024-09-05,104.989998,109.650002,104.760002,107.209999,107.033585,306850700
2024-09-06,108.040001,108.150002,100.949997,102.830002,102.660797,413638100
2024-09-09,104.879997,106.550003,103.690002,106.470001,106.294792,273912000
2024-09-10,107.809998,109.400002,104.949997,108.099998,107.922119,268283700
2024-09-11,109.389999,117.190002,107.419998,116.910004,116.717628,441422400
2024-09-12,116.839996,120.790001,115.379997,119.139999,118.954132,366052700
2024-09-13,119.080002,119.959999,117.599998,119.099998,118.914185,238358300
2024-09-16,116.790001,118.180000,114.360001,116.779999,116.597801,248772300
2024-09-17,118.169998,118.800003,114.830002,115.589996,115.409668,231925900
2024-09-18,115.889999,117.699997,113.220001,113.370003,113.193130,310318900
2024-09-19,117.349998,119.660004,117.250000,117.870003,117.686104,293506400
2024-09-20,117.059998,118.620003,115.389999,116.000000,115.819023,382462400
2024-09-23,116.550003,116.989998,114.860001,116.260002,116.078629,206228500
2024-09-24,116.519997,121.800003,115.379997,120.870003,120.681427,354966800
2024-09-25,122.019997,124.940002,121.610001,123.510002,123.317322,284692900
2024-09-26,126.800003,127.669998,121.800003,124.040001,123.846489,302582900
2024-09-27,123.970001,124.029999,119.260002,121.400002,121.210609,271009200
2024-09-30,118.309998,121.500000,118.150002,121.440002,121.250549,226553700
2024-10-01,121.769997,122.440002,115.790001,117.000000,116.817467,302094500
2024-10-02,116.440002,119.379997,115.139999,118.849998,118.664581,221845900
2024-10-03,120.919998,124.360001,120.339996,122.849998,122.658340,277118000
2024-10-04,124.940002,125.040001,121.830002,124.919998,124.725113,243678100
2024-10-07,124.989998,130.639999,124.949997,127.720001,127.520744,346250200
2024-10-08,130.259995,133.479996,129.419998,132.889999,132.682678,285722500
2024-10-09,134.110001,134.520004,131.380005,132.649994,132.443069,246191600
2024-10-10,131.910004,135.000000,131.000000,134.809998,134.599701,242311300
2024-10-11,134.009995,135.779999,133.660004,134.800003,134.589722,170209500
2024-10-14,136.470001,139.600006,136.300003,138.070007,137.854614,232347700
2024-10-15,137.869995,138.570007,128.740005,131.600006,131.394699,377831000
2024-10-16,133.979996,136.619995,131.580002,135.720001,135.508270,264879700
2024-10-17,139.339996,140.889999,136.869995,136.929993,136.716370,306435900
2024-10-18,138.669998,138.899994,137.279999,138.000000,137.784714,176090200
2024-10-21,138.130005,143.710007,138.000000,143.710007,143.485794,264554500
2024-10-22,142.910004,144.419998,141.779999,143.589996,143.365997,226311600
2024-10-23,142.029999,142.429993,137.460007,139.559998,139.342285,285930000
2024-10-24,140.820007,141.350006,138.460007,140.410004,140.190948,172354900
2024-10-25,140.929993,144.130005,140.800003,141.539993,141.319183,205122100
2024-10-28,143.000000,143.139999,140.050003,140.520004,140.300781,173586700
2024-10-29,140.289993,142.259995,138.899994,141.250000,141.029633,157593600
2024-10-30,139.539993,140.330002,136.809998,139.339996,139.122604,179418100
2024-10-31,137.600006,137.610001,132.110001,132.759995,132.552872,270039600
2024-11-01,134.699997,137.309998,134.570007,135.399994,135.188766,207127800
2024-11-04,137.210007,138.960007,135.570007,136.050003,135.837738,187528200
2024-11-05,137.449997,140.369995,137.330002,139.910004,139.691727,160537400
2024-11-06,142.960007,146.490005,141.960007,145.610001,145.382828,242043900
2024-11-07,146.389999,148.929993,146.169998,148.880005,148.647766,207323300
2024-11-08,148.770004,149.770004,146.259995,147.630005,147.399658,175665800
2024-11-11,148.679993,148.850006,143.570007,145.259995,145.033386,182325600
2024-11-12,146.779999,149.649994,146.009995,148.289993,148.058640,198634700
2024-11-13,149.070007,149.330002,145.899994,146.270004,146.041794,191903300
2024-11-14,147.639999,149.000000,145.550003,146.759995,146.531006,194463300
2024-11-15,144.869995,145.240005,140.080002,141.979996,141.758484,250132900
2024-11-18,139.500000,141.550003,137.149994,140.149994,139.931335,221205300
2024-11-19,141.320007,147.130005,140.990005,147.009995,146.780640,227834900
2024-11-20,147.410004,147.559998,142.729996,145.889999,145.662399,309871700
2024-11-21,149.350006,152.889999,140.699997,146.669998,146.441193,400946600
2024-11-22,145.929993,147.160004,141.100006,141.949997,141.728546,236406200
2024-11-25,141.990005,142.050003,135.820007,136.020004,135.807800,344941900
2024-11-26,137.699997,139.300003,135.669998,136.919998,136.706390,190287700
2024-11-27,135.009995,137.220001,131.800003,135.339996,135.128845,226370900
2024-11-29,136.779999,139.350006,136.050003,138.250000,138.034332,141863200
2024-12-02,138.830002,140.449997,137.820007,138.630005,138.413727,171682800
2024-12-03,138.259995,140.539993,137.949997,140.259995,140.041183,164414000
2024-12-04,142.000000,145.789993,140.289993,145.139999,144.913559,231224300
2024-12-05,145.110001,146.539993,143.949997,145.059998,144.843658,172621200
2024-12-06,144.600006,145.699997,141.309998,142.440002,142.227585,188505600
2024-12-09,138.970001,139.949997,137.130005,138.809998,138.602982,189308600
2024-12-10,139.009995,141.820007,133.789993,135.070007,134.868576,210020900
2024-12-11,137.360001,140.169998,135.210007,139.309998,139.102234,184905200
2024-12-12,137.080002,138.440002,135.800003,137.339996,137.135178,159211400
2024-12-13,138.940002,139.600006,132.539993,134.250000,134.049805,231514900
2024-12-16,134.179993,134.399994,130.419998,132.000000,131.803146,237951100
2024-12-17,129.089996,131.589996,126.860001,130.389999,130.195557,259410300
2024-12-18,133.860001,136.699997,128.279999,128.910004,128.717743,277444500
2024-12-19,131.759995,134.029999,129.550003,130.679993,130.485092,209719200
2024-12-20,129.809998,135.279999,128.220001,134.699997,134.499115,306528600
2024-12-23,136.279999,139.789993,135.119995,139.669998,139.461700,176053500
2024-12-24,140.000000,141.899994,138.649994,140.220001,140.010910,105157000
2024-12-26,139.699997,140.850006,137.729996,139.929993,139.721329,116205600
2024-12-27,138.550003,139.020004,134.710007,137.009995,136.805664,170582600
2024-12-30,134.830002,140.270004,134.020004,137.490005,137.284958,167734700
2024-12-31,138.029999,138.070007,133.830002,134.289993,134.089737,155659200
2025-01-02,136.000000,138.880005,134.630005,138.309998,138.103729,198247200
2025-01-03,140.009995,144.899994,139.729996,144.470001,144.254562,229322500
2025-01-06,148.589996,152.160004,147.820007,149.429993,149.207169,265377400
2025-01-07,153.029999,153.130005,140.009995,140.139999,139.931000,351782200
2025-01-08,142.580002,143.949997,137.559998,140.110001,139.901047,227349900
2025-01-10,137.449997,139.919998,134.220001,135.910004,135.707321,207602500
2025-01-13,129.990005,133.490005,129.509995,133.229996,133.031311,204808900
2025-01-14,136.050003,136.380005,130.050003,131.759995,131.563507,195590500
2025-01-15,133.649994,136.449997,131.289993,136.240005,136.036835,185217300
2025-01-16,138.639999,138.750000,133.490005,133.570007,133.370804,209235600
2025-01-17,136.690002,138.500000,135.460007,137.710007,137.504639,201188800
2025-01-21,139.160004,141.830002,137.089996,140.830002,140.619965,197749000
2025-01-22,144.660004,147.789993,143.669998,147.070007,146.850677,237651400
2025-01-23,145.050003,147.229996,143.720001,147.220001,147.000473,155915500
2025-01-24,148.369995,148.970001,141.880005,142.619995,142.407303,234657600
2025-01-27,124.800003,128.399994,116.699997,118.419998,118.243393,818830900
2025-01-28,121.809998,129.000000,116.250000,128.990005,128.797638,579666400
2025-01-29,126.500000,126.889999,120.050003,123.699997,123.515526,467120600
2025-01-30,123.099998,125.000000,118.099998,124.650002,124.464119,392925500
2025-01-31,123.779999,127.849998,119.190002,120.070000,119.890938,388161100
2025-02-03,114.750000,118.570000,113.010002,116.660004,116.486031,371235700
2025-02-04,116.959999,121.199997,116.699997,118.650002,118.473053,256550000
2025-02-05,121.760002,125.000000,120.760002,124.830002,124.643837,262230800
2025-02-06,127.419998,128.770004,125.209999,128.679993,128.488083,251483600
2025-02-07,129.220001,130.369995,125.000000,129.839996,129.646347,228186300
2025-02-10,130.089996,135.000000,129.960007,133.570007,133.370804,216989100
2025-02-11,132.580002,134.479996,131.020004,132.800003,132.601974,178902400
2025-02-12,130.020004,132.240005,129.080002,131.139999,130.944427,160278600
2025-02-13,131.559998,136.500000,131.169998,135.289993,135.088242,197430000
2025-02-14,136.479996,139.250000,135.500000,138.850006,138.642944,195479600
2025-02-18,141.270004,143.440002,137.929993,139.399994,139.192123,219176600
2025-02-19,139.509995,141.360001,137.220001,139.229996,139.022354,167536000
2025-02-20,140.029999,140.660004,136.789993,140.110001,139.901047,143903600
2025-02-21,140.039993,141.460007,134.029999,134.429993,134.229507,228217600
2025-02-24,136.559998,138.589996,130.080002,130.279999,130.085709,251381100
2025-02-25,129.979996,130.199997,124.440002,126.629997,126.441154,271428700
2025-02-26,129.990005,133.729996,128.490005,131.279999,131.084229,322553800
2025-02-27,135.000000,135.009995,120.010002,120.150002,119.970825,443175800
2025-02-28,118.019997,125.089996,116.400002,124.919998,124.733704,389091100
2025-03-03,123.510002,123.699997,112.279999,114.059998,113.889900,411381400
2025-03-04,110.650002,119.309998,110.110001,115.989998,115.817024,398163300
2025-03-05,117.580002,118.279999,114.510002,117.300003,117.125069,284337900
2025-03-06,113.529999,115.349998,110.220001,110.570000,110.405113,321181900
2025-03-07,111.250000,113.480003,107.559998,112.690002,112.521942,341755500
2025-03-10,109.900002,111.849998,105.459999,106.980003,106.820450,366487400
2025-03-11,106.989998,112.239998,104.769997,108.760002,108.597801,354865700
2025-03-12,114.120003,116.760002,112.879997,115.739998,115.578033,323857500
2025-03-13,117.029999,117.760002,113.790001,115.580002,115.418251,299033100
2025-03-14,118.610001,121.879997,118.150002,121.669998,121.499725,277593500
2025-03-17,122.739998,122.889999,118.029999,119.529999,119.362724,255501500
2025-03-18,118.000000,119.019997,114.540001,115.430000,115.268456,299686900
2025-03-19,117.269997,120.449997,115.680000,117.519997,117.355530,273426200
2025-03-20,116.550003,120.199997,116.470001,118.529999,118.364113,248829700
2025-03-21,116.940002,117.989998,115.419998,117.699997,117.535278,266498500
2025-03-24,119.879997,122.220001,119.339996,121.410004,121.240097,228452500
2025-03-25,120.550003,121.290001,118.919998,120.690002,120.521103,167447200
2025-03-26,118.730003,118.839996,112.709999,113.760002,113.600800,293463300
2025-03-27,111.349998,114.449997,110.660004,111.430000,111.274063,236902100
2025-03-28,111.489998,112.870003,109.070000,109.669998,109.516525,229872500
2025-03-31,105.129997,110.959999,103.650002,108.379997,108.228325,299212700
2025-04-01,108.519997,110.199997,106.470001,110.150002,109.995857,222614000
2025-04-02,107.290001,111.980003,106.790001,110.419998,110.265472,220601200
2025-04-03,103.510002,105.629997,101.599998,101.800003,101.657547,338769400
2025-04-04,98.910004,100.129997,92.110001,94.309998,94.178017,532273800
2025-04-07,87.459999,101.750000,86.620003,97.639999,97.503342,611041300
2025-04-08,103.809998,105.849998,94.459999,96.300003,96.165237,476243400
2025-04-09,98.889999,115.099998,97.529999,114.330002,114.169998,612918300
2025-04-10,109.370003,110.860001,99.150002,107.570000,107.419456,437812400
2025-04-11,108.500000,111.550003,107.480003,110.930000,110.774757,313417300
2025-04-14,114.110001,114.290001,109.070000,110.709999,110.555061,264705000
2025-04-15,110.970001,113.620003,110.500000,112.199997,112.042976,228966900
2025-04-16,104.550003,106.790001,100.449997,104.489998,104.343773,397016900
2025-04-17,104.449997,104.470001,100.050003,101.489998,101.347961,292517500
2025-04-21,98.769997,99.440002,95.040001,96.910004,96.774391,288501100
2025-04-22,98.779999,99.809998,97.279999,98.889999,98.751602,241004800
2025-04-23,104.519997,104.800003,102.019997,102.709999,102.566261,247526000
2025-04-24,103.480003,106.540001,103.110001,106.430000,106.281044,220815000
2025-04-25,106.849998,111.919998,105.730003,111.010002,110.854660,251064700
2025-04-28,109.690002,110.370003,106.019997,108.730003,108.577835,207708500
2025-04-29,107.669998,110.199997,107.440002,109.019997,108.867432,170444300
2025-04-30,104.470001,108.919998,104.080002,108.919998,108.767563,235044600
2025-05-01,113.080002,114.940002,111.300003,111.610001,111.453804,236121500
2025-05-02,114.180000,115.400002,113.370003,114.500000,114.339767,190194800
2025-05-05,112.910004,114.669998,112.660004,113.820000,113.660721,133163200
2025-05-06,111.480003,114.739998,110.820000,113.540001,113.381119,158525600
2025-05-07,113.050003,117.680000,112.279999,117.059998,116.896179,206758800
2025-05-08,118.250000,118.680000,115.849998,117.370003,117.205750,198428100
2025-05-09,117.349998,118.230003,115.209999,116.650002,116.486755,132972200
2025-05-12,121.970001,123.000000,120.279999,123.000000,122.827866,225023300
2025-05-13,124.980003,131.220001,124.470001,129.929993,129.748169,330430100
2025-05-14,133.199997,135.440002,131.679993,135.339996,135.150604,281180800
2025-05-15,134.289993,136.300003,132.660004,134.830002,134.641312,226632600
2025-05-16,136.220001,136.350006,133.460007,135.399994,135.210510,226542500
2025-05-19,132.389999,135.869995,132.389999,135.570007,135.380280,193154600
2025-05-20,134.289993,134.580002,132.619995,134.380005,134.191925,161514200
2025-05-21,133.059998,137.399994,130.589996,131.800003,131.615570,270608700
2025-05-22,132.229996,134.250000,131.550003,132.830002,132.644119,187344000
2025-05-23,130.000000,132.679993,129.160004,131.289993,131.106262,198821300
2025-05-27,134.149994,135.660004,133.309998,135.500000,135.310364,192953600
2025-05-28,136.029999,137.250000,134.789993,134.809998,134.621353,304021100
2025-05-29,142.250000,143.490005,137.910004,139.190002,138.995209,369241900
2025-05-30,138.720001,139.619995,132.919998,135.130005,134.940903,333170900
2025-06-02,135.490005,138.119995,135.399994,137.380005,137.187744,197663100
2025-06-03,138.779999,142.000000,137.949997,141.220001,141.022354,225578800
2025-06-04,142.190002,142.389999,139.539993,141.919998,141.721390,167120800
2025-06-05,142.169998,144.000000,138.830002,139.990005,139.794083,231397900
2025-06-06,142.509995,143.270004,141.509995,141.720001,141.521667,153986200
2025-06-09,143.190002,145.000000,141.940002,142.630005,142.430405,185114500
2025-06-10,142.690002,144.289993,141.529999,143.960007,143.758530,155881900
2025-06-11,144.610001,144.990005,141.869995,142.830002,142.640030,167694000
2025-06-12,141.970001,145.000000,141.850006,145.000000,144.807144,162365000
2025-06-13,142.479996,143.580002,140.850006,141.970001,141.781158,180820600
2025-06-16,143.350006,146.179993,143.199997,144.690002,144.497559,183133700
2025-06-17,144.490005,145.220001,143.779999,144.119995,143.928299,139108000
2025-06-18,144.009995,145.649994,143.119995,145.479996,145.286484,161494100
2025-06-20,145.449997,146.199997,142.649994,143.850006,143.658676,242956200
2025-06-23,142.500000,144.779999,142.029999,144.169998,143.978241,154308900
2025-06-24,145.559998,147.960007,145.500000,147.899994,147.703262,187566100
2025-06-25,149.270004,154.449997,149.259995,154.309998,154.104767,269146500
2025-06-26,155.979996,156.720001,154.000000,155.020004,154.813812,198145700
2025-06-27,156.039993,158.710007,155.259995,157.750000,157.540161,263234500
2025-06-30,158.399994,158.660004,155.960007,157.990005,157.779861,194580300
2025-07-01,156.289993,157.199997,151.490005,153.300003,153.096085,213143600
2025-07-02,152.979996,157.600006,152.970001,157.250000,157.040848,171224100
2025-07-03,158.369995,160.979996,157.770004,159.339996,159.128052,143716100
2025-07-07,158.199997,159.309998,157.339996,158.240005,158.029526,140139000
2025-07-08,159.330002,160.220001,158.389999,160.000000,159.787186,138133000
2025-07-09,161.220001,164.419998,161.160004,162.880005,162.663345,183656400
2025-07-10,164.320007,164.500000,161.610001,164.100006,163.881729,167704100
2025-07-11,163.720001,167.889999,163.470001,164.919998,164.700623,193633300
2025-07-14,165.369995,165.490005,162.020004,164.070007,163.851761,136975800
2025-07-15,171.190002,172.399994,169.199997,170.699997,170.472946,230627400
2025-07-16,171.059998,171.750000,168.899994,171.369995,171.142059,158831500
2025-07-17,172.020004,174.160004,170.830002,173.000000,172.769897,160841100
2025-07-18,173.639999,174.250000,171.259995,172.410004,172.180679,146456400
2025-07-21,172.750000,173.380005,171.000000,171.380005,171.152054,123126100
2025-07-22,171.339996,171.389999,164.580002,167.029999,166.807831,193114300
2025-07-23,169.529999,171.259995,167.970001,170.779999,170.552841,154082200
2025-07-24,172.440002,173.830002,171.300003,173.740005,173.508926,128984600
2025-07-25,173.610001,174.720001,172.960007,173.500000,173.269241,122316800
2025-07-28,174.020004,177.000000,173.970001,176.750000,176.514908,140023500
2025-07-29,177.960007,179.380005,175.020004,175.509995,175.276535,154077500
2025-07-30,176.509995,179.889999,176.039993,179.270004,179.031555,174312200
2025-07-31,182.899994,183.300003,175.929993,177.869995,177.633423,221685400
2025-08-01,174.089996,176.539993,170.889999,173.720001,173.488937,204529000
2025-08-04,175.160004,180.199997,174.520004,180.000000,179.760590,148174600
2025-08-05,179.619995,180.259995,175.899994,178.259995,178.022888,156407600
2025-08-06,176.330002,179.899994,176.250000,179.419998,179.181351,137192300
2025-08-07,181.570007,183.880005,178.800003,180.770004,180.529556,151878400
2025-08-08,181.550003,183.300003,180.399994,182.699997,182.456985,123396700
2025-08-11,182.050003,183.839996,180.250000,182.059998,181.817841,138323200
2025-08-12,182.960007,184.479996,179.460007,183.160004,182.916382,145485700
2025-08-13,182.619995,183.970001,179.350006,181.589996,181.348465,179871700
2025-08-14,179.750000,183.020004,179.460007,182.020004,181.777893,129554000
2025-08-15,181.880005,181.899994,178.039993,180.449997,180.209976,156602200
2025-08-18,180.600006,182.940002,180.589996,182.009995,181.767899,132008000
2025-08-19,182.429993,182.500000,175.490005,175.639999,175.406387,185229200
2025-08-20,175.169998,176.000000,168.800003,175.399994,175.166702,215142700
2025-08-21,174.850006,176.899994,173.809998,174.979996,174.747238,140040900
2025-08-22,172.610001,178.589996,171.199997,177.990005,177.753250,172789400
2025-08-25,178.350006,181.910004,176.570007,179.809998,179.570831,163012800
2025-08-26,180.059998,182.389999,178.809998,181.770004,181.528229,168688200
2025-08-27,181.979996,182.490005,179.100006,181.600006,181.358459,235518900
2025-08-28,180.820007,184.470001,176.410004,180.169998,179.930344,281787800
2025-08-29,178.110001,178.149994,173.149994,174.179993,173.948303,243257900
2025-09-02,170.000000,172.380005,167.220001,170.779999,170.552841,231164900
2025-09-03,171.059998,172.410004,168.880005,170.619995,170.393051,164424900
2025-09-04,170.570007,171.860001,169.410004,171.660004,171.431656,141670100
2025-09-05,168.029999,169.029999,164.070007,167.020004,166.797852,224441400
2025-09-08,167.550003,170.960007,167.350006,168.309998,168.086136,163769100
2025-09-09,169.089996,170.979996,166.740005,170.759995,170.532867,157548400
2025-09-10,176.639999,179.289993,175.470001,177.330002,177.094147,226852000
2025-09-11,179.679993,180.279999,176.479996,177.169998,176.944321,151159300
2025-09-12,177.770004,178.600006,176.449997,177.820007,177.593491,124911000
2025-09-15,175.669998,178.850006,174.509995,177.750000,177.523590,147061600
2025-09-16,177.000000,177.500000,174.380005,174.880005,174.657257,140737800
2025-09-17,172.639999,173.199997,168.410004,170.289993,170.073074,211843800
2025-09-18,173.979996,177.100006,172.960007,176.240005,176.015518,191763300
2025-09-19,175.770004,178.080002,175.179993,176.669998,176.444946,237182100
2025-09-22,175.300003,184.550003,174.710007,183.610001,183.376129,269637000
2025-09-23,181.970001,182.419998,176.210007,178.429993,178.202713,192559600
2025-09-24,179.770004,179.779999,175.399994,176.970001,176.744568,143564100
2025-09-25,174.479996,180.259995,173.130005,177.690002,177.463654,191586700
2025-09-26,178.169998,179.770004,174.929993,178.190002,177.963028,148573700
2025-09-29,180.429993,184.000000,180.320007,181.850006,181.618362,193063500
2025-09-30,182.080002,187.350006,181.479996,186.580002,186.342331,236981000
2025-10-01,185.240005,188.139999,183.899994,187.240005,187.001511,173844900
2025-10-02,189.600006,191.050003,188.059998,188.889999,188.649399,136805800
2025-10-03,189.190002,190.360001,185.380005,187.619995,187.381012,137596900
2025-10-06,185.500000,187.229996,183.330002,185.539993,185.303650,157678100
2025-10-07,186.229996,189.059998,184.000000,185.039993,184.804306,140088000
2025-10-08,186.570007,189.600006,186.539993,189.110001,188.869110,130168900
2025-10-09,192.229996,195.300003,191.059998,192.570007,192.324707,182997200
2025-10-10,193.509995,195.619995,182.050003,183.160004,182.926697,268774400
2025-10-13,187.970001,190.110001,185.960007,188.320007,188.080124,153482800
2025-10-14,184.770004,184.800003,179.699997,180.029999,179.800674,205641400
2025-10-15,184.800003,184.869995,177.289993,179.830002,179.600937,214450500
2025-10-16,182.229996,183.279999,179.770004,181.809998,181.578400,179723300
2025-10-17,180.179993,184.100006,179.750000,183.220001,182.986603,173135200
2025-10-20,183.130005,185.199997,181.729996,182.639999,182.407349,128544700
2025-10-21,182.789993,182.789993,179.800003,181.160004,180.929245,124240200
2025-10-22,181.139999,183.440002,176.759995,180.279999,180.050369,162249600
2025-10-23,180.419998,183.029999,179.789993,182.160004,181.927963,111363700
2025-10-24,183.839996,187.470001,183.500000,186.259995,186.022720,131296700
2025-10-27,189.990005,192.000000,188.429993,191.490005,191.246078,153452700
2025-10-28,193.050003,203.149994,191.910004,201.029999,200.773926,297986200
2025-10-29,207.979996,212.190002,204.779999,207.039993,206.776276,308829600
2025-10-30,205.149994,206.160004,201.410004,202.889999,202.631561,178864400
2025-10-31,206.449997,207.970001,202.070007,202.490005,202.232071,179802200
2025-11-03,208.080002,211.339996,205.559998,206.880005,206.616470,180267300
2025-11-04,203.000000,203.970001,197.929993,198.690002,198.436905,188919300
2025-11-05,198.770004,202.919998,194.649994,195.210007,194.961365,171350300
2025-11-06,196.419998,197.619995,186.380005,188.080002,187.840439,223029800
2025-11-07,184.899994,188.320007,178.910004,188.149994,187.910324,264942300
2025-11-10,195.110001,199.940002,193.789993,199.050003,198.796463,198897100
2025-11-11,195.160004,195.419998,191.300003,193.160004,192.913956,176483300
2025-11-12,195.720001,195.889999,191.130005,193.800003,193.553146,154935300
2025-11-13,191.050003,191.440002,183.850006,186.860001,186.621979,207423100
2025-11-14,182.860001,191.009995,180.580002,190.169998,189.927750,186591900
2025-11-17,185.970001,189.000000,184.320007,186.600006,186.362320,173628900
2025-11-18,183.380005,184.800003,179.649994,181.360001,181.128983,213598900
2025-11-19,184.789993,187.860001,182.830002,186.520004,186.282410,247246400
2025-11-20,195.949997,196.000000,179.850006,180.639999,180.409897,343504800
2025-11-21,181.240005,184.559998,172.929993,178.880005,178.652145,346926200
2025-11-24,179.490005,183.500000,176.479996,182.550003,182.317474,256618300
2025-11-25,174.910004,178.160004,169.550003,177.820007,177.593491,320600300
2025-11-26,181.630005,182.910004,178.240005,180.259995,180.030380,183852000
2025-11-28,179.009995,179.289993,176.500000,177.000000,176.774536,121332800
2025-12-01,174.759995,180.300003,173.679993,179.919998,179.690811,188131000
2025-12-02,181.759995,185.660004,180.000000,181.460007,181.228867,182632200
2025-12-03,181.080002,182.449997,179.110001,179.589996,179.361237,165138000
2025-12-04,181.619995,184.520004,179.960007,183.380005,183.156616,167364900
2025-12-05,183.889999,184.660004,180.910004,182.410004,182.187790,143971100
2025-12-08,182.639999,188.000000,182.399994,185.550003,185.323975,204378100
2025-12-09,185.559998,185.720001,183.320007,184.970001,184.744675,144719700
2025-12-10,184.970001,185.479996,182.039993,183.779999,183.556122,162785400
2025-12-11,180.279999,181.320007,176.619995,180.929993,180.709579,182136600
2025-12-12,181.110001,182.820007,174.619995,175.020004,174.806793,204274900
2025-12-15,177.940002,178.419998,175.029999,176.289993,176.075241,164775600
2025-12-16,176.259995,178.490005,174.899994,177.720001,177.503510,148588100
2025-12-17,176.100006,176.130005,170.309998,170.940002,170.731766,222775500
2025-12-18,174.529999,176.149994,171.820007,174.139999,173.927856,176096000
2025-12-19,176.669998,181.449997,176.339996,180.990005,180.769516,324925900
2025-12-22,183.919998,184.160004,182.350006,183.690002,183.466232,129064400
2025-12-23,182.970001,189.330002,182.899994,189.210007,188.979507,174873600
2025-12-24,187.940002,188.910004,186.589996,188.610001,188.380234,65528500
2025-12-26,189.919998,192.690002,188.000000,190.529999,190.297897,139740300
2025-12-29,187.710007,188.759995,185.910004,188.220001,187.990707,120006100
2025-12-30,188.240005,188.990005,186.929993,187.539993,187.311539,97687300