Date,Open,High,Low,Close,Adj Close,Volume
2020-01-02,53.270000,53.959999,53.230000,53.950001,48.979183,13899600
2020-01-03,52.990002,54.049999,52.950001,53.759998,48.806690,11026700
2020-01-06,53.360001,54.200001,53.349998,54.040001,49.060886,10982400
2020-01-07,53.889999,54.330002,53.610001,54.160000,49.169834,12015400
2020-01-08,53.939999,54.599998,53.700001,54.130001,49.361336,11856700
2020-01-09,54.250000,54.799999,54.029999,54.380001,49.589306,10671000
2020-01-10,54.549999,54.650002,54.220001,54.450001,49.653145,9734800
2020-01-13,54.459999,54.790001,54.360001,54.580002,49.771687,10858900
2020-01-14,54.520000,55.180000,54.500000,54.880001,50.045273,12627200
2020-01-15,54.880001,55.180000,54.680000,54.759998,49.935829,9090800
2020-01-16,54.980000,55.450001,54.930000,55.430000,50.546810,9866000
2020-01-17,55.630001,55.689999,54.849998,55.130001,50.273239,11166600
2020-01-21,54.980000,55.360001,54.919998,55.220001,50.355309,8773000
2020-01-22,55.410000,55.650002,54.599998,54.720001,49.899353,6380500
2020-01-23,54.410000,55.000000,54.279999,54.980000,50.136452,6583200
2020-01-24,55.060001,55.200001,53.880001,54.070000,49.306618,6426000
2020-01-27,53.180000,53.520000,52.630001,52.689999,48.048195,8259100
2020-01-28,52.860001,53.680000,52.660000,53.459999,48.750355,8620300
2020-01-29,53.779999,53.939999,53.180000,53.200001,48.513264,6332500
2020-01-30,52.820000,53.330002,52.279999,53.310001,48.613567,7176200
2020-01-31,53.340000,53.490002,52.290001,52.450001,47.829346,8884700
2020-02-03,52.730000,53.410000,52.689999,53.090000,48.412949,8892500
2020-02-04,53.750000,54.560001,53.750000,54.040001,49.279259,9769800
2020-02-05,54.669998,55.029999,54.580002,54.740002,49.917603,9612900
2020-02-06,55.000000,55.349998,54.709999,54.709999,49.890232,8832000
2020-02-07,54.270000,54.970001,54.189999,54.720001,49.899353,7864800
2020-02-10,54.720001,55.070000,54.450001,54.990002,50.145569,7198200
2020-02-11,55.169998,55.540001,55.110001,55.150002,50.291470,8466600
2020-02-12,55.549999,55.889999,55.250000,55.730000,50.820366,7541100
2020-02-13,55.310001,55.639999,55.009998,55.310001,50.437378,8480100
2020-02-14,55.380001,55.840000,55.240002,55.470001,50.583282,7496800
2020-02-18,55.419998,55.759998,55.099998,55.450001,50.565044,7185700
2020-02-19,55.590000,55.770000,55.389999,55.439999,50.555920,6819200
2020-02-20,55.400002,55.869999,54.880001,55.509998,50.619755,6114600
2020-02-21,55.080002,55.340000,54.439999,54.680000,49.862877,9078600
2020-02-24,53.099998,53.529999,52.509998,52.650002,48.011719,10992500
2020-02-25,53.070000,53.220001,50.799999,50.959999,46.470600,12202600
2020-02-26,51.310001,53.139999,51.240002,52.049999,47.464573,16413100
2020-02-27,50.880001,53.459999,50.759998,50.779999,46.306458,16161100
2020-02-28,49.240002,49.889999,47.900002,49.459999,45.102737,24426000
2020-03-02,49.730000,50.900002,48.669998,50.900002,46.415894,17328500
2020-03-03,50.619999,51.840000,48.250000,48.849998,44.546482,21830500
2020-03-04,49.849998,50.590000,48.830002,50.540001,46.087593,14813700
2020-03-05,49.230000,49.680000,47.750000,48.000000,43.771374,15843000
2020-03-06,46.570000,48.299999,46.459999,47.369999,43.196869,24581400
2020-03-09,44.950001,47.570000,44.660000,46.009998,41.956676,25949300
2020-03-10,47.450001,48.910000,46.160000,48.580002,44.300270,27067700
2020-03-11,46.810001,47.480000,44.270000,44.720001,40.780331,24139200
2020-03-12,41.119999,43.400002,39.709999,39.799999,36.293751,24123800
2020-03-13,44.450001,47.990002,43.419998,47.930000,43.707531,28339400
2020-03-16,42.509998,47.570000,41.259998,42.720001,38.956520,27493700
2020-03-17,43.619999,47.709999,41.660000,46.860001,42.731796,25588900
2020-03-18,43.669998,47.799999,42.560001,47.270000,43.105682,29557000
2020-03-19,46.470001,47.970001,44.869999,45.070000,41.099476,20159100
2020-03-20,45.020000,46.700001,44.509998,45.650002,41.628391,26340800
2020-03-23,45.000000,46.490002,43.889999,44.189999,40.297012,23063700
2020-03-24,45.330002,48.009998,45.299999,47.840000,43.625462,19323700
2020-03-25,47.099998,48.740002,45.480000,45.939999,41.892841,25625800
2020-03-26,46.380001,50.740002,46.189999,50.480000,46.032887,22417900
2020-03-27,49.090000,51.599998,48.560001,49.830002,45.440151,20025300
2020-03-30,50.400002,51.590000,49.590000,50.360001,45.923462,20611900
2020-03-31,51.119999,51.180000,48.000000,48.330002,44.072292,15802000
2020-04-01,46.549999,48.990002,46.040001,48.709999,44.418823,17918200
2020-04-02,48.180000,49.889999,48.099998,49.799999,45.412792,16434400
2020-04-03,49.299999,50.049999,48.950001,49.400002,45.048027,13362500
2020-04-06,50.400002,51.880001,50.349998,51.490002,46.953911,13845800
2020-04-07,52.150002,52.330002,50.709999,50.759998,46.288219,14063000
2020-04-08,50.980000,52.680000,50.880001,52.130001,47.763359,15710700
2020-04-09,52.240002,53.619999,52.029999,53.180000,48.725407,15521200
2020-04-13,52.700001,53.139999,52.400002,52.970001,48.532997,12694800
2020-04-14,53.709999,54.099998,53.450001,54.000000,49.476723,11674600
2020-04-15,53.209999,53.450001,52.810001,53.160000,48.707081,10398100
2020-04-16,53.150002,53.869999,53.070000,53.700001,49.201843,14098300
2020-04-17,54.520000,54.720001,53.970001,54.619999,50.044785,13608800
2020-04-20,54.049999,54.580002,53.799999,53.910000,49.394260,10358900
2020-04-21,53.230000,53.340000,51.119999,51.310001,47.012043,14111700
2020-04-22,52.029999,52.580002,51.770000,52.270000,47.891624,9668300
2020-04-23,52.230000,52.990002,51.450001,51.970001,47.616760,10330200
2020-04-24,52.410000,53.049999,51.959999,53.009998,48.569641,9403500
2020-04-27,53.360001,53.639999,53.060001,53.369999,48.899490,9123200
2020-04-28,53.900002,54.150002,53.130001,53.200001,48.743725,8350500
2020-04-29,53.950001,54.279999,53.689999,53.880001,49.366768,9064100
2020-04-30,53.470001,53.599998,52.799999,52.970001,48.532997,11808800
2020-05-01,52.380001,52.439999,51.310001,51.790001,47.451843,8702400
2020-05-04,51.709999,51.790001,51.099998,51.750000,47.415195,7567900
2020-05-05,52.220001,52.860001,51.990002,52.049999,47.690060,7271800
2020-05-06,52.430000,52.500000,51.700001,51.860001,47.515972,7050000
2020-05-07,52.400002,52.919998,52.270000,52.599998,48.193977,7154700
2020-05-08,53.189999,53.779999,52.770000,53.570000,49.082729,8130800
2020-05-11,53.130001,53.830002,53.060001,53.529999,49.046089,8138600
2020-05-12,53.799999,53.830002,52.250000,52.270000,47.891624,8598800
2020-05-13,52.430000,52.490002,51.279999,51.650002,47.323563,10274300
2020-05-14,51.139999,53.029999,50.860001,52.910000,48.478020,13794000
2020-05-15,52.700001,53.990002,52.520000,52.919998,48.487186,39055700
2020-05-18,53.910000,53.950001,53.070000,53.150002,48.697922,9901900
2020-05-19,53.180000,53.250000,52.320000,52.340000,47.955765,9805100
2020-05-20,53.090000,53.270000,52.650002,52.900002,48.468861,9115900
2020-05-21,52.759998,52.939999,52.119999,52.220001,47.845825,7464000
2020-05-22,52.340000,52.639999,52.080002,52.619999,48.212318,7211700
2020-05-26,53.650002,53.680000,52.650002,52.779999,48.358913,11200600
2020-05-27,53.000000,53.250000,52.570000,53.200001,48.743725,9228100
2020-05-28,53.759998,54.150002,53.220001,53.619999,49.128551,9465400
2020-05-29,53.619999,53.939999,52.990002,53.770000,49.265980,14734800
2020-06-01,53.279999,53.389999,52.790001,53.060001,48.615459,7363200
2020-06-02,53.240002,53.290001,52.639999,53.279999,48.817028,8756300
2020-06-03,53.330002,53.619999,52.990002,53.490002,49.009434,9188700
2020-06-04,53.230000,53.689999,52.630001,52.849998,48.423035,9696000
2020-06-05,53.090000,54.270000,52.740002,53.980000,49.458397,12210100
2020-06-08,53.349998,55.119999,53.279999,55.099998,50.484570,11519500
2020-06-09,55.000000,55.060001,53.880001,54.180000,49.641644,8852500
2020-06-10,54.500000,54.660000,53.900002,54.110001,49.577503,7436700
2020-06-11,53.250000,53.560001,51.230000,51.310001,47.012043,12805700
2020-06-12,52.450001,53.000000,50.980000,51.860001,47.515972,11537200
2020-06-15,50.959999,53.430000,50.910000,53.250000,48.789543,16038100
2020-06-16,54.459999,55.000000,53.779999,54.590000,50.017284,19380200
2020-06-17,53.029999,53.740002,51.500000,51.520000,47.204453,28692600
2020-06-18,51.599998,54.000000,51.320000,53.689999,49.192680,19259500
2020-06-19,54.209999,54.459999,52.980000,54.400002,49.843204,33051200
2020-06-22,54.090000,55.389999,53.880001,55.119999,50.502907,16705900
2020-06-23,55.299999,55.970001,55.130001,55.189999,50.567032,18695000
2020-06-24,55.119999,55.680000,54.330002,54.439999,49.879852,18287400
2020-06-25,54.400002,54.590000,53.540001,54.529999,49.962322,16008700
2020-06-26,54.349998,54.590000,53.630001,54.180000,49.641644,17969400
2020-06-29,54.230000,54.959999,53.849998,54.759998,50.173054,14366900
2020-06-30,54.799999,55.439999,54.500000,55.270000,50.640327,18885900
2020-07-01,54.689999,55.880001,54.680000,55.490002,50.841908,17856800
2020-07-02,55.790001,56.430000,55.650002,55.939999,51.254200,15478900
2020-07-06,56.200001,56.830002,56.160000,56.599998,51.858921,15309700
2020-07-07,56.349998,56.950001,56.220001,56.310001,51.593227,13232100
2020-07-08,56.630001,56.680000,55.990002,56.660000,51.913906,12582200
2020-07-09,56.990002,57.799999,56.820000,57.529999,52.711029,15692600
2020-07-10,57.470001,57.520000,56.689999,57.389999,52.582760,12615800
2020-07-13,57.400002,57.840000,56.970001,57.009998,52.234589,15965600
2020-07-14,56.669998,57.290001,56.480000,57.200001,52.630230,15510300
2020-07-15,57.419998,57.840000,56.380001,56.619999,52.096577,10570800
2020-07-16,56.419998,56.490002,55.580002,55.820000,51.360493,8779300
2020-07-17,56.080002,56.119999,54.759998,54.900002,50.513988,14344800
2020-07-20,54.880001,55.520000,54.689999,55.400002,50.974041,11469300
2020-07-21,55.799999,56.340000,55.580002,55.910000,51.443287,11875100
2020-07-22,55.700001,56.180000,55.700001,56.009998,51.535316,13842400
2020-07-23,56.000000,56.360001,55.599998,55.759998,51.305279,12576000
2020-07-24,55.470001,56.040001,55.259998,55.650002,51.204071,8939700
2020-07-27,55.660000,55.950001,55.320000,55.340000,50.918839,10319600
2020-07-28,55.250000,55.740002,55.200001,55.349998,50.928040,13030100
2020-07-29,55.560001,55.900002,55.349998,55.700001,51.250076,7242700
2020-07-30,55.000000,55.480000,54.889999,55.250000,50.836014,7633200
2020-07-31,55.000000,55.470001,54.330002,55.450001,51.020050,9355800
2020-08-03,55.779999,56.090000,55.490002,55.980000,51.507698,9164900
2020-08-04,55.779999,56.009998,55.529999,56.000000,51.526108,6364300
2020-08-05,56.320000,56.320000,55.380001,55.500000,51.066048,6629000
2020-08-06,55.490002,55.599998,54.939999,55.279999,50.863621,8169600
2020-08-07,55.009998,55.240002,54.759998,55.230000,50.817619,8772300
2020-08-10,55.240002,55.619999,54.880001,54.939999,50.550785,10046900
2020-08-11,55.240002,55.459999,54.139999,54.270000,49.934319,8075100
2020-08-12,54.520000,54.700001,53.970001,54.169998,49.842308,9068200
2020-08-13,53.910000,54.200001,53.680000,54.020000,49.704285,8260300
2020-08-14,54.029999,54.560001,53.770000,54.200001,49.869919,5454400
2020-08-17,54.200001,54.389999,53.660000,53.990002,49.676689,9523700
2020-08-18,55.619999,56.930000,54.869999,55.180000,50.771614,21102600
2020-08-19,55.580002,56.799999,55.459999,56.200001,51.710129,16751500
2020-08-20,55.590000,55.810001,55.090000,55.259998,50.845226,10974800
2020-08-21,55.380001,55.450001,54.730000,55.189999,50.780811,9552000
2020-08-24,55.759998,56.110001,55.439999,56.009998,51.535316,7892100
2020-08-25,56.150002,56.750000,56.020000,56.090000,51.608910,7427000
2020-08-26,56.340000,57.490002,56.060001,57.490002,52.897068,11597600
2020-08-27,57.450001,58.450001,56.580002,57.180000,52.611824,15834700
2020-08-28,57.330002,58.160000,57.209999,57.880001,53.255913,8613800
2020-08-31,57.130001,57.759998,57.040001,57.220001,52.648651,18683500
2020-09-01,57.369999,58.009998,57.080002,57.660000,53.053482,10169500
2020-09-02,57.720001,59.320000,57.720001,59.029999,54.314022,14342800
2020-09-03,58.720001,58.990002,56.650002,57.099998,52.538227,15387400
2020-09-04,56.880001,57.270000,55.160000,55.730000,51.277676,14697200
2020-09-08,55.349998,55.790001,54.869999,55.320000,50.900429,16472800
2020-09-09,56.160000,57.400002,55.860001,56.950001,52.400211,13993200
2020-09-10,57.439999,58.180000,56.750000,57.330002,52.749855,20500900
2020-09-11,60.709999,61.860001,56.869999,57.000000,52.446213,40220600
2020-09-14,60.860001,61.500000,59.349998,59.459999,54.709679,50107400
2020-09-15,60.009998,61.680000,59.389999,60.939999,56.071442,30385600
2020-09-16,61.119999,61.389999,59.650002,60.430000,55.602192,21223300
2020-09-17,59.419998,60.610001,59.000000,60.180000,55.372162,22831200
2020-09-18,59.980000,60.290001,59.430000,59.750000,54.976517,49311700
2020-09-21,62.459999,62.599998,60.029999,60.820000,55.961025,32560400
2020-09-22,60.380001,60.750000,59.459999,60.619999,55.777004,13306000
2020-09-23,60.110001,60.490002,58.900002,58.959999,54.249630,15513500
2020-09-24,58.740002,59.900002,58.290001,59.299999,54.562469,9560500
2020-09-25,59.270000,59.990002,58.959999,59.799999,55.022518,9371900
2020-09-28,60.029999,60.540001,59.470001,59.580002,54.820099,9356300
2020-09-29,59.580002,60.160000,59.400002,59.470001,54.718884,6340600
2020-09-30,59.520000,60.389999,59.369999,59.700001,54.930515,11001500
2020-10-01,60.169998,60.270000,59.450001,59.680000,54.912113,7357700
2020-10-02,58.709999,59.520000,58.509998,58.830002,54.130013,7329800
2020-10-05,59.439999,59.669998,59.090000,59.560001,54.801701,6899200
2020-10-06,59.509998,60.529999,59.410000,59.509998,54.755680,9743600
2020-10-07,59.770000,60.900002,59.639999,60.590000,55.975140,8690900
2020-10-08,60.790001,61.299999,60.630001,60.889999,56.252300,7202800
2020-10-09,61.150002,61.380001,60.860001,61.150002,56.492500,7355700
2020-10-12,61.240002,61.830002,61.070000,61.459999,56.778881,8275000
2020-10-13,61.570000,61.779999,60.880001,60.970001,56.326202,8896300
2020-10-14,61.349998,61.529999,60.849998,60.959999,56.316967,6651100
2020-10-15,60.270000,60.740002,60.080002,60.520000,55.910477,6251600
2020-10-16,60.709999,61.110001,60.259998,60.290001,55.697998,6070800
2020-10-19,60.389999,60.750000,59.389999,59.619999,55.079021,8311000
2020-10-20,59.919998,60.330002,59.630001,59.750000,55.199127,9241200
2020-10-21,59.340000,60.119999,59.220001,59.669998,55.125214,10114900
2020-10-22,59.439999,59.869999,58.689999,59.689999,55.143688,11900600
2020-10-23,59.900002,60.160000,59.709999,59.900002,55.337708,9739300
2020-10-26,58.099998,58.480000,56.529999,57.490002,53.111259,18876900
2020-10-27,57.639999,57.980000,57.020000,57.080002,52.732494,10806500
2020-10-28,56.270000,56.599998,55.529999,55.590000,51.355976,13910600
2020-10-29,55.200001,56.759998,55.139999,56.020000,51.753227,13573700
2020-10-30,55.750000,56.639999,55.450001,56.110001,51.836369,12602300
2020-11-02,56.439999,57.470001,56.119999,56.450001,52.150471,11413200
2020-11-03,57.000000,57.500000,56.570000,56.799999,52.473820,8911200
2020-11-04,58.000000,58.090000,56.349998,56.490002,52.187431,12054900
2020-11-05,57.459999,57.650002,56.419998,56.660000,52.344479,9017100
2020-11-06,56.770000,56.980000,56.150002,56.799999,52.473820,7510400
2020-11-09,58.189999,59.080002,56.770000,56.840000,52.510765,11486600
2020-11-10,56.910000,57.240002,56.200001,56.669998,52.353718,9015900
2020-11-11,57.060001,57.630001,56.799999,57.200001,52.843342,7724400
2020-11-12,57.259998,57.490002,56.099998,56.450001,52.150471,7324000
2020-11-13,56.880001,57.090000,56.549999,56.910000,52.575436,5870300
2020-11-16,57.020000,57.610001,56.880001,57.150002,52.797153,6309200
2020-11-17,57.000000,57.389999,56.810001,57.119999,52.769440,5569700
2020-11-18,57.119999,57.290001,56.240002,56.250000,51.965710,8998800
2020-11-19,56.090000,56.480000,55.560001,56.450001,52.150471,9643100
2020-11-20,56.360001,56.439999,55.680000,55.700001,51.457600,8395800
2020-11-23,55.849998,56.570000,55.770000,56.080002,51.808651,8235900
2020-11-24,56.599998,57.900002,56.360001,57.570000,53.185165,10427200
2020-11-25,57.720001,57.759998,57.259998,57.410000,53.037354,6848900
2020-11-27,57.400002,57.869999,57.150002,57.759998,53.360703,5627000
2020-11-30,57.610001,58.200001,57.200001,57.720001,53.323750,26676900
2020-12-01,58.200001,59.279999,58.009998,58.740002,54.266056,11855300
2020-12-02,58.290001,59.270000,58.139999,59.080002,54.580154,9330400
2020-12-03,59.220001,59.980000,59.060001,59.270000,54.755680,9783900
2020-12-04,59.310001,60.549999,59.270000,59.959999,55.393124,10872700
2020-12-07,59.959999,60.200001,59.630001,59.799999,55.245319,14922900
2020-12-08,58.990002,59.709999,58.220001,59.029999,54.533951,15237800
2020-12-09,58.889999,59.910000,58.799999,59.730000,55.180653,12204100
2020-12-10,59.509998,59.810001,59.040001,59.480000,54.949688,14219900
2020-12-11,60.939999,61.000000,59.419998,60.610001,55.993626,16209900
2020-12-14,60.830002,61.660000,60.689999,60.759998,56.132195,16193600
2020-12-15,61.090000,62.189999,60.900002,61.860001,57.148418,15506700
2020-12-16,61.869999,63.189999,61.849998,62.779999,57.998337,16119900
2020-12-17,62.990002,64.050003,62.730000,63.610001,58.765133,15320500
2020-12-18,63.480000,65.330002,63.430000,65.059998,60.104675,33728700
2020-12-21,63.889999,65.190002,63.880001,64.480003,59.568867,18210200
2020-12-22,64.559998,66.000000,64.430000,65.150002,60.187828,17136000
2020-12-23,65.260002,66.199997,65.150002,65.300003,60.326416,13075200
2020-12-24,65.050003,65.589996,64.779999,64.959999,60.012299,3796500
2020-12-28,65.410004,65.690002,64.750000,64.870003,59.929176,6463500
2020-12-29,65.250000,65.269997,64.220001,64.459999,59.550388,7770200
2020-12-30,64.800003,64.910004,64.349998,64.400002,59.494965,6192000
2020-12-31,64.339996,64.769997,64.010002,64.690002,59.762871,6928600
2021-01-04,64.690002,64.699997,63.169998,63.750000,58.894474,11249900
2021-01-05,63.680000,63.790001,62.480000,62.959999,58.164635,11005700
2021-01-06,62.270000,63.349998,61.910000,62.570000,58.025528,8685400
2021-01-07,62.849998,63.740002,62.849998,63.070000,58.489212,7382800
2021-01-08,63.180000,63.540001,62.910000,63.380001,58.776703,7751700
2021-01-11,62.950001,63.570000,62.840000,63.029999,58.452126,6284700
2021-01-12,63.000000,63.020000,62.180000,62.419998,57.886417,7758200
2021-01-13,62.320000,62.590000,61.970001,62.060001,57.552582,8298000
2021-01-14,62.070000,62.169998,61.509998,61.599998,57.125980,10258600
2021-01-15,61.599998,62.000000,61.209999,61.779999,57.292904,7532600
2021-01-19,62.099998,62.290001,61.099998,61.290001,56.838497,8903400
2021-01-20,61.369999,62.029999,61.150002,61.560001,57.088890,7025000
2021-01-21,61.650002,61.849998,60.919998,61.209999,56.764313,6943600
2021-01-22,60.939999,61.150002,59.740002,60.360001,55.976044,9896700
2021-01-25,60.380001,60.950001,59.770000,60.900002,56.476826,8524700
2021-01-26,61.060001,62.040001,60.840000,61.799999,57.311447,8186500
2021-01-27,61.400002,63.180000,61.369999,62.549999,58.006977,14789000
2021-01-28,62.549999,63.240002,61.169998,61.220001,56.773582,11166400
2021-01-29,61.160000,61.500000,60.209999,60.430000,56.040970,11451800
2021-02-01,60.919998,62.009998,60.740002,61.509998,57.042511,10553500
2021-02-02,61.880001,62.919998,61.799999,62.369999,57.840054,10528000
2021-02-03,62.180000,62.750000,61.980000,62.169998,57.654579,9933500
2021-02-04,62.480000,63.389999,62.250000,63.349998,58.748875,9928700
2021-02-05,63.500000,64.070000,63.279999,63.599998,58.980721,9170200
2021-02-08,63.790001,63.869999,62.840000,63.110001,58.526314,7003400
2021-02-09,63.080002,63.849998,62.910000,63.669998,59.045639,5437400
2021-02-10,63.840000,63.900002,62.930000,63.270000,58.674698,9577500
2021-02-11,63.560001,63.970001,62.279999,62.700001,58.146091,7690800
2021-02-12,62.320000,63.119999,62.310001,63.080002,58.498493,6663400
2021-02-16,63.110001,63.259998,62.099998,62.139999,57.626755,7526000
2021-02-17,61.830002,62.150002,61.360001,62.090000,57.580387,6244500
2021-02-18,61.810001,62.209999,61.660000,62.070000,57.561848,6262400
2021-02-19,62.259998,62.360001,61.080002,61.130001,56.690121,10905100
2021-02-22,62.849998,64.970001,62.279999,64.449997,59.768986,20940300
2021-02-23,64.419998,65.220001,64.050003,64.500000,59.815353,18175400
2021-02-24,64.489998,65.150002,64.080002,64.699997,60.000824,10609300
2021-02-25,64.639999,66.360001,64.580002,65.300003,60.557255,15356100
2021-02-26,65.540001,66.279999,64.500000,64.510002,59.824631,20512600
2021-03-01,64.949997,66.730003,64.769997,66.169998,61.364059,11758900
2021-03-02,66.150002,67.419998,66.000000,66.660004,61.818474,13282000
2021-03-03,66.250000,67.540001,66.199997,66.910004,62.050316,15827600
2021-03-04,66.680000,67.309998,65.309998,65.610001,60.844734,19951100
2021-03-05,67.309998,71.720001,67.309998,69.970001,64.888077,34211500
2021-03-08,70.470001,72.940002,70.099998,72.160004,66.919014,23300500
2021-03-09,72.400002,73.220001,72.000000,72.639999,67.364151,17296400
2021-03-10,73.500000,73.620003,71.500000,72.120003,66.881920,21378600
2021-03-11,67.650002,68.099998,65.430000,67.410004,62.513992,38095400
2021-03-12,66.959999,67.870003,66.449997,67.160004,62.282162,11606300
2021-03-15,66.949997,67.779999,66.900002,67.730003,62.810764,8919600
2021-03-16,68.000000,68.070000,66.680000,66.849998,61.994667,14512500
2021-03-17,66.800003,66.849998,66.160004,66.220001,61.410427,11892400
2021-03-18,66.470001,67.010002,66.089996,66.739998,61.892666,13750300
2021-03-19,66.790001,66.830002,65.959999,66.260002,61.447525,30963600
2021-03-22,66.220001,66.519997,65.860001,66.320000,61.503166,10263700
2021-03-23,66.330002,67.940002,66.330002,67.269997,62.384155,12390100
2021-03-24,67.110001,67.410004,66.739998,66.830002,61.976112,11391100
2021-03-25,66.959999,68.730003,66.760002,68.629997,63.645393,14844700
2021-03-26,68.570000,70.370003,68.279999,70.250000,65.147720,12617000
2021-03-29,70.209999,72.330002,70.169998,71.129997,65.963806,15183700
2021-03-30,70.830002,71.050003,69.949997,70.550003,65.425926,12000200
2021-03-31,70.699997,71.099998,69.910004,70.169998,65.073540,9971700
2021-04-01,70.459999,71.830002,70.330002,71.809998,66.594437,13228700
2021-04-05,72.190002,74.900002,72.059998,74.160004,68.773758,25010200
2021-04-06,73.620003,74.650002,73.160004,74.279999,68.885017,14699800
2021-04-07,73.599998,74.180000,73.449997,74.070000,68.987480,12356800
2021-04-08,74.269997,75.529999,74.150002,75.279999,70.114464,13507700
2021-04-09,75.349998,75.690002,74.900002,75.580002,70.393867,13285700
2021-04-12,75.250000,76.190002,75.199997,76.120003,70.896828,10634900
2021-04-13,76.160004,77.010002,75.900002,76.669998,71.409111,13142400
2021-04-14,77.040001,77.360001,76.510002,76.820000,71.548775,12730700
2021-04-15,77.000000,78.550003,76.830002,78.290001,72.917915,13604200
2021-04-16,78.309998,79.339996,77.860001,78.949997,73.532616,13334100
2021-04-19,78.809998,80.209999,78.339996,78.750000,73.346344,19967200
2021-04-20,78.699997,79.419998,78.650002,79.239998,73.802734,12562300
2021-04-21,78.790001,79.339996,76.529999,76.660004,71.399773,18672800
2021-04-22,76.110001,76.480003,74.750000,74.870003,69.732597,16769300
2021-04-23,74.290001,75.000000,73.849998,74.970001,69.825706,10664700
2021-04-26,74.970001,75.040001,74.199997,74.500000,69.387985,9402200
2021-04-27,74.389999,75.430000,74.220001,75.220001,70.058578,9300200
2021-04-28,75.160004,75.269997,74.660004,74.769997,69.639442,6107800
2021-04-29,75.379997,75.900002,74.639999,75.870003,70.663979,7940400
2021-04-30,75.559998,75.919998,75.190002,75.790001,70.589470,7825300
2021-05-03,76.279999,77.480003,76.080002,77.330002,72.023788,15319600
2021-05-04,77.070000,78.699997,76.930000,78.529999,73.141449,15316500
2021-05-05,78.970001,79.830002,78.419998,79.190002,73.756149,12271900
2021-05-06,79.180000,79.959999,78.559998,79.739998,74.268433,14089700
2021-05-07,79.809998,80.540001,78.580002,80.400002,74.883133,14073400
2021-05-10,78.769997,80.720001,78.599998,80.150002,74.650291,17356700
2021-05-11,79.750000,79.900002,77.250000,77.690002,72.359093,12980400
2021-05-12,77.570000,78.190002,76.529999,76.750000,71.483589,12302600
2021-05-13,77.529999,78.440002,76.879997,78.139999,72.778221,11399300
2021-05-14,78.120003,79.050003,78.120003,78.889999,73.476761,9033400
2021-05-17,78.879997,79.529999,78.849998,79.080002,73.653702,6637900
2021-05-18,78.989998,79.470001,78.389999,78.690002,73.290474,6643100
2021-05-19,77.809998,78.769997,77.550003,78.739998,73.337044,8165000
2021-05-20,78.949997,79.320000,78.680000,78.720001,73.318413,8802700
2021-05-21,79.190002,79.849998,78.980003,79.029999,73.607124,8629000
2021-05-24,79.489998,79.879997,79.139999,79.379997,73.933136,7044700
2021-05-25,79.610001,79.680000,78.650002,78.830002,73.420876,7160600
2021-05-26,78.589996,79.370003,78.550003,79.260002,73.821373,12851100
2021-05-27,79.500000,80.050003,78.839996,78.980003,73.560585,12867800
2021-05-28,78.949997,79.360001,78.669998,78.739998,73.337044,6929700
2021-06-01,79.580002,79.830002,78.480003,79.570000,74.110100,10485300
2021-06-02,79.699997,80.930000,79.510002,80.269997,74.762047,12249300
2021-06-03,79.800003,81.459999,79.650002,81.089996,75.525795,12038700
2021-06-04,81.419998,83.959999,81.370003,82.889999,77.202263,14502900
2021-06-07,82.940002,84.250000,82.849998,83.940002,78.180237,10445600
2021-06-08,84.029999,85.029999,84.000000,84.610001,78.804253,10726800
2021-06-09,84.599998,84.830002,84.029999,84.519997,78.720421,9720300
2021-06-10,84.160004,84.459999,81.709999,82.300003,76.652763,16680800
2021-06-11,81.980003,83.239998,81.839996,82.900002,77.211601,11066500
2021-06-14,83.000000,83.099998,82.129997,82.620003,76.950813,10173200
2021-06-15,82.000000,82.510002,81.349998,81.639999,76.038033,17298000
2021-06-16,77.989998,78.550003,75.900002,77.080002,71.790947,36560600
2021-06-17,76.989998,77.739998,76.559998,77.559998,72.238014,14836100
2021-06-18,76.900002,76.910004,75.970001,76.230003,70.999290,22521200
2021-06-21,76.610001,78.099998,76.550003,77.989998,72.638504,8924300
2021-06-22,78.059998,79.190002,77.660004,78.680000,73.281166,9845800
2021-06-23,78.760002,78.870003,78.059998,78.099998,72.740944,7295900
2021-06-24,78.650002,78.959999,77.610001,77.739998,72.405670,9624000
2021-06-25,78.029999,78.610001,77.559998,78.459999,73.076241,12845000
2021-06-28,78.489998,78.970001,78.330002,78.500000,73.113525,5605400
2021-06-29,78.540001,78.589996,77.820000,78.099998,72.740944,5392900
2021-06-30,77.589996,78.209999,77.580002,77.839996,72.498802,7899800
2021-07-01,77.980003,79.620003,77.910004,79.540001,74.082146,13108000
2021-07-02,79.449997,82.260002,79.349998,81.820000,76.205696,15258100
2021-07-06,81.599998,83.629997,81.360001,83.080002,77.379234,14200400
2021-07-07,83.169998,87.169998,82.959999,86.089996,80.182693,20976600
2021-07-08,85.019997,86.889999,84.660004,85.589996,79.717010,16383300
2021-07-09,85.879997,88.400002,85.779999,87.760002,81.738113,15685300
2021-07-12,87.529999,88.849998,86.970001,87.080002,81.104774,16076800
2021-07-13,86.699997,87.930000,86.529999,87.070000,81.095444,12789300
2021-07-14,87.080002,88.669998,86.660004,88.279999,82.525726,13330500
2021-07-15,88.099998,88.769997,85.510002,86.239998,80.618690,18306300
2021-07-16,86.750000,88.480003,86.519997,87.489998,81.787216,14617500
2021-07-19,86.910004,87.870003,86.190002,86.980003,81.310463,15619900
2021-07-20,87.099998,89.050003,87.019997,88.660004,82.880959,12813900
2021-07-21,88.889999,90.250000,88.459999,89.690002,83.843826,13108100
2021-07-22,90.000000,91.139999,89.680000,90.690002,84.778648,13638900
2021-07-23,90.989998,91.199997,87.120003,87.690002,81.974174,12680900
2021-07-26,87.440002,88.099998,86.669998,87.860001,82.133102,10454100
2021-07-27,87.760002,88.599998,87.120003,87.800003,82.077003,8465200
2021-07-28,87.900002,87.949997,87.120003,87.180000,81.497414,6396800
2021-07-29,87.680000,88.260002,87.330002,87.629997,81.918098,6201400
2021-07-30,87.410004,88.150002,86.870003,87.139999,81.460045,7962800
2021-08-02,87.730003,87.930000,87.089996,87.599998,81.890068,5579100
2021-08-03,87.879997,90.169998,87.809998,89.739998,83.890556,9889800
2021-08-04,89.790001,90.089996,89.279999,90.050003,84.180359,7509900
2021-08-05,90.180000,90.519997,88.760002,89.430000,83.600777,8231300
2021-08-06,89.239998,89.879997,88.820000,89.519997,83.684914,6513900
2021-08-09,89.459999,90.470001,89.099998,89.900002,84.040138,5798700
2021-08-10,89.099998,90.120003,88.930000,89.639999,83.797081,5473300
2021-08-11,89.900002,90.419998,89.510002,89.629997,83.787712,8009800
2021-08-12,89.110001,89.980003,88.669998,89.809998,83.956009,5687200
2021-08-13,90.620003,91.339996,89.949997,90.379997,84.488846,6640400
2021-08-16,89.860001,90.839996,89.540001,90.820000,84.900177,7122800
2021-08-17,90.989998,91.779999,90.370003,90.949997,85.021698,6738500
2021-08-18,90.489998,91.050003,88.860001,88.940002,83.142715,7666300
2021-08-19,88.290001,89.389999,88.230003,88.709999,82.927681,8099400
2021-08-20,88.800003,89.400002,88.300003,88.940002,83.142715,8716400
2021-08-23,89.489998,89.570000,88.709999,89.120003,83.310982,7147300
2021-08-24,89.209999,89.650002,88.470001,88.550003,82.778114,6320100
2021-08-25,88.550003,88.900002,88.050003,88.620003,82.843567,5748500
2021-08-26,88.809998,89.180000,88.459999,88.720001,82.937050,9093200
2021-08-27,88.790001,89.519997,88.610001,89.349998,83.525978,5426800
2021-08-30,89.459999,89.980003,89.300003,89.449997,83.619476,5357000
2021-08-31,89.449997,89.500000,88.489998,89.129997,83.320320,8113300
2021-09-01,89.260002,90.169998,88.870003,89.949997,84.086868,8208000
2021-09-02,90.169998,90.500000,89.410004,89.800003,83.946655,7717400
2021-09-03,89.339996,90.480003,89.300003,90.000000,84.133606,8456900
2021-09-07,90.040001,90.669998,88.540001,88.720001,82.937050,11046000
2021-09-08,88.139999,89.599998,87.970001,89.470001,83.638161,8851200
2021-09-09,89.599998,90.830002,89.410004,89.540001,83.703606,11034700
2021-09-10,89.650002,90.550003,89.510002,89.680000,83.834473,10547400
2021-09-13,90.120003,90.510002,88.230003,88.889999,83.095955,18883400
2021-09-14,86.190002,86.949997,84.730003,86.389999,80.758919,22714200
2021-09-15,86.550003,88.360001,86.169998,87.730003,82.011597,14951100
2021-09-16,87.669998,87.970001,86.190002,87.250000,81.562874,12410500
2021-09-17,86.209999,87.570000,85.949997,86.389999,80.758919,58069000
2021-09-20,85.029999,87.410004,84.930000,86.169998,80.553261,13897700
2021-09-21,86.739998,87.660004,86.120003,86.919998,81.254387,11124400
2021-09-22,87.620003,89.000000,87.239998,88.440002,82.675301,9908000
2021-09-23,88.940002,90.059998,88.660004,89.419998,83.591423,9720200
2021-09-24,89.269997,90.059998,88.940002,89.940002,84.077538,7617800
2021-09-27,89.779999,91.309998,89.150002,91.040001,85.105827,11533000
2021-09-28,90.639999,92.269997,90.050003,90.489998,84.591667,15041800
2021-09-29,91.150002,92.080002,91.000000,91.250000,85.302132,12007300
2021-09-30,91.250000,91.580002,87.120003,87.129997,81.450684,15649900
2021-10-01,87.760002,90.269997,87.599998,89.739998,83.890556,13320900
2021-10-04,89.480003,90.430000,88.959999,89.260002,83.441856,10853900
2021-10-05,89.349998,91.970001,89.169998,91.489998,85.526497,9788600
2021-10-06,90.419998,91.500000,89.650002,91.339996,85.386276,10268300
2021-10-07,91.709999,92.879997,91.650002,92.309998,86.293037,9124400
2021-10-08,92.379997,95.019997,92.110001,94.389999,88.544418,13202300
2021-10-11,94.290001,96.800003,94.199997,95.290001,89.388680,12959300
2021-10-12,95.830002,96.519997,95.260002,95.570000,89.651329,9964100
2021-10-13,96.099998,96.989998,95.949997,96.400002,90.429939,9453900
2021-10-14,96.800003,97.349998,94.370003,95.279999,89.379280,7911200
2021-10-15,95.089996,96.040001,94.730003,95.330002,89.426208,7422800
2021-10-18,95.500000,96.650002,95.099998,96.510002,90.533134,7344100
2021-10-19,97.000000,97.279999,96.320000,97.059998,91.049057,5616500
2021-10-20,97.269997,97.970001,96.250000,96.639999,90.655083,6574100
2021-10-21,96.570000,96.830002,95.709999,96.300003,90.336128,6224400
2021-10-22,96.290001,98.269997,96.220001,98.250000,92.165352,6819600
2021-10-25,98.440002,98.949997,97.550003,97.889999,91.827660,5083100
2021-10-26,98.300003,98.559998,96.940002,96.980003,90.974030,7089700
2021-10-27,96.809998,97.300003,96.000000,96.029999,90.082832,5941200
2021-10-28,96.650002,97.699997,95.930000,96.230003,90.270462,5177200
2021-10-29,95.790001,96.970001,95.459999,95.940002,89.998421,7578600
2021-11-01,96.000000,96.029999,93.910004,94.379997,88.535034,7327600
2021-11-02,93.730003,95.919998,93.500000,95.870003,89.932762,6229600
2021-11-03,96.500000,96.870003,94.750000,96.150002,90.195427,5746400
2021-11-04,96.230003,96.610001,95.320000,95.629997,89.707611,5857500
2021-11-05,96.199997,96.550003,94.099998,94.949997,89.069740,6160200
2021-11-08,95.250000,95.250000,94.309998,95.139999,89.247971,5056400
2021-11-09,95.110001,95.610001,94.059998,94.589996,88.732018,6102600
2021-11-10,94.099998,94.849998,93.360001,93.830002,88.019089,5828800
2021-11-11,94.110001,94.760002,93.800003,94.040001,88.216095,3620600
2021-11-12,94.290001,94.470001,93.430000,93.540001,87.747063,6435300
2021-11-15,93.820000,94.250000,92.919998,94.019997,88.197311,5700900
2021-11-16,94.139999,96.370003,94.019997,95.610001,89.688866,7392900
2021-11-17,95.760002,96.139999,94.820000,95.330002,89.426208,6257600
2021-11-18,95.150002,95.330002,93.500000,94.660004,88.797699,5725300
2021-11-19,94.809998,96.959999,93.940002,93.970001,88.150429,8936600
2021-11-22,93.730003,95.669998,93.410004,94.610001,88.750778,6488200
2021-11-23,94.160004,94.290001,92.260002,92.940002,87.184212,8905500
2021-11-24,92.230003,93.699997,92.150002,93.580002,87.784576,10908500
2021-11-26,92.889999,94.080002,92.070000,92.330002,86.611992,4519300
2021-11-29,93.169998,94.129997,92.870003,92.940002,87.184212,9552500
2021-11-30,93.019997,93.519997,90.610001,90.739998,85.120445,23271200
2021-12-01,91.690002,92.389999,89.660004,89.750000,84.191765,12084900
2021-12-02,89.400002,91.040001,89.000000,89.989998,84.416908,7089800
2021-12-03,90.349998,90.790001,87.720001,88.239998,82.775276,10808600
2021-12-06,88.339996,89.169998,87.849998,88.940002,83.431938,8398500
2021-12-07,89.980003,90.730003,89.209999,90.050003,84.473198,6803700
2021-12-08,90.050003,90.169998,87.910004,88.940002,83.431938,7695800
2021-12-09,89.120003,89.989998,88.239998,88.769997,83.272453,8615800
2021-12-10,104.290001,106.339996,100.099998,102.629997,96.274109,45824600
2021-12-13,102.440002,104.360001,100.519997,100.889999,94.641869,16317600
2021-12-14,100.000000,101.459999,99.389999,99.889999,93.703804,9511600
2021-12-15,100.580002,103.760002,100.239998,103.650002,97.230949,14452200
2021-12-16,103.949997,104.000000,102.279999,103.220001,96.827560,9053200
2021-12-17,97.690002,99.949997,95.809998,96.620003,90.636307,28872300
2021-12-20,96.419998,96.419998,91.519997,91.639999,85.964706,17205400
2021-12-21,91.809998,91.839996,89.709999,91.510002,85.842758,15823000
2021-12-22,91.269997,91.860001,89.510002,89.860001,84.294960,10539000
2021-12-23,90.029999,90.360001,89.059998,89.720001,84.163628,9655400
2021-12-27,89.699997,90.330002,89.019997,89.540001,83.994781,7666200
2021-12-28,89.699997,89.800003,88.519997,88.650002,83.159897,5610500
2021-12-29,88.500000,89.190002,87.720001,88.209999,82.747139,5628500
2021-12-30,88.650002,88.910004,87.769997,88.010002,82.559540,7382400
2021-12-31,88.050003,88.099998,87.180000,87.209999,81.809067,5908200
2022-01-03,87.330002,87.940002,85.760002,87.900002,82.456345,10644400
2022-01-04,87.900002,89.580002,87.730003,88.839996,83.338127,11959000
2022-01-05,88.489998,88.599998,86.220001,86.459999,81.105499,11236700
2022-01-06,86.000000,87.419998,85.550003,86.339996,81.293831,7918400
2022-01-07,86.449997,88.000000,86.279999,87.510002,82.395454,9836800
2022-01-10,87.379997,89.379997,86.949997,89.279999,84.062019,11025500
2022-01-11,88.639999,89.000000,87.410004,88.480003,83.308762,7249800
2022-01-12,88.889999,89.519997,87.669998,88.309998,83.148697,5840300
2022-01-13,88.730003,88.919998,87.550003,87.790001,82.659081,6044300
2022-01-14,87.480003,88.099998,86.660004,87.690002,82.564934,6054800
2022-01-18,86.870003,86.970001,85.339996,85.550003,80.549995,6824700
2022-01-19,85.769997,86.690002,83.230003,83.379997,78.506828,10501800
2022-01-20,83.919998,85.000000,82.519997,82.720001,77.885414,10836900
2022-01-21,83.360001,83.389999,82.029999,82.220001,77.414635,11609000
2022-01-24,81.220001,82.419998,79.589996,82.419998,77.602921,16770400
2022-01-25,81.330002,82.099998,80.199997,81.070000,76.331856,13469900
2022-01-26,81.910004,82.029999,79.279999,79.589996,74.938332,13971300
2022-01-27,80.110001,81.150002,79.199997,79.779999,75.117249,10331900
2022-01-28,79.989998,80.500000,78.570000,80.480003,75.776329,7854700
2022-01-31,80.489998,81.639999,80.120003,81.160004,76.416580,10594200
2022-02-01,81.400002,81.400002,79.650002,81.040001,76.303589,8016900
2022-02-02,81.160004,82.879997,80.839996,82.500000,77.678261,9287600
2022-02-03,81.629997,82.760002,81.629997,81.940002,77.150978,8207200
2022-02-04,82.029999,82.910004,81.470001,82.110001,77.311066,5570200
2022-02-07,82.139999,82.250000,80.660004,80.739998,76.021118,6292200
2022-02-08,80.290001,80.860001,79.800003,80.790001,76.068222,6585300
2022-02-09,81.750000,83.650002,81.650002,83.449997,78.572746,8755900
2022-02-10,82.750000,83.779999,81.620003,81.849998,77.066246,6336300
2022-02-11,81.839996,82.430000,79.529999,79.750000,75.088989,7670500
2022-02-14,79.580002,79.730003,78.440002,78.949997,74.335739,5389800
2022-02-15,79.389999,79.930000,79.209999,79.769997,75.107826,5712800
2022-02-16,79.470001,79.779999,78.220001,79.190002,74.561722,6227000
2022-02-17,78.760002,78.980003,75.330002,75.529999,71.115631,9247100
2022-02-18,75.500000,75.730003,74.279999,74.570000,70.211739,7790100
2022-02-22,73.820000,74.910004,73.620003,74.120003,69.788033,8039000
2022-02-23,74.070000,74.379997,72.349998,72.470001,68.234474,6807100
2022-02-24,70.940002,74.940002,70.230003,74.809998,70.437698,11240500
2022-02-25,74.650002,76.830002,74.320000,76.349998,71.887688,8291800
2022-02-28,75.570000,76.699997,75.019997,75.970001,71.529907,9234400
2022-03-01,75.980003,76.500000,75.620003,76.010002,71.567581,8752100
2022-03-02,76.449997,78.860001,76.250000,78.279999,73.704887,8527200
2022-03-03,78.959999,79.040001,77.430000,78.250000,73.676636,8203000
2022-03-04,77.669998,77.910004,75.779999,76.489998,72.019524,8841300
2022-03-07,76.290001,76.389999,73.440002,74.320000,69.976349,11110100
2022-03-08,73.839996,75.230003,73.110001,73.330002,69.044205,9134100
2022-03-09,74.919998,76.949997,74.690002,76.099998,71.652313,8959500
2022-03-10,75.099998,76.849998,75.029999,76.650002,72.170158,13812600
2022-03-11,76.699997,79.900002,74.000000,77.820000,73.271797,22795800
2022-03-14,77.919998,78.599998,75.440002,77.070000,72.565636,13306200
2022-03-15,78.050003,81.540001,77.070000,80.599998,75.889290,16847200
2022-03-16,81.000000,81.230003,77.750000,79.959999,75.286720,14071300
2022-03-17,79.779999,81.290001,79.260002,80.599998,75.889290,10462400
2022-03-18,79.629997,81.989998,78.839996,81.680000,76.906174,24176000
2022-03-21,81.279999,81.980003,80.269997,80.959999,76.228264,8131300
2022-03-22,81.459999,82.230003,80.830002,81.800003,77.019188,9292300
2022-03-23,81.250000,81.410004,80.220001,80.389999,75.691582,7451100
2022-03-24,80.650002,82.820000,80.489998,82.239998,77.433472,7025700
2022-03-25,82.040001,82.839996,81.230003,81.730003,76.953270,5682300
2022-03-28,81.739998,83.709999,81.739998,83.599998,78.713982,6626700
2022-03-29,84.489998,84.510002,83.110001,84.290001,79.363655,5762000
2022-03-30,83.959999,84.360001,83.120003,83.360001,78.487999,5533100
2022-03-31,83.110001,83.910004,82.589996,82.730003,77.894806,9433300
2022-04-01,83.040001,83.360001,81.470001,82.010002,77.216911,6147500
2022-04-04,82.250000,84.300003,82.000000,84.070000,79.156494,7882400
2022-04-05,83.400002,84.519997,82.669998,82.940002,78.092537,5143400
2022-04-06,81.919998,82.470001,81.370003,82.120003,77.320465,5492400
2022-04-07,81.250000,82.010002,80.779999,81.540001,77.074707,7112200
2022-04-08,81.709999,81.830002,80.260002,80.940002,76.507576,6182500
2022-04-11,80.629997,81.129997,79.699997,79.760002,75.392181,5738400
2022-04-12,79.949997,80.989998,79.019997,79.330002,74.985725,6174700
2022-04-13,79.260002,79.959999,78.629997,79.750000,75.382729,4728600
2022-04-14,79.830002,80.360001,79.320000,79.449997,75.099159,5590400
2022-04-18,79.150002,79.980003,77.910004,78.220001,73.936508,4955900
2022-04-19,78.250000,79.779999,78.239998,79.559998,75.203140,5412400
2022-04-20,79.790001,81.860001,79.790001,80.290001,75.893166,9472600
2022-04-21,81.489998,81.599998,79.330002,79.480003,75.127541,5616100
2022-04-22,79.269997,79.699997,76.160004,76.209999,72.036591,9357100
2022-04-25,76.199997,77.059998,74.699997,76.980003,72.764435,7305900
2022-04-26,76.349998,76.650002,74.480003,74.510002,70.429688,7555200
2022-04-27,74.580002,76.019997,74.419998,74.760002,70.666016,7279200
2022-04-28,75.519997,76.629997,74.599998,76.139999,71.970421,6177900
2022-04-29,75.339996,75.870003,73.150002,73.400002,69.380463,7946900
2022-05-02,73.930000,74.599998,72.529999,74.000000,69.947617,7379900
2022-05-03,73.849998,74.209999,72.809998,73.290001,69.276489,5211500
2022-05-04,73.379997,75.349998,72.790001,75.209999,71.091347,6759900
2022-05-05,74.000000,74.720001,71.989998,72.800003,68.813332,7197200
2022-05-06,72.129997,72.940002,71.629997,72.489998,68.520302,6222500
2022-05-09,71.639999,72.589996,71.169998,71.540001,67.622337,7019700
2022-05-10,72.500000,73.620003,71.269997,72.529999,68.558105,8129000
2022-05-11,72.309998,73.459999,70.870003,71.029999,67.140244,6932100
2022-05-12,70.879997,70.930000,68.970001,70.730003,66.856682,11698900
2022-05-13,70.959999,71.980003,70.529999,71.169998,67.272591,6700100
2022-05-16,70.690002,70.910004,69.389999,69.709999,65.892540,6942100
2022-05-17,71.050003,71.900002,70.699997,71.879997,67.943695,5952500
2022-05-18,70.800003,70.940002,67.809998,68.300003,64.559769,7977300
2022-05-19,67.480003,67.900002,66.720001,67.040001,63.368748,9451600
2022-05-20,67.879997,68.690002,66.849998,68.629997,64.871674,7531100
2022-05-23,69.309998,70.470001,68.669998,70.040001,66.204460,7370200
2022-05-24,69.669998,70.529999,68.309998,69.029999,65.249794,6644100
2022-05-25,68.879997,70.220001,68.769997,69.830002,66.005959,7103300
2022-05-26,70.129997,72.120003,69.910004,71.660004,67.735764,6758900
2022-05-27,72.360001,72.849998,71.550003,72.779999,68.794418,6566700
2022-05-31,72.230003,72.980003,71.519997,71.919998,67.981522,16890300
2022-06-01,73.019997,73.269997,71.150002,71.599998,67.679039,5804700
2022-06-02,71.480003,73.190002,71.010002,73.139999,69.134720,6200400
2022-06-03,72.559998,72.959999,71.230003,71.790001,67.858635,8169500
2022-06-06,72.629997,74.839996,72.629997,72.970001,68.974007,5274700
2022-06-07,71.589996,73.129997,71.589996,72.690002,68.709351,5675700
2022-06-08,72.010002,72.150002,70.940002,71.379997,67.471092,5253500
2022-06-09,70.769997,71.160004,69.199997,69.220001,65.429375,6824900
2022-06-10,67.980003,68.220001,66.959999,67.139999,63.463280,10256100
2022-06-13,65.779999,66.099998,63.759998,64.050003,60.542496,16547200
2022-06-14,72.000000,72.430000,69.019997,70.720001,66.847229,29661300
2022-06-15,70.449997,71.419998,68.669998,69.699997,65.883087,11765500
2022-06-16,68.500000,68.959999,67.580002,68.709999,64.947311,10686000
2022-06-17,68.750000,69.370003,67.389999,67.720001,64.011505,16445600
2022-06-21,68.610001,69.529999,67.389999,67.680000,63.973705,10047700
2022-06-22,66.930000,67.570000,66.379997,66.529999,62.886677,8219900
2022-06-23,66.449997,67.870003,66.309998,67.629997,63.926437,8775800
2022-06-24,68.330002,70.779999,67.970001,70.699997,66.828323,20132600
2022-06-27,69.370003,70.849998,68.940002,70.410004,66.554222,8840600
2022-06-28,70.570000,71.070000,68.529999,68.580002,64.824432,7252100
2022-06-29,69.029999,70.089996,68.779999,69.209999,65.419922,8077900
2022-06-30,68.209999,70.250000,68.209999,69.870003,66.043785,9888600
2022-07-01,69.849998,70.980003,69.809998,70.870003,66.989044,7805600
2022-07-05,70.379997,72.000000,70.180000,71.989998,68.047676,9040400
2022-07-06,72.320000,72.739998,71.309998,71.660004,67.735764,6043700
2022-07-07,71.830002,71.980003,71.180000,71.830002,67.896446,7814500
2022-07-08,71.690002,72.239998,71.330002,71.870003,67.934265,4927300
2022-07-11,71.000000,71.970001,70.900002,71.570000,67.953247,4543300
2022-07-12,71.599998,71.940002,70.070000,70.410004,66.851875,7140800
2022-07-13,69.050003,70.529999,68.680000,70.029999,66.491066,6454800
2022-07-14,69.160004,69.580002,68.230003,69.449997,65.940369,4915500
2022-07-15,70.260002,70.870003,70.000000,70.739998,67.165192,5134100
2022-07-18,71.250000,71.709999,70.150002,70.209999,66.661964,4642300
2022-07-19,70.639999,72.300003,70.260002,72.239998,68.589378,7160300
2022-07-20,72.550003,73.099998,72.160004,72.589996,68.921700,5655700
2022-07-21,72.150002,74.629997,72.129997,74.540001,70.773148,7005100
2022-07-22,74.820000,75.290001,74.260002,74.900002,71.114952,6659800
2022-07-25,75.099998,75.430000,74.339996,74.860001,71.076996,5721600
2022-07-26,74.800003,75.300003,73.709999,74.029999,70.288918,7284400
2022-07-27,74.379997,76.120003,74.320000,75.870003,72.035950,6677200
2022-07-28,75.639999,77.279999,75.309998,77.040001,73.146805,5688100
2022-07-29,77.010002,78.160004,77.000000,77.839996,73.906395,5926600
2022-08-01,77.180000,77.809998,76.699997,77.440002,73.526627,5227500
2022-08-02,76.989998,77.260002,76.059998,76.349998,72.491676,6403400
2022-08-03,76.720001,77.760002,76.300003,77.370003,73.460152,6127800
2022-08-04,77.449997,77.849998,77.110001,77.400002,73.488625,3656200
2022-08-05,76.269997,77.400002,76.000000,77.349998,73.441147,4858100
2022-08-08,76.919998,77.430000,76.269997,76.470001,72.605621,4733500
2022-08-09,76.209999,76.910004,75.839996,76.769997,72.890480,4243700
2022-08-10,77.589996,77.980003,77.199997,77.540001,73.621552,5258500
2022-08-11,77.949997,78.000000,77.080002,77.160004,73.260757,5554600
2022-08-12,78.000000,79.419998,77.660004,79.150002,75.150192,6692300
2022-08-15,78.839996,79.419998,78.500000,79.110001,75.112213,3733500
2022-08-16,78.900002,79.660004,78.849998,79.519997,75.501495,6185100
2022-08-17,79.000000,79.769997,78.949997,79.250000,75.245148,5185100
2022-08-18,79.279999,79.879997,79.010002,79.320000,75.311607,4120500
2022-08-19,79.029999,79.129997,78.440002,78.660004,74.684952,4679000
2022-08-22,77.930000,77.930000,76.169998,76.459999,72.596123,5757700
2022-08-23,76.250000,77.010002,76.250000,76.410004,72.548660,4432300
2022-08-24,76.470001,76.559998,76.050003,76.169998,72.320786,3876400
2022-08-25,76.339996,76.910004,75.980003,76.889999,73.004402,3523400
2022-08-26,76.980003,77.260002,74.570000,74.650002,70.877594,4904100
2022-08-29,74.110001,74.860001,74.070000,74.190002,70.440842,4295500
2022-08-30,74.419998,74.669998,73.459999,74.139999,70.393372,5099100
2022-08-31,74.459999,75.150002,74.040001,74.150002,70.402870,8612900
2022-09-01,74.120003,75.370003,73.529999,75.300003,71.494751,8139800
2022-09-02,75.739998,76.769997,74.480003,74.680000,70.906097,11027700
2022-09-06,74.699997,75.190002,73.550003,73.830002,70.099037,7090100
2022-09-07,73.680000,74.669998,73.419998,74.489998,70.725662,5792600
2022-09-08,74.029999,74.800003,73.610001,74.650002,70.877594,6897100
2022-09-09,74.650002,76.010002,74.440002,75.910004,72.073921,7762400
2022-09-12,76.629997,77.379997,76.269997,77.080002,73.184792,15628900
2022-09-13,76.059998,79.410004,75.779999,76.040001,72.197350,29476500
2022-09-14,75.790001,75.870003,71.769997,72.120003,68.475449,21601400
2022-09-15,71.500000,72.089996,69.750000,70.239998,66.690453,12478100
2022-09-16,69.580002,69.800003,68.250000,68.830002,65.351700,23412000
2022-09-19,68.199997,69.129997,67.910004,69.070000,65.579582,8364000
2022-09-20,68.269997,68.459999,67.449997,68.110001,64.668106,8624300
2022-09-21,68.709999,68.879997,66.739998,66.750000,63.376820,6768200
2022-09-22,66.849998,66.940002,65.839996,66.029999,62.693195,7190700
2022-09-23,65.349998,65.440002,63.869999,64.550003,61.288002,9282500
2022-09-26,64.330002,64.919998,63.389999,63.450001,60.243587,6897800
2022-09-27,64.160004,64.400002,62.040001,62.419998,59.265625,9284800
2022-09-28,62.619999,63.349998,62.250000,63.070000,59.882790,8549900
2022-09-29,62.290001,62.599998,60.779999,61.400002,58.297184,8882100
2022-09-30,61.259998,62.139999,61.060001,61.070000,57.983856,9794400
2022-10-03,60.990002,63.240002,60.810001,63.080002,59.892288,9661400
2022-10-04,63.799999,65.830002,63.799999,65.690002,62.370384,9892600
2022-10-05,65.339996,67.190002,64.980003,66.639999,63.272385,9201600
2022-10-06,66.330002,66.809998,65.220001,65.300003,62.000095,6992000
2022-10-07,64.489998,64.620003,62.740002,63.290001,60.091671,7137900
2022-10-10,63.610001,63.900002,62.020000,62.570000,59.408047,6407200
2022-10-11,61.849998,63.099998,61.650002,62.410000,59.560745,7376900
2022-10-12,62.619999,64.279999,62.169998,63.779999,60.868206,9008600
2022-10-13,62.480000,65.709999,62.270000,65.199997,62.223373,10147100
2022-10-14,65.720001,66.610001,64.209999,64.309998,61.374004,8044500
2022-10-17,65.879997,67.570000,65.870003,67.019997,63.960297,11368300
2022-10-18,68.000000,68.580002,66.330002,67.029999,63.969814,6688600
2022-10-19,66.489998,67.190002,65.779999,66.300003,63.273159,5506000
2022-10-20,67.529999,69.919998,67.190002,69.250000,66.088478,17600500
2022-10-21,71.029999,72.790001,70.309998,72.699997,69.380974,15652600
2022-10-24,72.930000,73.690002,71.779999,72.919998,69.590942,11489400
2022-10-25,73.449997,74.110001,72.610001,73.139999,69.800880,9137700
2022-10-26,72.610001,75.720001,72.550003,74.820000,71.404198,10693600
2022-10-27,74.750000,75.879997,74.550003,75.150002,71.719124,7053000
2022-10-28,75.300003,77.680000,75.300003,77.360001,73.828201,8758100
2022-10-31,76.500000,78.330002,76.400002,78.070000,74.505821,12349000
2022-11-01,78.599998,79.230003,76.339996,77.110001,73.589653,7753000
2022-11-02,76.650002,77.430000,75.010002,75.120003,71.690521,7524300
2022-11-03,74.720001,75.690002,74.050003,75.029999,71.604584,6761200
2022-11-04,75.940002,76.669998,74.239998,76.000000,72.530327,7219000
2022-11-07,76.110001,77.089996,75.489998,76.739998,73.236526,5394300
2022-11-08,76.949997,77.139999,75.019997,75.639999,72.186745,9104200
2022-11-09,75.379997,76.540001,75.000000,75.660004,72.205826,6013700
2022-11-10,77.699997,78.470001,76.709999,77.169998,73.646912,10437300
2022-11-11,77.129997,77.889999,76.570000,77.739998,74.190887,7712900
2022-11-14,77.480003,79.540001,77.330002,78.529999,74.944801,7153000
2022-11-15,78.930000,80.680000,78.010002,79.180000,75.565140,7618500
2022-11-16,79.120003,80.230003,78.860001,79.889999,76.242729,6011900
2022-11-17,79.169998,79.580002,78.190002,79.199997,75.584213,5717300
2022-11-18,80.000000,80.459999,78.849998,79.730003,76.090019,6107000
2022-11-21,79.570000,80.099998,78.900002,79.820000,76.175919,5235400
2022-11-22,79.889999,82.209999,79.830002,82.120003,78.370918,8796200
2022-11-23,82.120003,82.919998,81.779999,82.559998,78.790833,6347900
2022-11-25,82.849998,83.489998,82.540001,82.720001,78.943527,2754900
2022-11-28,82.110001,82.139999,81.070000,81.389999,77.674232,5112200
2022-11-29,81.330002,81.500000,80.519997,80.849998,77.158897,4928200
2022-11-30,80.470001,83.180000,80.000000,83.029999,79.239372,9610300
2022-12-01,83.050003,84.529999,82.349998,84.110001,80.270065,6127200
2022-12-02,83.199997,83.620003,82.580002,83.349998,79.544754,4798900
2022-12-05,82.410004,82.419998,79.410004,79.430000,75.803726,9102900
2022-12-06,79.349998,79.820000,78.059998,78.910004,75.307472,7656100
2022-12-07,78.669998,79.440002,78.580002,78.779999,75.183395,5105500
2022-12-08,79.129997,80.209999,78.529999,80.070000,76.414490,5918700
2022-12-09,79.650002,80.360001,79.540001,79.860001,76.214104,6850800
2022-12-12,80.309998,81.410004,79.940002,81.279999,77.569260,15807600
2022-12-13,84.940002,85.580002,79.699997,80.559998,76.882133,22812200
2022-12-14,80.809998,82.889999,80.570000,81.820000,78.084602,11183100
2022-12-15,80.790001,81.029999,79.459999,80.070000,76.414490,8196800
2022-12-16,79.959999,80.459999,79.480003,79.580002,75.946869,19200700
2022-12-19,79.919998,81.099998,79.680000,80.500000,76.824875,7738800
2022-12-20,80.500000,81.489998,80.349998,80.940002,77.244789,6390200
2022-12-21,81.349998,82.139999,80.940002,81.500000,77.779221,5932400
2022-12-22,80.940002,81.169998,79.430000,80.489998,76.815315,8181400
2022-12-23,80.510002,80.900002,79.989998,80.849998,77.158897,4129100
2022-12-27,80.879997,81.470001,80.610001,80.980003,77.282967,4290700
2022-12-28,81.089996,81.639999,80.190002,80.330002,76.662636,3794000
2022-12-29,80.970001,81.800003,80.699997,81.400002,77.683792,3867800
2022-12-30,81.129997,81.930000,80.760002,81.739998,78.008278,5375700
2023-01-03,82.470001,83.839996,82.260002,83.720001,79.897858,8997500
2023-01-04,84.199997,85.169998,83.639999,84.480003,80.623177,7836200
2023-01-05,85.000000,85.400002,83.220001,84.309998,80.460922,7643800
2023-01-06,84.739998,86.339996,83.820000,85.660004,81.749306,8641600
2023-01-09,86.839996,87.589996,86.160004,86.419998,82.783859,7519700
2023-01-10,85.639999,86.610001,85.570000,86.500000,82.860489,5703300
2023-01-11,87.370003,88.660004,87.089996,88.599998,84.872139,8359700
2023-01-12,88.699997,89.199997,88.169998,88.779999,85.044556,6071100
2023-01-13,87.949997,89.470001,87.660004,89.199997,85.446892,5090800
2023-01-17,89.190002,89.440002,88.430000,88.599998,84.872139,6550400
2023-01-18,88.599998,88.629997,86.599998,86.709999,83.061653,6397700
2023-01-19,86.400002,86.989998,85.260002,85.940002,82.324066,5597000
2023-01-20,86.029999,87.379997,85.500000,87.250000,83.578926,5567300
2023-01-23,87.190002,89.129997,86.970001,88.970001,85.226585,7390200
2023-01-24,89.050003,90.099998,88.000000,89.699997,85.925850,7004600
2023-01-25,88.699997,89.860001,87.739998,89.639999,85.868385,5896800
2023-01-26,89.889999,90.489998,89.089996,89.830002,86.050385,7302800
2023-01-27,89.500000,89.720001,88.959999,88.989998,85.245728,5676800
2023-01-30,88.470001,88.620003,86.989998,87.349998,83.674744,6255300
2023-01-31,87.690002,88.480003,87.349998,88.459999,84.738022,6200400
2023-02-01,88.370003,90.650002,88.209999,90.050003,86.261139,6141300
2023-02-02,90.660004,91.220001,88.949997,89.379997,85.619316,8269200
2023-02-03,88.470001,90.260002,88.269997,89.620003,85.849213,5671800
2023-02-06,89.510002,89.610001,88.400002,88.529999,84.805092,4097200
2023-02-07,87.870003,88.019997,86.300003,87.739998,84.048317,9226000
2023-02-08,86.930000,87.919998,86.510002,86.690002,83.042496,7624400
2023-02-09,87.139999,87.900002,86.330002,86.650002,83.004181,4960300
2023-02-10,86.529999,87.379997,86.339996,87.139999,83.473549,5318400
2023-02-13,87.279999,89.449997,87.199997,89.419998,85.657646,5560900
2023-02-14,89.000000,89.410004,87.709999,89.089996,85.341507,7484800
2023-02-15,88.849998,89.209999,88.029999,88.339996,84.623070,4329900
2023-02-16,87.459999,88.269997,87.010002,87.720001,84.029175,5942500
2023-02-17,87.199997,87.430000,86.510002,87.279999,83.607674,6398400
2023-02-21,86.760002,86.940002,86.150002,86.199997,82.573120,5260300
2023-02-22,86.680000,87.180000,85.980003,86.320000,82.688057,5840100
2023-02-23,87.150002,89.480003,87.059998,88.580002,84.852974,8637100
2023-02-24,87.309998,88.889999,87.139999,88.660004,84.929611,7659200
2023-02-27,88.860001,88.970001,87.360001,87.959999,84.259048,6748800
2023-02-28,87.699997,88.010002,87.180000,87.400002,83.722633,7468000
2023-03-01,86.900002,87.209999,85.989998,86.339996,82.707222,5119800
2023-03-02,86.059998,87.279999,85.870003,86.970001,83.310722,5293600
2023-03-03,87.320000,89.290001,87.080002,89.250000,85.494797,5498500
2023-03-06,89.410004,90.669998,89.150002,89.739998,85.964180,7424800
2023-03-07,89.580002,90.080002,88.050003,88.360001,84.642250,5382400
2023-03-08,88.400002,89.089996,88.150002,88.489998,84.766754,5159200
2023-03-09,88.330002,89.639999,86.529999,86.870003,83.214920,10572300
2023-03-10,84.410004,85.250000,82.879997,84.070000,80.532730,16029300
2023-03-13,83.320000,85.529999,82.040001,84.930000,81.356544,10299800
2023-03-14,85.930000,85.930000,83.430000,84.559998,81.002121,8732200
2023-03-15,83.080002,83.370003,82.120003,82.980003,79.488602,11463000
2023-03-16,82.919998,85.110001,82.080002,84.820000,81.251175,10148100
2023-03-17,85.000000,85.980003,84.610001,85.260002,81.672668,13065800
2023-03-20,85.279999,87.510002,85.250000,86.959999,83.301125,9177300
2023-03-21,87.489998,87.849998,86.660004,87.580002,83.895058,6683700
2023-03-22,87.540001,89.160004,87.440002,87.900002,84.201591,7233700
2023-03-23,88.650002,89.639999,87.639999,87.779999,84.086632,10747100
2023-03-24,87.980003,88.480003,87.510002,88.010002,84.306969,5852100
2023-03-27,88.620003,90.500000,88.550003,90.139999,86.347343,8170100
2023-03-28,90.220001,90.879997,89.480003,89.849998,86.069550,6378900
2023-03-29,90.129997,90.660004,89.809998,90.620003,86.807152,5233600
2023-03-30,90.849998,91.180000,89.709999,90.510002,86.701782,5640700
2023-03-31,90.559998,93.000000,90.410004,92.919998,89.010368,10476300
2023-04-03,92.379997,94.000000,92.089996,93.919998,89.968285,8410900
2023-04-04,93.849998,94.019997,92.930000,94.000000,90.044945,6651500
2023-04-05,93.620003,95.110001,93.480003,94.889999,90.897491,7478800
2023-04-06,94.330002,96.080002,93.989998,95.919998,91.884132,9146200
2023-04-10,94.680000,95.110001,93.550003,93.760002,90.191139,8681500
2023-04-11,93.459999,94.129997,93.199997,93.970001,90.393135,8196000
2023-04-12,94.379997,95.320000,93.599998,93.900002,90.325813,8040300
2023-04-13,94.180000,95.750000,93.940002,95.550003,91.913002,6240200
2023-04-14,95.500000,95.989998,94.680000,95.709999,92.066917,6485100
2023-04-17,95.639999,95.989998,95.309998,95.589996,91.951477,4772400
2023-04-18,96.000000,96.739998,95.769997,96.470001,92.797981,7219400
2023-04-19,95.589996,96.470001,95.589996,95.809998,92.163094,4766200
2023-04-20,96.000000,96.150002,94.599998,94.830002,91.220398,5815500
2023-04-21,95.010002,95.309998,94.260002,95.150002,91.528229,7335800
2023-04-24,95.339996,96.080002,94.970001,95.440002,91.807182,4901700
2023-04-25,95.139999,95.699997,94.019997,94.059998,90.479698,5768800
2023-04-26,93.750000,94.809998,93.339996,93.709999,90.143028,6395500
2023-04-27,94.309998,95.089996,93.290001,95.040001,91.422401,5615700
2023-04-28,94.269997,95.400002,94.239998,94.720001,91.114594,8498500
2023-05-01,94.800003,95.730003,94.699997,94.870003,91.258881,5459800
2023-05-02,94.930000,95.239998,93.849998,94.800003,91.191551,5995100
2023-05-03,95.070000,95.419998,94.540001,94.779999,91.172318,6744800
2023-05-04,94.980003,95.120003,94.410004,94.970001,91.355080,5038200
2023-05-05,95.000000,97.309998,94.830002,96.970001,93.278961,8068600
2023-05-08,97.080002,97.279999,96.440002,96.790001,93.105804,5314800
2023-05-09,96.199997,96.889999,96.099998,96.139999,92.480545,6333500
2023-05-10,96.790001,97.680000,96.260002,97.519997,93.808006,5935300
2023-05-11,97.540001,97.629997,96.339996,97.440002,93.731064,5144500
2023-05-12,97.610001,97.919998,96.930000,97.849998,94.125458,4994700
2023-05-15,97.870003,97.959999,97.050003,97.260002,93.557907,4443700
2023-05-16,97.169998,98.849998,96.919998,98.250000,94.510216,6896500
2023-05-17,98.779999,100.400002,98.430000,99.769997,95.972366,9436000
2023-05-18,99.769997,102.459999,99.730003,102.339996,98.444542,10005700
2023-05-19,102.389999,103.070000,101.919998,102.839996,98.925514,8560300
2023-05-22,102.480003,103.099998,101.730003,101.769997,97.896240,5890500
2023-05-23,101.070000,101.430000,98.470001,98.540001,94.789192,10047300
2023-05-24,97.949997,98.879997,97.290001,98.320000,94.577568,6815900
2023-05-25,99.199997,104.660004,98.769997,104.290001,100.320320,16729600
2023-05-26,104.349998,106.230003,104.029999,104.080002,100.118317,13994100
2023-05-30,104.900002,105.980003,104.190002,105.150002,101.147598,10296700
2023-05-31,104.470001,106.489998,104.150002,105.940002,101.907516,13713500
2023-06-01,104.879997,106.610001,104.779999,105.989998,101.955620,7835900
2023-06-02,106.519997,106.769997,105.750000,105.889999,101.859421,8652400
2023-06-05,105.889999,107.599998,105.529999,106.930000,102.859833,7442000
2023-06-06,106.809998,107.489998,106.150002,107.099998,103.023376,7023000
2023-06-07,107.139999,108.370003,104.839996,105.250000,101.243767,9842500
2023-06-08,105.669998,107.790001,105.349998,107.480003,103.388908,9526700
2023-06-09,107.699997,110.150002,107.410004,109.849998,105.668694,12597100
2023-06-12,114.339996,117.510002,114.339996,116.430000,111.998222,39081500
2023-06-13,123.320000,123.989998,116.019997,116.680000,112.238708,39190900
2023-06-14,116.500000,122.510002,115.739998,122.269997,117.615921,26264200
2023-06-15,121.949997,127.540001,121.660004,126.550003,121.733017,27476700
2023-06-16,127.139999,127.400002,125.150002,125.459999,120.684502,19514700
2023-06-20,124.449997,125.250000,121.959999,122.040001,117.394676,16273000
2023-06-21,121.949997,123.360001,120.360001,122.099998,117.452415,17583000
2023-06-22,121.610001,122.589996,120.070000,120.580002,115.990257,12203400
2023-06-23,119.589996,119.900002,118.139999,118.639999,114.124107,19734300
2023-06-26,117.989998,119.430000,116.699997,116.779999,112.334900,8987000
2023-06-27,116.570000,118.459999,116.260002,117.839996,113.354561,6970400
2023-06-28,116.779999,118.620003,116.389999,116.529999,112.094421,9240500
2023-06-29,115.650002,117.800003,114.629997,117.779999,113.296844,9234300
2023-06-30,119.839996,121.730003,119.029999,119.089996,114.556976,13703100
2023-07-03,118.010002,118.250000,116.830002,117.150002,112.690826,4284700
2023-07-05,116.519997,117.010002,115.410004,115.959999,111.546120,8466500
2023-07-06,114.669998,115.809998,114.639999,115.449997,111.055542,7982800
2023-07-07,114.839996,115.980003,114.489998,114.610001,110.247505,7001600
2023-07-10,114.279999,115.029999,113.660004,114.379997,110.026253,6931000
2023-07-11,114.199997,115.000000,113.430000,114.879997,110.895042,6117100
2023-07-12,115.669998,118.089996,115.639999,116.019997,111.995491,11011600
2023-07-13,117.089996,118.580002,116.760002,117.449997,113.375893,9359600
2023-07-14,118.180000,119.970001,117.680000,119.269997,115.132759,7723800
2023-07-17,118.849998,119.970001,118.250000,118.889999,114.765945,6735900
2023-07-18,118.779999,121.290001,117.809998,120.769997,116.580734,8903600
2023-07-19,120.820000,121.360001,118.419998,118.690002,114.572891,7609000
2023-07-20,117.489998,119.050003,115.230003,115.879997,111.860352,12913000
2023-07-21,116.489998,119.269997,116.209999,117.650002,113.568947,9159600
2023-07-24,117.940002,118.540001,116.730003,118.070000,113.974373,6200400
2023-07-25,117.980003,118.510002,116.809998,117.949997,113.858551,6266300
2023-07-26,117.419998,117.620003,115.000000,115.500000,111.493530,8160000
2023-07-27,117.550003,117.599998,115.639999,116.400002,112.362297,7843000
2023-07-28,116.680000,117.300003,115.650002,115.989998,111.966515,6910400
2023-07-31,116.430000,117.239998,115.830002,117.230003,113.163528,6703100
2023-08-01,116.919998,118.040001,116.480003,117.910004,113.819946,5246000
2023-08-02,116.919998,116.980003,114.320000,115.709999,111.696251,6387800
2023-08-03,115.239998,116.169998,114.260002,114.550003,110.576508,5193800
2023-08-04,115.339996,116.400002,114.260002,114.440002,110.470299,5579300
2023-08-07,115.470001,116.379997,115.070000,116.099998,112.072731,7347000
2023-08-08,115.040001,115.610001,114.220001,115.230003,111.232910,4694800
2023-08-09,115.339996,115.709999,112.330002,113.099998,109.176781,6542400
2023-08-10,113.779999,115.089996,112.480003,112.989998,109.070595,6004100
2023-08-11,112.389999,113.480003,111.129997,113.059998,109.138176,5288900
2023-08-14,113.180000,115.809998,113.150002,115.570000,111.561111,6494200
2023-08-15,115.449997,118.059998,114.839996,117.290001,113.221443,10412200
2023-08-16,117.160004,117.809998,115.269997,115.339996,111.339096,5722000
2023-08-17,115.739998,116.779999,114.360001,114.879997,110.895042,6183900
2023-08-18,114.500000,116.989998,113.949997,116.459999,112.420227,9412800
2023-08-21,116.900002,117.349998,115.190002,116.589996,112.545723,5811200
2023-08-22,117.510002,117.680000,115.730003,116.540001,112.497459,4960300
2023-08-23,117.099998,120.449997,112.110001,117.839996,113.752365,16517300
2023-08-24,119.680000,119.730003,112.410004,112.910004,108.993378,11995900
2023-08-25,112.910004,116.150002,112.739998,116.059998,112.034096,8758100
2023-08-28,116.370003,117.709999,115.699997,116.839996,112.787056,4514800
2023-08-29,120.949997,121.209999,118.529999,120.650002,116.464890,11920500
2023-08-30,120.720001,121.739998,120.150002,121.120003,116.918587,5601800
2023-08-31,121.000000,121.980003,120.120003,120.389999,116.213921,9109800
2023-09-01,121.010002,121.690002,120.089996,120.930000,116.735184,6189900
2023-09-05,122.440002,124.279999,121.180000,123.980003,119.679375,11089600
2023-09-06,123.059998,124.580002,122.730003,124.330002,120.017235,8728500
2023-09-07,123.830002,125.959999,122.589996,125.089996,120.750885,11864400
2023-09-08,124.800003,126.690002,124.349998,126.320000,121.938210,10595500
2023-09-11,127.019997,127.419998,124.720001,126.709999,122.314667,22155600
2023-09-12,112.080002,113.300003,107.300003,109.610001,105.807846,68605700
2023-09-13,108.320000,112.940002,108.199997,111.839996,107.960495,27171000
2023-09-14,113.500000,115.139999,111.949997,113.660004,109.717377,19849700
2023-09-15,114.190002,115.199997,112.500000,113.910004,109.958687,23215000
2023-09-18,113.419998,114.470001,111.580002,112.209999,108.317650,11744100
2023-09-19,112.480003,113.739998,111.709999,112.769997,108.858223,9536100
2023-09-20,112.809998,114.699997,112.459999,112.870003,108.954788,8777100
2023-09-21,111.510002,112.500000,109.330002,109.430000,105.634102,12645800
2023-09-22,109.989998,110.599998,108.510002,109.029999,105.247963,11150000
2023-09-25,108.449997,108.650002,107.500000,108.300003,104.543289,8410000
2023-09-26,107.139999,107.400002,104.309998,104.879997,101.241928,13209000
2023-09-27,105.000000,105.279999,103.349998,104.620003,100.990944,8916400
2023-09-28,104.029999,106.599998,103.269997,106.150002,102.467873,7373600
2023-09-29,107.110001,107.370003,105.379997,105.919998,102.245842,7299100
2023-10-02,105.809998,106.730003,105.290001,106.709999,103.008430,5963500
2023-10-03,106.419998,106.500000,103.540001,104.519997,100.894402,8783300
2023-10-04,104.959999,107.300003,104.500000,107.080002,103.365608,8842700
2023-10-05,106.970001,108.440002,106.190002,108.349998,104.591553,7651500
2023-10-06,107.930000,110.529999,107.580002,109.959999,106.145699,8247000
2023-10-09,110.750000,110.970001,109.470001,110.320000,106.493217,6012400
2023-10-10,110.209999,111.059998,109.620003,109.709999,105.904366,6910400
2023-10-11,109.510002,110.059998,108.830002,109.639999,106.224091,5641700
2023-10-12,109.949997,110.919998,108.879997,109.110001,105.710602,6598500
2023-10-13,109.190002,109.510002,107.790001,108.250000,104.877403,5879400
2023-10-16,108.949997,109.589996,108.309998,108.709999,105.323067,5488000
2023-10-17,107.580002,109.790001,106.900002,109.040001,105.642784,5261800
2023-10-18,108.400002,109.730003,107.860001,108.250000,104.877403,5123900
2023-10-19,108.629997,110.220001,108.190002,108.339996,104.964607,7989200
2023-10-20,106.989998,107.040001,100.660004,101.849998,98.676796,21831400
2023-10-23,102.040001,104.690002,102.010002,103.660004,100.430405,10722600
2023-10-24,103.949997,104.459999,102.500000,103.199997,99.984734,6174000
2023-10-25,102.699997,103.669998,101.010002,101.430000,98.269882,7081700
2023-10-26,101.690002,102.389999,99.870003,100.400002,97.271965,7565600
2023-10-27,101.000000,102.089996,100.589996,100.989998,97.843590,5207900
2023-10-30,101.139999,102.410004,100.820000,101.650002,98.483025,5433700
2023-10-31,102.010002,103.519997,101.099998,103.400002,100.178520,6258400
2023-11-01,103.800003,106.199997,103.800003,105.750000,102.455292,8602400
2023-11-02,106.449997,107.220001,105.570000,106.870003,103.540398,5918300
2023-11-03,107.169998,109.070000,106.620003,108.050003,104.683624,7280000
2023-11-06,108.059998,109.209999,107.440002,109.110001,105.710602,6062800
2023-11-07,109.989998,110.379997,108.580002,108.989998,105.594360,7412600
2023-11-08,109.230003,112.559998,109.190002,112.330002,108.830292,10994900
2023-11-09,112.400002,113.309998,111.610001,112.180000,108.684967,6853900
2023-11-10,112.089996,113.180000,111.139999,113.070000,109.547234,5233900
2023-11-13,113.070000,114.489998,112.779999,114.150002,110.593582,5740500
2023-11-14,114.860001,116.459999,114.449997,116.099998,112.482834,6733700
2023-11-15,116.150002,116.309998,113.930000,114.059998,110.506393,7386200
2023-11-16,113.760002,115.870003,113.470001,114.669998,111.097374,7476100
2023-11-17,114.610001,115.639999,114.160004,115.360001,111.765884,4791300
2023-11-20,115.650002,117.150002,115.510002,116.919998,113.277275,5728300
2023-11-21,117.209999,117.669998,115.680000,116.080002,112.463455,5995300
2023-11-22,116.699997,117.290001,115.510002,116.239998,112.618469,4343700
2023-11-24,116.489998,116.589996,115.339996,116.250000,112.628159,2168200
2023-11-27,116.010002,116.769997,115.449997,116.470001,112.841301,5165300
2023-11-28,116.000000,116.800003,115.870003,116.239998,112.618469,4892600
2023-11-29,117.339996,117.580002,115.959999,116.209999,112.589394,6127200
2023-11-30,116.860001,117.230003,115.180000,116.209999,112.589394,11075600
2023-12-01,116.070000,117.349998,115.260002,117.160004,113.509811,5739800
2023-12-04,116.269997,116.680000,114.550003,115.779999,112.172806,5587500
2023-12-05,114.570000,115.269997,113.809998,114.529999,110.961746,5913600
2023-12-06,114.940002,114.989998,111.930000,112.029999,108.539635,7815700
2023-12-07,112.410004,113.029999,111.809998,112.870003,109.353462,6772800
2023-12-08,112.010002,113.639999,111.589996,113.610001,110.070404,7766000
2023-12-11,113.769997,115.349998,113.610001,115.129997,111.543045,19544200
2023-12-12,102.699997,104.949997,100.690002,100.809998,97.669197,57666500
2023-12-13,101.080002,103.099998,99.260002,102.989998,99.781265,29392200
2023-12-14,101.870003,102.250000,99.870003,100.309998,97.184769,22865200
2023-12-15,99.690002,103.989998,99.360001,103.320000,100.100990,30212300
2023-12-18,103.410004,106.160004,102.910004,105.000000,101.728661,13473100
2023-12-19,104.980003,106.339996,104.800003,106.250000,102.939728,10108500
2023-12-20,105.949997,106.089996,104.050003,104.150002,100.905121,9242000
2023-12-21,104.699997,105.930000,104.519997,105.860001,102.561859,8168000
2023-12-22,105.699997,106.489998,105.459999,106.199997,102.891273,5680000
2023-12-26,106.519997,106.650002,105.339996,106.190002,102.881592,5767400
2023-12-27,106.320000,106.330002,105.559998,105.940002,102.639374,5627400
2023-12-28,106.010002,106.610001,105.580002,106.250000,102.939728,5689100
2023-12-29,106.599998,106.919998,104.779999,105.430000,102.145248,6899700
2024-01-02,104.519997,104.680000,102.440002,104.059998,100.817940,9597500
2024-01-03,103.300003,103.379997,101.739998,102.459999,99.267792,9455600
2024-01-04,102.769997,103.360001,102.400002,102.589996,99.393745,6822300
2024-01-05,102.529999,103.720001,102.290001,102.730003,99.529381,6133800
2024-01-08,102.940002,104.769997,102.129997,104.660004,101.399261,7038700
2024-01-09,103.849998,104.480003,103.290001,103.629997,100.401337,6725200
2024-01-10,103.089996,104.070000,102.720001,103.919998,101.072426,7270500
2024-01-11,104.349998,104.839996,103.540001,104.769997,101.899132,6119000
2024-01-12,105.099998,106.699997,104.970001,106.599998,103.679001,9703800
2024-01-16,106.410004,106.660004,105.419998,106.570000,103.649826,7547200
2024-01-17,106.459999,107.500000,105.680000,106.430000,103.513657,7771500
2024-01-18,106.989998,108.879997,106.620003,108.699997,105.721451,10362300
2024-01-19,109.320000,110.220001,109.019997,109.669998,106.664879,11163800
2024-01-22,110.059998,110.690002,109.269997,110.099998,107.083076,7485300
2024-01-23,110.290001,112.680000,109.559998,111.830002,108.765701,9185900
2024-01-24,113.419998,115.419998,113.330002,114.309998,111.177734,11702700
2024-01-25,114.889999,116.180000,114.349998,115.000000,111.848831,8877200
2024-01-26,114.639999,115.480003,114.269997,114.639999,111.498680,5541800
2024-01-29,114.190002,114.589996,113.010002,113.750000,110.633080,7014400
2024-01-30,113.360001,114.400002,112.629997,114.160004,111.031845,8231900
2024-01-31,113.809998,114.269997,111.669998,111.699997,108.639236,7386700
2024-02-01,112.910004,115.779999,112.550003,115.529999,112.364296,7882200
2024-02-02,115.820000,116.489998,115.160004,115.790001,112.617180,6499400
2024-02-05,115.529999,116.720001,114.769997,116.389999,113.200737,8084500
2024-02-06,116.739998,116.949997,114.980003,115.300003,112.140602,4637500
2024-02-07,115.800003,117.589996,115.300003,117.269997,114.056618,7672900
2024-02-08,117.089996,117.790001,115.970001,116.680000,113.482796,4472800
2024-02-09,117.059998,117.339996,115.730003,116.639999,113.443871,5787100
2024-02-12,116.260002,117.099998,115.379997,115.839996,112.665810,5439600
2024-02-13,113.790001,114.209999,113.000000,113.680000,110.564995,8171700
2024-02-14,114.320000,114.720001,113.529999,114.260002,111.129105,5946100
2024-02-15,114.250000,114.309998,112.570000,112.779999,109.689651,8455600
2024-02-16,113.019997,113.110001,111.250000,111.309998,108.259933,8936000
2024-02-20,110.540001,110.769997,107.680000,108.449997,105.478310,10975600
2024-02-21,106.760002,108.379997,106.510002,108.160004,105.196251,7865300
2024-02-22,111.489998,111.889999,109.660004,111.010002,107.968155,8957800
2024-02-23,112.000000,113.370003,111.709999,111.949997,108.882393,7504500
2024-02-26,112.000000,112.540001,110.930000,110.970001,107.929253,6342900
2024-02-27,110.620003,111.510002,109.790001,111.379997,108.328011,6593100
2024-02-28,111.260002,112.019997,111.099998,111.680000,108.619804,5278300
2024-02-29,111.680000,112.440002,110.639999,111.680000,108.619804,12193900
2024-03-01,111.680000,113.940002,111.519997,113.779999,110.662262,7605100
2024-03-04,113.580002,114.599998,113.389999,114.059998,110.934586,6588100
2024-03-05,112.820000,113.199997,110.370003,110.940002,107.900070,8242000
2024-03-06,111.500000,113.050003,110.669998,112.269997,109.193626,6706400
2024-03-07,113.940002,114.800003,112.290001,114.540001,111.401428,7670100
2024-03-08,114.070000,114.330002,111.540001,112.419998,109.339508,8312900
2024-03-11,111.610001,114.750000,111.180000,114.129997,111.002670,20438300
2024-03-12,126.260002,129.369995,124.599998,127.540001,124.045212,48536100
2024-03-13,128.000000,128.800003,124.830002,125.519997,122.080559,15870300
2024-03-14,127.230003,127.800003,124.940002,125.529999,122.090279,10965900
2024-03-15,124.040001,126.010002,123.559998,125.540001,122.100006,17844900
2024-03-18,127.199997,128.949997,126.879997,127.800003,124.298096,12231400
2024-03-19,127.750000,129.210007,126.489998,129.190002,125.649994,10221000
2024-03-20,129.979996,130.690002,128.270004,129.240005,125.698624,8373300
2024-03-21,130.520004,132.770004,128.949997,129.009995,125.474930,17842400
2024-03-22,129.009995,129.210007,127.550003,127.790001,124.288361,6660000
2024-03-25,127.669998,127.669998,126.050003,126.080002,122.625214,7446100
2024-03-26,126.750000,126.940002,125.839996,126.470001,123.004532,7063900
2024-03-27,127.330002,127.820000,124.470001,125.269997,121.837410,8115900
2024-03-28,125.389999,126.169998,125.199997,125.610001,122.168076,6587400
2024-04-01,125.540001,126.269997,124.559998,125.480003,122.041664,4133600
2024-04-02,124.510002,124.930000,123.430000,124.339996,120.932884,4862400
2024-04-03,124.260002,126.410004,124.059998,126.239998,122.780823,7430000
2024-04-04,127.599998,127.989998,124.029999,124.190002,120.787003,7588300
2024-04-05,124.419998,126.000000,124.139999,124.900002,121.477547,4899500
2024-04-08,125.000000,125.120003,123.760002,124.349998,120.942612,6119200
2024-04-09,124.349998,124.750000,121.239998,123.230003,120.240105,5564100
2024-04-10,121.349998,123.080002,121.320000,121.750000,118.796005,4509900
2024-04-11,121.720001,123.820000,121.360001,123.239998,120.249840,7315200
2024-04-12,121.739998,121.839996,120.419998,121.110001,118.171524,6196900
2024-04-15,122.180000,122.470001,119.440002,119.879997,116.971367,5101500
2024-04-16,120.089996,121.440002,119.750000,120.620003,117.693428,7000000
2024-04-17,120.980003,121.040001,118.610001,118.669998,115.790733,5366600
2024-04-18,118.760002,118.760002,115.699997,116.000000,113.185509,6662400
2024-04-19,116.120003,116.769997,114.459999,114.879997,112.092682,8251500
2024-04-22,116.029999,116.339996,114.339996,114.529999,111.751175,7125500
2024-04-23,115.169998,115.860001,114.750000,115.089996,112.297577,5494800
2024-04-24,115.379997,115.730003,113.879997,115.339996,112.541527,5791800
2024-04-25,113.629997,114.989998,112.779999,114.889999,112.102440,6796600
2024-04-26,117.040001,119.209999,116.150002,117.209999,114.366150,8355100
2024-04-29,116.989998,117.309998,115.290001,116.489998,113.663612,4994100
2024-04-30,115.089996,115.519997,113.690002,113.750000,110.990105,6234700
2024-05-01,113.910004,116.760002,113.650002,114.629997,111.848763,5583600
2024-05-02,115.230003,115.809998,114.260002,114.959999,112.170746,5001000
2024-05-03,115.980003,116.209999,115.070000,115.800003,112.990372,4485000
2024-05-06,116.330002,118.360001,116.180000,118.339996,115.468735,6052400
2024-05-07,118.000000,119.129997,117.290001,117.930000,115.068687,6437700
2024-05-08,117.709999,117.980003,117.110001,117.389999,114.541779,4636000
2024-05-09,117.389999,117.730003,116.500000,116.639999,113.809975,3236200
2024-05-10,117.150002,117.629997,115.910004,116.669998,113.839272,4122500
2024-05-13,117.129997,117.190002,116.199997,116.370003,113.546539,4140000
2024-05-14,116.500000,122.550003,116.129997,120.870003,117.937363,17811200
2024-05-15,120.169998,122.089996,119.669998,121.629997,118.678917,6604600
2024-05-16,121.940002,122.449997,121.209999,122.160004,119.196053,5159300
2024-05-17,123.180000,123.580002,122.080002,123.500000,120.503532,6179400
2024-05-20,123.800003,124.680000,123.239998,124.519997,121.498787,5989000
2024-05-21,124.459999,125.360001,123.919998,124.629997,121.606117,5549500
2024-05-22,124.629997,125.160004,123.300003,124.599998,121.576851,5705000
2024-05-23,126.550003,126.699997,123.160004,124.089996,121.079231,6108600
2024-05-24,123.419998,123.510002,121.419998,122.910004,119.927864,7173400
2024-05-28,123.239998,124.820000,123.010002,124.489998,121.469521,6911400
2024-05-29,122.989998,123.919998,122.769997,123.739998,120.737709,4735100
2024-05-30,120.169998,121.440002,117.029999,117.089996,114.249062,10839600
2024-05-31,116.589996,117.419998,114.550003,117.190002,114.346634,12755600
2024-06-03,117.529999,119.330002,117.339996,119.279999,116.385925,7256300
2024-06-04,119.019997,120.370003,118.720001,120.070000,117.156769,7368000
2024-06-05,121.650002,122.790001,120.510002,122.629997,119.654648,5973700
2024-06-06,122.879997,124.269997,122.250000,123.500000,120.503532,7347200
2024-06-07,124.209999,126.220001,123.269997,125.919998,122.864830,11545000
2024-06-10,125.730003,126.949997,124.050003,124.500000,121.479286,10164700
2024-06-11,124.050003,124.830002,122.290001,123.879997,120.874321,18373900
2024-06-12,134.690002,140.960007,133.960007,140.380005,136.973999,40871300
2024-06-13,140.429993,142.399994,138.770004,139.850006,136.456833,13733200
2024-06-14,139.259995,139.970001,137.380005,138.130005,134.778580,11330800
2024-06-17,138.800003,141.440002,138.250000,141.309998,137.881424,11232800
2024-06-18,141.220001,145.059998,141.220001,144.639999,141.130630,11629400
2024-06-20,145.320007,145.320007,141.949997,142.910004,139.442596,8940000
2024-06-21,143.720001,143.720001,140.440002,141.500000,138.066803,14844100
2024-06-24,140.000000,141.529999,139.119995,139.889999,136.495880,7793300
2024-06-25,139.000000,139.550003,137.559998,139.169998,135.793320,8205500
2024-06-26,139.490005,140.750000,138.080002,138.229996,134.876129,8036300
2024-06-27,139.250000,141.419998,138.809998,140.179993,136.778824,7518200
2024-06-28,139.440002,142.820007,139.270004,141.199997,137.774078,25814800
2024-07-01,141.690002,144.059998,141.070007,143.089996,139.618210,6552400
2024-07-02,142.630005,144.220001,142.550003,143.279999,139.803619,5920500
2024-07-03,143.750000,144.649994,143.500000,144.380005,140.876923,3560800
2024-07-05,144.949997,145.789993,144.020004,144.830002,141.316025,5365500
2024-07-08,144.759995,145.229996,143.429993,145.029999,141.511169,8622600
2024-07-09,145.130005,145.699997,138.000000,140.679993,137.266693,14334200
2024-07-10,141.119995,142.380005,139.740005,142.070007,138.622986,6350300
2024-07-11,142.360001,143.479996,141.679993,142.759995,139.689514,5245100
2024-07-12,142.710007,145.130005,141.259995,144.770004,141.656296,7361800
2024-07-15,145.729996,146.589996,141.919998,143.070007,139.992874,8687800
2024-07-16,143.070007,143.500000,142.050003,142.610001,139.542770,7181500
2024-07-17,140.479996,141.789993,138.679993,139.259995,136.264801,9157000
2024-07-18,139.360001,140.059998,137.199997,138.029999,135.061279,5998700
2024-07-19,138.350006,140.440002,138.080002,138.559998,135.579865,6111900
2024-07-22,139.740005,140.679993,139.119995,140.169998,137.155243,5387200
2024-07-23,141.300003,143.220001,141.210007,143.110001,140.031982,6697400
2024-07-24,141.699997,142.660004,138.399994,138.770004,135.785324,8018800
2024-07-25,140.149994,141.070007,137.699997,137.820007,134.855789,7654600
2024-07-26,138.869995,139.960007,138.380005,139.009995,136.020187,5139400
2024-07-29,139.270004,139.779999,137.820007,138.309998,135.335236,4054600
2024-07-30,139.070007,139.570007,134.960007,135.669998,132.751999,6505700
2024-07-31,139.690002,141.550003,138.660004,139.449997,136.450729,7188000
2024-08-01,139.289993,140.389999,135.770004,137.509995,134.552460,5906800
2024-08-02,132.770004,134.300003,131.800003,133.279999,130.413422,8251600
2024-08-05,127.889999,129.970001,126.660004,127.860001,125.110008,10355000
2024-08-06,130.539993,131.039993,128.080002,128.210007,125.452484,8373900
2024-08-07,128.919998,130.300003,125.750000,125.900002,123.192146,8617700
2024-08-08,128.000000,129.820007,127.650002,128.960007,126.186333,6243200
2024-08-09,128.399994,132.369995,128.339996,132.059998,129.219666,5597300
2024-08-12,132.250000,132.710007,131.210007,132.580002,129.728485,5600800
2024-08-13,132.970001,134.539993,132.809998,134.259995,131.372345,4324000
2024-08-14,134.039993,135.970001,134.009995,135.600006,132.683548,4044600
2024-08-15,136.929993,137.250000,135.720001,136.929993,133.984909,4698100
2024-08-16,136.789993,137.820007,136.389999,137.470001,134.513321,4893800
2024-08-19,137.529999,137.949997,136.460007,137.919998,134.953644,3641600
2024-08-20,137.820007,139.789993,137.820007,139.169998,136.176743,3738300
2024-08-21,138.800003,140.300003,138.550003,140.199997,137.184586,3776800
2024-08-22,140.699997,141.080002,137.649994,138.080002,135.110184,5162200
2024-08-23,138.729996,139.789993,137.259995,139.190002,136.196320,4544600
2024-08-26,139.389999,139.399994,138.190002,138.899994,135.912567,2729600
2024-08-27,137.850006,139.500000,137.740005,138.479996,135.501602,3872200
2024-08-28,138.830002,138.949997,136.910004,137.880005,134.914505,3022600
2024-08-29,139.139999,141.160004,138.850006,139.419998,136.421356,4588400
2024-08-30,140.330002,141.720001,140.100006,141.289993,138.251144,7980700
2024-09-03,140.449997,142.199997,138.830002,139.500000,136.499649,6831200
2024-09-04,138.440002,141.100006,137.949997,140.750000,137.722748,6243300
2024-09-05,141.399994,143.279999,140.309998,142.610001,139.542770,8733200
2024-09-06,143.789993,143.940002,139.399994,141.809998,138.759964,11154800
2024-09-09,142.490005,143.300003,139.509995,139.889999,136.881256,20233400
2024-09-10,154.229996,160.520004,153.119995,155.889999,152.537125,37374200
2024-09-11,156.779999,159.440002,154.839996,157.179993,153.799377,12630100
2024-09-12,159.039993,162.339996,157.899994,161.380005,157.909027,16161300
2024-09-13,173.699997,173.940002,161.000000,162.029999,158.545059,25727800
2024-09-16,164.990005,173.990005,164.509995,170.330002,166.666550,27384400
2024-09-17,170.279999,170.639999,166.770004,167.470001,163.868103,12580100
2024-09-18,167.619995,167.619995,163.729996,164.529999,160.991318,12274400
2024-09-19,167.250000,168.160004,164.509995,167.589996,163.985458,10075900
2024-09-20,167.130005,168.830002,166.600006,168.000000,164.386673,12187700
2024-09-23,167.229996,167.330002,164.259995,165.949997,162.380753,7916100
2024-09-24,165.740005,166.100006,163.919998,165.800003,162.233963,6155100
2024-09-25,167.690002,168.750000,165.660004,166.279999,162.703690,7142400
2024-09-26,167.649994,168.360001,166.479996,168.100006,164.484512,7096800
2024-09-27,168.089996,169.110001,166.509995,168.740005,165.110764,8974400
2024-09-30,169.500000,170.520004,166.449997,170.399994,166.735046,10210300
2024-10-01,170.220001,170.509995,165.970001,167.160004,163.564743,7595100
2024-10-02,167.600006,169.179993,167.270004,167.710007,164.102921,7073000
2024-10-03,166.889999,167.860001,166.240005,166.860001,163.271179,4735700
2024-10-04,168.710007,170.899994,168.169998,170.860001,167.185150,6386900
2024-10-07,170.419998,172.330002,169.550003,169.970001,166.314285,6791000
2024-10-08,170.600006,174.639999,170.440002,174.369995,170.619675,7845400
2024-10-09,174.559998,178.610001,173.809998,178.289993,174.455353,8120900
2024-10-10,177.649994,178.300003,174.179993,175.410004,172.023270,7115900
2024-10-11,175.500000,177.000000,174.399994,175.770004,172.376297,5869400
2024-10-14,176.550003,177.220001,175.500000,176.119995,172.719513,4688700
2024-10-15,176.940002,178.220001,173.750000,174.089996,170.728714,5848600
2024-10-16,173.500000,174.910004,171.639999,174.770004,171.395599,6383000
2024-10-17,177.500000,177.750000,175.139999,175.679993,172.288010,5474000
2024-10-18,176.800003,176.970001,174.580002,174.690002,171.317123,5001300
2024-10-21,174.449997,175.149994,173.160004,173.759995,170.405090,4198400
2024-10-22,175.449997,175.850006,174.279999,175.309998,171.925171,5510100
2024-10-23,174.500000,176.070007,173.009995,173.100006,169.757843,4830400
2024-10-24,173.320007,174.949997,172.910004,174.380005,171.013138,3488000
2024-10-25,174.779999,176.289993,173.100006,173.520004,170.169724,3674700
2024-10-28,174.050003,174.169998,172.139999,172.419998,169.090958,4330000
2024-10-29,172.289993,174.020004,172.289993,173.429993,170.081451,4122900
2024-10-30,173.979996,176.160004,172.789993,174.559998,171.189636,5822500
2024-10-31,170.520004,170.880005,167.399994,167.839996,164.599411,9477500
2024-11-01,170.149994,172.270004,169.100006,170.020004,166.737289,5680600
2024-11-04,170.309998,170.479996,168.729996,169.589996,166.315613,4804400
2024-11-05,170.470001,171.889999,170.320007,171.779999,168.463318,5456800
2024-11-06,178.520004,182.100006,177.419998,181.240005,177.740692,11085000
2024-11-07,181.080002,186.669998,180.539993,186.369995,182.771606,7759400
2024-11-08,186.259995,190.160004,186.259995,189.250000,185.596008,8520400
2024-11-11,191.050003,191.500000,187.839996,189.130005,185.478333,5973600
2024-11-12,188.539993,190.610001,187.199997,189.580002,185.919678,6629900
2024-11-13,189.000000,191.770004,188.789993,189.630005,185.968704,5695400
2024-11-14,188.660004,189.589996,186.710007,187.050003,183.438507,7804300
2024-11-15,184.520004,185.800003,182.330002,183.740005,180.192398,8986300
2024-11-18,184.300003,186.179993,182.880005,185.729996,182.143982,6289400
2024-11-19,184.889999,189.320007,184.320007,188.899994,185.252777,8117000
2024-11-20,190.899994,190.970001,187.820007,190.750000,187.067047,4860200
2024-11-21,191.940002,196.039993,191.639999,192.429993,188.714630,11394300
2024-11-22,193.000000,194.199997,191.059998,192.289993,188.577301,6879400
2024-11-25,194.500000,194.750000,187.990005,187.990005,184.360336,15138500
2024-11-26,188.320007,192.399994,188.320007,190.369995,186.694412,6427200
2024-11-27,188.960007,188.960007,182.220001,182.699997,179.172455,8368800
2024-11-29,184.009995,185.929993,184.000000,184.839996,181.271164,4628000
2024-12-02,185.289993,185.289993,181.000000,181.410004,177.907379,8859700
2024-12-03,181.179993,183.039993,179.110001,182.889999,179.358826,8917100
2024-12-04,188.000000,189.789993,185.899994,188.190002,184.556488,8906300
2024-12-05,189.020004,189.020004,185.850006,186.240005,182.644150,6398100
2024-12-06,187.000000,192.630005,186.380005,191.690002,187.988922,10503400
2024-12-09,196.300003,198.309998,188.929993,190.449997,186.772842,20158000
2024-12-10,173.460007,177.800003,171.059998,177.740005,174.308243,26502000
2024-12-11,178.000000,181.380005,174.830002,178.580002,175.132034,13188700
2024-12-12,178.000000,178.169998,174.809998,175.320007,171.934982,8154200
2024-12-13,175.000000,176.139999,171.639999,173.389999,170.042221,8351100
2024-12-16,173.839996,174.270004,170.929993,171.229996,167.923935,9572000
2024-12-17,170.750000,172.990005,169.270004,169.710007,166.433304,8940200
2024-12-18,169.410004,171.229996,165.360001,165.410004,162.216324,8817900
2024-12-19,167.550003,171.000000,167.399994,168.789993,165.531036,8386400
2024-12-20,167.729996,171.259995,165.630005,169.660004,166.384262,13810500
2024-12-23,169.589996,169.619995,167.169998,169.139999,165.874283,6518200
2024-12-24,169.699997,171.770004,169.029999,171.410004,168.100449,2451500
2024-12-26,170.500000,172.550003,170.500000,171.679993,168.365250,4100100
2024-12-27,170.380005,171.149994,167.199997,168.960007,165.697769,4344300
2024-12-30,166.509995,167.910004,164.550003,166.910004,163.687363,5254800
2024-12-31,167.199997,167.300003,165.839996,166.639999,163.422562,4307500
2025-01-02,168.520004,168.690002,164.899994,166.029999,162.824341,5360800
2025-01-03,166.699997,167.199997,165.270004,166.320007,163.108749,5876000
2025-01-06,167.309998,168.050003,165.190002,165.690002,162.490906,6845400
2025-01-07,165.580002,166.160004,161.320007,162.029999,158.901550,7712200
2025-01-08,162.179993,163.979996,161.429993,163.139999,159.990128,7596200
2025-01-10,159.199997,159.199997,153.919998,154.500000,151.889389,13593900
2025-01-13,153.740005,154.149994,152.419998,153.919998,151.319183,8828500
2025-01-14,156.419998,157.250000,154.350006,156.309998,153.668777,7410200
2025-01-15,158.669998,159.149994,157.259995,158.309998,155.635010,10701200
2025-01-16,160.149994,161.500000,158.410004,159.539993,156.844193,9210600
2025-01-17,161.770004,163.160004,160.539993,161.029999,158.309021,11618300
2025-01-21,163.869995,173.369995,162.750000,172.570007,169.654083,30232000
2025-01-22,191.509995,191.990005,180.570007,184.220001,181.107208,48028500
2025-01-23,181.639999,186.570007,181.500000,186.470001,183.319168,17314600
2025-01-24,188.639999,189.100006,181.869995,183.600006,180.497650,12147200
2025-01-27,168.899994,172.520004,152.660004,158.279999,155.605499,42201600
2025-01-28,162.990005,165.830002,156.750000,164.000000,161.228851,20319300
2025-01-29,164.029999,164.029999,160.009995,162.020004,159.282318,9866600
2025-01-30,164.779999,171.490005,164.100006,170.380005,167.501038,14981700
2025-01-31,170.410004,173.000000,169.130005,170.059998,167.186462,8704600
2025-02-03,163.199997,169.899994,163.199997,168.600006,165.751129,8250600
2025-02-04,170.399994,170.399994,166.350006,167.889999,165.053116,6777000
2025-02-05,168.990005,171.889999,168.520004,171.660004,168.759430,7866700
2025-02-06,173.000000,175.649994,171.570007,172.350006,169.437759,7036900
2025-02-07,175.000000,177.389999,173.179993,174.460007,171.512100,9991300
2025-02-10,176.000000,179.990005,174.919998,178.919998,175.896744,7625900
2025-02-11,177.619995,179.119995,176.449997,177.190002,174.195984,6528800
2025-02-12,174.889999,174.889999,170.710007,172.220001,169.309967,7454800
2025-02-13,173.000000,174.380005,172.100006,173.860001,170.922241,6421700
2025-02-14,174.250000,175.029999,172.809998,174.160004,171.217194,7260900
2025-02-18,176.750000,182.240005,176.089996,179.800003,176.761871,11430500
2025-02-19,178.580002,181.679993,175.699997,181.520004,178.452820,8688500
2025-02-20,179.809998,180.270004,174.429993,176.000000,173.026093,8737000
2025-02-21,176.119995,176.880005,167.550003,167.809998,164.974472,9713900
2025-02-24,173.570007,174.169998,164.660004,169.960007,167.088150,10639100
2025-02-25,169.289993,170.600006,164.440002,168.539993,165.692123,8316100
2025-02-26,170.979996,173.869995,169.130005,172.470001,169.555740,6915100
2025-02-27,173.000000,174.860001,164.580002,164.759995,161.975998,7436800
2025-02-28,163.110001,166.149994,160.809998,166.059998,163.254028,12843300
2025-03-03,166.949997,167.119995,161.130005,162.020004,159.282318,8081800
2025-03-04,159.220001,159.759995,153.520004,157.470001,154.809189,13171900
2025-03-05,158.059998,162.490005,157.050003,161.559998,158.830063,7141000
2025-03-06,157.160004,157.160004,149.729996,150.940002,148.389526,12321200
2025-03-07,150.619995,156.479996,148.500000,155.160004,152.538223,12646500
2025-03-10,150.529999,152.520004,146.800003,148.789993,146.275848,21486100
2025-03-11,143.419998,145.779999,137.699997,144.179993,141.743759,27200200
2025-03-12,146.229996,152.229996,145.009995,150.889999,148.340378,15373900
2025-03-13,149.789993,150.169998,145.479996,147.660004,145.164978,14187700
2025-03-14,148.919998,150.880005,147.880005,149.270004,146.747772,9330000
2025-03-17,150.399994,155.750000,150.399994,154.009995,151.407654,9885000
2025-03-18,152.369995,152.419998,148.630005,149.449997,146.924713,9402500
2025-03-19,150.059998,154.070007,150.000000,152.449997,149.874008,6909500
2025-03-20,151.580002,154.490005,150.820007,152.720001,150.139450,7051600
2025-03-21,151.649994,153.839996,150.110001,152.229996,149.657730,17620200
2025-03-24,156.339996,156.600006,154.029999,154.869995,152.253113,7848300
2025-03-25,154.509995,155.600006,153.050003,153.929993,151.328995,8521200
2025-03-26,152.889999,153.029999,146.559998,147.800003,145.302582,13210000
2025-03-27,145.850006,147.039993,144.919998,145.779999,143.316727,9148300
2025-03-28,143.779999,145.649994,139.110001,140.869995,138.489685,13144500
2025-03-31,138.639999,140.589996,136.759995,139.809998,137.447586,15509900
2025-04-01,139.759995,143.250000,138.759995,141.940002,139.541595,9518500
2025-04-02,139.860001,147.889999,139.860001,145.860001,143.395370,11594400
2025-04-03,139.250000,141.399994,136.639999,137.229996,134.911179,14433800
2025-04-04,132.910004,133.820007,126.949997,128.270004,126.102592,14986900
2025-04-07,118.860001,134.110001,118.860001,127.160004,125.011353,19482700
2025-04-08,132.539993,132.990005,121.699997,124.500000,122.396294,11950300
2025-04-09,123.400002,140.589996,123.400002,139.690002,137.329636,17762000
2025-04-10,136.649994,136.649994,129.259995,133.350006,131.567673,12401600
2025-04-11,132.110001,133.000000,128.839996,132.350006,130.581055,10190200
2025-04-14,136.800003,136.800003,132.869995,134.639999,132.840424,8217700
2025-04-15,134.759995,136.479996,133.720001,133.940002,132.149811,8630000
2025-04-16,132.279999,132.539993,127.849998,129.759995,128.025665,8295200
2025-04-17,130.899994,131.300003,128.440002,128.619995,126.900909,8925500
2025-04-21,126.889999,127.199997,121.239998,122.820000,121.178429,12201200
2025-04-22,124.500000,127.989998,123.389999,127.239998,125.539345,11233700
2025-04-23,134.910004,135.869995,130.990005,131.399994,129.643738,9528900
2025-04-24,132.509995,137.860001,132.000000,137.509995,135.672073,7305900
2025-04-25,137.490005,139.000000,136.759995,138.490005,136.638977,5476400
2025-04-28,139.649994,140.669998,138.080002,140.139999,138.266922,6985100
2025-04-29,139.809998,141.160004,139.550003,140.789993,138.908234,4851500
2025-04-30,138.479996,141.300003,135.570007,140.720001,138.839188,9443500
2025-05-01,146.559998,148.639999,145.339996,145.490005,143.545441,11525800
2025-05-02,148.330002,153.059998,148.330002,150.729996,148.715378,11346000
2025-05-05,149.440002,150.820007,148.520004,149.289993,147.294617,5187400
2025-05-06,146.979996,148.940002,145.720001,147.699997,145.725906,5108600
2025-05-07,147.500000,149.899994,147.240005,149.369995,147.373550,6049600
2025-05-08,149.050003,151.809998,148.610001,150.300003,148.291138,6113600
2025-05-09,150.039993,151.800003,149.789993,150.339996,148.330612,4707100
2025-05-12,156.309998,157.429993,154.419998,157.220001,155.118668,7875500
2025-05-13,158.220001,163.220001,157.570007,162.270004,160.101151,11955200
2025-05-14,162.360001,163.410004,161.059998,162.949997,160.772064,7499400
2025-05-15,161.360001,161.740005,158.910004,159.399994,157.269501,10169200
2025-05-16,160.000000,160.839996,158.520004,160.490005,158.344940,8515500
2025-05-19,158.300003,161.970001,157.830002,159.639999,157.506302,10268900
2025-05-20,158.630005,160.360001,157.529999,160.309998,158.167328,7576400
2025-05-21,158.350006,160.899994,156.460007,157.179993,155.079163,6011000
2025-05-22,156.979996,159.190002,156.820007,157.309998,155.207443,7603300
2025-05-23,154.990005,157.380005,154.259995,155.970001,153.885361,6527500
2025-05-27,159.320007,162.399994,158.919998,161.910004,159.745956,6976800
2025-05-28,161.869995,164.320007,161.279999,163.850006,161.660034,8090700
2025-05-29,165.000000,165.320007,161.490005,162.899994,160.722717,6994700
2025-05-30,163.429993,165.750000,161.550003,165.529999,163.317566,17547900
2025-06-02,164.169998,167.000000,162.600006,166.570007,164.343674,7166000
2025-06-03,166.800003,169.330002,166.589996,169.139999,166.879318,7155300
2025-06-04,169.710007,170.479996,167.570007,168.100006,165.853226,6375800
2025-06-05,169.000000,172.259995,168.759995,171.139999,168.852600,7707800
2025-06-06,174.000000,174.789993,172.660004,174.020004,171.694107,6833700
2025-06-09,174.860001,178.720001,173.789993,177.149994,174.782257,9668900
2025-06-10,177.710007,177.850006,174.279999,177.479996,175.107849,11056700
2025-06-11,177.550003,179.550003,176.199997,176.380005,174.022552,18002900
2025-06-12,189.960007,202.490005,188.880005,199.860001,197.188736,54610000
2025-06-13,201.580002,216.600006,201.199997,215.220001,212.343445,53707400
2025-06-16,213.199997,215.169998,209.979996,211.100006,208.278503,22665300
2025-06-17,210.660004,215.880005,207.479996,208.179993,205.397507,17819200
2025-06-18,211.089996,214.720001,209.570007,210.869995,208.051575,15055400
2025-06-20,213.350006,213.800003,204.639999,205.169998,202.427750,20879100
2025-06-23,205.509995,207.270004,202.539993,207.039993,204.272751,13418400
2025-06-24,209.990005,216.369995,208.550003,215.270004,212.392761,19030600
2025-06-25,214.940002,216.929993,210.229996,210.720001,207.903580,11804600
2025-06-26,212.000000,214.419998,210.360001,212.820007,209.975525,10531100
2025-06-27,213.690002,214.649994,209.960007,210.240005,207.429993,14127500
2025-06-30,226.500000,228.220001,218.380005,218.630005,215.707870,31844200
2025-07-01,219.300003,223.169998,216.309998,218.960007,216.033463,16962200
2025-07-02,217.679993,231.899994,216.720001,229.979996,226.906158,22326900
2025-07-03,233.220001,237.990005,231.199997,237.320007,234.148071,18441400
2025-07-07,235.110001,235.250000,229.500000,232.259995,229.155685,16584300
2025-07-08,237.130005,241.440002,233.190002,234.500000,231.365738,20401800
2025-07-09,235.509995,236.509995,232.000000,235.809998,232.658218,10871600
2025-07-10,239.940002,240.059998,233.500000,235.000000,232.351730,11486300
2025-07-11,231.369995,234.000000,229.869995,230.559998,227.961761,10208200
2025-07-14,229.449997,230.639999,225.119995,229.279999,226.696182,11337000
2025-07-15,232.410004,235.600006,229.199997,234.960007,232.312195,10728800
2025-07-16,235.500000,241.330002,233.190002,241.300003,238.580734,12597500
2025-07-17,243.339996,251.600006,242.009995,248.750000,245.946777,17631300
2025-07-18,248.500000,249.679993,245.000000,245.449997,242.683975,9678100
2025-07-21,245.309998,246.800003,243.240005,243.539993,240.795502,7348400
2025-07-22,241.979996,242.289993,235.410004,238.110001,235.426697,11380900
2025-07-23,239.949997,243.419998,238.660004,241.899994,239.173965,7255800
2025-07-24,242.410004,244.080002,240.559998,242.830002,240.093506,8237900
2025-07-25,242.339996,245.470001,241.429993,245.119995,242.357681,7149600
2025-07-28,246.000000,247.779999,243.419998,247.710007,244.918518,6756800
2025-07-29,248.699997,253.070007,246.589996,249.979996,247.162933,8415300
2025-07-30,248.639999,251.050003,245.600006,250.600006,247.775940,8441400
2025-07-31,255.770004,260.869995,253.320007,253.770004,250.910202,15548700
2025-08-01,247.830002,248.410004,242.000000,244.419998,241.665573,12718200
2025-08-04,245.899994,252.910004,245.899994,252.529999,249.684189,8614800
2025-08-05,255.410004,258.489990,251.369995,255.669998,252.788803,11197300
2025-08-06,256.839996,256.839996,251.720001,256.429993,253.540207,9930200
2025-08-07,257.709991,257.760010,246.520004,249.389999,246.579559,11954200
2025-08-08,250.029999,250.889999,247.860001,250.050003,247.232147,8313300
2025-08-11,248.399994,254.690002,245.559998,252.679993,249.832489,9012100
2025-08-12,252.580002,257.869995,251.080002,253.860001,250.999191,9998400
2025-08-13,257.170013,257.670013,242.639999,244.179993,241.428284,14182100
2025-08-14,244.949997,248.919998,242.570007,244.960007,242.199493,10285600
2025-08-15,246.919998,250.630005,242.929993,248.279999,245.482086,11554000
2025-08-18,246.199997,249.160004,243.619995,249.070007,246.263199,6759900
2025-08-19,249.250000,249.250000,232.229996,234.619995,231.976028,16819300
2025-08-20,232.179993,235.880005,228.250000,235.059998,232.411057,11256400
2025-08-21,233.050003,235.919998,232.429993,233.160004,230.532471,7403100
2025-08-22,234.059998,238.500000,231.460007,236.369995,233.706284,9343600
2025-08-25,237.350006,239.029999,235.270004,235.410004,232.757126,6308600
2025-08-26,235.000000,236.910004,232.710007,234.210007,231.570648,11805200
2025-08-27,235.000000,236.529999,232.679993,235.809998,233.152603,5637600
2025-08-28,235.539993,241.949997,235.119995,240.320007,237.611801,8691500
2025-08-29,237.610001,238.220001,223.110001,226.130005,223.581680,16618600
2025-09-02,222.000000,225.449997,218.789993,225.300003,222.761047,10461900
2025-09-03,225.899994,225.899994,221.750000,223.449997,220.931900,8900800
2025-09-04,222.000000,223.570007,219.559998,223.000000,220.486954,10303100
2025-09-05,232.550003,234.619995,225.889999,232.800003,230.176514,15386100
2025-09-08,239.889999,242.419998,235.309998,238.479996,235.792526,18803000
2025-09-09,239.940002,243.490005,234.559998,241.509995,238.788361,41178700
2025-09-10,319.190002,345.720001,312.089996,328.329987,324.629974,131618100
2025-09-11,330.339996,331.000000,304.600006,307.859985,304.390656,69986000
2025-09-12,305.790009,307.970001,291.750000,292.179993,288.887360,51781900
2025-09-15,306.450012,307.029999,297.290009,302.140015,298.735138,40004000
2025-09-16,314.059998,319.970001,302.269989,306.649994,303.194275,51923300
2025-09-17,307.690002,308.660004,295.029999,301.410004,298.013367,27707900
2025-09-18,303.040009,303.820007,292.000000,296.619995,293.277344,24673100
2025-09-19,299.000000,311.109985,297.320007,308.660004,305.181641,40776200
2025-09-22,309.630005,329.500000,306.920013,328.149994,324.451996,44437500
2025-09-23,324.000000,325.000000,310.049988,313.829987,310.293365,35280200
2025-09-24,311.859985,312.470001,300.029999,308.459991,304.983856,33765300
2025-09-25,295.269989,298.750000,288.549988,291.329987,288.046906,39274900
2025-09-26,293.000000,294.000000,283.000000,283.459991,280.265625,25990700
2025-09-29,284.600006,285.980011,279.609985,282.760010,279.573517,25778500
2025-09-30,283.690002,284.000000,275.899994,281.239990,278.070648,23880800
2025-10-01,278.799988,289.989990,277.880005,289.010010,285.753082,23378300
2025-10-02,291.799988,294.970001,286.049988,288.779999,285.525696,16215500
2025-10-03,289.600006,294.640015,284.000000,286.140015,282.915436,13688400
2025-10-06,292.380005,296.679993,290.799988,291.589996,288.304016,14076800
2025-10-07,293.220001,293.220001,271.000000,284.239990,281.036804,31723400
2025-10-08,285.420013,291.529999,283.600006,288.630005,285.377380,18982100
2025-10-09,291.549988,300.970001,287.260010,296.959991,294.122986,26479800
2025-10-10,300.279999,307.720001,292.010010,292.959991,290.161224,28895300
2025-10-13,298.700012,310.700012,297.739990,308.010010,305.067444,21703700
2025-10-14,303.570007,304.420013,291.980011,299.000000,296.143555,17346200
2025-10-15,304.899994,311.010010,298.920013,303.619995,300.719391,13698900
2025-10-16,305.600006,322.540009,303.070007,313.000000,310.009766,32500900
2025-10-17,303.750000,304.279999,287.500000,291.309998,288.526978,37653000
2025-10-20,288.950012,289.239990,275.309998,277.179993,274.531952,32810700
2025-10-21,278.109985,280.299988,272.260010,275.149994,272.521362,18370800
2025-10-22,274.820007,277.200012,269.250000,272.660004,270.055145,16474000
2025-10-23,272.959991,283.100006,272.390015,280.070007,277.394379,16872200
2025-10-24,285.920013,287.190002,282.250000,283.329987,280.623230,13194900
2025-10-27,286.570007,287.000000,279.809998,281.399994,278.711670,13855800
2025-10-28,283.000000,285.459991,280.540009,280.829987,278.147095,12448500
2025-10-29,281.459991,281.619995,271.350006,275.299988,272.669922,18007100
2025-10-30,268.739990,269.760010,256.279999,256.890015,254.435837,27954200
2025-10-31,259.510010,265.809998,256.709991,262.609985,260.101196,16898700
2025-11-03,265.239990,265.619995,255.229996,257.850006,255.386627,15709200
2025-11-04,249.979996,255.279999,245.190002,248.169998,245.799133,19772600
2025-11-05,247.910004,252.399994,247.029999,250.309998,247.918686,11991500
2025-11-06,247.940002,249.070007,239.289993,243.800003,241.470886,18678300
2025-11-07,239.000000,240.399994,232.350006,239.259995,236.974243,20969300
2025-11-10,245.949997,247.240005,237.070007,240.830002,238.529251,16698700
2025-11-11,236.229996,237.449997,228.889999,236.149994,233.893951,20686600
2025-11-12,236.740005,236.809998,226.169998,226.990005,224.821472,24195000
2025-11-13,224.990005,225.160004,215.220001,217.570007,215.491470,30009000
2025-11-14,210.830002,227.050003,210.770004,222.850006,220.721024,36053800
2025-11-17,218.210007,222.800003,215.559998,219.860001,217.759583,16143800
2025-11-18,216.210007,223.699997,214.500000,220.490005,218.383575,21098300
2025-11-19,219.059998,228.149994,217.309998,225.529999,223.375427,21679500
2025-11-20,231.160004,234.000000,210.300003,210.690002,208.677200,27459600
2025-11-21,207.080002,208.309998,193.550003,198.759995,196.861145,44834100
2025-11-24,196.860001,203.820007,194.300003,200.279999,198.366638,31144700
2025-11-25,194.080002,199.410004,185.630005,197.029999,195.147690,29595000
2025-11-26,209.500000,210.000000,202.240005,204.960007,203.001953,26544100
2025-11-28,199.509995,202.339996,197.610001,201.949997,200.020691,13848500
2025-12-01,200.500000,203.500000,196.699997,200.940002,199.020340,13461200
2025-12-02,205.139999,209.699997,200.000000,201.100006,199.178818,19664500
2025-12-03,200.330002,207.919998,199.399994,207.729996,205.745468,19060500
2025-12-04,207.860001,215.410004,206.320007,214.330002,212.282425,23316900
2025-12-05,219.000000,219.500000,213.619995,217.580002,215.501373,24208700
2025-12-08,221.350006,224.750000,216.910004,220.539993,218.433090,24711200
2025-12-09,220.029999,222.619995,218.279999,221.529999,219.413620,17643600
2025-12-10,221.800003,225.320007,217.580002,223.009995,220.879501,47928000
2025-12-11,190.619995,201.990005,186.229996,198.850006,196.950317,100612700
2025-12-12,196.369995,197.850006,185.979996,189.970001,188.155136,55201600
2025-12-15,188.289993,188.970001,181.399994,184.919998,183.153381,43897500
2025-12-16,184.699997,189.800003,184.490005,188.649994,186.847733,32433500
2025-12-17,183.309998,186.500000,177.070007,178.460007,176.755096,50222000
2025-12-18,182.720001,184.759995,178.580002,180.029999,178.310104,36297300
2025-12-19,188.389999,195.119995,188.119995,191.970001,190.136032,77008600
2025-12-22,196.820007,198.800003,192.830002,198.380005,196.484802,27148000
2025-12-23,196.429993,197.199997,192.190002,195.339996,193.473831,18301600
2025-12-24,195.000000,198.279999,194.419998,197.490005,195.603302,9282700
2025-12-26,198.059998,200.369995,196.110001,197.990005,196.098526,11262000
2025-12-29,194.160004,198.509995,192.639999,195.380005,193.513458,14748100
2025-12-30,196.059998,198.380005,195.710007,197.210007,195.325974,14197400