Date,Open,High,Low,Close,Adj Close,Volume
2020-01-02,136.869995,137.229996,135.139999,135.820007,110.945137,3784100
2020-01-03,135.460007,136.789993,135.130005,135.630005,110.789932,4000100
2020-01-06,135.300003,136.320007,135.199997,136.149994,111.214676,4085100
2020-01-07,136.000000,136.070007,133.949997,134.009995,109.466644,5718100
2020-01-08,134.460007,135.360001,134.070007,134.699997,110.030243,3681400
2020-01-09,135.289993,135.380005,134.529999,134.789993,110.103783,3954700
2020-01-10,135.169998,135.419998,134.389999,134.529999,109.891396,3099500
2020-01-13,134.649994,136.589996,134.630005,136.529999,111.525085,5127200
2020-01-14,136.179993,136.940002,135.699997,136.850006,111.786491,4159700
2020-01-15,137.039993,139.250000,136.800003,139.199997,113.706108,5002600
2020-01-16,139.350006,140.160004,138.600006,139.610001,114.041000,4977900
2020-01-17,140.100006,141.320007,139.899994,141.259995,115.388824,6908700
2020-01-21,140.610001,142.119995,140.339996,141.860001,115.878929,4440000
2020-01-22,141.809998,143.570007,141.720001,143.380005,117.120567,5366100
2020-01-23,143.089996,143.850006,142.369995,143.649994,117.341110,3915700
2020-01-24,143.830002,144.149994,142.449997,142.919998,116.744781,2791500
2020-01-27,141.649994,143.360001,141.050003,142.139999,116.107658,3895300
2020-01-28,142.130005,142.919998,141.759995,142.440002,116.352715,2908300
2020-01-29,142.000000,142.449997,141.169998,141.729996,115.772736,3263200
2020-01-30,142.320007,143.960007,141.520004,143.830002,117.488152,4058500
2020-01-31,143.809998,144.649994,141.570007,142.020004,116.009636,4753100
2020-02-03,142.770004,143.070007,141.839996,142.509995,116.409882,3977800
2020-02-04,143.199997,144.059998,142.100006,143.220001,116.989861,3494300
2020-02-05,143.679993,144.589996,143.429993,144.300003,117.872055,3504900
2020-02-06,144.639999,145.300003,144.070007,144.330002,117.896538,3571400
2020-02-07,144.259995,145.720001,143.830002,145.369995,118.746086,3138500
2020-02-10,145.929993,146.419998,145.130005,145.660004,118.982994,3775600
2020-02-11,146.210007,146.360001,144.869995,146.080002,119.326050,3870500
2020-02-12,146.679993,146.740005,145.350006,146.080002,119.326050,4217400
2020-02-13,145.250000,147.130005,143.520004,146.470001,119.644630,5041400
2020-02-14,146.570007,147.149994,145.940002,146.990005,120.069435,3555600
2020-02-18,147.110001,147.199997,145.399994,145.600006,118.933983,4938700
2020-02-19,145.619995,146.479996,145.490005,145.529999,118.876816,2978800
2020-02-20,145.770004,145.800003,143.949997,145.160004,118.574539,2805900
2020-02-21,145.059998,145.919998,144.809998,145.850006,119.138206,4271800
2020-02-24,145.860001,147.149994,142.559998,142.639999,116.516098,5027700
2020-02-25,142.589996,144.380005,140.570007,141.100006,115.258133,7585800
2020-02-26,142.440002,143.750000,141.160004,141.979996,115.976952,6157200
2020-02-27,141.410004,143.139999,136.309998,136.369995,111.394402,8605000
2020-02-28,133.240005,133.750000,128.350006,132.029999,107.849266,14164000
2020-03-02,132.000000,137.770004,131.720001,137.580002,112.382805,8504500
2020-03-03,137.190002,139.669998,134.740005,135.580002,110.749092,8728300
2020-03-04,136.190002,142.710007,136.009995,142.389999,116.311897,7635700
2020-03-05,138.809998,141.419998,136.669998,138.100006,113.569298,6579100
2020-03-06,131.559998,138.169998,131.449997,137.259995,112.878456,6754900
2020-03-09,130.179993,133.350006,128.179993,130.160004,107.039635,8716300
2020-03-10,132.050003,134.570007,126.860001,134.139999,110.312683,8258600
2020-03-11,130.580002,132.539993,127.629997,129.750000,106.702492,7465100
2020-03-12,122.099998,125.000000,113.589996,115.339996,94.852135,12808300
2020-03-13,120.680000,127.589996,115.070000,127.449997,104.811020,12007700
2020-03-16,114.690002,123.820000,112.000000,113.089996,93.001801,10733300
2020-03-17,116.699997,127.860001,116.389999,127.720001,105.033066,14242300
2020-03-18,120.839996,127.720001,113.769997,120.919998,99.440956,15250800
2020-03-19,121.430000,122.089996,116.059998,117.339996,96.496864,9393500
2020-03-20,118.239998,118.449997,101.419998,103.930000,85.468903,13093200
2020-03-23,106.000000,112.870003,102.870003,105.180000,86.496841,13926800
2020-03-24,109.930000,114.430000,109.370003,113.839996,93.618576,11447000
2020-03-25,112.739998,116.360001,111.040001,112.500000,92.516602,9485500
2020-03-26,112.709999,121.800003,112.580002,120.260002,98.898209,10376800
2020-03-27,118.570000,124.650002,117.989998,120.459999,99.062668,9852500
2020-03-30,121.610001,125.839996,121.510002,125.480003,103.190964,6916800
2020-03-31,124.940002,125.699997,119.529999,120.099998,98.766617,7091700
2020-04-01,117.269997,122.300003,115.669998,118.120003,97.138321,6873000
2020-04-02,117.220001,125.180000,116.480003,123.860001,101.858734,6181800
2020-04-03,123.190002,125.370003,122.440002,124.589996,102.459038,5552000
2020-04-06,128.660004,132.130005,125.290001,131.160004,107.862007,8242200
2020-04-07,132.710007,135.080002,130.289993,130.479996,107.302818,6253900
2020-04-08,129.639999,133.289993,129.130005,132.610001,109.054443,5241100
2020-04-09,132.089996,135.080002,131.509995,133.630005,109.893272,5502400
2020-04-13,131.690002,133.350006,129.429993,130.889999,107.639977,3785000
2020-04-14,133.220001,138.630005,132.350006,138.399994,113.815971,6278700
2020-04-15,137.139999,137.559998,133.699997,135.029999,111.044594,5773100
2020-04-16,136.970001,136.970001,133.850006,135.639999,111.546234,4564000
2020-04-17,137.729996,138.000000,134.910004,137.550003,113.116982,4866500
2020-04-20,136.940002,137.380005,134.509995,134.550003,110.649857,3995400
2020-04-21,132.139999,132.940002,130.589996,130.940002,107.681099,4359500
2020-04-22,132.440002,133.669998,131.220001,132.619995,109.062660,4084600
2020-04-23,132.500000,134.139999,130.029999,130.259995,107.121880,5527700
2020-04-24,130.869995,134.820007,130.649994,134.360001,110.493599,4063100
2020-04-27,134.419998,135.210007,133.889999,134.460007,110.575851,4009200
2020-04-28,136.779999,137.679993,134.660004,136.320007,112.105461,6674200
2020-04-29,136.770004,136.979996,132.899994,133.360001,109.671227,6706800
2020-04-30,132.410004,133.169998,130.419998,132.289993,108.791283,6783000
2020-05-01,131.119995,132.229996,129.520004,130.139999,107.023193,4488000
2020-05-04,130.169998,131.350006,129.320007,130.919998,107.664650,5245300
2020-05-05,131.639999,133.330002,130.770004,131.669998,108.281425,3580000
2020-05-06,131.580002,132.229996,130.690002,130.779999,107.549538,4192200
2020-05-07,131.550003,132.000000,130.119995,131.550003,108.182732,5528000
2020-05-08,133.070007,135.160004,132.460007,134.229996,110.386688,4209100
2020-05-11,133.429993,136.199997,133.169998,134.380005,110.510056,3591100
2020-05-12,134.759995,136.380005,132.860001,132.940002,109.325851,3914600
2020-05-13,133.179993,134.470001,131.449997,132.960007,109.342278,5168500
2020-05-14,132.710007,133.559998,130.149994,133.080002,109.440979,5522200
2020-05-15,133.770004,137.660004,132.789993,135.949997,111.801155,20338200
2020-05-18,136.850006,137.990005,135.059998,135.520004,111.447540,8480300
2020-05-19,134.429993,134.759995,131.399994,131.729996,108.330772,6640300
2020-05-20,132.539993,132.679993,130.339996,131.259995,107.944244,8213100
2020-05-21,130.979996,131.440002,129.610001,130.210007,107.080788,4886300
2020-05-22,129.610001,130.630005,129.169998,130.479996,107.302818,3429200
2020-05-26,131.940002,132.050003,129.399994,129.750000,106.702492,5579300
2020-05-27,129.720001,130.839996,128.580002,130.809998,107.574196,5686500
2020-05-28,131.210007,132.729996,130.110001,132.289993,108.791283,4974400
2020-05-29,132.009995,132.240005,130.320007,131.550003,108.182732,13337900
2020-06-01,131.600006,133.949997,131.190002,132.990005,109.366966,4049200
2020-06-02,133.050003,133.809998,131.119995,132.630005,109.070900,5327500
2020-06-03,133.240005,134.279999,132.600006,132.820007,109.227150,5421200
2020-06-04,131.589996,133.559998,130.179993,130.570007,108.210258,5229700
2020-06-05,131.000000,133.520004,130.770004,132.440002,109.760063,7075700
2020-06-08,131.380005,132.470001,131.240005,132.210007,109.569450,5613000
2020-06-09,131.830002,133.149994,131.050003,132.970001,110.199295,6446900
2020-06-10,133.279999,135.160004,133.169998,134.130005,111.160652,7069900
2020-06-11,134.220001,135.139999,127.459999,127.839996,105.947784,8541000
2020-06-12,129.149994,129.929993,127.430000,129.000000,106.909119,7039500
2020-06-15,128.289993,130.960007,126.529999,130.479996,108.135681,5481000
2020-06-16,132.679993,133.059998,130.119995,131.669998,109.121895,5197700
2020-06-17,131.889999,133.039993,131.490005,131.759995,109.196487,3309700
2020-06-18,131.419998,133.130005,130.630005,132.779999,110.041817,3417200
2020-06-19,134.410004,134.820007,131.220001,131.279999,108.798683,8310100
2020-06-22,130.550003,131.759995,129.949997,131.050003,108.608078,3379900
2020-06-23,131.619995,132.679993,130.979996,131.360001,108.864975,3625600
2020-06-24,130.520004,131.070007,128.679993,129.559998,107.373222,4853500
2020-06-25,129.139999,131.729996,128.050003,131.410004,108.906433,4442000
2020-06-26,131.679993,132.369995,128.059998,128.929993,106.851105,7372700
2020-06-29,130.179993,131.399994,129.429993,131.080002,108.632942,4173900
2020-06-30,131.830002,132.820007,130.850006,132.259995,109.610855,4626700
2020-07-01,132.529999,133.619995,131.940002,132.360001,109.693764,3633000
2020-07-02,133.539993,134.169998,132.539993,132.850006,110.099838,2769200
2020-07-06,133.080002,133.949997,132.309998,133.300003,110.472778,4221600
2020-07-07,132.270004,134.619995,132.169998,133.570007,110.696526,4424500
2020-07-08,134.160004,134.690002,133.160004,134.220001,111.235214,3798200
2020-07-09,132.899994,133.940002,131.729996,132.710007,109.983795,4005200
2020-07-10,132.369995,134.889999,131.279999,134.460007,111.434128,5932800
2020-07-13,136.770004,138.070007,134.470001,134.910004,111.807083,8960000
2020-07-14,134.589996,136.949997,134.250000,135.520004,112.312614,6766800
2020-07-15,135.350006,136.190002,133.250000,133.690002,110.795990,5561300
2020-07-16,134.059998,134.360001,133.050003,133.880005,110.953453,3788100
2020-07-17,134.649994,135.059998,133.550003,134.660004,111.599899,3229300
2020-07-20,134.610001,134.610001,132.179993,133.110001,110.315300,3620300
2020-07-21,134.000000,136.410004,133.789993,134.429993,111.409248,5435400
2020-07-22,135.559998,136.250000,133.679993,136.009995,112.718681,3522300
2020-07-23,136.589996,137.250000,135.490005,137.080002,113.605476,5011400
2020-07-24,136.990005,138.639999,135.389999,136.059998,112.760124,3300000
2020-07-27,135.529999,137.759995,134.850006,137.669998,114.094406,3607700
2020-07-28,137.979996,138.589996,137.089996,137.380005,113.854111,3787500
2020-07-29,137.380005,139.000000,137.039993,137.929993,114.309883,3179000
2020-07-30,137.240005,138.220001,136.479996,137.690002,114.111008,2817600
2020-07-31,137.259995,137.699997,135.199997,137.660004,114.086136,4304100
2020-08-03,137.110001,137.500000,136.000000,136.699997,113.290527,2819200
2020-08-04,137.520004,137.589996,136.020004,137.470001,113.928658,2553500
2020-08-05,138.149994,138.149994,135.770004,136.250000,112.917587,2924000
2020-08-06,135.270004,136.289993,135.270004,135.860001,112.594383,2692900
2020-08-07,135.940002,136.759995,135.369995,136.740005,113.323677,3692100
2020-08-10,136.320007,136.880005,135.380005,135.979996,112.693825,3052000
2020-08-11,136.970001,137.449997,134.619995,135.119995,111.981102,3301200
2020-08-12,135.339996,138.679993,135.250000,137.800003,114.202148,4424600
2020-08-13,137.100006,138.610001,137.100006,138.100006,114.450806,2393500
2020-08-14,138.110001,138.169998,137.199997,137.559998,114.003235,2461700
2020-08-17,137.500000,138.889999,137.050003,137.919998,114.301598,2862500
2020-08-18,138.610001,138.610001,137.039993,138.110001,114.459053,2638600
2020-08-19,138.690002,138.789993,136.100006,136.449997,113.083351,3682200
2020-08-20,135.660004,137.149994,135.630005,136.720001,113.307091,2263000
2020-08-21,136.369995,136.660004,135.250000,136.460007,113.091606,4295600
2020-08-24,136.460007,137.679993,136.110001,137.639999,114.069565,3177800
2020-08-25,138.259995,138.380005,136.699997,137.300003,113.787796,2597400
2020-08-26,136.580002,138.660004,136.380005,138.470001,114.757423,6019700
2020-08-27,138.710007,139.929993,137.910004,138.399994,114.699432,4159300
2020-08-28,138.520004,139.960007,137.240005,139.940002,115.975677,3355400
2020-08-31,139.320007,141.020004,139.000000,140.059998,116.075150,3828700
2020-09-01,140.250000,140.479996,138.509995,139.190002,115.354141,3421700
2020-09-02,139.520004,143.820007,139.350006,143.289993,118.752052,4918200
2020-09-03,142.770004,144.039993,138.119995,139.369995,116.333839,6642400
2020-09-04,139.660004,140.309998,136.940002,138.759995,115.824661,4836400
2020-09-08,138.309998,138.630005,134.410004,135.550003,113.145233,4901500
2020-09-09,135.500000,138.460007,135.399994,137.110001,114.447418,4282300
2020-09-10,136.600006,137.550003,133.880005,134.759995,112.485832,6050500
2020-09-11,135.220001,136.380005,134.229996,135.809998,113.362289,3411900
2020-09-14,136.529999,137.500000,135.800003,136.669998,114.080132,2779000
2020-09-15,136.479996,137.240005,135.410004,135.619995,113.203674,4080800
2020-09-16,136.279999,136.600006,134.779999,134.979996,112.669449,3353500
2020-09-17,133.389999,134.550003,131.690002,133.199997,111.183670,5186400
2020-09-18,133.710007,134.789993,130.009995,131.470001,109.739624,8473000
2020-09-21,130.369995,131.309998,129.360001,131.240005,109.547653,4402700
2020-09-22,131.000000,132.889999,130.449997,132.149994,110.307228,3951000
2020-09-23,132.699997,132.820007,129.850006,131.000000,109.347321,5909900
2020-09-24,131.440002,132.309998,129.919998,131.580002,109.831444,4316600
2020-09-25,130.889999,133.830002,130.509995,133.550003,111.475845,4576000
2020-09-28,136.039993,138.580002,135.669998,137.970001,115.165245,7487500
2020-09-29,138.660004,139.539993,137.130005,137.160004,114.489151,4330500
2020-09-30,137.990005,139.190002,136.899994,138.600006,115.691147,7060700
2020-10-01,139.440002,140.850006,137.490005,140.800003,117.527473,6483900
2020-10-02,139.279999,139.910004,136.199997,138.059998,115.240372,5130200
2020-10-05,138.110001,138.380005,136.979996,137.929993,115.131851,4519800
2020-10-06,138.000000,138.820007,135.149994,135.699997,113.270447,5031000
2020-10-07,135.940002,137.520004,135.759995,137.009995,114.363922,4347300
2020-10-08,137.279999,138.130005,136.759995,137.850006,115.065094,2977400
2020-10-09,138.699997,139.259995,137.899994,138.440002,115.557556,3194000
2020-10-12,141.119995,143.490005,139.779999,142.130005,118.637657,6167200
2020-10-13,142.220001,144.000000,141.910004,143.539993,119.814606,4293200
2020-10-14,143.550003,144.110001,141.630005,142.520004,118.963196,3641000
2020-10-15,141.160004,141.970001,140.619995,141.429993,118.053345,3306800
2020-10-16,141.750000,142.820007,141.130005,141.729996,118.303772,5076000
2020-10-19,141.339996,142.529999,139.250000,139.679993,116.592606,3223200
2020-10-20,141.000000,141.220001,139.410004,139.710007,116.617676,2750900
2020-10-21,139.679993,140.479996,139.100006,139.600006,116.525856,2560100
2020-10-22,139.800003,140.199997,139.009995,139.610001,116.534195,2909000
2020-10-23,140.220001,140.529999,139.039993,139.559998,116.492455,2758400
2020-10-26,138.740005,139.080002,136.410004,138.059998,115.240372,3431100
2020-10-27,138.570007,139.889999,138.300003,139.119995,116.125198,3390800
2020-10-28,137.149994,137.710007,133.940002,134.169998,111.993355,5196000
2020-10-29,133.759995,135.630005,132.259995,133.990005,111.843109,3856500
2020-10-30,132.929993,133.839996,131.710007,133.289993,111.258797,4303900
2020-11-02,135.610001,136.229996,133.779999,135.149994,112.811356,3126400
2020-11-03,136.619995,138.600006,136.279999,137.039993,114.388947,3293900
2020-11-04,139.000000,141.699997,137.660004,137.860001,115.073463,4576300
2020-11-05,139.350006,140.270004,137.470001,138.050003,115.232033,3667800
2020-11-06,138.559998,139.770004,137.330002,138.380005,115.507500,2867000
2020-11-09,142.000000,143.649994,138.169998,138.449997,115.565910,6111300
2020-11-10,136.990005,142.440002,136.190002,141.720001,118.295456,5284500
2020-11-11,142.860001,144.240005,141.610001,143.899994,120.115089,4389800
2020-11-12,144.250000,144.740005,142.759995,143.839996,120.065033,2570100
2020-11-13,143.770004,144.889999,143.270004,144.710007,120.791214,2580400
2020-11-16,145.000000,146.259995,144.690002,145.759995,121.667671,3399000
2020-11-17,144.270004,146.100006,144.110001,145.240005,121.233635,2924000
2020-11-18,145.490005,146.570007,143.300003,143.380005,119.681068,4335200
2020-11-19,142.880005,143.699997,142.339996,143.320007,119.630966,4263500
2020-11-20,143.649994,144.639999,143.000000,143.419998,119.714447,3469100
2020-11-23,143.309998,143.649994,141.880005,143.020004,119.380569,3443300
2020-11-24,143.190002,144.360001,142.820007,144.029999,120.223610,4472300
2020-11-25,144.449997,144.919998,143.699997,144.160004,120.332085,2278300
2020-11-27,144.619995,145.279999,144.179993,144.600006,120.699425,1596000
2020-11-30,144.460007,144.630005,142.880005,144.229996,120.390549,4906900
2020-12-01,145.029999,146.630005,144.500000,146.070007,121.926483,3999200
2020-12-02,145.880005,146.940002,143.889999,144.619995,120.716072,4432900
2020-12-03,143.020004,144.960007,143.020004,144.449997,121.433167,4757900
2020-12-04,143.869995,145.979996,143.850006,145.850006,122.610115,3592600
2020-12-07,145.679993,146.559998,144.619995,145.369995,122.206573,4217300
2020-12-08,145.330002,146.160004,144.289993,145.520004,122.332687,3623800
2020-12-09,145.559998,146.100006,144.279999,145.690002,122.475594,3842000
2020-12-10,146.039993,146.289993,144.419998,144.669998,121.618118,3985000
2020-12-11,143.630005,145.100006,143.410004,144.970001,121.870308,2975500
2020-12-14,145.250000,146.470001,144.050003,144.229996,121.248230,3952400
2020-12-15,144.559998,145.270004,143.889999,144.770004,121.702187,3183300
2020-12-16,143.979996,145.470001,143.899994,144.889999,121.803062,4915800
2020-12-17,145.250000,146.199997,145.179993,145.710007,122.492424,3312500
2020-12-18,146.330002,147.100006,145.500000,146.929993,123.518021,8980400
2020-12-21,145.000000,145.660004,143.470001,145.399994,122.231773,3946900
2020-12-22,144.600006,145.000000,143.479996,144.020004,121.071671,2653700
2020-12-23,144.490005,145.600006,144.070007,144.410004,121.399513,2645100
2020-12-24,144.830002,145.110001,144.139999,145.059998,121.945976,883300
2020-12-28,145.779999,147.600006,145.539993,146.910004,123.501190,2493500
2020-12-29,147.679993,148.770004,146.839996,147.419998,123.929932,3186700
2020-12-30,147.470001,147.990005,147.009995,147.309998,123.837471,2224900
2020-12-31,147.479996,148.460007,146.639999,148.300003,124.669724,2076800
2021-01-04,147.009995,147.779999,141.940002,144.270004,121.281876,7486900
2021-01-05,144.070007,145.179993,142.899994,144.699997,121.643333,4126000
2021-01-06,141.669998,143.600006,141.589996,142.929993,120.155357,4843300
2021-01-07,142.809998,143.149994,141.149994,142.470001,119.768692,4473200
2021-01-08,142.470001,144.399994,141.660004,144.179993,121.206200,4312000
2021-01-11,144.029999,144.309998,141.690002,142.089996,119.449219,3902700
2021-01-12,141.630005,142.000000,139.449997,141.429993,118.894371,5150000
2021-01-13,141.119995,143.240005,141.000000,142.589996,119.869568,4361600
2021-01-14,141.479996,142.440002,141.070007,141.759995,119.171806,4724700
2021-01-15,141.449997,142.600006,140.529999,141.389999,118.860764,4309100
2021-01-19,142.380005,142.580002,141.440002,142.059998,119.423973,5158600
2021-01-20,141.039993,141.779999,139.919998,141.330002,118.810318,5019300
2021-01-21,140.289993,140.789993,138.740005,139.610001,117.364403,5684100
2021-01-22,139.500000,139.539993,138.229996,138.589996,116.506912,4014900
2021-01-25,138.059998,140.330002,137.580002,140.179993,117.843544,3829000
2021-01-26,141.309998,142.089996,139.750000,141.800003,119.205399,4242500
2021-01-27,140.509995,142.330002,137.550003,138.039993,116.044518,6659800
2021-01-28,138.830002,140.789993,137.759995,139.190002,117.011322,5514000
2021-01-29,138.110001,138.460007,136.009995,136.570007,114.808777,6778100
2021-02-01,136.979996,137.960007,135.899994,136.979996,115.153465,4185700
2021-02-02,137.449997,139.529999,136.600006,138.380005,116.330376,3581600
2021-02-03,137.750000,138.949997,137.070007,138.020004,116.027771,3609600
2021-02-04,137.750000,139.759995,137.750000,139.679993,117.423218,3860300
2021-02-05,140.490005,142.119995,139.729996,140.960007,118.499268,4437900
2021-02-08,141.190002,141.809998,139.500000,140.399994,118.028496,4112200
2021-02-09,141.130005,141.149994,139.490005,139.600006,117.355988,3179300
2021-02-10,141.119995,141.119995,136.759995,137.699997,115.758720,6966600
2021-02-11,137.850006,138.210007,134.339996,134.970001,113.463730,7528000
2021-02-12,135.259995,135.600006,133.449997,133.869995,112.539001,5659300
2021-02-16,134.559998,134.809998,133.399994,134.380005,112.967751,5180100
2021-02-17,134.059998,135.070007,133.860001,134.460007,113.035004,3353000
2021-02-18,134.070007,135.699997,133.910004,135.369995,113.799995,3935200
2021-02-19,135.009995,135.119995,132.289993,132.509995,111.395714,5414900
2021-02-22,132.039993,132.600006,130.759995,131.990005,110.958565,5792900
2021-02-23,132.649994,134.339996,131.300003,132.779999,111.622681,6264300
2021-02-24,131.850006,132.289993,131.199997,132.089996,111.042625,4944000
2021-02-25,131.350006,132.089996,129.800003,130.000000,109.285652,5702300
2021-02-26,130.570007,130.869995,128.570007,129.190002,108.604721,8329000
2021-03-01,130.610001,131.970001,130.339996,130.619995,109.806870,5287300
2021-03-02,130.500000,132.029999,130.380005,131.070007,110.185173,5614000
2021-03-03,129.800003,130.529999,128.979996,129.139999,108.562683,7505800
2021-03-04,129.250000,131.750000,128.320007,128.830002,109.166870,9102800
2021-03-05,129.639999,133.410004,129.190002,133.029999,112.725815,10186500
2021-03-08,133.229996,134.179993,131.990005,132.130005,111.963211,8634900
2021-03-09,132.940002,133.910004,132.000000,132.250000,112.064865,8930200
2021-03-10,132.520004,134.470001,130.539993,133.580002,113.191879,7791700
2021-03-11,133.350006,134.580002,133.100006,133.220001,112.886833,4458900
2021-03-12,133.119995,133.789993,132.639999,133.039993,112.734291,5275100
2021-03-15,133.559998,133.630005,131.970001,133.029999,112.725815,5389200
2021-03-16,133.080002,134.580002,132.750000,134.009995,113.556244,5544700
2021-03-17,134.360001,134.559998,133.380005,133.619995,113.225777,6199500
2021-03-18,132.360001,133.080002,131.410004,132.529999,112.302116,6476700
2021-03-19,132.309998,135.009995,132.179993,134.500000,113.971458,16114400
2021-03-22,135.630005,138.199997,135.089996,137.800003,116.767769,7813400
2021-03-23,138.449997,140.169998,138.179993,139.460007,118.174431,6978400
2021-03-24,139.009995,140.110001,138.779999,138.809998,117.623634,5082300
2021-03-25,139.179993,140.250000,138.339996,139.630005,118.318466,5827600
2021-03-26,139.619995,143.000000,139.130005,142.699997,120.919891,6785600
2021-03-29,142.869995,144.960007,142.419998,144.809998,122.707878,6105800
2021-03-30,143.679993,144.750000,142.119995,142.539993,120.784332,4372700
2021-03-31,143.320007,143.330002,141.169998,141.449997,119.860687,6257900
2021-04-01,141.190002,142.300003,140.110001,141.279999,119.716621,4823400
2021-04-05,141.850006,144.339996,141.320007,143.160004,121.309662,5980700
2021-04-06,143.039993,144.199997,142.559998,143.669998,121.741859,4751900
2021-04-07,144.000000,144.100006,143.020004,143.410004,121.521507,4849200
2021-04-08,143.679993,144.160004,142.050003,142.539993,120.784332,6725100
2021-04-09,142.240005,143.139999,141.610001,142.570007,120.809738,4950800
2021-04-12,142.199997,143.470001,142.050003,143.020004,121.191078,4386700
2021-04-13,142.070007,143.970001,141.869995,143.050003,121.216507,5283300
2021-04-14,142.570007,142.720001,141.240005,142.110001,120.419968,4685300
2021-04-15,141.669998,143.100006,141.419998,142.309998,120.589447,4777100
2021-04-16,143.460007,144.320007,142.460007,144.160004,122.157036,6481400
2021-04-19,144.490005,145.600006,143.259995,144.750000,122.657036,6621200
2021-04-20,144.130005,146.649994,143.929993,145.710007,123.470505,4999700
2021-04-21,147.350006,147.800003,146.210007,146.979996,124.546669,6316000
2021-04-22,146.240005,146.649994,145.380005,146.070007,123.775597,4904400
2021-04-23,145.509995,146.339996,145.059998,145.830002,123.572174,4354700
2021-04-26,145.550003,145.770004,142.979996,143.360001,121.479172,5817700
2021-04-27,142.619995,143.179993,142.130005,142.889999,121.080910,4693700
2021-04-28,143.490005,143.690002,141.729996,141.830002,120.182686,4962700
2021-04-29,142.100006,144.429993,141.970001,143.940002,121.970650,4699900
2021-04-30,143.320007,144.240005,142.500000,144.160004,122.157036,5051100
2021-05-03,145.029999,146.779999,144.100006,145.789993,123.538292,6109800
2021-05-04,145.979996,146.770004,143.490005,143.960007,121.987579,6603800
2021-05-05,143.720001,144.570007,143.500000,143.889999,121.928299,5305200
2021-05-06,144.470001,145.960007,144.009995,145.559998,123.343399,4472200
2021-05-07,145.229996,146.000000,144.570007,145.559998,123.343399,4181000
2021-05-10,146.490005,147.990005,146.110001,146.720001,124.326340,5270600
2021-05-11,147.169998,147.639999,145.020004,145.649994,123.419632,5266100
2021-05-12,144.880005,145.740005,143.850006,144.229996,122.216377,5651700
2021-05-13,144.240005,147.119995,143.580002,146.369995,124.029762,4849400
2021-05-14,147.199997,147.899994,146.419998,146.589996,124.216164,4224700
2021-05-17,147.000000,147.399994,145.710007,146.169998,123.860283,3747100
2021-05-18,146.639999,146.949997,145.320007,145.509995,123.300995,4527300
2021-05-19,144.639999,145.630005,144.080002,145.429993,123.233177,4432700
2021-05-20,145.250000,147.729996,145.110001,147.229996,124.758499,3964600
2021-05-21,147.869995,148.309998,146.520004,147.100006,124.648346,5194200
2021-05-24,147.639999,148.350006,147.009995,147.850006,125.283859,3627800
2021-05-25,147.850006,148.369995,147.009995,148.300003,125.665215,4649300
2021-05-26,147.910004,148.669998,147.679993,148.300003,125.665215,4462600
2021-05-27,148.559998,148.770004,146.440002,146.509995,124.148392,9203600
2021-05-28,147.410004,148.500000,147.240005,147.940002,125.360138,4913700
2021-06-01,148.779999,148.850006,147.089996,147.630005,125.097450,5530300
2021-06-02,148.199997,148.529999,147.229996,148.220001,125.597397,4546900
2021-06-03,146.710007,147.759995,146.160004,147.669998,126.045509,4651600
2021-06-04,148.000000,148.589996,147.470001,147.839996,126.190613,4427400
2021-06-07,147.759995,148.250000,146.710007,147.750000,126.113800,4724100
2021-06-08,147.699997,147.869995,145.919998,146.369995,124.935890,5997200
2021-06-09,147.250000,147.589996,146.020004,146.100006,124.705414,4008000
2021-06-10,146.309998,148.009995,146.130005,147.600006,125.985748,4698200
2021-06-11,148.050003,148.119995,146.789993,147.690002,126.062614,4364600
2021-06-14,147.470001,148.630005,146.789993,148.570007,126.813705,3831900
2021-06-15,148.899994,149.169998,148.070007,148.580002,126.822250,4256500
2021-06-16,148.860001,149.270004,146.750000,147.100006,125.559006,5492100
2021-06-17,147.250000,149.000000,146.910004,148.520004,126.771049,5316400
2021-06-18,147.979996,147.979996,145.229996,145.419998,124.125000,10661700
2021-06-21,145.750000,146.740005,145.449997,146.559998,125.098061,4904300
2021-06-22,146.729996,147.500000,146.289993,146.779999,125.285866,3518000
2021-06-23,146.059998,146.130005,144.830002,144.850006,123.638489,3901700
2021-06-24,144.860001,145.940002,144.610001,145.669998,124.338432,3818900
2021-06-25,145.759995,146.789993,145.240005,146.410004,124.970039,6387600
2021-06-28,146.759995,147.589996,146.619995,147.039993,125.507744,4282800
2021-06-29,147.449997,147.699997,146.399994,146.940002,125.422401,3197700
2021-06-30,147.429993,148.309998,147.199997,148.169998,126.472305,4943700
2021-07-01,148.080002,149.080002,147.940002,148.199997,126.497917,3997600
2021-07-02,148.899994,149.779999,148.559998,148.910004,127.103951,3835500
2021-07-06,149.070007,149.419998,147.770004,149.130005,127.291725,4313800
2021-07-07,149.289993,150.699997,149.000000,149.789993,127.855064,4225000
2021-07-08,149.419998,150.669998,149.190002,149.860001,127.914841,4216000
2021-07-09,149.410004,150.309998,149.169998,149.479996,127.590462,4088600
2021-07-12,149.490005,149.789993,148.779999,149.509995,127.616074,4873700
2021-07-13,151.149994,153.910004,150.750000,152.960007,130.560837,8750800
2021-07-14,152.889999,155.139999,152.800003,154.539993,131.909485,6390300
2021-07-15,154.070007,155.360001,153.259995,155.250000,132.515549,4920600
2021-07-16,155.679993,156.839996,155.110001,155.820007,133.002075,5852500
2021-07-19,155.990005,157.539993,154.759995,155.800003,132.984970,5750200
2021-07-20,156.199997,157.330002,155.559998,155.820007,133.002075,5213500
2021-07-21,155.300003,156.119995,154.570007,155.240005,132.506989,4905900
2021-07-22,155.190002,155.759995,153.970001,155.190002,132.464310,3333500
2021-07-23,155.559998,157.789993,155.240005,157.179993,134.162903,3588400
2021-07-26,156.789993,157.470001,156.029999,157.070007,134.068985,2999800
2021-07-27,157.309998,158.660004,157.029999,157.940002,134.811630,4043900
2021-07-28,157.600006,157.960007,155.910004,156.490005,133.573929,3556800
2021-07-29,157.229996,157.429993,156.199997,156.809998,133.847076,3055600
2021-07-30,157.369995,157.600006,156.619995,156.949997,133.966568,3757300
2021-08-02,157.000000,157.110001,155.509995,156.320007,133.428848,3425900
2021-08-03,157.000000,157.149994,156.309998,156.669998,133.727615,3359900
2021-08-04,156.190002,156.660004,153.869995,154.050003,131.491257,4846300
2021-08-05,154.979996,155.190002,153.869995,154.309998,131.713181,3733500
2021-08-06,153.770004,154.759995,153.639999,154.330002,131.730240,3430900
2021-08-09,154.639999,154.789993,153.710007,154.350006,131.747299,2636600
2021-08-10,154.309998,155.309998,153.809998,154.429993,131.815582,2670200
2021-08-11,154.710007,156.020004,154.470001,155.039993,132.336288,3058000
2021-08-12,155.229996,155.300003,154.600006,155.070007,132.361877,1958700
2021-08-13,155.100006,156.669998,154.899994,156.520004,133.599533,2113800
2021-08-16,156.929993,158.119995,156.729996,158.050003,134.905502,3224000
2021-08-17,157.910004,158.449997,157.240005,157.899994,134.777451,3736300
2021-08-18,157.679993,158.199997,156.199997,156.279999,133.394699,3419200
2021-08-19,155.820007,159.419998,155.779999,158.910004,135.639542,4745600
2021-08-20,158.929993,159.630005,158.250000,158.350006,135.161560,3484100
2021-08-23,157.830002,158.520004,157.320007,157.850006,134.734772,3102100
2021-08-24,157.750000,157.750000,155.679993,155.889999,133.061829,3760800
2021-08-25,155.360001,155.669998,154.160004,155.199997,132.472824,3346700
2021-08-26,155.509995,155.669998,154.089996,154.630005,131.986328,3220700
2021-08-27,154.839996,155.410004,154.210007,154.940002,132.250900,4166500
2021-08-30,155.179993,156.169998,155.009995,156.000000,133.155701,2540300
2021-08-31,156.089996,156.470001,155.339996,156.389999,133.488556,5291200
2021-09-01,156.839996,158.190002,156.509995,157.910004,134.786026,4231400
2021-09-02,156.789993,157.289993,155.869995,156.949997,134.884827,2862500
2021-09-03,156.199997,157.419998,155.899994,157.089996,135.005188,2035100
2021-09-07,156.479996,156.759995,153.679993,154.529999,132.805038,4609900
2021-09-08,154.660004,156.750000,154.300003,156.720001,134.687134,3199100
2021-09-09,156.880005,156.970001,155.399994,155.729996,133.836334,3560400
2021-09-10,155.979996,156.250000,155.009995,155.460007,133.604309,3851500
2021-09-13,155.940002,157.399994,155.389999,155.759995,133.862122,3367200
2021-09-14,156.380005,156.669998,154.820007,155.149994,133.337845,2808600
2021-09-15,155.220001,156.380005,154.779999,156.020004,134.085587,3702400
2021-09-16,155.389999,156.119995,153.809998,155.559998,133.690247,4589900
2021-09-17,155.229996,155.500000,153.830002,154.130005,132.461258,8127400
2021-09-20,153.899994,154.949997,152.419998,153.610001,132.014374,5484600
2021-09-21,154.610001,156.119995,152.970001,153.539993,131.954224,4479800
2021-09-22,154.619995,155.089996,153.449997,154.009995,132.358139,3001000
2021-09-23,153.690002,154.929993,153.539993,154.130005,132.461258,2712500
2021-09-24,153.750000,154.619995,153.550003,154.199997,132.521454,2366100
2021-09-27,153.800003,154.149994,152.389999,152.720001,131.249512,4482000
2021-09-28,152.369995,152.500000,150.100006,151.050003,129.814270,5910900
2021-09-29,151.339996,153.169998,150.690002,152.300003,130.888565,3326500
2021-09-30,153.220001,153.429993,150.369995,150.410004,129.264282,4949200
2021-10-01,151.350006,151.610001,149.520004,150.949997,129.728348,4274300
2021-10-04,150.880005,153.000000,149.479996,150.199997,129.083801,5404900
2021-10-05,151.360001,152.389999,150.070007,151.089996,129.848648,6103100
2021-10-06,150.839996,155.160004,149.960007,154.960007,133.174606,5499200
2021-10-07,155.520004,157.750000,155.520004,156.389999,134.403534,4605100
2021-10-08,156.570007,156.710007,155.490005,156.029999,134.094208,4186000
2021-10-11,156.389999,157.229996,155.660004,156.240005,134.274628,2738100
2021-10-12,156.220001,157.850006,156.210007,156.929993,134.867630,3195400
2021-10-13,157.460007,158.050003,156.020004,157.990005,135.778625,3599900
2021-10-14,158.619995,159.490005,158.610001,159.259995,136.870087,3677100
2021-10-15,159.660004,159.660004,157.509995,158.809998,136.483337,4313000
2021-10-18,158.199997,158.699997,156.800003,158.089996,135.864563,3274200
2021-10-19,158.639999,160.160004,157.539993,160.100006,137.591995,3125800
2021-10-20,160.580002,161.880005,159.679993,161.309998,138.631866,3716500
2021-10-21,161.389999,161.429993,158.979996,159.179993,136.801285,4164700
2021-10-22,159.580002,160.470001,159.470001,159.970001,137.480240,3240300
2021-10-25,159.949997,159.949997,158.789993,159.220001,136.835709,3281200
2021-10-26,159.169998,161.399994,159.100006,161.169998,138.511536,3684700
2021-10-27,161.750000,161.839996,159.559998,160.610001,138.030258,3751800
2021-10-28,160.850006,161.729996,160.470001,161.619995,138.898285,3589600
2021-10-29,161.029999,162.259995,160.910004,161.600006,138.881088,4558200
2021-11-01,161.199997,161.500000,160.179993,161.259995,138.588898,3017100
2021-11-02,161.550003,162.809998,160.940002,162.740005,139.860840,3464500
2021-11-03,162.149994,164.389999,162.149994,164.300003,141.201508,3595000
2021-11-04,164.220001,164.559998,163.350006,164.309998,141.210098,3310100
2021-11-05,165.550003,166.429993,164.520004,166.000000,142.662506,3754300
2021-11-08,165.809998,166.100006,161.149994,162.429993,139.594406,5766400
2021-11-09,162.309998,163.860001,162.000000,163.509995,140.522568,3778600
2021-11-10,164.740005,165.000000,163.029999,164.039993,140.978058,2683500
2021-11-11,163.970001,163.979996,162.550003,162.690002,139.817871,2453000
2021-11-12,163.009995,163.929993,162.080002,162.649994,139.783508,3540900
2021-11-15,162.509995,163.880005,162.490005,163.800003,140.771805,3357100
2021-11-16,164.270004,164.990005,163.229996,163.309998,140.350677,2899400
2021-11-17,162.619995,163.669998,162.080002,163.369995,140.402222,3332200
2021-11-18,162.809998,163.520004,161.750000,163.419998,140.445206,3498900
2021-11-19,164.500000,165.029999,163.440002,163.809998,140.780396,5242200
2021-11-22,163.199997,166.800003,163.179993,164.149994,141.072571,4157200
2021-11-23,163.559998,165.720001,163.309998,165.250000,142.017929,3878000
2021-11-24,165.089996,165.500000,162.580002,163.740005,140.720261,3309500
2021-11-26,162.710007,163.660004,160.889999,161.139999,138.485779,3402900
2021-11-29,162.669998,164.580002,161.139999,164.139999,141.064026,5305800
2021-11-30,163.830002,164.000000,158.389999,159.779999,137.316940,7610000
2021-12-01,162.470001,163.250000,160.050003,160.160004,137.643524,5385600
2021-12-02,160.130005,161.690002,159.830002,160.619995,138.971634,4619800
2021-12-03,161.470001,164.880005,161.339996,164.710007,142.510376,6465900
2021-12-06,166.050003,167.289993,165.789993,166.419998,143.989899,5403100
2021-12-07,166.419998,166.960007,165.660004,166.229996,143.825516,5460100
2021-12-08,166.139999,166.690002,164.029999,166.520004,144.076447,3891900
2021-12-09,165.919998,166.880005,164.850006,166.309998,143.894745,3644500
2021-12-10,167.539993,169.119995,166.899994,168.970001,146.196213,5025700
2021-12-13,168.929993,171.259995,168.050003,169.809998,146.923004,5411800
2021-12-14,169.350006,170.389999,168.300003,169.389999,146.559677,4985000
2021-12-15,169.770004,171.779999,169.460007,171.570007,148.445801,5507800
2021-12-16,171.570007,173.559998,171.020004,171.820007,148.662109,6909900
2021-12-17,171.110001,172.380005,168.050003,168.300003,145.616562,10159600
2021-12-20,167.160004,169.500000,166.750000,169.419998,146.585556,5263600
2021-12-21,169.229996,169.600006,167.779999,168.919998,146.152985,3401400
2021-12-22,168.960007,169.990005,168.270004,169.970001,147.061478,4362900
2021-12-23,169.979996,170.630005,169.250000,169.779999,146.897049,3241700
2021-12-27,169.990005,171.559998,169.770004,171.470001,148.359299,2868800
2021-12-28,171.460007,172.789993,171.199997,172.360001,149.129349,2332100
2021-12-29,172.789993,173.460007,171.929993,172.970001,149.657104,2299500
2021-12-30,173.539993,173.619995,172.229996,172.669998,149.397552,1988900
2021-12-31,172.460007,174.020004,172.110001,173.710007,150.297394,2914900
2022-01-03,172.199997,173.190002,170.570007,172.979996,149.665756,5488900
2022-01-04,172.660004,174.449997,172.199997,173.229996,149.882095,4717600
2022-01-05,173.360001,175.360001,173.229996,173.820007,150.392548,6564600
2022-01-06,173.910004,175.600006,173.229996,173.860001,150.427155,4288700
2022-01-07,174.089996,174.690002,172.610001,174.080002,150.617523,4916000
2022-01-10,174.440002,175.839996,173.619995,174.169998,150.695389,5055900
2022-01-11,173.679993,174.229996,171.619995,174.089996,150.626175,6452300
2022-01-12,173.899994,174.330002,172.949997,173.899994,150.461807,5268000
2022-01-13,173.710007,174.690002,173.240005,174.179993,150.704025,4310300
2022-01-14,174.570007,175.940002,173.399994,175.639999,151.967224,4474500
2022-01-18,173.619995,174.759995,173.149994,173.960007,150.513718,5789500
2022-01-19,173.960007,175.960007,173.570007,175.210007,151.595215,6424500
2022-01-20,175.410004,176.880005,173.839996,173.940002,150.496368,6284200
2022-01-21,175.330002,177.240005,174.110001,174.220001,150.738663,6753200
2022-01-24,175.490005,176.500000,168.960007,173.330002,149.968628,9263900
2022-01-25,172.080002,172.479996,169.740005,171.339996,148.246811,6536900
2022-01-26,169.360001,171.809998,166.449997,169.529999,146.680771,6841800
2022-01-27,170.779999,173.279999,168.779999,169.369995,146.542297,6543500
2022-01-28,168.509995,172.729996,167.210007,172.669998,149.397552,5796000
2022-01-31,170.770004,174.110001,170.589996,173.520004,150.132996,5908000
2022-02-01,173.149994,173.429993,169.559998,172.339996,149.112045,5952700
2022-02-02,172.759995,175.639999,172.570007,175.470001,151.820175,5767000
2022-02-03,175.270004,176.660004,173.830002,175.369995,151.733658,4632700
2022-02-04,173.100006,174.889999,171.190002,172.490005,149.241837,4592400
2022-02-07,172.740005,172.990005,171.210007,171.809998,148.653473,4813300
2022-02-08,172.630005,172.639999,170.309998,172.020004,148.835159,3957700
2022-02-09,172.500000,172.779999,171.009995,171.940002,148.765961,6780200
2022-02-10,168.660004,171.449997,167.300003,168.369995,145.677109,7899800
2022-02-11,168.059998,170.309998,167.690002,168.580002,145.858810,7299600
2022-02-14,169.419998,169.679993,165.100006,166.699997,144.232162,6822500
2022-02-15,167.220001,168.250000,165.259995,165.960007,143.591934,4943800
2022-02-16,165.630005,167.199997,164.539993,166.300003,143.886139,4161700
2022-02-17,166.009995,167.949997,165.000000,166.750000,144.275436,5156800
2022-02-18,167.110001,168.240005,166.220001,167.710007,145.106064,5181600
2022-02-22,168.570007,168.940002,166.229996,168.350006,145.659805,7733900
2022-02-23,169.119995,169.119995,166.520004,166.690002,144.223557,5812800
2022-02-24,165.710007,166.339996,160.289993,163.789993,141.714417,8888800
2022-02-25,164.419998,168.460007,164.259995,168.380005,145.685776,6535600
2022-02-28,164.039993,165.210007,161.410004,163.740005,141.671158,7677000
2022-03-01,163.070007,164.399994,161.300003,162.270004,140.399261,5107900
2022-03-02,162.979996,165.820007,162.490005,164.520004,142.346024,5452100
2022-03-03,163.970001,165.190002,162.800003,163.270004,142.193588,5352200
2022-03-04,162.000000,166.500000,160.919998,165.750000,144.353470,6340300
2022-03-07,164.070007,165.149994,162.130005,162.449997,141.479462,6319500
2022-03-08,162.380005,163.970001,157.690002,157.869995,137.490677,6163700
2022-03-09,159.809998,160.059998,156.399994,157.399994,137.081360,5764900
2022-03-10,155.789993,156.250000,153.369995,154.509995,134.564423,6103700
2022-03-11,155.449997,156.889999,153.479996,153.729996,133.885101,4762600
2022-03-14,155.149994,157.800003,154.500000,155.889999,135.766266,6075600
2022-03-15,157.320007,159.500000,156.830002,159.000000,138.474808,6203400
2022-03-16,158.410004,159.990005,157.039993,159.699997,139.084442,6299000
2022-03-17,159.830002,161.630005,159.300003,160.940002,140.164383,3587600
2022-03-18,161.380005,162.929993,160.059998,162.789993,141.775558,12123000
2022-03-21,162.270004,163.809998,161.070007,162.559998,141.575226,5122600
2022-03-22,162.839996,164.770004,162.229996,164.339996,143.125473,5779200
2022-03-23,164.250000,165.279999,162.630005,163.479996,142.376495,4533700
2022-03-24,164.059998,164.729996,163.270004,164.470001,143.238708,3160300
2022-03-25,164.429993,165.899994,164.429993,165.240005,143.909317,4146800
2022-03-28,165.100006,165.770004,163.710007,165.729996,144.336044,4308000
2022-03-29,167.289993,168.580002,166.369995,168.190002,146.478485,4440400
2022-03-30,168.100006,168.240005,166.119995,167.960007,146.278183,3871500
2022-03-31,168.369995,169.300003,167.270004,167.380005,145.773026,6076200
2022-04-01,167.889999,169.929993,167.369995,169.759995,147.845795,3239600
2022-04-04,169.110001,169.389999,167.449997,169.320007,147.462616,3759900
2022-04-05,168.320007,171.380005,168.320007,169.500000,147.619354,4480700
2022-04-06,169.919998,172.699997,169.490005,172.389999,150.136307,4294800
2022-04-07,172.029999,173.279999,170.779999,172.550003,150.275650,5041600
2022-04-08,172.990005,173.690002,171.589996,173.130005,150.780746,3883100
2022-04-11,173.610001,174.970001,172.320007,172.600006,150.319183,3825100
2022-04-12,173.779999,174.649994,172.630005,173.300003,150.928818,3924300
2022-04-13,173.580002,173.820007,171.729996,173.000000,150.667542,4394000
2022-04-14,173.479996,174.259995,171.759995,171.899994,149.709564,4834300
2022-04-18,171.220001,172.309998,169.960007,170.419998,148.420624,3086000
2022-04-19,169.839996,173.169998,169.839996,172.899994,150.580490,3642000
2022-04-20,173.720001,175.970001,173.720001,175.470001,152.818726,4197600
2022-04-21,175.759995,177.240005,174.649994,174.839996,152.270065,3701300
2022-04-22,174.990005,175.270004,171.940002,172.149994,149.927292,5864000
2022-04-25,173.210007,173.919998,171.000000,173.740005,151.312057,7369900
2022-04-26,173.970001,175.350006,172.729996,173.300003,150.928818,7386600
2022-04-27,173.419998,176.690002,173.190002,174.850006,152.278748,5180300
2022-04-28,174.529999,177.619995,173.820007,177.500000,154.586685,5235800
2022-04-29,177.410004,177.410004,171.410004,171.710007,149.544098,6505600
2022-05-02,173.000000,173.460007,165.270004,167.759995,146.103958,7692100
2022-05-03,169.139999,169.309998,166.580002,167.990005,146.304306,5564900
2022-05-04,167.610001,174.119995,167.610001,173.860001,151.416534,6231500
2022-05-05,173.100006,173.320007,169.080002,170.389999,148.394455,6534300
2022-05-06,169.240005,170.800003,168.720001,170.410004,148.411911,5824600
2022-05-09,169.660004,172.889999,168.759995,171.699997,149.535355,7269100
2022-05-10,173.119995,174.539993,170.750000,171.490005,149.352493,5936700
2022-05-11,170.820007,172.410004,169.919998,170.660004,148.629608,5376900
2022-05-12,171.250000,171.990005,168.160004,170.399994,148.403214,6473500
2022-05-13,170.699997,174.160004,169.460007,173.720001,151.294601,4714600
2022-05-16,173.710007,176.300003,173.419998,175.470001,152.818726,5317200
2022-05-17,175.309998,175.679993,172.580002,174.460007,151.939072,5012200
2022-05-18,173.690002,173.869995,162.919998,163.649994,142.524536,8875400
2022-05-19,162.500000,162.779999,159.669998,161.199997,140.390808,6423800
2022-05-20,162.240005,163.059998,159.619995,162.210007,141.270401,5768800
2022-05-23,164.210007,166.949997,163.570007,165.600006,144.222824,4657800
2022-05-24,166.020004,168.259995,165.160004,167.820007,146.156265,6327600
2022-05-25,167.850006,169.490005,166.960007,168.970001,147.157776,5781000
2022-05-26,168.960007,171.089996,168.960007,170.110001,148.150650,5193800
2022-05-27,171.259995,171.809998,170.199997,171.770004,149.596344,6713500
2022-05-31,170.979996,170.979996,165.369995,167.750000,146.095261,13610000
2022-06-01,168.179993,168.380005,163.820007,166.490005,144.997940,5613900
2022-06-02,165.619995,166.750000,162.649994,166.679993,146.173080,4677300
2022-06-03,165.860001,166.589996,164.360001,164.850006,144.568253,4222000
2022-06-06,166.460007,167.619995,164.729996,165.539993,145.173340,3447800
2022-06-07,165.679993,166.860001,164.220001,166.559998,146.067856,4168300
2022-06-08,165.740005,166.809998,165.110001,165.729996,145.339935,2646800
2022-06-09,165.190002,166.929993,162.669998,162.779999,142.752914,3522900
2022-06-10,160.970001,163.919998,159.449997,162.520004,142.524887,5203300
2022-06-13,160.529999,162.869995,159.059998,159.740005,140.086914,6300700
2022-06-14,160.000000,160.050003,154.860001,156.119995,136.912308,6159200
2022-06-15,157.919998,159.839996,155.929993,157.789993,138.376831,5940100
2022-06-16,156.630005,158.460007,155.110001,157.029999,137.710327,7207900
2022-06-17,157.029999,158.990005,156.169998,157.059998,137.736649,9881800
2022-06-21,158.169998,160.960007,157.350006,160.710007,140.937546,4449600
2022-06-22,160.330002,162.990005,159.559998,162.029999,142.095169,4706500
2022-06-23,163.779999,165.139999,163.149994,164.100006,143.910507,5810700
2022-06-24,165.639999,166.190002,163.940002,166.130005,145.690720,5951500
2022-06-27,165.869995,167.130005,165.339996,166.350006,145.883667,4595800
2022-06-28,167.149994,168.449997,163.850006,164.009995,143.831558,4372900
2022-06-29,166.059998,167.559998,165.350006,166.729996,146.216904,3653600
2022-06-30,167.130005,167.580002,165.630005,166.660004,146.155548,6295100
2022-07-01,166.740005,169.520004,165.759995,169.389999,148.549683,3918700
2022-07-05,168.630005,169.389999,165.330002,169.009995,148.216446,4971600
2022-07-06,170.000000,171.949997,169.479996,170.699997,149.698502,4209100
2022-07-07,169.520004,171.039993,169.380005,170.360001,149.400314,5150200
2022-07-08,170.570007,172.699997,170.550003,171.880005,150.733307,3482900
2022-07-11,171.410004,172.800003,170.020004,170.470001,149.496780,4921300
2022-07-12,173.000000,173.320007,168.869995,169.500000,148.646103,5201600
2022-07-13,168.539993,171.440002,167.979996,170.100006,149.172302,4533100
2022-07-14,168.289993,171.160004,167.699997,170.979996,149.944016,4218300
2022-07-15,171.339996,172.919998,170.020004,171.119995,150.066803,4659100
2022-07-18,171.149994,171.240005,167.850006,168.259995,147.558701,3479700
2022-07-19,170.250000,170.750000,168.630005,170.059998,149.137253,4201600
2022-07-20,170.050003,170.570007,167.460007,168.259995,147.558701,3460700
2022-07-21,167.990005,169.410004,167.559998,168.509995,147.777939,3088300
2022-07-22,169.139999,170.570007,168.490005,169.610001,148.742615,3757800
2022-07-25,170.309998,170.860001,169.039993,169.850006,148.953049,3357200
2022-07-26,170.570007,171.990005,169.240005,171.830002,150.689468,3732100
2022-07-27,170.490005,171.949997,169.059998,171.589996,150.478958,4479000
2022-07-28,171.869995,175.119995,171.190002,174.839996,153.329117,3134200
2022-07-29,173.660004,175.479996,173.389999,174.960007,153.434402,4215500
2022-08-01,174.550003,177.690002,174.550003,176.949997,155.179520,4034600
2022-08-02,176.940002,177.149994,175.220001,175.490005,153.899170,3781100
2022-08-03,175.080002,177.059998,174.240005,176.830002,155.074295,4401300
2022-08-04,176.419998,176.740005,174.580002,175.869995,154.232422,3822500
2022-08-05,174.389999,174.699997,172.399994,174.550003,153.074829,3295600
2022-08-08,175.789993,175.970001,173.320007,173.850006,152.460953,2846100
2022-08-09,174.789993,175.229996,173.960007,174.500000,153.030975,3228800
2022-08-10,175.809998,176.429993,174.720001,175.940002,154.293808,4041100
2022-08-11,176.360001,177.119995,174.669998,175.039993,153.504532,2743800
2022-08-12,175.929993,177.380005,175.380005,177.330002,155.512787,3756200
2022-08-15,177.770004,179.360001,176.800003,179.279999,157.222855,3043100
2022-08-16,179.779999,180.699997,178.639999,180.320007,158.134918,3395700
2022-08-17,180.100006,181.070007,179.720001,180.220001,158.047226,2666200
2022-08-18,180.820007,180.929993,179.940002,180.399994,158.205078,3010600
2022-08-19,179.759995,181.009995,179.320007,180.169998,158.003403,3704000
2022-08-22,180.139999,180.470001,178.020004,178.449997,156.495010,3385000
2022-08-23,177.820007,178.860001,177.289993,178.369995,156.424850,2575000
2022-08-24,178.369995,179.500000,178.110001,179.259995,157.205322,3340600
2022-08-25,179.029999,179.350006,177.389999,179.270004,157.214096,3401800
2022-08-26,179.960007,179.979996,174.669998,175.039993,153.504532,5246600
2022-08-29,174.550003,175.289993,173.210007,174.490005,153.022202,4184500
2022-08-30,174.339996,174.690002,172.330002,172.990005,151.706741,4026300
2022-08-31,173.809998,174.410004,172.199997,172.270004,151.075363,5597900
2022-09-01,170.919998,172.979996,170.240005,172.850006,152.602676,4846100
2022-09-02,173.720001,174.970001,169.889999,170.660004,150.669220,5801500
2022-09-06,170.979996,172.589996,169.130005,169.509995,149.653931,4900100
2022-09-07,170.619995,173.779999,169.929993,173.250000,152.955826,6074600
2022-09-08,172.779999,173.429993,170.559998,172.669998,152.443756,3888100
2022-09-09,172.649994,174.550003,171.669998,173.220001,152.929337,3662000
2022-09-12,173.220001,174.440002,172.750000,173.899994,153.529709,5953300
2022-09-13,172.500000,172.830002,166.949997,167.410004,147.799927,6926200
2022-09-14,168.119995,169.190002,167.570007,168.679993,148.921143,5156900
2022-09-15,168.529999,168.559998,165.339996,165.880005,146.449173,5461000
2022-09-16,166.360001,167.169998,165.250000,166.970001,147.411453,12012600
2022-09-19,167.059998,168.809998,166.500000,168.729996,148.965286,3720900
2022-09-20,167.580002,169.149994,166.860001,168.919998,149.133041,3872000
2022-09-21,169.880005,172.029999,168.339996,168.440002,148.709259,5134500
2022-09-22,168.399994,169.889999,168.050003,168.600006,148.850510,4290600
2022-09-23,168.389999,168.750000,166.529999,168.520004,148.779877,4565100
2022-09-26,168.330002,170.009995,167.529999,168.449997,148.718079,5326400
2022-09-27,168.240005,170.000000,165.240005,166.009995,146.563889,5400700
2022-09-28,166.910004,169.619995,165.240005,168.669998,148.912292,5480900
2022-09-29,168.800003,169.139999,165.000000,166.610001,147.093613,5167700
2022-09-30,167.690002,168.240005,163.009995,163.259995,144.136047,5971900
2022-10-03,163.520004,165.690002,163.020004,165.250000,145.892914,5093400
2022-10-04,167.389999,168.729996,165.550003,167.110001,147.535049,4596800
2022-10-05,166.970001,167.089996,163.729996,166.000000,146.555069,3538600
2022-10-06,165.789993,166.020004,162.500000,162.800003,143.729904,4623400
2022-10-07,162.300003,163.009995,160.979996,161.610001,142.679321,4779200
2022-10-10,161.990005,163.039993,161.190002,161.820007,142.864700,4839200
2022-10-11,162.240005,164.270004,161.559998,162.589996,143.544510,5222600
2022-10-12,168.729996,170.699997,166.600006,169.389999,149.548004,9795300
2022-10-13,167.100006,175.039993,166.820007,174.610001,154.156525,8412700
2022-10-14,175.979996,176.259995,169.990005,170.190002,150.254272,5937900
2022-10-17,172.270004,173.589996,171.070007,172.729996,152.496719,6401800
2022-10-18,174.820007,176.910004,173.410004,175.059998,154.553802,4547400
2022-10-19,174.820007,175.839996,172.330002,173.360001,153.052963,5200200
2022-10-20,174.199997,174.360001,171.110001,171.460007,151.375488,4314000
2022-10-21,171.199997,173.690002,170.580002,173.059998,152.788071,5071500
2022-10-24,174.809998,177.979996,174.669998,177.679993,156.866898,5316500
2022-10-25,178.119995,178.869995,176.610001,178.270004,157.387802,5220000
2022-10-26,179.259995,180.899994,178.320007,179.070007,158.094086,5136000
2022-10-27,180.369995,180.929993,178.570007,178.880005,157.926346,5424100
2022-10-28,179.699997,182.929993,179.479996,182.229996,160.883926,6715300
2022-10-31,181.179993,182.979996,180.539993,181.580002,160.310074,4877200
2022-11-01,180.940002,182.809998,179.889999,180.759995,159.586090,4084500
2022-11-02,180.779999,183.580002,178.169998,178.240005,157.361282,4970600
2022-11-03,176.779999,178.899994,176.529999,177.779999,156.955185,3753800
2022-11-04,177.919998,179.789993,176.529999,178.779999,157.838089,3922400
2022-11-07,179.520004,180.619995,178.830002,180.210007,159.100540,3246100
2022-11-08,180.440002,182.110001,178.800003,180.710007,159.541962,3724700
2022-11-09,179.949997,181.070007,178.399994,178.550003,157.634979,4723600
2022-11-10,182.649994,182.919998,178.559998,181.699997,160.416016,6704100
2022-11-11,181.130005,181.690002,175.440002,178.050003,157.193573,7390500
2022-11-14,178.669998,179.179993,176.500000,176.729996,156.028198,5633000
2022-11-15,178.039993,178.699997,175.419998,177.190002,156.434326,5153600
2022-11-16,178.300003,179.630005,177.720001,178.330002,157.440765,4701100
2022-11-17,177.490005,180.160004,177.429993,180.029999,158.941635,3920300
2022-11-18,180.210007,181.839996,180.020004,181.330002,160.089355,4498100
2022-11-21,182.270004,185.130005,182.089996,184.820007,163.170547,4397600
2022-11-22,185.809998,186.619995,184.369995,184.839996,163.188187,4109600
2022-11-23,185.000000,186.080002,184.500000,185.080002,163.400070,2511000
2022-11-25,184.580002,185.000000,183.940002,184.110001,162.543716,1837000
2022-11-28,184.399994,185.490005,183.509995,183.889999,162.349472,6411400
2022-11-29,183.300003,183.419998,181.020004,182.589996,161.201736,4375400
2022-11-30,181.899994,185.699997,180.240005,185.509995,163.779694,7915600
2022-12-01,185.479996,186.330002,184.160004,185.899994,165.147781,4683300
2022-12-02,184.000000,186.309998,183.839996,185.690002,164.961243,3547700
2022-12-05,183.429993,183.940002,182.320007,183.119995,162.678116,4083200
2022-12-06,183.750000,184.289993,180.699997,181.630005,161.354462,5835100
2022-12-07,181.809998,182.449997,180.690002,182.179993,161.843033,4241700
2022-12-08,181.809998,183.979996,181.259995,183.779999,163.264481,3800800
2022-12-09,184.210007,184.210007,183.050003,183.100006,162.660370,3116100
2022-12-12,184.179993,184.179993,182.360001,183.970001,163.433228,4691400
2022-12-13,186.479996,186.839996,182.940002,183.869995,163.344391,5634900
2022-12-14,184.070007,185.880005,182.130005,183.360001,162.891342,5392500
2022-12-15,181.979996,182.710007,178.389999,180.250000,160.128555,6127800
2022-12-16,180.080002,181.190002,178.479996,180.339996,160.208466,15708100
2022-12-19,180.860001,183.470001,180.350006,181.339996,161.096802,4447800
2022-12-20,181.820007,182.250000,180.639999,181.229996,160.999100,3249000
2022-12-21,181.550003,183.679993,181.399994,182.500000,162.127335,4236900
2022-12-22,181.860001,182.050003,178.919998,181.089996,160.874710,4304700
2022-12-23,180.910004,182.550003,180.449997,182.259995,161.914139,2197800
2022-12-27,183.279999,183.610001,182.270004,183.070007,162.633743,3045000
2022-12-28,184.100006,184.539993,181.639999,181.750000,161.461075,2694300
2022-12-29,181.919998,182.860001,181.889999,181.979996,161.665390,2549200
2022-12-30,181.380005,181.960007,179.289993,180.660004,160.492767,3136200
2023-01-03,180.589996,180.750000,176.570007,179.410004,159.382309,5137400
2023-01-04,179.410004,180.539993,177.550003,178.970001,158.991379,4771300
2023-01-05,177.960007,178.770004,176.860001,177.100006,157.330124,3647100
2023-01-06,178.809998,181.830002,178.800003,181.100006,160.883606,3713200
2023-01-09,180.440002,182.770004,178.809998,179.330002,159.311203,3319200
2023-01-10,178.789993,179.529999,177.089996,177.850006,157.996429,3817300
2023-01-11,179.389999,179.710007,175.679993,178.050003,158.174133,4369900
2023-01-12,177.660004,178.369995,175.320007,175.779999,156.157516,4246600
2023-01-13,175.399994,175.729996,174.169998,175.240005,155.677795,4720400
2023-01-17,176.149994,177.550003,175.490005,176.059998,156.406235,5032600
2023-01-18,175.240005,175.740005,171.330002,171.619995,152.461884,5032600
2023-01-19,171.279999,172.169998,169.479996,169.630005,150.694031,4720400
2023-01-20,168.949997,169.889999,167.460007,169.880005,150.916138,5779100
2023-01-23,170.009995,170.759995,168.720001,169.119995,150.240982,5440400
2023-01-24,169.610001,170.869995,168.449997,170.690002,151.635681,4125600
2023-01-25,170.339996,171.979996,169.339996,171.929993,152.737259,3852800
2023-01-26,171.639999,171.669998,170.039993,170.220001,151.218185,4558400
2023-01-27,169.770004,170.229996,168.580002,169.619995,150.685150,5451400
2023-01-30,169.779999,171.460007,169.139999,169.479996,150.560776,5191500
2023-01-31,170.199997,171.070007,169.320007,171.020004,151.928894,4665500
2023-02-01,170.880005,172.320007,169.509995,171.559998,152.408569,4147700
2023-02-02,169.460007,170.559998,168.509995,169.970001,150.996094,5653800
2023-02-03,170.960007,171.289993,167.050003,169.119995,150.240982,5308200
2023-02-06,169.740005,172.380005,169.589996,171.820007,152.639557,5640000
2023-02-07,170.289993,172.029999,169.259995,171.559998,152.408569,6044700
2023-02-08,171.000000,171.330002,170.240005,171.160004,152.053253,5687300
2023-02-09,175.320007,176.490005,172.039993,172.779999,153.492401,9619400
2023-02-10,173.119995,176.589996,172.649994,176.199997,156.530609,6176000
2023-02-13,176.259995,178.229996,176.039993,177.770004,157.925339,5205100
2023-02-14,177.100006,177.250000,174.789993,175.770004,156.148621,5203000
2023-02-15,175.000000,176.050003,174.589996,176.009995,156.361816,4125500
2023-02-16,174.740005,176.899994,174.539993,175.509995,155.917633,4973200
2023-02-17,175.160004,176.419998,174.830002,176.279999,156.601685,3952100
2023-02-21,175.580002,177.410004,174.669998,176.179993,156.512863,5797300
2023-02-22,176.720001,177.429993,175.770004,176.119995,156.459534,5299500
2023-02-23,176.660004,176.990005,174.990005,176.309998,156.628326,3801400
2023-02-24,175.460007,176.330002,174.289993,175.960007,156.317398,2959100
2023-02-27,176.970001,177.250000,175.649994,175.910004,156.272995,3208500
2023-02-28,174.880005,175.059998,173.199997,173.529999,154.158661,4317100
2023-03-01,172.320007,172.460007,169.119995,171.330002,152.204254,5359100
2023-03-02,170.509995,173.759995,169.779999,173.320007,155.012589,4476300
2023-03-03,173.000000,173.449997,171.330002,173.149994,154.860519,3627100
2023-03-06,172.220001,173.660004,172.220001,173.500000,155.173553,3611400
2023-03-07,173.669998,174.259995,171.869995,172.639999,154.404434,4094900
2023-03-08,172.679993,173.360001,171.779999,173.110001,154.824783,2920200
2023-03-09,173.619995,174.360001,171.199997,171.800003,153.653152,4042100
2023-03-10,172.529999,174.240005,170.960007,172.029999,153.858826,4129900
2023-03-13,172.759995,177.229996,172.610001,173.710007,155.361404,8265100
2023-03-14,172.490005,173.809998,171.570007,173.529999,155.200394,6480800
2023-03-15,173.529999,176.660004,173.190002,176.630005,157.972977,7099800
2023-03-16,176.610001,177.000000,175.320007,176.509995,157.865631,4734400
2023-03-17,176.509995,176.690002,174.229996,175.130005,156.631393,8854600
2023-03-20,176.500000,177.679993,175.509995,177.589996,158.831558,4367000
2023-03-21,177.660004,178.169998,176.279999,178.009995,159.207169,3812000
2023-03-22,177.839996,179.369995,176.419998,176.509995,157.865631,4380800
2023-03-23,176.059998,177.220001,175.020004,175.649994,157.096451,4655600
2023-03-24,176.529999,179.339996,176.389999,179.089996,160.173126,3713800
2023-03-27,179.580002,180.649994,179.309998,179.490005,160.530869,4078600
2023-03-28,179.330002,180.460007,179.330002,179.429993,160.477173,2850000
2023-03-29,180.649994,180.910004,179.990005,180.669998,161.586197,4496000
2023-03-30,181.000000,181.330002,180.080002,180.830002,161.729324,2743000
2023-03-31,182.160004,182.490005,181.320007,182.300003,163.044067,4479800
2023-04-03,181.899994,182.759995,180.399994,182.500000,163.222916,3902300
2023-04-04,182.179993,183.360001,181.100006,181.850006,162.641571,3306400
2023-04-05,183.250000,184.960007,183.059998,183.639999,164.242523,3826300
2023-04-06,183.300003,184.740005,183.100006,184.360001,164.886459,3389700
2023-04-10,183.830002,183.899994,181.690002,183.199997,163.848984,2408100
2023-04-11,183.419998,183.880005,182.759995,182.919998,163.598572,3586700
2023-04-12,182.690002,183.779999,182.250000,182.559998,163.276566,3620900
2023-04-13,182.619995,184.610001,182.110001,184.380005,164.904327,4303600
2023-04-14,183.339996,184.020004,182.919998,183.509995,164.126221,2572900
2023-04-17,184.190002,184.750000,183.479996,184.449997,164.966949,3224400
2023-04-18,184.770004,185.220001,183.740005,184.830002,165.306824,2438600
2023-04-19,185.240005,185.320007,184.259995,184.720001,165.208420,2209900
2023-04-20,184.839996,186.039993,184.199997,185.330002,165.753983,3868200
2023-04-21,185.990005,186.380005,185.130005,185.410004,165.825546,3781800
2023-04-24,186.500000,186.570007,185.020004,185.500000,165.906052,3540200
2023-04-25,186.559998,190.179993,186.240005,189.710007,169.671356,6231600
2023-04-26,188.479996,189.419998,187.869995,188.539993,168.624908,4481700
2023-04-27,188.179993,189.949997,187.509995,189.690002,169.653427,4574500
2023-04-28,189.899994,191.619995,189.639999,190.889999,170.726700,4608900
2023-05-01,190.449997,192.330002,190.279999,191.679993,171.433273,3137800
2023-05-02,191.360001,192.500000,189.750000,192.250000,171.943054,3712200
2023-05-03,192.580002,193.250000,191.779999,192.179993,171.880417,3389600
2023-05-04,193.080002,193.949997,192.160004,193.380005,172.953720,4267600
2023-05-05,192.820007,194.479996,192.389999,194.270004,173.749695,4146500
2023-05-08,193.399994,194.000000,192.649994,193.350006,172.926880,2249900
2023-05-09,193.860001,194.669998,192.710007,194.139999,173.633423,3087600
2023-05-10,194.110001,195.580002,192.669998,194.270004,173.749695,4352900
2023-05-11,194.279999,195.520004,193.000000,195.339996,174.706665,3690200
2023-05-12,195.339996,196.220001,194.949997,196.119995,175.404266,2741000
2023-05-15,196.570007,196.880005,194.000000,194.270004,173.749695,2946400
2023-05-16,194.479996,194.479996,192.539993,193.429993,172.998398,5803100
2023-05-17,193.309998,193.589996,190.839996,192.059998,171.773117,4878800
2023-05-18,191.320007,191.710007,190.410004,191.559998,171.325928,3709400
2023-05-19,192.460007,192.860001,191.100006,191.839996,171.576370,3883000
2023-05-22,191.190002,191.389999,186.410004,186.639999,166.925644,5787000
2023-05-23,186.490005,186.630005,184.589996,186.070007,166.415863,6382300
2023-05-24,186.270004,186.740005,184.369995,184.889999,165.360458,3721000
2023-05-25,182.699997,184.220001,181.949997,183.800003,164.385605,4712700
2023-05-26,183.710007,184.250000,182.399994,183.580002,164.188873,4449300
2023-05-30,182.059998,183.089996,180.699997,181.610001,162.426926,4331800
2023-05-31,182.860001,184.619995,181.460007,182.350006,163.088776,20414600
2023-06-01,182.419998,182.690002,180.800003,182.190002,164.083939,5277400
2023-06-02,182.020004,184.289993,181.699997,184.059998,165.768097,4288300
2023-06-05,183.850006,186.169998,183.610001,184.190002,165.885208,4311700
2023-06-06,184.979996,185.119995,180.429993,181.559998,163.516571,3975600
2023-06-07,180.710007,181.740005,179.699997,180.110001,162.210693,5162700
2023-06-08,179.699997,182.300003,179.330002,182.100006,164.002884,4036100
2023-06-09,181.710007,182.830002,181.000000,182.350006,164.228058,3200100
2023-06-12,182.490005,182.729996,180.690002,181.899994,163.822784,4207100
2023-06-13,182.130005,182.190002,181.080002,181.539993,163.498550,2838700
2023-06-14,182.000000,183.649994,181.440002,183.169998,164.966568,3559300
2023-06-15,184.259995,186.169998,183.520004,185.710007,167.254120,4326100
2023-06-16,186.139999,187.589996,185.699997,186.039993,167.551315,8925700
2023-06-20,186.539993,187.869995,185.240005,185.309998,166.893890,4154800
2023-06-21,185.720001,186.880005,184.190002,185.429993,167.001968,3832400
2023-06-22,186.729996,187.580002,185.869995,187.350006,168.731155,3185800
2023-06-23,188.000000,188.000000,185.949997,186.070007,167.578369,7592600
2023-06-26,186.160004,186.429993,184.119995,184.889999,166.515625,3706100
2023-06-27,184.669998,186.610001,183.960007,186.220001,167.713455,5763000
2023-06-28,186.250000,186.740005,183.380005,183.699997,165.443909,5193900
2023-06-29,183.250000,183.889999,181.389999,183.880005,165.605988,5770400
2023-06-30,184.039993,185.520004,183.880005,185.220001,166.812836,7635100
2023-07-03,184.300003,185.639999,183.470001,185.600006,167.155090,2389000
2023-07-05,185.000000,186.690002,184.970001,186.580002,168.037643,5277100
2023-07-06,185.809998,186.750000,184.889999,186.600006,168.055710,5592100
2023-07-07,185.820007,185.880005,183.029999,183.080002,164.885498,6309900
2023-07-10,184.070007,185.910004,183.779999,184.300003,165.984238,5508800
2023-07-11,184.380005,184.729996,182.419998,183.979996,165.696060,3914300
2023-07-12,183.979996,184.610001,182.979996,183.169998,164.966568,6080100
2023-07-13,185.800003,188.059998,183.259995,187.529999,168.893250,8223100
2023-07-14,187.860001,188.630005,187.089996,188.210007,169.505676,4467600
2023-07-17,186.339996,187.009995,185.419998,185.630005,167.182098,5637400
2023-07-18,185.440002,186.820007,183.820007,184.449997,166.119354,5684100
2023-07-19,185.000000,186.600006,184.419998,186.259995,167.749466,4140800
2023-07-20,187.500000,189.990005,186.809998,189.300003,170.487366,5056500
2023-07-21,190.110001,191.470001,189.300003,190.160004,171.261887,15022100
2023-07-24,190.589996,191.429993,190.139999,190.919998,171.946350,4225800
2023-07-25,190.410004,192.009995,190.059998,191.360001,172.342621,3521600
2023-07-26,191.119995,192.380005,190.059998,191.600006,172.558792,3898900
2023-07-27,192.000000,192.289993,188.399994,188.529999,169.793854,4141800
2023-07-28,190.139999,191.369995,189.789993,190.309998,171.396988,5602300
2023-07-31,189.449997,189.589996,186.850006,187.460007,168.830261,5687700
2023-08-01,187.490005,188.600006,186.399994,186.820007,168.253799,2853900
2023-08-02,186.589996,189.970001,186.399994,188.309998,169.595764,4285900
2023-08-03,188.169998,189.220001,186.970001,187.119995,168.524017,2857400
2023-08-04,187.119995,188.009995,184.350006,184.600006,166.254471,4651100
2023-08-07,185.279999,187.210007,185.100006,186.889999,168.316833,3323400
2023-08-08,187.199997,187.479996,184.029999,184.440002,166.110352,5017900
2023-08-09,183.880005,185.000000,182.630005,183.979996,165.696060,4413100
2023-08-10,184.220001,185.589996,183.529999,183.750000,165.488907,3727200
2023-08-11,184.000000,184.279999,183.279999,184.039993,165.750107,2873800
2023-08-14,184.389999,184.860001,183.130005,183.619995,165.371826,3385600
2023-08-15,183.149994,183.460007,181.130005,181.350006,163.327438,3331800
2023-08-16,181.600006,182.949997,180.949997,181.210007,163.201370,2633700
2023-08-17,181.210007,181.410004,178.320007,178.449997,160.715668,4503000
2023-08-18,178.460007,179.550003,177.270004,178.179993,160.472458,6020300
2023-08-21,177.729996,177.960007,176.229996,177.050003,159.454758,4284100
2023-08-22,176.179993,176.820007,175.309998,175.699997,158.238953,3489300
2023-08-23,177.250000,178.279999,176.369995,178.119995,160.418411,4042700
2023-08-24,178.009995,180.440002,177.100006,177.179993,159.571838,5709800
2023-08-25,178.059998,179.710007,177.839996,179.419998,161.589233,4710700
2023-08-28,180.820007,181.179993,179.339996,180.250000,162.336761,3189800
2023-08-29,180.300003,181.220001,179.020004,180.929993,162.949173,4368600
2023-08-30,181.460007,182.259995,180.720001,181.080002,163.084229,3153400
2023-08-31,179.339996,179.630005,177.860001,177.919998,161.365585,5566700
2023-09-01,178.729996,178.809998,174.639999,175.320007,159.007507,4801400
2023-09-05,175.270004,175.880005,173.649994,174.160004,157.955429,5081800
2023-09-06,174.919998,174.990005,173.479996,174.729996,158.472366,5933800
2023-09-07,175.850006,177.059998,175.210007,176.399994,159.987000,4934300
2023-09-08,175.809998,177.149994,175.610001,176.270004,159.869095,2995000
2023-09-11,176.830002,179.429993,176.830002,178.929993,162.281616,4512700
2023-09-12,178.740005,178.919998,177.800003,178.270004,161.683014,3331100
2023-09-13,178.330002,180.139999,178.210007,179.679993,162.961807,3781400
2023-09-14,179.940002,181.690002,179.330002,181.229996,164.367584,4118300
2023-09-15,181.410004,181.820007,179.610001,179.839996,163.106918,11661200
2023-09-18,181.000000,181.000000,178.429993,179.380005,162.689743,3182600
2023-09-19,178.860001,179.130005,177.300003,178.320007,161.728348,3369300
2023-09-20,179.089996,179.419998,177.559998,178.380005,161.782776,3695800
2023-09-21,178.100006,178.330002,175.130005,175.380005,159.061905,5351000
2023-09-22,174.940002,176.389999,174.369995,175.270004,158.962158,4542300
2023-09-25,174.679993,175.440002,173.179993,174.330002,158.109604,3553600
2023-09-26,173.000000,173.720001,171.639999,172.520004,156.468033,5213700
2023-09-27,172.309998,172.690002,169.029999,169.570007,153.792526,5729900
2023-09-28,169.929993,170.179993,168.179993,169.500000,153.729004,4841600
2023-09-29,170.509995,170.839996,168.039993,169.440002,153.674606,5194200
2023-10-02,169.080002,169.490005,167.320007,169.169998,153.429718,3838800
2023-10-03,168.860001,170.000000,167.029999,167.699997,152.096497,4873400
2023-10-04,168.449997,169.130005,167.059998,168.910004,153.193893,4134000
2023-10-05,168.770004,168.809998,159.869995,160.100006,145.203629,10556400
2023-10-06,158.779999,160.919998,155.830002,160.289993,145.375946,12774700
2023-10-09,160.000000,161.419998,158.639999,161.360001,146.346390,7244500
2023-10-10,164.250000,165.179993,162.029999,164.399994,149.103516,11456400
2023-10-11,165.009995,165.440002,161.600006,162.619995,147.489151,7371500
2023-10-12,162.600006,162.649994,157.429993,158.080002,143.371582,9024100
2023-10-13,158.619995,160.240005,157.949997,160.000000,145.112961,6757100
2023-10-16,161.000000,161.949997,159.800003,161.080002,146.092468,5605000
2023-10-17,160.000000,161.630005,159.160004,160.369995,145.448517,6411300
2023-10-18,161.020004,163.399994,160.869995,162.029999,146.954056,6650600
2023-10-19,161.899994,162.720001,160.410004,160.559998,145.620804,6336800
2023-10-20,161.369995,162.229996,159.710007,160.000000,145.112961,5486500
2023-10-23,159.600006,161.600006,159.059998,160.080002,145.185486,5795800
2023-10-24,160.410004,162.850006,159.679993,162.190002,147.099167,5265200
2023-10-25,162.050003,163.500000,161.470001,162.350006,147.244263,4534600
2023-10-26,162.679993,163.360001,161.300003,161.410004,146.391724,5147000
2023-10-27,162.020004,162.139999,158.889999,159.619995,144.768280,5078000
2023-10-30,161.300003,162.580002,160.740005,162.279999,147.180771,4625900
2023-10-31,162.949997,163.350006,161.660004,163.279999,148.087753,5947400
2023-11-01,163.669998,165.429993,162.759995,164.869995,149.529800,6682500
2023-11-02,164.740005,167.160004,164.669998,166.830002,151.307434,5413400
2023-11-03,168.679993,168.809998,166.690002,166.789993,151.271164,4063300
2023-11-06,165.460007,167.500000,165.210007,166.699997,151.189529,5784600
2023-11-07,166.800003,167.710007,166.119995,167.179993,151.624878,4687200
2023-11-08,168.169998,168.339996,166.660004,167.389999,151.815338,4926600
2023-11-09,167.580002,167.860001,165.809998,166.160004,150.699814,5639300
2023-11-10,167.309998,167.779999,164.860001,166.919998,151.389069,5552900
2023-11-13,167.000000,168.779999,166.460007,167.770004,152.159943,5402300
2023-11-14,167.949997,168.440002,166.889999,168.110001,152.468353,6238900
2023-11-15,168.699997,168.789993,166.270004,167.250000,151.688370,5611200
2023-11-16,168.389999,170.000000,166.399994,167.710007,152.105545,5386400
2023-11-17,168.050003,168.250000,165.770004,166.759995,151.243942,5583100
2023-11-20,166.000000,166.770004,165.720001,166.520004,151.026260,4886200
2023-11-21,167.110001,167.860001,165.919998,167.800003,152.187195,3980000
2023-11-22,168.350006,169.570007,168.300003,169.220001,153.475082,3235600
2023-11-24,168.949997,170.020004,168.949997,169.369995,153.611130,1751700
2023-11-27,169.699997,169.699997,168.089996,168.320007,152.658798,3664700
2023-11-28,168.380005,169.759995,168.020004,168.860001,153.148560,4056100
2023-11-29,169.100006,169.119995,166.649994,167.160004,151.606735,4722400
2023-11-30,166.110001,168.360001,164.820007,168.289993,153.795456,7346700
2023-12-01,168.369995,168.850006,167.380005,168.690002,154.161011,4897400
2023-12-04,168.399994,169.919998,168.190002,169.139999,154.572235,5323300
2023-12-05,169.149994,169.570007,167.710007,167.940002,153.475616,4553800
2023-12-06,167.979996,168.320007,166.729996,167.509995,153.082611,4726600
2023-12-07,168.000000,168.300003,166.699997,167.460007,153.036926,4934800
2023-12-08,167.039993,167.119995,165.270004,165.679993,151.410248,5115200
2023-12-11,167.440002,168.130005,166.460007,167.820007,153.365952,6912600
2023-12-12,169.279999,169.279999,167.710007,168.470001,153.959961,4515800
2023-12-13,168.539993,172.050003,168.119995,172.009995,157.195053,6082100
2023-12-14,171.649994,171.970001,167.940002,168.250000,153.758896,7119300
2023-12-15,167.449997,168.509995,166.449997,167.000000,152.616562,17734600
2023-12-18,168.059998,170.250000,167.410004,168.910004,154.362045,5439500
2023-12-19,167.940002,168.830002,167.309998,167.949997,153.484741,4855900
2023-12-20,166.509995,167.470001,165.669998,165.690002,151.419388,5157800
2023-12-21,166.500000,167.100006,165.389999,166.970001,152.589142,4374000
2023-12-22,167.360001,168.169998,166.860001,167.679993,153.237961,3030400
2023-12-26,167.649994,169.419998,167.250000,168.860001,154.316360,2779200
2023-12-27,168.899994,169.490005,168.360001,169.399994,154.809845,3502500
2023-12-28,169.399994,169.539993,168.699997,169.389999,154.800705,2911100
2023-12-29,169.339996,170.070007,169.169998,169.839996,155.211960,3291500
2024-01-02,169.520004,172.990005,169.190002,172.910004,158.017548,5743100
2024-01-03,175.000000,175.199997,172.699997,172.949997,158.054108,5588200
2024-01-04,171.610001,173.529999,170.580002,171.470001,156.701553,6283200
2024-01-05,171.570007,171.570007,167.559998,168.940002,154.389465,5252500
2024-01-08,168.940002,169.729996,167.789993,169.110001,154.544800,5735600
2024-01-09,167.789993,167.889999,165.929993,167.169998,152.771912,6268800
2024-01-10,166.589996,167.960007,166.199997,166.919998,152.543457,4394900
2024-01-11,167.139999,167.139999,164.820007,166.130005,151.821472,4800700
2024-01-12,166.339996,167.380005,165.570007,167.270004,152.863312,3546100
2024-01-16,167.270004,167.520004,165.190002,166.169998,151.858032,4576600
2024-01-17,165.990005,166.729996,165.440002,166.440002,152.104797,4392300
2024-01-18,165.470001,167.279999,164.990005,167.169998,152.771912,4709400
2024-01-19,167.139999,167.240005,165.570007,165.779999,151.501648,6528600
2024-01-22,165.960007,166.710007,165.020004,165.110001,150.889343,5697400
2024-01-23,164.559998,167.929993,164.360001,167.639999,153.201431,4932700
2024-01-24,167.639999,167.740005,165.520004,165.600006,151.337128,4984700
2024-01-25,165.809998,166.600006,164.940002,166.559998,152.214462,5373800
2024-01-26,166.600006,168.029999,166.600006,167.860001,153.402496,4849000
2024-01-29,167.529999,168.699997,167.389999,168.149994,153.667511,5713600
2024-01-30,167.669998,169.699997,167.320007,169.619995,155.010895,4804200
2024-01-31,169.960007,170.380005,167.880005,168.529999,154.014786,5769200
2024-02-01,168.529999,171.800003,167.169998,171.699997,156.911758,4920800
2024-02-02,171.240005,171.960007,170.100006,170.970001,156.244629,5307700
2024-02-05,170.550003,171.580002,169.050003,170.919998,156.198944,5142700
2024-02-06,171.449997,171.830002,169.940002,171.419998,156.655853,5182700
2024-02-07,172.630005,172.899994,171.380005,171.470001,156.701553,5769700
2024-02-08,171.720001,174.100006,171.410004,173.850006,158.876587,9269700
2024-02-09,171.199997,171.389999,166.970001,167.669998,153.228851,12731700
2024-02-12,167.860001,171.070007,167.199997,170.610001,155.915649,7867500
2024-02-13,171.220001,171.449997,167.240005,168.880005,154.334625,7302000
2024-02-14,168.339996,168.639999,166.059998,167.520004,153.091766,5731900
2024-02-15,167.949997,168.369995,166.679993,167.860001,153.402496,4451400
2024-02-16,167.210007,167.410004,165.679993,166.320007,151.995132,5246000
2024-02-20,167.740005,169.520004,167.190002,168.649994,154.124451,6117900
2024-02-21,169.949997,170.179993,167.860001,168.830002,154.288940,4192600
2024-02-22,167.639999,168.830002,166.100006,168.250000,153.758896,7539200
2024-02-23,167.940002,170.250000,167.800003,169.600006,154.992630,6409800
2024-02-26,169.419998,169.419998,167.710007,168.259995,153.768051,3837000
2024-02-27,167.820007,168.220001,167.350006,168.160004,153.676666,3567600
2024-02-28,168.119995,168.500000,166.449997,167.029999,152.643982,5275300
2024-02-29,166.210007,166.679993,164.910004,165.339996,152.252609,8489400
2024-03-01,164.860001,165.000000,163.250000,164.589996,151.561981,6109900
2024-03-04,164.449997,165.649994,163.600006,165.369995,152.280243,4303700
2024-03-05,165.220001,165.500000,161.809998,162.039993,149.213837,6631300
2024-03-06,162.059998,163.990005,162.039993,163.000000,150.097839,5302500
2024-03-07,163.820007,163.899994,162.500000,163.110001,150.199127,5801600
2024-03-08,162.320007,164.199997,162.089996,163.050003,150.143860,6065300
2024-03-11,163.919998,165.419998,163.309998,164.729996,151.690903,5404800
2024-03-12,165.139999,165.419998,163.960007,164.539993,151.515930,6158500
2024-03-13,165.100006,166.139999,164.740005,165.300003,152.215790,4585800
2024-03-14,166.259995,166.259995,164.199997,164.779999,151.736923,5155300
2024-03-15,165.059998,165.380005,163.639999,164.660004,151.626450,21887300
2024-03-18,167.050003,172.179993,166.949997,171.259995,157.704025,10478500
2024-03-19,171.100006,172.649994,171.000000,171.800003,158.201279,7653700
2024-03-20,172.300003,173.100006,171.119995,171.860001,158.256531,5046700
2024-03-21,171.919998,173.419998,171.050003,172.449997,158.799850,4343000
2024-03-22,173.020004,173.100006,171.759995,172.020004,158.403854,4106400
2024-03-25,172.199997,173.089996,172.110001,172.600006,158.937958,3941900
2024-03-26,172.169998,172.970001,171.820007,172.729996,159.057663,4593000
2024-03-27,174.000000,174.690002,173.050003,173.570007,159.831177,4911300
2024-03-28,174.759995,175.809998,174.369995,175.009995,161.157196,5710400
2024-04-01,175.570007,176.229996,172.649994,172.979996,159.287872,4815400
2024-04-02,172.940002,173.869995,171.360001,171.440002,157.869781,5158500
2024-04-03,170.000000,170.919998,168.699997,169.679993,156.249054,5828000
2024-04-04,170.919998,171.779999,169.330002,169.649994,156.221451,5422600
2024-04-05,169.399994,169.970001,168.070007,169.139999,155.751846,4412200
2024-04-08,169.149994,170.050003,168.740005,169.580002,156.156967,3755700
2024-04-09,170.229996,170.720001,168.729996,170.610001,157.105484,3773900
2024-04-10,169.570007,169.630005,167.770004,168.949997,155.576859,4581500
2024-04-11,169.619995,169.869995,167.770004,168.360001,155.033569,4241500
2024-04-12,167.690002,168.509995,167.320007,168.100006,154.794174,5453500
2024-04-15,169.210007,169.350006,166.029999,166.949997,153.735168,5133200
2024-04-16,167.029999,168.509995,166.889999,167.500000,154.241653,4569700
2024-04-17,169.089996,169.699997,168.210007,169.479996,156.064896,4069200
2024-04-18,170.100006,172.679993,170.100006,172.270004,158.634079,5574700
2024-04-19,172.279999,174.270004,171.800003,174.130005,160.346848,6636700
2024-04-22,174.410004,177.199997,174.029999,176.460007,162.492401,7288700
2024-04-23,174.699997,174.880005,170.139999,171.220001,157.667191,9145000
2024-04-24,168.500000,178.089996,167.649994,177.410004,163.367218,10016700
2024-04-25,178.279999,180.630005,175.820007,176.679993,162.695007,7441500
2024-04-26,174.440002,178.570007,174.339996,175.580002,161.682068,4472100
2024-04-29,175.500000,176.320007,175.020004,176.139999,162.197754,3224500
2024-04-30,176.270004,176.470001,174.839996,175.910004,161.985947,4465100
2024-05-01,175.460007,176.229996,173.660004,175.149994,161.286087,4340500
2024-05-02,175.580002,176.320007,174.550003,175.449997,161.562347,3964800
2024-05-03,175.800003,176.490005,175.000000,176.149994,162.206940,3491900
2024-05-06,176.759995,176.759995,175.130005,175.820007,161.903091,3576200
2024-05-07,177.000000,178.149994,176.509995,178.020004,163.928940,3708000
2024-05-08,178.710007,178.880005,177.190002,177.410004,163.367218,3400900
2024-05-09,177.259995,178.429993,177.089996,178.059998,163.965790,2421400
2024-05-10,177.949997,180.160004,177.610001,179.789993,165.558823,4201600
2024-05-13,180.509995,181.350006,179.850006,180.899994,166.580978,4408100
2024-05-14,181.050003,181.279999,178.600006,179.869995,165.632507,3508600
2024-05-15,179.240005,180.399994,179.000000,179.460007,165.254974,4785100
2024-05-16,179.630005,183.410004,179.460007,183.110001,168.616028,5984700
2024-05-17,182.589996,182.960007,181.830002,182.190002,167.768875,4449100
2024-05-20,182.089996,182.130005,179.910004,180.309998,166.037674,3221100
2024-05-21,181.500000,181.580002,179.800003,181.080002,166.746719,3288100
2024-05-22,180.449997,182.130005,179.979996,182.089996,167.676773,4047000
2024-05-23,181.330002,181.889999,179.039993,179.270004,165.080017,4009000
2024-05-24,179.369995,179.419998,177.869995,177.990005,163.901337,3447400
2024-05-28,176.229996,176.279999,171.899994,173.380005,159.656204,6178100
2024-05-29,172.429993,173.179993,170.720001,171.149994,157.602707,5352100
2024-05-30,171.350006,171.710007,170.399994,170.479996,156.985764,3903100
2024-05-31,169.889999,172.970001,169.520004,172.899994,159.214203,8155600
2024-06-03,172.720001,172.899994,171.029999,171.229996,157.676437,5032400
2024-06-04,171.210007,174.389999,170.820007,173.889999,160.125854,4619100
2024-06-05,173.839996,173.970001,171.960007,173.490005,159.757523,5370700
2024-06-06,174.000000,174.399994,172.679993,173.199997,159.490463,5536700
2024-06-07,171.500000,172.509995,170.750000,171.039993,158.743332,3521100
2024-06-10,170.110001,170.369995,165.619995,165.899994,153.972855,9429400
2024-06-11,164.869995,165.460007,163.509995,165.070007,153.202545,8284500
2024-06-12,164.880005,165.330002,162.440002,163.830002,152.051712,6281100
2024-06-13,162.080002,163.559998,161.539993,163.330002,151.587631,5432600
2024-06-14,163.130005,164.389999,162.529999,163.809998,152.033142,3603300
2024-06-17,163.490005,166.410004,162.789993,166.139999,154.195633,5412200
2024-06-18,166.100006,167.070007,165.250000,166.479996,154.511154,3519500
2024-06-20,165.729996,167.639999,165.729996,166.679993,154.696777,4942400
2024-06-21,167.210007,169.070007,166.449997,167.279999,155.253647,10899100
2024-06-24,167.500000,169.610001,167.089996,168.080002,155.996140,4476900
2024-06-25,168.080002,168.960007,167.250000,167.350006,155.318619,4217300
2024-06-26,165.889999,167.009995,164.850006,166.740005,154.752518,4778300
2024-06-27,166.630005,167.250000,165.270004,166.259995,154.306992,4326500
2024-06-28,165.300003,166.220001,164.619995,164.929993,153.072586,8755900
2024-07-01,165.039993,166.059998,162.580002,162.889999,151.179276,4508000
2024-07-02,163.500000,164.470001,162.320007,163.580002,151.819687,4650800
2024-07-03,162.919998,164.130005,161.960007,162.600006,150.910110,2879600
2024-07-05,162.639999,164.520004,162.470001,164.389999,152.571442,4208200
2024-07-08,163.059998,163.750000,161.919998,162.119995,150.464630,5268800
2024-07-09,162.190002,162.559998,161.500000,161.899994,150.260437,5801200
2024-07-10,161.839996,163.770004,160.660004,163.589996,151.828949,7372300
2024-07-11,159.100006,164.889999,158.029999,163.949997,152.163086,10258600
2024-07-12,164.960007,168.029999,164.960007,166.380005,154.418365,6677000
2024-07-15,166.009995,166.300003,163.649994,163.860001,152.079544,4551800
2024-07-16,163.410004,165.039993,162.839996,164.759995,152.914825,4461700
2024-07-17,166.039993,170.070007,165.889999,169.889999,157.676025,7671000
2024-07-18,168.710007,172.669998,168.389999,170.369995,158.121506,6228600
2024-07-19,170.279999,170.490005,168.470001,169.360001,157.184128,5332800
2024-07-22,169.259995,169.710007,167.350006,167.660004,155.606369,5308400
2024-07-23,167.789993,168.360001,166.179993,166.279999,154.325546,3344300
2024-07-24,166.279999,168.669998,164.949997,168.169998,156.079666,5867000
2024-07-25,169.490005,173.490005,168.860001,171.020004,158.724792,6270900
2024-07-26,170.729996,172.759995,170.729996,172.750000,160.330383,5746300
2024-07-29,172.289993,173.490005,170.850006,173.210007,160.757339,4152700
2024-07-30,172.690002,173.449997,171.550003,173.179993,160.729477,4994600
2024-07-31,173.919998,174.690002,172.259995,172.669998,160.256134,6245600
2024-08-01,172.529999,175.559998,172.500000,174.960007,162.381531,5994500
2024-08-02,178.839996,179.949997,173.839996,178.039993,165.240082,6856100
2024-08-05,179.520004,180.910004,173.160004,174.039993,161.527649,7502300
2024-08-06,173.279999,176.210007,172.360001,172.490005,160.089096,7287100
2024-08-07,171.619995,174.389999,171.330002,171.789993,159.439407,5428900
2024-08-08,170.210007,173.000000,169.809998,172.369995,159.977722,5112500
2024-08-09,172.089996,172.779999,170.389999,172.389999,159.996277,3223000
2024-08-12,172.240005,172.869995,170.710007,171.419998,159.096024,3802300
2024-08-13,171.619995,172.419998,170.220001,172.369995,159.977722,3894700
2024-08-14,172.229996,174.339996,171.929993,173.710007,161.221405,3555800
2024-08-15,173.710007,174.300003,171.830002,172.520004,160.116943,4472100
2024-08-16,172.520004,172.779999,171.110001,172.619995,160.209747,4614600
2024-08-19,172.660004,173.979996,172.440002,173.820007,161.323486,3521700
2024-08-20,173.529999,176.029999,172.500000,175.850006,163.207550,5330100
2024-08-21,175.940002,176.820007,174.619995,175.210007,162.613541,4020700
2024-08-22,175.830002,176.080002,174.699997,175.740005,163.105453,5265900
2024-08-23,176.630005,176.679993,173.669998,175.869995,163.226059,5283600
2024-08-26,176.320007,176.839996,175.729996,175.970001,163.318924,4146700
2024-08-27,176.309998,176.880005,174.520004,175.300003,162.697083,3520600
2024-08-28,175.550003,175.740005,173.350006,173.919998,161.416290,3915500
2024-08-29,173.759995,173.960007,171.910004,172.089996,159.717834,4654300
2024-08-30,172.059998,173.559998,171.250000,172.880005,160.451050,8677300
2024-09-03,172.380005,177.889999,171.880005,177.539993,164.776031,7032100
2024-09-04,177.899994,179.649994,176.289993,178.520004,165.685577,6188500
2024-09-05,178.729996,179.729996,177.520004,179.300003,166.409500,5743100
2024-09-06,177.440002,178.580002,177.000000,177.339996,165.843719,6395300
2024-09-09,177.050003,178.789993,175.860001,178.190002,166.638626,4666200
2024-09-10,178.649994,179.100006,177.639999,177.809998,166.283264,4315800
2024-09-11,177.440002,177.750000,174.429993,175.779999,164.384842,4036000
2024-09-12,175.779999,177.690002,173.949997,177.250000,165.759537,4222800
2024-09-13,177.449997,177.960007,176.369995,177.360001,165.862427,3290400
2024-09-16,179.000000,179.429993,176.350006,177.210007,165.722137,4940100
2024-09-17,177.000000,178.089996,176.300003,176.869995,165.404175,6305100
2024-09-18,176.860001,178.059998,174.429993,175.210007,163.851807,5307900
2024-09-19,175.750000,176.220001,174.149994,174.660004,163.337448,5504000
2024-09-20,172.570007,173.770004,170.220001,171.179993,160.083038,12198400
2024-09-23,170.869995,173.940002,170.729996,172.110001,160.952744,5350300
2024-09-24,170.990005,171.600006,169.500000,169.919998,158.904724,7837900
2024-09-25,170.399994,170.770004,168.759995,169.399994,158.418427,4505100
2024-09-26,169.220001,171.000000,168.679993,169.690002,158.689636,5673600
2024-09-27,169.960007,171.649994,169.679993,170.000000,158.979568,7545800
2024-09-30,170.580002,171.740005,169.580002,170.050003,159.026291,5054300
2024-10-01,171.289993,171.940002,169.770004,171.380005,160.270065,7095900
2024-10-02,171.500000,171.740005,168.520004,169.550003,158.558716,5786000
2024-10-03,168.139999,169.110001,167.169998,168.529999,157.604858,5090300
2024-10-04,167.149994,168.500000,166.820007,167.970001,157.081131,4390100
2024-10-07,167.720001,167.929993,166.460007,167.210007,156.370407,5459500
2024-10-08,167.720001,170.649994,166.850006,170.419998,159.372299,8297800
2024-10-09,169.380005,173.279999,169.100006,172.539993,161.354874,7177500
2024-10-10,172.070007,173.059998,171.220001,172.990005,161.775726,5292400
2024-10-11,174.000000,175.179993,172.869995,174.809998,163.477707,4720300
2024-10-14,174.960007,176.270004,174.440002,176.100006,164.684113,4535900
2024-10-15,176.360001,177.389999,175.119995,175.899994,164.497055,5802300
2024-10-16,175.009995,175.330002,173.630005,174.479996,163.169128,4400900
2024-10-17,174.380005,175.470001,173.699997,174.669998,163.346817,4125900
2024-10-18,172.300003,175.330002,172.119995,175.059998,163.711533,5097000
2024-10-21,174.460007,177.500000,174.350006,175.009995,163.664749,6436300
2024-10-22,174.509995,174.949997,173.509995,174.369995,163.066254,3790500
2024-10-23,173.699997,173.839996,172.470001,172.949997,161.738297,3800700
2024-10-24,172.919998,173.539993,171.699997,172.160004,160.999527,4244900
2024-10-25,172.470001,174.000000,171.600006,171.789993,160.653503,4442600
2024-10-28,172.979996,172.979996,169.729996,169.839996,158.829880,5186400
2024-10-29,169.199997,169.199997,166.970001,167.500000,156.641617,5127900
2024-10-30,167.000000,167.639999,166.080002,166.210007,155.435226,4801500
2024-10-31,166.100006,167.500000,165.809998,166.080002,155.313660,5582400
2024-11-01,166.089996,166.250000,165.210007,165.589996,154.855423,6339000
2024-11-04,165.589996,166.649994,165.190002,166.339996,155.556793,4885500
2024-11-05,165.949997,167.960007,165.669998,167.850006,156.968933,3678300
2024-11-06,167.369995,167.410004,163.600006,164.710007,154.032471,7849300
2024-11-07,164.500000,164.899994,163.470001,164.000000,153.368500,5333500
2024-11-08,163.839996,165.820007,163.649994,165.110001,154.406555,4618300
2024-11-11,164.410004,166.149994,163.979996,164.259995,153.611649,3762000
2024-11-12,164.089996,165.000000,163.149994,164.339996,153.686447,5386600
2024-11-13,163.490005,164.800003,162.369995,164.740005,154.060516,4145000
2024-11-14,164.740005,166.889999,163.830002,165.149994,154.443924,5422700
2024-11-15,164.380005,164.380005,158.050003,158.619995,148.337280,9108900
2024-11-18,159.410004,159.850006,157.759995,158.330002,148.066071,6991300
2024-11-19,157.750000,157.869995,155.850006,156.720001,146.560440,8248900
2024-11-20,156.449997,159.110001,156.199997,158.740005,148.449478,5067300
2024-11-21,158.389999,160.500000,157.949997,160.339996,149.945755,5977000
2024-11-22,160.899994,162.059998,159.889999,162.000000,151.498138,5846300
2024-11-25,162.699997,163.589996,162.000000,163.050003,152.480087,8580400
2024-11-26,163.270004,163.679993,161.899994,162.160004,151.647781,4653600
2024-11-27,161.940002,165.130005,161.679993,162.720001,152.171494,3622900
2024-11-29,161.429993,163.589996,160.949997,163.449997,152.854156,2799300
2024-12-02,163.320007,163.649994,161.759995,163.050003,152.480087,4967400
2024-12-03,162.839996,163.050003,161.419998,161.699997,151.217590,4277400
2024-12-04,160.600006,161.029999,159.410004,160.179993,149.796143,6964600
2024-12-05,160.929993,161.009995,158.830002,160.490005,150.086060,5229600
2024-12-06,159.350006,160.800003,157.690002,157.789993,148.817520,8359200
2024-12-09,157.910004,161.500000,157.139999,159.470001,150.401978,8380400
2024-12-10,159.000000,160.419998,157.350006,159.839996,150.750931,5329400
2024-12-11,160.210007,160.509995,156.259995,156.770004,147.855515,7925900
2024-12-12,159.089996,159.399994,157.970001,158.899994,149.864410,6849500
2024-12-13,157.529999,159.570007,157.059998,157.970001,148.987274,4353900
2024-12-16,157.850006,158.820007,155.880005,156.020004,147.148178,6696500
2024-12-17,155.740005,158.500000,155.240005,156.139999,147.261353,6572600
2024-12-18,155.029999,155.830002,154.110001,154.429993,145.648575,7620900
2024-12-19,153.089996,154.080002,151.410004,151.470001,142.856888,9829500
2024-12-20,150.860001,153.490005,150.509995,152.789993,144.101837,19205200
2024-12-23,152.410004,152.410004,149.710007,151.289993,142.687134,6822200
2024-12-24,150.500000,152.830002,150.410004,152.809998,144.120712,3399800
2024-12-26,152.529999,153.179993,152.240005,152.440002,143.771759,5528500
2024-12-27,151.289993,153.470001,151.259995,152.889999,144.196136,4287000
2024-12-30,152.660004,153.089996,151.089996,151.720001,143.092697,5397000
2024-12-31,151.800003,153.149994,150.940002,152.059998,143.413361,4274800
2025-01-02,152.880005,153.660004,149.889999,150.210007,141.668549,4970200
2025-01-03,150.960007,150.960007,149.559998,149.649994,141.140396,5218100
2025-01-06,149.600006,149.949997,146.100006,146.270004,137.952576,9470600
2025-01-07,146.460007,147.970001,145.339996,145.399994,137.132065,7473300
2025-01-08,145.399994,146.669998,144.559998,146.539993,138.207230,6791800
2025-01-10,145.000000,145.570007,141.509995,142.639999,134.529007,9632700
2025-01-13,142.789993,145.139999,142.139999,144.500000,136.283218,8101400
2025-01-14,144.190002,145.139999,143.559998,144.949997,136.707642,6996400
2025-01-15,145.490005,146.199997,144.169998,144.779999,136.547302,7141600
2025-01-16,144.050003,146.789993,143.690002,146.539993,138.207230,5068000
2025-01-17,147.720001,148.619995,147.169998,148.250000,139.819992,7338900
2025-01-21,148.330002,149.779999,147.770004,148.550003,140.102921,7456200
2025-01-22,148.229996,149.449997,147.789993,148.089996,139.669083,5905100
2025-01-23,148.490005,148.940002,146.610001,148.619995,140.168945,4759100
2025-01-24,148.820007,149.309998,148.130005,149.119995,140.640503,4509600
2025-01-27,150.919998,155.470001,150.899994,154.610001,145.818344,9820600
2025-01-28,154.149994,154.610001,150.119995,150.250000,141.706268,6349700
2025-01-29,151.130005,152.000000,150.229996,150.369995,141.819458,4874100
2025-01-30,151.279999,153.080002,150.630005,151.899994,143.262436,4671300
2025-01-31,150.759995,151.690002,150.270004,150.690002,142.121231,4905500
2025-02-03,149.759995,151.130005,148.830002,150.270004,141.725128,7196200
2025-02-04,146.100006,147.750000,143.000000,143.490005,135.330673,12804900
2025-02-05,143.389999,145.789993,142.699997,145.660004,137.377274,9248100
2025-02-06,146.259995,146.899994,143.960007,145.350006,137.084915,5604900
2025-02-07,145.009995,145.149994,143.899994,144.580002,136.358688,5872300
2025-02-10,144.350006,144.520004,143.009995,144.350006,136.141754,8715400
2025-02-11,144.369995,145.720001,143.399994,145.639999,137.358414,6354000
2025-02-12,144.039993,144.779999,143.029999,143.990005,135.802261,6658200
2025-02-13,144.229996,144.940002,143.600006,144.580002,136.358688,7175300
2025-02-14,144.669998,146.169998,143.330002,143.389999,135.236328,5001800
2025-02-18,142.899994,144.149994,141.600006,144.100006,135.905975,8738700
2025-02-19,144.229996,145.929993,144.149994,145.809998,137.518738,5777300
2025-02-20,145.110001,149.190002,145.000000,149.100006,140.621674,6789800
2025-02-21,149.990005,154.550003,148.899994,153.500000,144.771484,10604400
2025-02-24,152.339996,156.320007,152.119995,153.850006,145.101547,7187000
2025-02-25,154.789993,158.460007,154.000000,156.419998,147.525406,9474600
2025-02-26,155.570007,155.610001,151.139999,151.509995,142.894608,9076500
2025-02-27,150.899994,152.690002,149.929993,152.020004,143.375641,6731000
2025-02-28,153.699997,155.100006,152.350006,153.470001,144.743179,8455500
2025-03-03,151.350006,156.149994,150.500000,155.990005,147.119873,8321700
2025-03-04,157.339996,160.149994,153.960007,154.190002,145.422241,10274200
2025-03-05,152.929993,155.339996,152.729996,153.880005,145.129868,5578700
2025-03-06,154.169998,154.970001,152.529999,154.610001,145.818344,8421000
2025-03-07,153.250000,157.589996,152.770004,154.440002,146.945831,8997700
2025-03-10,155.880005,160.080002,155.369995,156.250000,148.667999,11156900
2025-03-11,155.789993,156.050003,151.809998,152.330002,144.938217,7981600
2025-03-12,147.539993,149.529999,146.509995,148.169998,140.980072,8330200
2025-03-13,148.369995,150.479996,148.059998,148.339996,141.141830,5351100
2025-03-14,147.130005,149.160004,147.080002,148.589996,141.379700,5277500
2025-03-17,149.229996,151.669998,149.130005,151.339996,143.996262,5449500
2025-03-18,150.000000,151.300003,148.750000,148.990005,141.760315,8158600
2025-03-19,148.160004,148.880005,146.789993,148.110001,140.923004,6080100
2025-03-20,147.559998,148.070007,146.639999,147.149994,140.009583,4536400
2025-03-21,147.000000,147.699997,144.750000,145.449997,138.392075,11574800
2025-03-24,145.490005,146.720001,144.830002,146.449997,139.343552,5968900
2025-03-25,146.149994,146.300003,144.830002,145.539993,138.477722,4763300
2025-03-26,146.000000,149.330002,145.750000,148.639999,141.427307,5882200
2025-03-27,149.589996,150.410004,149.089996,149.669998,142.407318,5397500
2025-03-28,150.440002,151.380005,147.110001,149.270004,142.026718,8550900
2025-03-31,150.199997,152.589996,149.750000,149.940002,142.664200,9985700
2025-04-01,150.490005,150.789993,148.669998,149.669998,142.407318,6072800
2025-04-02,150.229996,150.500000,148.070007,149.119995,141.883972,5866200
2025-04-03,151.690002,154.050003,150.860001,151.369995,144.024826,8216200
2025-04-04,152.990005,154.919998,146.440002,146.610001,139.495789,12911400
2025-04-07,141.320007,146.100006,140.669998,143.190002,136.241745,14423200
2025-04-08,143.949997,145.399994,139.149994,140.300003,133.491989,9488900
2025-04-09,140.250000,145.949997,138.330002,145.589996,138.525299,14067000
2025-04-10,145.419998,147.139999,142.919998,144.139999,137.145630,10980300
2025-04-11,145.149994,145.289993,142.119995,144.429993,137.421555,8563300
2025-04-14,144.160004,147.179993,143.500000,146.750000,139.629013,5393800
2025-04-15,145.839996,145.979996,142.630005,142.839996,135.908737,5459600
2025-04-16,144.110001,144.399994,139.770004,140.089996,133.292175,7878600
2025-04-17,140.339996,143.570007,140.070007,142.839996,135.908737,6131400
2025-04-21,142.500000,142.830002,140.570007,141.729996,134.852585,7412800
2025-04-22,142.279999,144.279999,141.949997,143.460007,136.498642,7144700
2025-04-23,143.270004,144.009995,140.850006,142.259995,135.356873,7760000
2025-04-24,141.449997,141.850006,134.529999,135.309998,128.744141,15577300
2025-04-25,135.470001,135.610001,131.800003,133.380005,126.907776,11544700
2025-04-28,133.899994,135.410004,133.100006,133.759995,127.269333,8498600
2025-04-29,132.479996,134.460007,131.520004,134.309998,127.792648,7010700
2025-04-30,135.630005,136.179993,133.100006,135.580002,129.001007,7923500
2025-05-01,134.470001,134.809998,133.240005,133.550003,127.069519,6807000
2025-05-02,134.149994,134.399994,133.149994,133.750000,127.259819,7169700
2025-05-05,134.039993,134.039993,131.699997,131.990005,125.585220,8972200
2025-05-06,131.899994,131.899994,130.160004,130.740005,124.395882,6889900
2025-05-07,130.949997,132.669998,130.270004,131.919998,125.518623,6313200
2025-05-08,131.889999,132.979996,131.259995,131.429993,125.052391,6392400
2025-05-09,131.149994,131.649994,130.179993,130.440002,124.110435,4770500
2025-05-12,130.839996,132.330002,130.059998,131.679993,125.290260,8392700
2025-05-13,131.169998,131.639999,129.750000,130.309998,123.986748,8650200
2025-05-14,130.070007,130.169998,127.870003,128.449997,122.217003,10463000
2025-05-15,129.190002,131.550003,128.809998,131.500000,125.118988,9165100
2025-05-16,132.089996,132.259995,130.649994,131.979996,125.575714,8896400
2025-05-19,132.130005,132.259995,131.110001,131.789993,125.394913,9406200
2025-05-20,131.750000,132.169998,131.350006,131.800003,125.404457,7624200
2025-05-21,131.800003,131.899994,130.059998,130.149994,123.834496,9243700
2025-05-22,130.020004,130.699997,128.820007,130.119995,123.805954,7140200
2025-05-23,129.559998,129.759995,127.750000,129.339996,123.063797,8122500
2025-05-27,130.080002,131.460007,129.130005,131.369995,124.995300,13974800
2025-05-28,131.289993,132.190002,130.470001,130.669998,124.329262,9431500
2025-05-29,130.860001,132.070007,130.250000,131.919998,125.518623,6656900
2025-05-30,132.149994,132.720001,131.289993,131.449997,125.071411,12992100
2025-06-02,130.899994,131.029999,129.070007,130.910004,124.557632,6723700
2025-06-03,130.630005,132.210007,129.809998,131.850006,125.452019,7339500
2025-06-04,132.240005,132.740005,131.100006,131.740005,125.347351,6519700
2025-06-05,131.199997,131.410004,130.210007,131.110001,124.747925,9560800
2025-06-06,130.250000,130.669998,129.339996,130.029999,125.077858,7628200
2025-06-09,129.830002,130.649994,129.179993,129.960007,125.010529,8453100
2025-06-10,130.199997,132.119995,129.460007,131.830002,126.809303,11852900
2025-06-11,131.940002,131.970001,129.789993,129.899994,124.952805,9168400
2025-06-12,129.889999,132.330002,129.710007,132.300003,127.261414,11444900
2025-06-13,131.759995,133.059998,130.589996,130.850006,125.866646,9581000
2025-06-16,131.309998,132.089996,130.229996,131.410004,126.405296,11183700
2025-06-17,131.160004,131.690002,129.130005,129.289993,124.366035,10235200
2025-06-18,129.630005,129.679993,128.589996,129.070007,124.154434,8785800
2025-06-20,129.529999,130.419998,128.899994,129.070007,124.154434,23001000
2025-06-23,129.289993,129.500000,127.820000,129.089996,124.173653,12840400
2025-06-24,129.139999,131.210007,129.050003,131.050003,126.059029,9226800
2025-06-25,130.259995,130.589996,127.629997,128.020004,123.144417,10922600
2025-06-26,127.709999,129.160004,127.599998,128.220001,123.336792,11538100
2025-06-27,128.289993,131.339996,128.110001,131.039993,126.049377,26536500
2025-06-30,131.199997,132.360001,130.589996,132.039993,127.011299,11402400
2025-07-01,132.589996,136.389999,132.470001,135.259995,130.108673,12846700
2025-07-02,135.250000,137.000000,134.880005,136.479996,131.282211,9388700
2025-07-03,136.699997,136.830002,135.240005,135.380005,130.224106,4941400
2025-07-07,135.529999,135.720001,133.679993,134.449997,129.329529,7773700
2025-07-08,133.410004,135.669998,133.279999,135.039993,129.897049,7718300
2025-07-09,134.899994,135.380005,132.960007,134.479996,129.358383,7762600
2025-07-10,134.429993,136.679993,133.630005,136.080002,130.897461,8869700
2025-07-11,134.839996,135.389999,133.809998,135.259995,130.108673,7963600
2025-07-14,134.750000,135.880005,133.860001,135.570007,130.406876,8480300
2025-07-15,135.429993,135.509995,133.750000,133.809998,128.713898,8933500
2025-07-16,133.949997,135.509995,133.750000,135.350006,130.195251,10941600
2025-07-17,141.699997,145.960007,141.639999,145.440002,139.900970,26161000
2025-07-18,146.259995,146.350006,142.940002,143.240005,137.784760,13752800
2025-07-21,143.100006,143.589996,140.460007,141.699997,136.303406,9025600
2025-07-22,141.229996,146.399994,141.229996,146.039993,140.478104,8281500
2025-07-23,145.860001,147.029999,145.089996,145.660004,140.112579,6166000
2025-07-24,145.820007,146.470001,143.979996,144.509995,139.006393,9749400
2025-07-25,144.809998,144.820007,142.699997,143.449997,137.986755,7021600
2025-07-28,142.699997,143.100006,141.460007,141.570007,136.178375,10639100
2025-07-29,141.570007,143.990005,141.130005,143.889999,138.410004,6282900
2025-07-30,143.770004,144.399994,142.289993,142.860001,137.419220,9738400
2025-07-31,140.979996,141.570007,137.639999,137.919998,132.667374,11689700
2025-08-01,139.100006,139.809998,138.289993,139.279999,133.975571,7630500
2025-08-04,139.289993,140.320007,138.750000,139.559998,134.244919,8384700
2025-08-05,139.600006,140.350006,139.259995,139.449997,134.139099,5535100
2025-08-06,139.899994,141.580002,139.360001,140.800003,135.437698,6747400
2025-08-07,141.240005,144.309998,140.479996,143.919998,138.438858,7674600
2025-08-08,143.919998,145.369995,143.800003,145.210007,139.679733,5315100
2025-08-11,145.320007,145.600006,143.750000,144.869995,139.352676,5773400
2025-08-12,145.550003,147.009995,144.720001,146.869995,141.276505,7668700
2025-08-13,146.889999,149.539993,146.850006,149.350006,143.662064,6147000
2025-08-14,149.039993,149.500000,148.050003,148.619995,142.959854,6892500
2025-08-15,149.389999,151.100006,148.490005,150.399994,144.672073,9162200
2025-08-18,150.550003,150.550003,148.919998,149.550003,143.854462,9901000
2025-08-19,150.000000,152.320007,149.860001,152.160004,146.365051,8596900
2025-08-20,153.210007,154.610001,148.690002,150.729996,144.989502,10023500
2025-08-21,150.320007,150.320007,148.600006,148.979996,143.306168,8153600
2025-08-22,149.649994,151.179993,149.089996,149.639999,143.941025,5218000
2025-08-25,148.429993,148.820007,147.580002,148.199997,142.555862,6624300
2025-08-26,147.500000,148.250000,145.809998,147.000000,141.401566,11208100
2025-08-27,147.000000,147.789993,146.309998,147.639999,142.017181,8092900
2025-08-28,147.960007,148.039993,146.229996,146.979996,141.382324,9265100
2025-08-29,147.100006,149.220001,146.869995,148.649994,142.988708,7760700
2025-09-02,157.440002,157.800003,150.210007,150.279999,144.556641,17348600
2025-09-03,149.949997,150.460007,147.110001,148.639999,142.979111,11259200
2025-09-04,149.020004,149.470001,146.449997,146.889999,141.295761,6342200
2025-09-05,146.000000,147.880005,145.279999,146.389999,142.192291,7186300
2025-09-08,145.720001,145.720001,140.350006,141.710007,137.646484,11127600
2025-09-09,141.179993,143.630005,141.100006,143.100006,138.996643,5866400
2025-09-10,142.229996,143.110001,141.419998,142.660004,138.569244,6015100
2025-09-11,142.889999,144.750000,142.500000,144.229996,140.094223,6144400
2025-09-12,144.070007,144.250000,142.899994,143.529999,139.414307,5713700
2025-09-15,143.399994,143.529999,140.529999,140.639999,136.607162,7279600
2025-09-16,140.690002,141.309998,139.910004,140.029999,136.014664,9283500
2025-09-17,140.169998,142.039993,140.149994,141.229996,137.180252,6092900
2025-09-18,140.639999,141.630005,140.389999,140.729996,136.694595,6106600
2025-09-19,141.460007,142.080002,140.460007,141.759995,137.695053,12365500
2025-09-22,141.080002,141.520004,139.940002,141.029999,136.985992,5797600
2025-09-23,141.039993,142.229996,139.960007,141.899994,137.831024,6356500
2025-09-24,141.809998,142.339996,141.009995,142.169998,138.093292,5949100
2025-09-25,143.000000,143.419998,139.860001,139.919998,135.907806,7101700
2025-09-26,139.940002,140.990005,139.850006,140.440002,136.412903,6224700
2025-09-29,140.440002,140.669998,139.119995,140.169998,136.150650,11930200
2025-09-30,140.169998,141.029999,139.830002,140.440002,136.412903,7583400
2025-10-01,140.809998,143.369995,140.479996,143.139999,139.035477,5880800
2025-10-02,141.889999,143.250000,141.369995,142.309998,138.229279,4497300
2025-10-03,142.259995,143.360001,141.860001,141.979996,137.908752,5425700
2025-10-06,141.770004,141.850006,138.880005,139.699997,135.694122,6750700
2025-10-07,140.369995,141.839996,139.690002,140.789993,136.752869,6110300
2025-10-08,140.789993,140.979996,138.690002,138.839996,134.858795,8256700
2025-10-09,140.460007,144.740005,138.589996,144.710007,140.560471,13706600
2025-10-10,145.630005,150.820007,145.000000,150.080002,145.776489,17545200
2025-10-13,148.649994,149.979996,147.339996,148.889999,144.620605,7272000
2025-10-14,148.690002,151.619995,148.500000,151.539993,147.194611,8371100
2025-10-15,151.330002,152.389999,149.169998,151.160004,146.825516,6101100
2025-10-16,152.380005,154.380005,152.289993,152.669998,148.292206,8532900
2025-10-17,153.770004,153.910004,151.740005,153.710007,149.302399,6710100
2025-10-20,154.419998,154.419998,152.720001,153.639999,149.234406,4810600
2025-10-21,154.699997,155.190002,152.839996,153.179993,148.787582,5614300
2025-10-22,153.149994,155.179993,152.710007,153.029999,148.641876,6486000
2025-10-23,153.169998,153.399994,151.029999,151.509995,147.165466,6091800
2025-10-24,152.039993,152.419998,151.270004,151.550003,147.204330,3580200
2025-10-27,151.009995,152.869995,150.960007,152.630005,148.253357,4744600
2025-10-28,151.410004,153.210007,149.919998,150.119995,145.815308,5626500
2025-10-29,148.050003,148.660004,143.669998,146.160004,141.968887,7767600
2025-10-30,146.339996,148.089996,146.250000,147.550003,143.319031,5752700
2025-10-31,146.199997,147.000000,145.300003,146.089996,141.900894,6313600
2025-11-03,145.860001,145.910004,143.250000,143.600006,139.482285,8331500
2025-11-04,144.699997,144.929993,142.059998,142.899994,138.802368,8302900
2025-11-05,142.899994,143.279999,141.580002,142.860001,138.763504,7136400
2025-11-06,142.410004,143.210007,141.300003,141.580002,137.520203,6449400
2025-11-07,142.929993,144.050003,141.649994,142.949997,138.850922,7592300
2025-11-10,142.490005,143.020004,141.259995,142.619995,138.530380,6617500
2025-11-11,143.279999,145.759995,142.679993,145.080002,140.919861,7683600
2025-11-12,144.559998,145.500000,144.059998,144.389999,140.249634,5790100
2025-11-13,144.100006,146.389999,143.649994,145.020004,140.861588,6663300
2025-11-14,145.889999,146.839996,143.929993,145.850006,141.667786,5770500
2025-11-17,146.119995,148.110001,145.220001,147.830002,143.591003,7320200
2025-11-18,148.300003,149.830002,147.449997,148.770004,144.504044,10821500
2025-11-19,148.300003,148.800003,146.690002,147.110001,142.891632,8123200
2025-11-20,146.600006,147.080002,144.899994,146.100006,141.910614,6878900
2025-11-21,146.279999,148.940002,145.979996,146.330002,142.134003,7911800
2025-11-24,145.830002,146.339996,144.759995,145.500000,141.327805,9391400
2025-11-25,145.929993,147.119995,145.570007,146.110001,141.920319,8954000
2025-11-26,146.320007,148.470001,146.229996,147.979996,143.736694,5180600
2025-11-28,147.229996,148.820007,147.229996,148.740005,144.474899,2969300
2025-12-01,148.630005,149.820007,148.509995,149.509995,145.222824,7623300
2025-12-02,149.460007,149.509995,146.529999,148.610001,144.348633,6830300
2025-12-03,148.690002,150.699997,147.910004,148.059998,143.814392,5109200
2025-12-04,147.750000,148.250000,146.130005,146.910004,142.697388,6803000
2025-12-05,145.619995,145.800003,144.509995,145.020004,142.239334,5971300
2025-12-08,145.009995,146.559998,144.199997,145.630005,142.837646,6327400
2025-12-09,146.350006,147.559998,143.910004,144.639999,141.866608,10035200
2025-12-10,147.770004,149.779999,147.000000,149.699997,146.829605,18526400
2025-12-11,150.149994,150.889999,148.130005,149.039993,146.182251,7854000
2025-12-12,149.750000,150.669998,148.740005,150.649994,147.761383,8143100
2025-12-15,150.940002,151.699997,150.279999,151.220001,148.320465,8409600
2025-12-16,151.990005,152.350006,149.990005,150.369995,147.486755,7520300
2025-12-17,150.380005,151.240005,149.479996,150.080002,147.202316,8067100
2025-12-18,149.800003,150.369995,149.250000,149.369995,146.505920,6643200
2025-12-19,149.149994,149.889999,147.899994,148.160004,145.319138,17543500
2025-12-22,147.529999,148.979996,146.410004,147.050003,144.230408,8818700
2025-12-23,147.190002,147.190002,143.559998,143.679993,140.925034,7254800
2025-12-24,143.789993,143.990005,142.949997,143.740005,140.983887,2618700
2025-12-26,143.559998,143.940002,143.089996,143.779999,141.023102,4975500
2025-12-29,143.740005,145.050003,143.600006,144.240005,141.474289,7201900
2025-12-30,143.970001,145.270004,143.919998,144.160004,141.395828,4713800