Date,Open,High,Low,Close,Adj Close,Volume
2020-01-02,89.050003,89.809998,88.080002,88.690002,76.867142,8413900
2020-01-03,87.260002,87.639999,86.440002,87.019997,75.419754,8340300
2020-01-06,85.910004,86.550003,85.540001,86.510002,74.977707,8381400
2020-01-07,87.040001,89.489998,86.910004,88.970001,77.109787,8377400
2020-01-08,88.900002,89.470001,87.919998,88.709999,76.884453,7619900
2020-01-09,89.660004,90.720001,88.830002,89.910004,77.924500,9155500
2020-01-10,90.510002,92.389999,89.870003,90.260002,78.227844,9668300
2020-01-13,91.050003,92.730003,90.550003,90.970001,78.843185,10367800
2020-01-14,91.129997,91.610001,90.290001,90.559998,78.487846,7800100
2020-01-15,90.750000,91.180000,89.250000,89.669998,77.716484,7259100
2020-01-16,90.220001,92.230003,89.820000,91.790001,79.553879,9295500
2020-01-17,93.000000,96.169998,92.949997,95.910004,83.124664,23694400
2020-01-21,95.330002,95.720001,93.419998,94.540001,81.937309,10868500
2020-01-22,95.260002,95.389999,92.709999,92.970001,80.576584,8342300
2020-01-23,92.849998,92.949997,91.459999,92.000000,79.735886,11282000
2020-01-24,92.680000,93.250000,88.830002,89.650002,77.699158,9471700
2020-01-27,87.300003,88.220001,86.449997,87.050003,75.445755,9240200
2020-01-28,88.150002,89.540001,87.389999,89.150002,77.265800,9187000
2020-01-29,88.660004,89.019997,87.349998,88.230003,76.468445,8158500
2020-01-30,87.309998,87.860001,86.190002,87.779999,76.078430,8379400
2020-01-31,87.050003,87.169998,85.040001,85.309998,73.937698,9503600
2020-02-03,85.550003,86.580002,85.160004,86.480003,74.951736,7792700
2020-02-04,88.250000,88.949997,87.370003,88.930000,77.075134,9236400
2020-02-05,90.989998,91.139999,89.269997,90.910004,78.791176,14220900
2020-02-06,88.059998,90.779999,86.190002,90.610001,78.531181,21059000
2020-02-07,89.620003,90.029999,87.379997,87.419998,75.766411,10725100
2020-02-10,86.779999,88.639999,86.500000,88.599998,76.789124,7481300
2020-02-11,89.370003,91.470001,88.900002,90.000000,78.002480,9452800
2020-02-12,91.650002,92.440002,91.290001,91.720001,79.493195,9824200
2020-02-13,91.029999,91.379997,89.779999,90.029999,78.028496,8428300
2020-02-14,90.550003,90.800003,88.790001,89.599998,77.655830,6256500
2020-02-18,87.830002,89.000000,87.529999,88.029999,76.295113,7248100
2020-02-19,88.919998,90.620003,88.650002,90.559998,78.487846,7820900
2020-02-20,90.809998,91.879997,88.680000,89.470001,77.543137,9754900
2020-02-21,88.559998,89.029999,86.330002,87.029999,75.428398,12257600
2020-02-24,83.900002,84.830002,82.709999,83.320000,72.212990,12158500
2020-02-25,83.940002,84.400002,79.639999,80.220001,69.526222,14725000
2020-02-26,81.000000,82.029999,79.089996,79.660004,69.040878,13125000
2020-02-27,77.129997,78.190002,75.330002,75.940002,65.816765,17898300
2020-02-28,73.760002,79.809998,73.339996,78.300003,67.862175,20843300
2020-03-02,79.019997,80.709999,77.129997,80.559998,69.820915,15043400
2020-03-03,80.820000,82.650002,77.830002,78.559998,68.087524,16356200
2020-03-04,79.120003,81.910004,78.050003,81.800003,71.459564,9894900
2020-03-05,79.459999,81.370003,78.699997,79.169998,69.162041,9396200
2020-03-06,76.330002,78.080002,75.830002,77.470001,67.676933,11536500
2020-03-09,72.400002,76.099998,71.830002,72.639999,63.457489,13898500
2020-03-10,74.800003,79.040001,74.160004,78.889999,68.917427,13615600
2020-03-11,76.290001,77.790001,73.720001,74.620003,65.187210,13376500
2020-03-12,69.519997,72.529999,67.000000,67.019997,58.547928,19386200
2020-03-13,71.180000,76.669998,67.260002,75.809998,66.226776,15971400
2020-03-16,68.279999,71.169998,64.459999,64.480003,56.329006,16134700
2020-03-17,65.910004,69.809998,62.200001,68.860001,60.155319,16864500
2020-03-18,63.560001,65.559998,58.000000,61.189999,53.454899,18381200
2020-03-19,61.119999,67.550003,59.040001,65.000000,56.783276,17127400
2020-03-20,65.029999,67.980003,60.790001,60.910000,53.210293,16591500
2020-03-23,61.549999,64.860001,59.110001,62.529999,54.625515,14920300
2020-03-24,66.000000,67.620003,62.189999,65.459999,57.185127,18966800
2020-03-25,65.900002,66.959999,62.459999,63.080002,55.105984,15969800
2020-03-26,64.000000,69.660004,63.250000,68.980003,60.260181,15820300
2020-03-27,66.500000,69.120003,65.930000,66.589996,58.172291,9739100
2020-03-30,67.190002,69.500000,66.059998,69.029999,60.303844,9880800
2020-03-31,69.300003,70.360001,66.660004,67.650002,59.098286,13213900
2020-04-01,65.000000,68.699997,65.000000,65.900002,57.569492,14167900
2020-04-02,65.870003,68.260002,65.309998,68.019997,59.421520,15432900
2020-04-03,67.680000,68.690002,64.550003,65.230003,56.984203,8600700
2020-04-06,68.500000,71.370003,67.650002,70.949997,61.981121,12153100
2020-04-07,73.660004,74.900002,70.860001,72.730003,63.536133,11285600
2020-04-08,73.699997,74.379997,72.419998,73.330002,64.060265,10695600
2020-04-09,74.620003,74.839996,70.000000,71.580002,62.531498,15459400
2020-04-13,71.709999,73.510002,71.440002,73.300003,64.034042,7896500
2020-04-14,75.000000,77.669998,74.970001,77.550003,67.746811,11314100
2020-04-15,75.860001,76.339996,74.029999,75.989998,66.384010,9951700
2020-04-16,76.860001,77.690002,75.379997,76.849998,67.135300,8819700
2020-04-17,77.320000,78.250000,75.480003,76.169998,66.541260,9926000
2020-04-20,75.019997,76.230003,74.099998,74.309998,64.916382,7217700
2020-04-21,73.309998,73.970001,71.750000,71.839996,62.758606,9273800
2020-04-22,73.790001,75.339996,72.750000,74.680000,65.239616,7365300
2020-04-23,75.000000,76.169998,73.760002,73.809998,64.479591,7673800
2020-04-24,73.919998,76.110001,73.660004,76.040001,66.427681,6071300
2020-04-27,76.589996,77.820000,75.489998,75.980003,66.375282,7219500
2020-04-28,77.110001,77.779999,75.160004,75.290001,65.772514,6250500
2020-04-29,77.169998,79.239998,76.830002,78.970001,68.987312,11950200
2020-04-30,80.269997,80.870003,77.279999,78.669998,68.725220,17113500
2020-05-01,76.849998,77.589996,74.680000,75.639999,66.078262,9742100
2020-05-04,75.160004,75.940002,74.089996,75.680000,66.113197,7202400
2020-05-05,76.750000,78.809998,76.559998,77.629997,67.816689,7540800
2020-05-06,78.809998,80.139999,78.519997,78.870003,68.899956,8179700
2020-05-07,79.699997,80.169998,78.260002,78.830002,68.865005,7291800
2020-05-08,79.699997,81.089996,79.360001,80.559998,70.376320,7887200
2020-05-11,80.290001,81.269997,79.540001,80.480003,70.306458,6604600
2020-05-12,81.290001,81.790001,78.400002,78.419998,68.506828,7318100
2020-05-13,78.860001,79.510002,76.750000,78.000000,68.139923,9584800
2020-05-14,77.500000,80.000000,76.470001,79.870003,69.773544,9956800
2020-05-15,74.669998,77.699997,74.370003,75.769997,66.191826,29597800
2020-05-18,77.269997,80.180000,77.209999,79.940002,69.834679,13191000
2020-05-19,79.750000,80.150002,78.000000,78.089996,68.218552,8118400
2020-05-20,79.959999,81.959999,79.690002,80.629997,70.437469,11379200
2020-05-21,79.470001,80.089996,77.870003,78.000000,68.139923,8141500
2020-05-22,78.260002,78.760002,77.290001,78.699997,68.751450,5530400
2020-05-26,80.190002,80.570000,77.779999,78.019997,68.157394,10067300
2020-05-27,78.269997,79.320000,76.160004,79.290001,69.266830,9125900
2020-05-28,80.239998,81.480003,77.730003,78.110001,68.236038,11161700
2020-05-29,78.699997,81.199997,77.900002,80.879997,70.655846,10558700
2020-06-01,79.889999,80.480003,79.239998,79.730003,69.651230,6474800
2020-06-02,79.930000,84.879997,79.910004,84.629997,73.931808,13255300
2020-06-03,84.949997,85.949997,83.620003,84.110001,74.046249,13029300
2020-06-04,83.949997,86.699997,83.949997,86.040001,75.745361,12109000
2020-06-05,88.000000,89.480003,87.820000,88.550003,77.955032,11882100
2020-06-08,89.000000,91.500000,88.339996,91.370003,80.437607,9748300
2020-06-09,90.230003,90.389999,89.059998,89.750000,79.011436,7327700
2020-06-10,90.250000,92.139999,90.029999,91.010002,80.120674,9079700
2020-06-11,88.620003,89.059998,83.910004,84.019997,73.967033,15241700
2020-06-12,86.250000,87.139999,83.529999,85.239998,75.041054,10113200
2020-06-15,83.669998,86.570000,83.099998,86.389999,76.053474,9852600
2020-06-16,89.900002,90.440002,87.760002,89.519997,78.808952,12639800
2020-06-17,90.680000,91.089996,89.300003,89.940002,79.178711,7620300
2020-06-18,89.849998,90.489998,89.029999,89.919998,79.161102,5709500
2020-06-19,89.870003,90.250000,87.540001,88.809998,78.183922,23213800
2020-06-22,88.720001,89.440002,87.610001,89.129997,78.465614,8028000
2020-06-23,90.139999,90.610001,89.110001,89.349998,78.659302,7778700
2020-06-24,89.169998,89.830002,87.419998,89.139999,78.474419,8208800
2020-06-25,88.699997,89.459999,87.320000,88.959999,78.315948,7062600
2020-06-26,89.070000,89.730003,87.540001,88.019997,77.488457,9126500
2020-06-29,88.209999,89.150002,86.680000,89.010002,78.360001,5870400
2020-06-30,89.199997,91.930000,89.000000,91.209999,80.296761,9378500
2020-07-01,91.010002,91.300003,89.580002,89.779999,79.037842,6990600
2020-07-02,91.089996,92.500000,90.800003,91.870003,80.877785,8317300
2020-07-06,93.209999,93.750000,92.099998,92.919998,81.802155,6933100
2020-07-07,92.970001,93.550003,91.910004,92.139999,81.115471,6722400
2020-07-08,93.269997,93.599998,92.339996,93.529999,82.339180,6692700
2020-07-09,93.949997,93.949997,91.440002,93.250000,82.092667,6287700
2020-07-10,93.000000,93.519997,91.559998,92.510002,81.441223,5687600
2020-07-13,93.300003,94.129997,91.199997,91.330002,80.402397,7606400
2020-07-14,90.860001,92.620003,89.199997,92.379997,81.326775,6571000
2020-07-15,92.930000,92.930000,91.010002,92.550003,81.476425,6154100
2020-07-16,91.260002,91.750000,90.680000,91.199997,80.287926,6178700
2020-07-17,91.680000,92.459999,91.000000,92.230003,81.194725,5985700
2020-07-20,92.190002,93.269997,91.300003,93.169998,82.022247,5407500
2020-07-21,93.550003,93.849998,91.809998,92.309998,81.265144,7098600
2020-07-22,92.739998,93.290001,91.669998,92.599998,81.520447,4366400
2020-07-23,92.910004,92.970001,89.230003,89.669998,78.941025,9438500
2020-07-24,89.209999,90.290001,87.510002,88.889999,78.254341,9520000
2020-07-27,90.019997,92.839996,89.260002,92.699997,81.608482,8021700
2020-07-28,92.169998,92.589996,90.570000,91.449997,80.508041,5818400
2020-07-29,92.080002,93.620003,91.739998,93.029999,81.898979,11453000
2020-07-30,102.419998,107.690002,100.699997,107.190002,94.364746,42122500
2020-07-31,105.660004,107.750000,104.510002,105.610001,92.973793,16765100
2020-08-03,107.400002,113.000000,107.029999,109.589996,96.477577,18899400
2020-08-04,109.489998,111.019997,108.660004,110.949997,97.674873,10205400
2020-08-05,111.000000,112.459999,110.080002,111.389999,98.062225,7967400
2020-08-06,111.230003,111.360001,109.930000,111.059998,97.771698,6392200
2020-08-07,110.010002,111.050003,106.000000,108.250000,95.297920,11155900
2020-08-10,108.599998,108.989998,105.720001,106.360001,93.634071,10087100
2020-08-11,106.199997,112.010002,104.739998,108.830002,95.808517,17803000
2020-08-12,110.389999,116.250000,109.650002,115.790001,101.935768,18664700
2020-08-13,116.199997,116.199997,112.769997,113.410004,99.840546,9958400
2020-08-14,113.300003,114.519997,112.570000,113.739998,100.131058,6641000
2020-08-17,113.290001,114.489998,110.629997,112.180000,98.757706,10283000
2020-08-18,112.910004,113.379997,111.519997,112.029999,98.625641,6387000
2020-08-19,112.330002,113.470001,110.750000,111.040001,97.754097,7747600
2020-08-20,110.000000,110.980003,109.669998,110.660004,97.419563,7200300
2020-08-21,110.230003,113.150002,109.949997,113.000000,99.479584,8546900
2020-08-24,114.370003,116.000000,113.269997,115.910004,102.041405,10235000
2020-08-25,116.110001,117.099998,114.440002,115.949997,102.076630,6208000
2020-08-26,116.250000,116.550003,115.169998,116.040001,102.155869,7487400
2020-08-27,116.430000,118.180000,115.349998,116.019997,102.138229,8206200
2020-08-28,116.709999,118.260002,116.169998,118.199997,104.057426,6280300
2020-08-31,118.330002,121.059998,118.120003,119.099998,104.849716,9694600
2020-09-01,121.080002,122.570000,119.510002,122.010002,107.411545,9091900
2020-09-02,123.260002,123.930000,121.809998,123.180000,109.022362,9167700
2020-09-03,121.300003,121.709999,115.599998,116.430000,103.048172,13560800
2020-09-04,115.690002,117.820000,112.379997,115.970001,102.641045,11064300
2020-09-08,111.940002,113.879997,109.620003,109.769997,97.153625,10245200
2020-09-09,113.480003,115.769997,112.300003,114.019997,100.915161,9708400
2020-09-10,115.150002,115.809998,111.570000,112.440002,99.516762,6166300
2020-09-11,113.379997,114.849998,112.400002,113.419998,100.384117,6740200
2020-09-14,115.239998,115.430000,112.650002,113.459999,100.419518,5397300
2020-09-15,114.940002,117.809998,114.790001,116.580002,103.180939,8773700
2020-09-16,118.000000,118.000000,114.540001,114.559998,101.393082,6340100
2020-09-17,111.919998,115.699997,111.000000,114.879997,101.676308,7418100
2020-09-18,115.040001,115.430000,109.800003,110.690002,97.967903,15443200
2020-09-21,109.160004,112.139999,108.300003,111.919998,99.056511,8197600
2020-09-22,112.610001,114.250000,110.419998,113.820000,100.738144,6911200
2020-09-23,113.639999,113.930000,110.070000,110.570000,97.861694,6553300
2020-09-24,109.389999,113.290001,109.239998,112.190002,99.295509,6849000
2020-09-25,113.550003,115.750000,111.800003,114.500000,101.340012,11718000
2020-09-28,115.959999,118.739998,114.919998,118.470001,104.853699,9043600
2020-09-29,118.139999,119.250000,117.199997,117.379997,103.888992,5655700
2020-09-30,117.500000,119.260002,116.919998,117.680000,104.154503,5829700
2020-10-01,119.930000,120.209999,117.699997,119.519997,105.783035,5316800
2020-10-02,116.779999,118.660004,115.430000,115.470001,102.198502,5834300
2020-10-05,116.900002,120.650002,116.730003,120.519997,106.668091,5835900
2020-10-06,120.449997,122.519997,119.099998,119.540001,105.800728,7637000
2020-10-07,121.239998,123.360001,120.650002,123.029999,108.889595,7410300
2020-10-08,124.000000,124.430000,121.839996,122.339996,108.278923,4757500
2020-10-09,123.930000,125.889999,122.790001,124.870003,110.518135,11073400
2020-10-12,127.699997,127.699997,124.949997,126.690002,112.128960,7893800
2020-10-13,127.470001,128.179993,125.400002,127.459999,112.810448,7605700
2020-10-14,129.080002,132.419998,128.929993,129.880005,114.952309,13177100
2020-10-15,127.300003,129.139999,126.650002,128.580002,113.801720,7376600
2020-10-16,129.699997,130.190002,127.739998,129.029999,114.199982,6625400
2020-10-19,130.130005,131.960007,127.699997,128.419998,113.660095,5765800
2020-10-20,129.179993,129.330002,127.510002,128.300003,113.553902,4409800
2020-10-21,128.039993,130.419998,126.370003,128.550003,113.775177,4344000
2020-10-22,129.509995,129.589996,126.860001,128.380005,113.624710,3895100
2020-10-23,128.589996,129.100006,127.099998,128.880005,114.067230,3943100
2020-10-26,127.529999,128.669998,124.400002,126.199997,111.695244,6065900
2020-10-27,126.510002,126.959999,125.190002,125.910004,111.438599,5825500
2020-10-28,123.500000,123.820000,121.050003,121.580002,107.606247,8234800
2020-10-29,122.059998,127.690002,121.889999,126.440002,111.907677,7053300
2020-10-30,123.680000,125.250000,121.599998,123.360001,109.181686,7811200
2020-11-02,124.500000,126.169998,122.410004,123.970001,109.721573,5860300
2020-11-03,125.440002,126.919998,124.690002,125.449997,111.031464,5832800
2020-11-04,129.320007,129.570007,126.070000,128.970001,114.146896,12608900
2020-11-05,145.820007,148.800003,141.830002,145.410004,128.697372,27910900
2020-11-06,146.009995,146.229996,143.960007,145.009995,128.343323,7278500
2020-11-09,149.410004,149.410004,142.440002,142.610001,126.219177,10666300
2020-11-10,140.149994,143.169998,138.529999,140.110001,124.006546,12019900
2020-11-11,144.500000,148.089996,144.000000,147.690002,130.715286,10222700
2020-11-12,147.570007,148.509995,143.070007,143.910004,127.369797,8580700
2020-11-13,145.539993,146.250000,143.229996,144.259995,127.679512,5899200
2020-11-16,145.199997,149.250000,144.550003,149.070007,131.936707,7598500
2020-11-17,149.020004,149.850006,147.179993,148.740005,131.644669,7438600
2020-11-18,149.240005,153.330002,146.910004,147.050003,130.148880,12124500
2020-11-19,146.559998,149.300003,145.460007,147.529999,130.573685,7743700
2020-11-20,148.279999,149.100006,145.940002,146.029999,129.246094,5551900
2020-11-23,142.350006,147.000000,141.880005,143.820007,127.290108,11649400
2020-11-24,143.389999,146.330002,141.110001,145.929993,129.157578,10800800
2020-11-25,145.949997,147.490005,144.039993,144.080002,127.520248,6398900
2020-11-27,145.490005,146.429993,143.699997,143.830002,127.298965,3878000
2020-11-30,144.630005,147.289993,144.050003,147.169998,130.255112,8712500
2020-12-01,148.789993,152.389999,147.789993,151.259995,133.874969,11906100
2020-12-02,150.509995,151.490005,149.619995,149.979996,133.315002,7800300
2020-12-03,151.039993,152.770004,149.639999,149.910004,133.252777,6355300
2020-12-04,150.300003,158.089996,150.000000,157.619995,140.106033,12759900
2020-12-07,158.550003,158.970001,156.710007,158.020004,140.461639,7009300
2020-12-08,157.460007,159.289993,155.869995,158.800003,141.154984,6088300
2020-12-09,158.600006,161.070007,155.550003,156.020004,138.683868,7947200
2020-12-10,154.419998,157.850006,152.729996,155.750000,138.443832,7522200
2020-12-11,149.240005,150.270004,141.889999,144.279999,128.248383,25923100
2020-12-14,144.899994,147.750000,143.330002,146.289993,130.034988,12258500
2020-12-15,149.369995,149.919998,147.100006,148.360001,131.875031,6616400
2020-12-16,149.139999,150.440002,146.710007,149.740005,133.101685,6610900
2020-12-17,150.869995,151.229996,148.380005,149.529999,132.915009,7039000
2020-12-18,150.789993,150.789993,146.119995,147.419998,131.039429,13288300
2020-12-21,145.009995,147.360001,144.410004,146.800003,130.488327,7024600
2020-12-22,146.610001,147.029999,144.720001,146.339996,130.079468,5751500
2020-12-23,147.630005,151.539993,146.869995,146.960007,130.630585,5186700
2020-12-24,147.800003,148.899994,147.199997,148.789993,132.257248,2120200
2020-12-28,150.619995,151.070007,147.440002,147.740005,131.323914,4576600
2020-12-29,148.970001,148.990005,147.029999,148.490005,131.990601,3543800
2020-12-30,149.119995,151.610001,148.919998,149.949997,133.288330,3965600
2020-12-31,150.320007,152.559998,150.100006,152.339996,135.412781,4941700
2021-01-04,153.009995,155.149994,147.139999,148.500000,131.999481,9827000
2021-01-05,148.649994,152.699997,148.500000,152.429993,135.492767,8507200
2021-01-06,151.529999,153.869995,149.470001,151.190002,134.390518,7174600
2021-01-07,152.330002,156.419998,152.259995,155.699997,138.399414,8482300
2021-01-08,157.229996,157.529999,154.539993,156.639999,139.234955,6252400
2021-01-11,156.100006,158.130005,154.919998,156.110001,138.763855,5147800
2021-01-12,156.639999,156.869995,153.960007,154.449997,137.288315,4385700
2021-01-13,155.190002,157.929993,153.649994,157.419998,139.928284,5479900
2021-01-14,159.399994,163.179993,158.500000,160.850006,142.977188,10102400
2021-01-15,160.770004,160.860001,156.880005,157.089996,139.634964,8607400
2021-01-19,158.940002,164.100006,158.449997,163.770004,145.572723,8209000
2021-01-20,164.720001,167.940002,164.440002,164.600006,146.310501,7943300
2021-01-21,165.809998,166.490005,163.339996,164.750000,146.443863,6295700
2021-01-22,164.000000,164.270004,161.520004,162.419998,144.372757,5062300
2021-01-25,164.320007,167.050003,161.729996,164.399994,146.132706,5370800
2021-01-26,164.199997,164.649994,160.910004,162.550003,144.488312,6554200
2021-01-27,158.490005,160.729996,152.690002,153.669998,136.594986,9854000
2021-01-28,156.279999,158.970001,153.110001,155.550003,138.266098,8087400
2021-01-29,160.250000,160.639999,154.750000,156.279999,138.914978,9502100
2021-02-01,157.369995,162.399994,156.490005,161.580002,143.626083,8265100
2021-02-02,164.509995,165.380005,161.300003,164.779999,146.470490,6926500
2021-02-03,167.580002,167.580002,161.800003,162.300003,144.266052,14156700
2021-02-04,150.179993,151.779999,145.199997,147.970001,131.528351,46141800
2021-02-05,148.850006,148.899994,144.619995,145.839996,129.635056,24695400
2021-02-08,147.100006,147.600006,145.300003,147.380005,131.003906,12181600
2021-02-09,147.550003,148.500000,145.899994,146.110001,129.875015,11681300
2021-02-10,147.619995,147.750000,144.369995,145.500000,129.332779,11701300
2021-02-11,145.779999,146.570007,143.529999,145.559998,129.386124,11600200
2021-02-12,145.570007,151.399994,144.869995,147.979996,131.537201,9155200
2021-02-16,149.000000,149.740005,146.059998,147.160004,130.808319,10211900
2021-02-17,145.820007,146.889999,143.419998,144.750000,128.666138,11937200
2021-02-18,143.539993,144.699997,142.960007,143.910004,127.919495,8404400
2021-02-19,144.779999,145.850006,143.490005,144.940002,128.835007,10012500
2021-02-22,142.250000,144.119995,139.080002,139.460007,123.963951,12763900
2021-02-23,136.380005,138.479996,134.440002,137.119995,121.883926,14425300
2021-02-24,136.399994,141.179993,135.089996,141.100006,125.421700,13146200
2021-02-25,139.559998,140.830002,135.020004,135.529999,120.470604,12701100
2021-02-26,136.759995,138.149994,134.699997,136.190002,121.057312,11772600
2021-03-01,137.500000,139.630005,136.460007,139.490005,123.990585,9421400
2021-03-02,140.000000,140.100006,136.770004,137.039993,121.812828,8693200
2021-03-03,135.600006,136.179993,131.539993,131.660004,117.588371,14862700
2021-03-04,132.350006,134.199997,126.580002,127.800003,114.140923,15831100
2021-03-05,130.919998,131.169998,125.400002,129.750000,115.882500,13292000
2021-03-08,129.000000,129.770004,122.989998,123.199997,110.032555,15256100
2021-03-09,127.389999,129.919998,126.330002,129.110001,115.310928,13130200
2021-03-10,130.669998,131.100006,127.639999,127.870003,114.203438,12492300
2021-03-11,131.009995,133.240005,130.009995,131.740005,117.659821,11920200
2021-03-12,129.899994,130.330002,127.620003,129.979996,116.087936,9365700
2021-03-15,130.059998,131.759995,129.119995,131.639999,117.570480,7807200
2021-03-16,132.889999,135.440002,132.289993,133.649994,119.365646,10434700
2021-03-17,131.309998,135.600006,129.679993,133.919998,119.606850,10781500
2021-03-18,132.440002,133.600006,129.660004,129.750000,115.882500,9579000
2021-03-19,129.789993,132.479996,129.169998,131.020004,117.016762,17599900
2021-03-22,132.960007,135.550003,132.600006,134.089996,119.758636,9036900
2021-03-23,134.000000,134.350006,131.410004,132.520004,118.356422,7425700
2021-03-24,132.990005,133.059998,127.110001,127.180000,113.587181,10962300
2021-03-25,126.660004,127.639999,124.389999,127.279999,113.676491,10460800
2021-03-26,127.059998,133.350006,127.040001,132.990005,118.776230,11071600
2021-03-29,132.539993,133.339996,129.770004,131.270004,117.240021,9750100
2021-03-30,130.169998,131.240005,129.070007,130.110001,116.204041,7097300
2021-03-31,130.960007,133.520004,130.570007,132.589996,118.418976,8361300
2021-04-01,134.500000,138.429993,133.600006,137.789993,123.063194,14069600
2021-04-05,139.039993,140.500000,138.229996,140.330002,125.331718,12562800
2021-04-06,139.850006,140.229996,137.639999,138.059998,123.304367,9100000
2021-04-07,138.330002,139.949997,137.399994,139.429993,124.527893,6958500
2021-04-08,140.000000,140.369995,138.809998,140.339996,125.340660,7304900
2021-04-09,139.899994,140.679993,138.880005,140.570007,125.546097,6033200
2021-04-12,138.860001,139.889999,136.050003,137.440002,122.750626,10355500
2021-04-13,138.380005,138.770004,135.750000,137.300003,122.625565,9225200
2021-04-14,137.080002,137.839996,133.910004,134.750000,120.348122,9967800
2021-04-15,136.000000,137.990005,135.570007,137.839996,123.107841,11733200
2021-04-16,137.619995,139.009995,136.649994,138.210007,123.438316,6583900
2021-04-19,136.899994,137.050003,134.089996,135.250000,120.794670,8728900
2021-04-20,134.550003,134.779999,132.789993,133.399994,119.142387,7473700
2021-04-21,132.820007,136.369995,132.500000,136.190002,121.634239,7237900
2021-04-22,135.369995,135.960007,132.470001,132.970001,118.758339,8345100
2021-04-23,133.740005,136.110001,133.539993,135.429993,120.955437,7666600
2021-04-26,135.330002,139.690002,135.119995,138.960007,124.108147,9715400
2021-04-27,138.710007,139.380005,136.979996,138.009995,123.259705,9284500
2021-04-28,138.169998,138.270004,135.750000,136.570007,121.973579,13118100
2021-04-29,145.009995,145.300003,140.669998,142.679993,127.430534,20502100
2021-04-30,141.070007,142.089996,138.259995,138.800003,123.965256,11374600
2021-05-03,139.699997,139.759995,136.869995,137.429993,122.741653,7920300
2021-05-04,136.000000,136.000000,132.419998,134.119995,119.785454,11996300
2021-05-05,136.080002,136.449997,134.110001,134.649994,120.258789,6285500
2021-05-06,134.490005,136.539993,133.100006,136.000000,121.464500,8352500
2021-05-07,136.940002,138.690002,136.289993,137.850006,123.116768,6893700
2021-05-10,136.020004,136.679993,128.820007,128.940002,115.159073,19537200
2021-05-11,125.250000,128.559998,124.769997,128.369995,114.649994,11948000
2021-05-12,126.029999,127.129997,123.680000,124.620003,111.300804,13529600
2021-05-13,127.120003,128.479996,125.870003,127.110001,113.524666,10633000
2021-05-14,128.630005,131.419998,127.809998,130.149994,116.239746,9391100
2021-05-17,129.289993,129.830002,127.709999,129.800003,115.927155,5917400
2021-05-18,130.639999,131.240005,128.789993,128.910004,115.132294,8651100
2021-05-19,127.190002,130.830002,126.449997,130.660004,116.695251,8112900
2021-05-20,131.529999,133.279999,131.460007,132.639999,118.463631,9208400
2021-05-21,132.139999,132.690002,130.490005,131.460007,117.409752,8674000
2021-05-24,131.330002,134.000000,131.330002,132.910004,118.704773,8229300
2021-05-25,133.539993,134.300003,132.800003,133.750000,119.454971,7271400
2021-05-26,133.869995,134.520004,132.220001,133.089996,118.865532,6663300
2021-05-27,132.729996,134.639999,132.710007,133.639999,119.356750,7379300
2021-05-28,134.149994,135.639999,133.949997,134.539993,120.160530,7042200
2021-06-01,135.100006,136.070007,133.529999,133.940002,119.624672,7059600
2021-06-02,133.179993,134.729996,132.470001,133.820007,120.127388,6026000
2021-06-03,132.649994,133.389999,131.419998,131.779999,118.296104,6644000
2021-06-04,132.529999,135.050003,132.199997,134.339996,120.594177,7416700
2021-06-07,133.699997,133.770004,132.639999,133.320007,119.678558,5563300
2021-06-08,134.059998,135.389999,133.000000,134.199997,120.468513,9657900
2021-06-09,135.100006,135.350006,132.789993,132.889999,119.292549,6717200
2021-06-10,133.050003,135.100006,132.580002,134.220001,120.486450,5522300
2021-06-11,133.800003,134.649994,133.649994,134.619995,120.845520,6529900
2021-06-14,135.199997,137.309998,134.789993,137.309998,123.260277,7912600
2021-06-15,137.139999,137.380005,135.229996,135.580002,121.707291,5723600
2021-06-16,136.470001,137.050003,133.660004,134.949997,121.141769,7404700
2021-06-17,134.309998,136.619995,134.089996,135.350006,121.500816,6618300
2021-06-18,134.550003,134.580002,132.240005,133.000000,119.391296,12753600
2021-06-21,133.050003,135.100006,132.660004,133.960007,120.253067,6371400
2021-06-22,134.220001,135.309998,133.289993,135.080002,121.258484,5976400
2021-06-23,134.889999,136.229996,134.809998,135.520004,121.653442,6613800
2021-06-24,136.619995,138.509995,136.350006,137.919998,123.807854,7941700
2021-06-25,138.449997,139.470001,136.970001,137.649994,123.565468,7949200
2021-06-28,138.229996,140.169998,137.979996,139.720001,125.423676,6645500
2021-06-29,139.630005,142.949997,139.250000,142.619995,128.026932,6885400
2021-06-30,142.350006,143.630005,141.839996,142.929993,128.305222,6449700
2021-07-01,142.910004,143.020004,140.350006,140.800003,126.393181,6094100
2021-07-02,141.990005,142.679993,141.250000,142.580002,127.991051,5399100
2021-07-06,143.000000,143.179993,139.679993,141.190002,126.743271,7095200
2021-07-07,142.240005,142.360001,139.059998,139.970001,125.648132,5034900
2021-07-08,137.720001,138.869995,135.600006,138.289993,124.139977,7501100
2021-07-09,137.889999,141.729996,137.809998,141.429993,126.958733,7356800
2021-07-12,141.399994,143.020004,141.199997,142.470001,127.892311,6786500
2021-07-13,142.440002,142.660004,140.419998,141.179993,126.734268,5657600
2021-07-14,143.500000,146.339996,142.500000,143.750000,129.041336,11305700
2021-07-15,144.119995,144.139999,140.720001,141.460007,126.985672,6667400
2021-07-16,141.869995,142.509995,139.529999,139.710007,125.414680,5914300
2021-07-19,138.320007,138.899994,136.809998,138.789993,124.588852,9371300
2021-07-20,139.020004,140.419998,137.199997,139.550003,125.271088,6020400
2021-07-21,139.649994,142.220001,139.649994,142.169998,127.622993,6161900
2021-07-22,142.000000,142.850006,141.500000,142.440002,127.865372,3862600
2021-07-23,143.449997,144.990005,142.029999,144.880005,130.055710,6310400
2021-07-26,143.949997,144.380005,142.240005,143.500000,128.816910,6253900
2021-07-27,142.490005,143.000000,138.210007,140.929993,126.509850,7575800
2021-07-28,141.270004,142.910004,140.139999,142.440002,127.865372,9303400
2021-07-29,146.500000,151.520004,146.410004,150.990005,135.540527,19446900
2021-07-30,149.199997,150.410004,148.360001,149.800003,134.472321,8404800
2021-08-02,150.000000,152.279999,148.210007,148.860001,133.628464,10823800
2021-08-03,148.910004,149.580002,146.559998,147.949997,132.811584,6223400
2021-08-04,148.020004,149.199997,147.330002,148.220001,133.053940,5556400
2021-08-05,147.240005,147.470001,144.570007,146.830002,131.806183,7169200
2021-08-06,146.130005,148.229996,145.919998,146.279999,131.312439,5733300
2021-08-09,146.789993,147.720001,145.750000,146.919998,131.886978,4966600
2021-08-10,147.320007,147.500000,142.399994,145.869995,130.944412,4197100
2021-08-11,146.059998,146.789993,144.399994,146.679993,131.671539,6216000
2021-08-12,147.759995,148.000000,146.389999,147.149994,132.093460,5777700
2021-08-13,147.000000,149.309998,146.929993,148.639999,133.430969,5764000
2021-08-16,148.399994,149.080002,146.720001,148.130005,132.973129,4410800
2021-08-17,146.949997,147.000000,143.570007,144.410004,129.633789,7256800
2021-08-18,143.839996,144.660004,141.979996,142.179993,127.631981,6546500
2021-08-19,140.649994,141.449997,138.960007,140.610001,126.222633,8661000
2021-08-20,140.610001,142.259995,140.300003,142.089996,127.551208,6141000
2021-08-23,142.649994,144.610001,142.350006,144.139999,129.391449,6936900
2021-08-24,144.589996,145.589996,143.839996,144.460007,129.678696,7066800
2021-08-25,144.460007,145.429993,143.470001,143.869995,129.149048,5721600
2021-08-26,143.190002,143.759995,141.619995,142.380005,127.811554,6825100
2021-08-27,142.199997,144.949997,141.919998,144.850006,130.028793,6274500
2021-08-30,145.589996,147.860001,145.559998,145.940002,131.007248,5263600
2021-08-31,146.800003,147.529999,144.559998,146.690002,131.680496,7820500
2021-09-01,146.839996,148.100006,146.220001,146.449997,132.077347,6451400
2021-09-02,146.699997,146.889999,144.509995,145.119995,130.877853,6006700
2021-09-03,145.119995,145.990005,144.229996,144.630005,130.435944,5505800
2021-09-07,144.679993,144.759995,143.119995,143.750000,129.642303,6361200
2021-09-08,143.360001,143.619995,141.490005,142.520004,128.533020,5981300
2021-09-09,142.470001,143.539993,141.449997,141.580002,127.685265,6190800
2021-09-10,143.130005,146.000000,142.539993,142.679993,128.677307,6263300
2021-09-13,144.020004,144.729996,142.029999,143.410004,129.335663,4312800
2021-09-14,144.470001,144.809998,140.619995,141.139999,127.288475,6442100
2021-09-15,140.809998,141.000000,137.520004,138.240005,124.673050,11289100
2021-09-16,137.320007,138.960007,137.320007,138.399994,124.817345,6719900
2021-09-17,137.809998,138.000000,133.139999,133.600006,120.488441,14550500
2021-09-20,131.470001,133.119995,130.610001,132.759995,119.730865,9647100
2021-09-21,133.589996,133.910004,131.279999,131.750000,118.820007,6175300
2021-09-22,132.589996,133.490005,131.979996,133.009995,119.956337,5163000
2021-09-23,133.750000,135.160004,133.220001,133.910004,120.768021,5918900
2021-09-24,133.110001,134.550003,132.800003,133.880005,120.740959,4554600
2021-09-27,132.429993,134.039993,132.020004,133.479996,120.380211,4319500
2021-09-28,131.750000,132.740005,129.699997,129.899994,117.151535,8851700
2021-09-29,130.589996,131.449997,128.889999,129.279999,116.592407,7037200
2021-09-30,130.350006,131.080002,128.699997,128.979996,116.321838,6976800
2021-10-01,129.800003,130.020004,126.470001,128.710007,116.078346,6863700
2021-10-04,128.919998,129.789993,125.919998,126.680000,114.247551,8470300
2021-10-05,126.129997,128.770004,125.690002,127.529999,115.014153,9244300
2021-10-06,126.550003,128.270004,126.070000,128.059998,115.492134,8513700
2021-10-07,129.259995,130.720001,127.589996,127.839996,115.293716,8010600
2021-10-08,128.589996,128.589996,126.209999,126.550003,114.130310,6920500
2021-10-11,126.059998,127.230003,124.879997,124.940002,112.678329,6288200
2021-10-12,125.379997,125.470001,122.169998,122.949997,110.883629,10531500
2021-10-13,125.199997,126.320000,123.519997,125.040001,112.768524,12373800
2021-10-14,126.160004,129.300003,125.989998,128.660004,116.033241,10637900
2021-10-15,129.020004,130.479996,128.679993,130.199997,117.422089,7609700
2021-10-18,129.320007,130.270004,128.240005,130.119995,117.349953,5290000
2021-10-19,131.020004,132.800003,130.320007,132.500000,119.496391,7330700
2021-10-20,132.500000,133.009995,131.259995,132.160004,119.189751,4804100
2021-10-21,132.000000,133.259995,131.399994,133.050003,119.992393,4579200
2021-10-22,132.899994,133.690002,131.429993,131.619995,118.702736,5216200
2021-10-25,131.820007,133.169998,131.300003,131.929993,118.982338,4876300
2021-10-26,132.899994,133.789993,131.070007,131.940002,118.991379,5802200
2021-10-27,131.940002,132.360001,130.509995,131.199997,118.323990,5090400
2021-10-28,131.990005,133.830002,131.869995,133.690002,120.569588,5016700
2021-10-29,132.860001,133.679993,132.449997,133.039993,119.983376,5251100
2021-11-01,132.440002,134.869995,132.440002,134.809998,121.579659,6903000
2021-11-02,134.550003,135.729996,134.119995,135.229996,121.958458,7321900
2021-11-03,135.750000,138.850006,135.039993,138.479996,124.889503,13216000
2021-11-04,156.320007,159.580002,153.300003,156.110001,140.789291,48321500
2021-11-05,157.070007,168.550003,155.910004,163.029999,147.030182,27226600
2021-11-08,163.210007,167.710007,161.279999,165.850006,149.573410,14541400
2021-11-09,166.509995,169.520004,164.380005,166.740005,150.376068,12353900
2021-11-10,165.089996,166.119995,159.029999,159.800003,144.117126,11327100
2021-11-11,161.800003,165.559998,161.389999,164.419998,148.283737,7624200
2021-11-12,165.000000,166.020004,164.330002,164.940002,148.752731,7371000
2021-11-15,166.500000,169.940002,165.809998,168.509995,151.972351,12350200
2021-11-16,168.110001,183.729996,167.059998,181.809998,163.967102,33338200
2021-11-17,180.789993,186.330002,178.630005,183.539993,165.527298,21678900
2021-11-18,185.240005,188.720001,182.750000,186.320007,168.034485,15542600
2021-11-19,184.690002,186.600006,182.300003,185.000000,166.844009,11889100
2021-11-22,181.110001,188.770004,180.979996,181.399994,163.597290,16062800
2021-11-23,180.339996,181.330002,177.020004,180.940002,163.182495,10696200
2021-11-24,179.520004,180.779999,177.330002,180.710007,162.975021,7886200
2021-11-26,175.669998,180.250000,175.059998,175.740005,158.492798,7835900
2021-11-29,179.479996,184.070007,179.000000,183.740005,165.707672,10440500
2021-11-30,183.220001,186.809998,180.339996,180.559998,162.839783,19309200
2021-12-01,180.889999,183.149994,175.320007,175.630005,158.992371,10637700
2021-12-02,172.089996,177.889999,171.210007,177.029999,160.259766,13101400
2021-12-03,178.039993,180.270004,173.710007,176.509995,159.788986,12111800
2021-12-06,176.880005,176.979996,172.270004,175.449997,158.829422,8577500
2021-12-07,179.070007,184.779999,178.500000,183.720001,166.315994,9910100
2021-12-08,183.009995,183.720001,180.779999,182.630005,165.329269,4799400
2021-12-09,181.770004,187.839996,181.509995,182.259995,164.994324,9398900
2021-12-10,185.550003,185.550003,181.149994,183.880005,166.460846,6854800
2021-12-13,186.850006,191.300003,183.110001,183.320007,165.953934,16346800
2021-12-14,181.199997,183.899994,179.410004,181.979996,164.740799,8542800
2021-12-15,183.970001,189.779999,179.979996,189.279999,171.349274,11082000
2021-12-16,190.300003,192.679993,176.110001,178.149994,161.273636,14873000
2021-12-17,175.729996,180.119995,175.020004,176.800003,160.051544,16232300
2021-12-20,174.289993,177.080002,173.460007,176.669998,159.933823,6306400
2021-12-21,179.380005,180.149994,174.220001,179.580002,162.568161,7702400
2021-12-22,179.000000,181.520004,177.630005,181.380005,164.197662,5227200
2021-12-23,181.529999,183.710007,181.380005,182.740005,165.428833,4918900
2021-12-27,183.210007,186.410004,183.020004,186.330002,168.678757,4865900
2021-12-28,186.589996,186.729996,183.490005,184.820007,167.311829,5399400
2021-12-29,184.679993,187.389999,184.559998,186.199997,168.561050,5417200
2021-12-30,185.880005,186.520004,182.309998,182.729996,165.419769,4108400
2021-12-31,183.309998,185.149994,182.600006,182.869995,165.546494,4113300
2022-01-03,182.910004,186.880005,182.240005,186.210007,168.570114,5990200
2022-01-04,187.000000,188.929993,181.009995,187.229996,169.493500,8484200
2022-01-05,186.500000,193.580002,184.729996,186.500000,168.832642,17141200
2022-01-06,184.520004,188.470001,183.000000,185.949997,168.334732,9117700
2022-01-07,186.600006,188.360001,180.119995,180.410004,163.319534,7386200
2022-01-10,178.270004,180.000000,173.759995,179.679993,162.658707,11159300
2022-01-11,179.190002,185.649994,177.220001,185.399994,167.836853,9591000
2022-01-12,186.600006,189.460007,185.190002,186.419998,168.760208,7317500
2022-01-13,188.699997,191.580002,183.289993,183.889999,166.469849,10190900
2022-01-14,182.800003,190.089996,182.009995,188.690002,170.815186,9587300
2022-01-18,185.869995,186.000000,178.270004,178.860001,161.916397,10471200
2022-01-19,180.570007,181.210007,172.270004,172.470001,156.131699,10082700
2022-01-20,174.529999,174.990005,166.289993,166.500000,150.727234,9468500
2022-01-21,166.240005,172.039993,164.570007,164.929993,149.305954,11898700
2022-01-24,162.179993,170.820007,158.600006,170.070007,153.959091,17489100
2022-01-25,166.169998,170.320007,161.199997,165.449997,149.776703,10708500
2022-01-26,168.580002,174.550003,163.899994,167.000000,151.179901,10492200
2022-01-27,169.309998,171.449997,160.610001,161.199997,145.929321,10743000
2022-01-28,162.009995,166.940002,157.380005,166.809998,151.007889,10320800
2022-01-31,167.059998,175.949997,165.800003,175.759995,159.110046,11273500
2022-02-01,176.440002,177.429993,173.110001,177.130005,160.350281,9724600
2022-02-02,180.940002,188.639999,180.259995,188.199997,170.371582,25646300
2022-02-03,180.800003,192.100006,177.289993,179.100006,162.133652,36120200
2022-02-04,178.990005,182.410004,176.809998,179.470001,162.468613,15708400
2022-02-07,179.669998,180.649994,174.440002,175.089996,158.503510,10376300
2022-02-08,174.309998,179.289993,173.979996,178.589996,161.671982,10163900
2022-02-09,181.399994,184.000000,178.949997,183.949997,166.524200,9666900
2022-02-10,179.399994,181.990005,173.449997,174.070007,157.580139,14362200
2022-02-11,174.699997,175.479996,163.550003,164.639999,149.043457,13572000
2022-02-14,165.350006,167.850006,162.479996,165.130005,149.487045,8381700
2022-02-15,169.000000,173.960007,168.250000,173.000000,156.611511,11100000
2022-02-16,170.679993,173.210007,168.259995,172.600006,156.249420,8340600
2022-02-17,169.880005,170.770004,166.699997,166.800003,150.998825,8878900
2022-02-18,167.470001,170.449997,164.240005,167.639999,151.759293,9591700
2022-02-22,164.059998,169.960007,163.600006,165.889999,150.175018,9835500
2022-02-23,166.649994,169.160004,161.320007,161.619995,146.309540,9749000
2022-02-24,156.889999,168.360001,155.789993,167.979996,152.067047,12567000
2022-02-25,167.610001,171.089996,165.600006,170.929993,154.737564,7350200
2022-02-28,168.300003,172.990005,168.199997,171.990005,155.697189,10638900
2022-03-01,170.960007,171.839996,161.720001,163.690002,148.183487,10723300
2022-03-02,165.250000,170.490005,164.350006,169.250000,153.855881,7299400
2022-03-03,170.669998,170.830002,164.500000,165.350006,150.310608,8553900
2022-03-04,163.850006,166.070007,159.889999,162.259995,147.501678,9057300
2022-03-07,162.320007,163.160004,150.000000,150.100006,136.447678,13416100
2022-03-08,150.660004,158.339996,147.880005,150.759995,137.047653,11878400
2022-03-09,156.009995,158.479996,154.169998,157.110001,142.820099,9276800
2022-03-10,154.039993,155.300003,150.330002,154.710007,140.638367,8888800
2022-03-11,157.949997,158.320007,152.020004,152.339996,138.483948,7394400
2022-03-14,150.800003,151.289993,140.470001,141.289993,128.438995,16154200
2022-03-15,142.500000,144.429993,139.050003,144.210007,131.093384,13893000
2022-03-16,146.970001,151.559998,143.570007,150.449997,136.765884,11727700
2022-03-17,149.190002,152.940002,146.580002,152.830002,138.929367,8602900
2022-03-18,152.520004,156.029999,149.009995,153.990005,139.983887,18454200
2022-03-21,153.990005,157.710007,152.809998,155.589996,141.438370,8986400
2022-03-22,155.449997,159.940002,154.770004,157.610001,143.274628,7220500
2022-03-23,156.110001,157.210007,152.580002,152.869995,138.965744,7245600
2022-03-24,154.300003,158.559998,153.589996,158.460007,144.047287,9261000
2022-03-25,157.970001,158.460007,155.179993,157.970001,143.601837,7198700
2022-03-28,156.500000,158.500000,154.050003,158.449997,144.038177,9470800
2022-03-29,161.210007,161.300003,156.649994,161.070007,146.419922,10212400
2022-03-30,159.389999,160.270004,151.789993,152.729996,138.838470,14777800
2022-03-31,152.889999,155.139999,151.029999,152.820007,138.920273,13364200
2022-04-01,151.940002,152.869995,142.559998,146.990005,133.620575,19762100
2022-04-04,147.740005,154.130005,146.660004,153.809998,139.820251,12116000
2022-04-05,151.809998,152.009995,145.270004,145.460007,132.229721,15946100
2022-04-06,142.899994,143.000000,137.460007,139.279999,126.611809,21054200
2022-04-07,139.789993,141.490005,136.919998,139.220001,126.557236,10201200
2022-04-08,138.539993,139.960007,136.360001,136.690002,124.257370,12992500
2022-04-11,134.289993,137.610001,133.690002,135.360001,123.048355,11210400
2022-04-12,137.919998,140.160004,135.500000,136.089996,123.711975,10591300
2022-04-13,137.539993,142.589996,136.479996,140.500000,127.720856,10440800
2022-04-14,141.050003,141.559998,136.679993,136.910004,124.457397,8002600
2022-04-18,135.619995,140.350006,135.559998,139.320007,126.648163,8785700
2022-04-19,138.830002,141.399994,137.539993,141.050003,128.220779,7213800
2022-04-20,143.210007,144.809998,140.059998,140.339996,127.575417,7731600
2022-04-21,142.339996,143.639999,135.259995,136.110001,123.730133,8576500
2022-04-22,136.130005,137.330002,132.649994,132.809998,120.730293,8315100
2022-04-25,131.320007,136.809998,130.910004,136.559998,124.139214,9673200
2022-04-26,135.020004,136.350006,132.630005,133.500000,121.357513,9262800
2022-04-27,130.820007,138.110001,130.660004,135.100006,122.811996,13855900
2022-04-28,142.869995,151.199997,139.130005,148.190002,134.711395,31111100
2022-04-29,145.809998,147.500000,139.520004,139.690002,126.984505,13693100
2022-05-02,140.600006,145.660004,139.160004,145.270004,132.057037,13320900
2022-05-03,144.710007,145.690002,142.759995,144.259995,131.138855,7556800
2022-05-04,144.580002,149.500000,140.350006,149.050003,135.493225,11038100
2022-05-05,146.979996,146.979996,139.179993,141.639999,128.757172,14561400
2022-05-06,141.250000,144.100006,137.880005,140.580002,127.793587,10080600
2022-05-09,137.990005,140.110001,134.059998,134.919998,122.648369,11668100
2022-05-10,139.500000,139.800003,134.630005,136.809998,124.366447,8841200
2022-05-11,135.029999,138.289993,131.889999,132.300003,120.266670,11530900
2022-05-12,131.000000,133.059998,127.820000,131.770004,119.784889,10749800
2022-05-13,134.289993,135.990005,132.500000,134.929993,122.657471,9280700
2022-05-16,133.979996,135.979996,132.000000,133.910004,121.730240,6378800
2022-05-17,137.250000,140.000000,136.699997,139.690002,126.984505,9094100
2022-05-18,136.830002,137.279999,129.880005,130.449997,118.584953,11992700
2022-05-19,130.449997,133.389999,129.479996,130.570007,118.694046,8419500
2022-05-20,132.880005,133.289993,125.860001,131.600006,119.630363,11370100
2022-05-23,129.949997,132.429993,128.149994,132.119995,120.103050,10023400
2022-05-24,130.339996,130.339996,126.050003,128.529999,116.839577,9157100
2022-05-25,127.800003,132.070007,127.250000,131.229996,119.294014,9766000
2022-05-26,130.009995,136.000000,129.860001,134.839996,122.575653,7932800
2022-05-27,136.100006,140.139999,136.100006,139.759995,127.048149,9180800
2022-05-31,139.500000,143.970001,137.440002,143.220001,130.193451,16007300
2022-06-01,142.550003,143.910004,138.169998,140.020004,127.954582,8514300
2022-06-02,140.259995,146.250000,139.699997,146.199997,133.602036,9589500
2022-06-03,142.179993,143.440002,140.610001,141.220001,129.051163,7458900
2022-06-06,144.949997,144.970001,139.919998,140.440002,128.338364,7238700
2022-06-07,139.130005,142.149994,138.490005,141.889999,129.663452,6062800
2022-06-08,140.750000,141.759995,137.449997,138.960007,126.985909,6773000
2022-06-09,137.770004,140.440002,136.690002,136.710007,124.929787,7153200
2022-06-10,134.750000,136.059998,132.419998,133.199997,121.722237,8544700
2022-06-13,130.589996,131.350006,126.599998,128.660004,117.573448,12320900
2022-06-14,130.210007,131.929993,128.820007,130.259995,119.035591,6794700
2022-06-15,131.669998,133.279999,128.210007,131.029999,119.739227,7860000
2022-06-16,126.260002,126.650002,119.029999,120.820000,110.409012,16422800
2022-06-17,121.419998,122.830002,118.360001,120.989998,110.564369,17273400
2022-06-21,123.769997,126.120003,123.720001,124.389999,113.671379,9208500
2022-06-22,121.800003,123.660004,120.360001,122.160004,111.633553,9081000
2022-06-23,122.750000,122.930000,118.230003,120.089996,109.741928,7908900
2022-06-24,122.379997,125.370003,121.760002,125.099998,114.320206,8128000
2022-06-27,126.199997,130.039993,125.440002,127.180000,116.220985,9947300
2022-06-28,129.779999,136.449997,126.599998,131.600006,120.260109,27081900
2022-06-29,130.080002,131.570007,126.900002,130.229996,119.008163,9973300
2022-06-30,127.610001,130.089996,125.330002,127.739998,116.732727,9277900
2022-07-01,125.750000,126.760002,122.099998,123.529999,112.885498,7672800
2022-07-05,121.099998,126.169998,120.360001,125.830002,114.987312,8113100
2022-07-06,126.059998,128.229996,125.059998,127.059998,116.111313,6038400
2022-07-07,130.649994,134.710007,130.259995,134.399994,122.818840,9408100
2022-07-08,132.520004,136.389999,131.619995,136.009995,124.290092,8393200
2022-07-11,133.589996,134.600006,131.320007,132.240005,120.844963,5887200
2022-07-12,133.740005,135.350006,131.960007,132.949997,121.493759,5991300
2022-07-13,130.550003,136.779999,130.520004,135.639999,123.951988,7200200
2022-07-14,134.940002,142.350006,133.850006,141.899994,129.672546,10718700
2022-07-15,143.759995,145.479996,142.029999,144.369995,131.929733,11880500
2022-07-18,145.970001,146.429993,140.820007,141.690002,129.480637,7856600
2022-07-19,144.139999,148.470001,143.179993,147.369995,134.671219,9686500
2022-07-20,147.429993,152.330002,146.619995,151.710007,138.637253,8517400
2022-07-21,152.880005,155.919998,150.630005,155.860001,142.429642,8060400
2022-07-22,155.660004,156.660004,152.350006,153.699997,140.455780,7200100
2022-07-25,152.800003,154.039993,151.669998,153.250000,140.044571,4928900
2022-07-26,152.619995,152.699997,149.809998,149.970001,137.047180,5941800
2022-07-27,151.529999,154.800003,150.550003,153.419998,140.199875,12863000
2022-07-28,149.779999,149.990005,143.000000,146.449997,133.830521,17051000
2022-07-29,144.600006,145.309998,140.669998,145.059998,132.560257,11749400
2022-08-01,144.309998,149.460007,144.070007,147.429993,134.726028,7611400
2022-08-02,145.690002,149.399994,144.839996,147.029999,134.360519,5946400
2022-08-03,147.660004,150.339996,146.589996,149.160004,136.306992,6890200
2022-08-04,148.679993,151.160004,147.710007,151.009995,137.997559,6254700
2022-08-05,148.570007,151.279999,147.669998,150.210007,137.266495,5041300
2022-08-08,149.809998,151.190002,146.550003,147.809998,135.073303,5553300
2022-08-09,145.589996,146.500000,141.309998,142.509995,130.229980,6770800
2022-08-10,145.850006,147.179993,143.690002,146.990005,134.323990,6840000
2022-08-11,148.309998,151.639999,147.020004,147.830002,135.091568,6243200
2022-08-12,148.000000,151.470001,147.179993,151.289993,138.253448,4967500
2022-08-15,150.320007,152.699997,148.399994,152.130005,139.021057,4502900
2022-08-16,151.449997,152.490005,148.850006,150.029999,137.101974,5270800
2022-08-17,148.229996,149.630005,146.360001,148.529999,135.731232,5169600
2022-08-18,148.070007,152.910004,147.759995,151.380005,138.335693,7808200
2022-08-19,149.289993,150.380005,146.899994,147.600006,134.881424,5400300
2022-08-22,145.300003,145.809998,141.100006,141.610001,129.407547,6736800
2022-08-23,142.089996,143.610001,140.559998,140.720001,128.594269,4499300
2022-08-24,140.250000,141.710007,138.610001,141.309998,129.133392,5113100
2022-08-25,142.339996,147.000000,142.020004,146.250000,133.647720,5618800
2022-08-26,146.160004,147.360001,138.050003,138.380005,126.455894,7918600
2022-08-29,137.809998,139.130005,136.110001,137.080002,125.267899,6852300
2022-08-30,137.800003,138.300003,132.940002,134.410004,122.827995,6147400
2022-08-31,133.789993,134.169998,131.300003,132.270004,121.550636,8701100
2022-09-01,129.979996,130.130005,126.080002,129.919998,119.391083,8716300
2022-09-02,131.639999,132.669998,127.559998,128.479996,118.067772,6121400
2022-09-06,128.839996,129.520004,126.209999,126.669998,116.404449,6674200
2022-09-07,127.470001,129.779999,126.370003,128.600006,118.178055,5340100
2022-09-08,127.470001,129.800003,125.900002,128.850006,118.407806,6618800
2022-09-09,130.679993,132.610001,130.309998,132.050003,121.348450,5097300
2022-09-12,133.000000,134.220001,132.320007,133.000000,122.221466,7081300
2022-09-13,128.380005,129.899994,124.489998,124.930000,114.805458,9610900
2022-09-14,126.269997,127.900002,125.500000,127.529999,117.194756,7509300
2022-09-15,126.699997,128.080002,124.230003,124.980003,114.851425,7459600
2022-09-16,124.120003,125.739998,123.050003,124.949997,114.823837,13818500
2022-09-19,123.620003,127.180000,123.410004,126.650002,116.386086,5922700
2022-09-20,125.739998,126.550003,123.889999,124.769997,114.658432,5672700
2022-09-21,125.440002,129.789993,124.500000,124.620003,114.520592,8123700
2022-09-22,124.750000,125.160004,122.470001,123.680000,113.656784,8753000
2022-09-23,122.339996,122.680000,119.050003,121.190002,111.368584,10681300
2022-09-26,121.540001,123.180000,119.589996,119.739998,110.036064,6424600
2022-09-27,121.559998,122.680000,118.750000,120.339996,110.587448,5544400
2022-09-28,118.580002,120.449997,117.779999,118.930000,109.291725,11321200
2022-09-29,117.279999,117.470001,113.459999,114.839996,105.533165,12125800
2022-09-30,113.760002,116.279999,112.919998,112.980003,103.823914,7568100
2022-10-03,114.989998,118.320000,113.669998,117.220001,107.720306,7481700
2022-10-04,120.400002,122.449997,120.320000,122.370003,112.452942,6637200
2022-10-05,120.879997,125.559998,120.529999,124.889999,114.768700,7070300
2022-10-06,124.510002,127.209999,124.400002,125.279999,115.127113,6238600
2022-10-07,122.620003,124.110001,120.320000,120.910004,111.111252,8618500
2022-10-10,120.589996,121.040001,113.449997,114.599998,105.312622,9512600
2022-10-11,112.000000,112.489998,108.650002,110.029999,101.112976,10758800
2022-10-12,110.320000,110.800003,108.379997,108.639999,99.835655,6987900
2022-10-13,105.379997,115.199997,104.660004,112.860001,103.713638,10455000
2022-10-14,114.629997,114.989998,109.790001,109.949997,101.039459,7989800
2022-10-17,113.919998,114.480003,110.610001,111.589996,102.546570,7886400
2022-10-18,114.949997,116.089996,109.540001,111.209999,102.197365,8908900
2022-10-19,110.860001,113.669998,110.750000,112.849998,103.704445,5620200
2022-10-20,113.169998,116.089996,111.720001,111.980003,102.904968,7736400
2022-10-21,111.750000,115.989998,111.019997,115.739998,106.360245,7490100
2022-10-24,116.339996,117.019997,114.239998,116.379997,106.948372,6525700
2022-10-25,116.570000,119.940002,116.230003,119.169998,109.512268,6205100
2022-10-26,118.040001,120.739998,116.160004,118.110001,108.538162,7342300
2022-10-27,119.320000,120.599998,114.379997,114.699997,105.404526,8937200
2022-10-28,114.169998,119.449997,112.330002,119.209999,109.549019,9418700
2022-10-31,118.129997,118.379997,115.400002,117.660004,108.124657,6870800
2022-11-01,119.739998,120.629997,116.750000,117.330002,107.821396,5749100
2022-11-02,118.709999,118.790001,112.250000,112.500000,103.382805,13936300
2022-11-03,104.379997,106.500000,101.930000,103.879997,95.461388,24706100
2022-11-04,106.610001,107.500000,104.330002,106.690002,98.043678,11977900
2022-11-07,107.480003,110.279999,106.260002,110.089996,101.168144,7570800
2022-11-08,111.570000,114.889999,109.919998,112.540001,103.419579,9383600
2022-11-09,111.459999,113.510002,110.269997,110.430000,101.480568,9581300
2022-11-10,115.910004,121.000000,114.529999,120.680000,110.899902,11673200
2022-11-11,118.989998,122.160004,118.989998,121.430000,111.589111,9433800
2022-11-14,120.739998,123.209999,120.260002,120.800003,111.010178,6971000
2022-11-15,125.650002,128.130005,123.419998,126.019997,115.807137,12470200
2022-11-16,123.199997,123.839996,119.959999,120.730003,110.945847,9561700
2022-11-17,118.949997,123.120003,118.709999,122.860001,112.903221,7273700
2022-11-18,124.040001,124.489998,122.129997,123.849998,113.812981,6436600
2022-11-21,121.089996,122.500000,120.099998,120.199997,110.458786,8204200
2022-11-22,120.839996,123.790001,120.029999,123.650002,113.629196,7010200
2022-11-23,123.540001,127.040001,123.290001,125.150002,115.007637,5481500
2022-11-25,124.860001,125.360001,123.400002,123.449997,113.445404,3153800
2022-11-28,122.160004,123.449997,118.849998,119.540001,109.852295,7087500
2022-11-29,120.139999,121.370003,118.320000,118.379997,108.786278,6277600
2022-11-30,118.750000,126.599998,118.070000,126.489998,116.980179,12776700
2022-12-01,126.720001,128.199997,125.680000,126.809998,117.276108,7924800
2022-12-02,123.709999,125.820000,123.120003,125.660004,116.212578,6122200
2022-12-05,124.580002,125.470001,122.430000,123.300003,114.030014,6091600
2022-12-06,122.820000,123.000000,118.570000,119.779999,110.774651,5968000
2022-12-07,118.500000,120.320000,117.760002,118.209999,109.322685,5427100
2022-12-08,118.980003,122.349998,118.180000,121.750000,112.596550,7347600
2022-12-09,120.410004,121.400002,118.849998,119.050003,110.099525,6036000
2022-12-12,116.059998,121.250000,116.059998,121.209999,112.097145,9008400
2022-12-13,126.980003,127.949997,121.820000,123.489998,114.205727,9712700
2022-12-14,124.230003,126.580002,120.099998,121.709999,112.559547,9444100
2022-12-15,120.250000,120.519997,116.080002,116.639999,107.870720,10207800
2022-12-16,116.080002,116.660004,113.349998,114.529999,105.919365,12733900
2022-12-19,114.010002,115.160004,111.510002,112.610001,104.143715,7720200
2022-12-20,111.400002,112.779999,111.099998,112.099998,103.672028,6260200
2022-12-21,112.760002,114.959999,112.690002,114.589996,105.974854,5843800
2022-12-22,112.570000,112.589996,107.379997,110.680000,102.358810,12051400
2022-12-23,109.699997,110.919998,108.209999,110.839996,102.506783,5356700
2022-12-27,109.750000,110.690002,108.889999,109.459999,101.230522,6158100
2022-12-28,108.870003,110.269997,106.820000,106.970001,98.927727,5395600
2022-12-29,108.349998,110.660004,108.110001,109.839996,101.581963,6668600
2022-12-30,107.970001,110.059998,107.220001,109.940002,101.674446,5642300
2023-01-03,111.349998,111.739998,107.129997,107.199997,99.140434,8110400
2023-01-04,109.800003,112.230003,108.809998,111.529999,103.144897,7614200
2023-01-05,109.930000,110.919998,109.129997,109.400002,101.175056,7546000
2023-01-06,110.959999,115.980003,110.050003,115.339996,106.668465,10259300
2023-01-09,116.730003,118.849998,113.540001,114.610001,105.993340,10291800
2023-01-10,114.019997,116.970001,113.720001,116.910004,108.120430,6384800
2023-01-11,117.440002,118.500000,115.169998,118.389999,109.489166,7374400
2023-01-12,119.239998,122.379997,117.650002,121.589996,112.448570,9527600
2023-01-13,119.820000,121.419998,119.720001,120.239998,111.200081,8040400
2023-01-17,119.739998,121.320000,119.019997,120.279999,111.237053,6179500
2023-01-18,121.620003,123.989998,121.010002,122.040001,112.864746,10960400
2023-01-19,121.059998,121.099998,117.419998,117.580002,108.740059,8716200
2023-01-20,118.419998,122.959999,117.339996,122.900002,113.660080,8895000
2023-01-23,126.540001,132.059998,125.820000,131.029999,121.178848,13419500
2023-01-24,130.550003,132.970001,130.149994,130.699997,120.873634,7952400
2023-01-25,128.449997,131.539993,127.699997,131.169998,121.308327,6880300
2023-01-26,134.410004,134.850006,131.160004,133.960007,123.888580,7413600
2023-01-27,131.490005,134.889999,131.419998,133.399994,123.370659,6581900
2023-01-30,131.050003,132.399994,130.149994,131.630005,121.733734,9854300
2023-01-31,131.320007,133.639999,131.320007,133.210007,123.194977,7125100
2023-02-01,132.679993,139.940002,132.679993,138.460007,128.050262,10500600
2023-02-02,138.460007,139.160004,134.800003,135.850006,125.636467,17673200
2023-02-03,131.160004,138.399994,128.570007,135.020004,124.868858,13187300
2023-02-06,132.270004,134.880005,131.860001,132.929993,122.935989,6830500
2023-02-07,133.149994,137.380005,132.330002,136.630005,126.357826,7664200
2023-02-08,135.309998,136.279999,131.759995,132.169998,122.233124,7151700
2023-02-09,133.889999,135.229996,129.919998,130.529999,120.716446,5717500
2023-02-10,129.289993,129.940002,127.620003,128.990005,119.292229,5319200
2023-02-13,129.460007,131.429993,128.389999,130.839996,121.003136,5550400
2023-02-14,129.199997,132.880005,128.360001,132.339996,122.390335,5579900
2023-02-15,130.600006,133.330002,130.300003,133.070007,123.065483,3501100
2023-02-16,130.750000,132.589996,129.949997,130.160004,120.374260,5788400
2023-02-17,129.500000,129.809998,126.959999,127.720001,118.117699,6022500
2023-02-21,125.459999,127.620003,123.550003,123.699997,114.399956,8164400
2023-02-22,124.320000,124.970001,122.919998,123.949997,114.631142,5517800
2023-02-23,126.610001,127.230003,123.669998,126.199997,116.711975,6440200
2023-02-24,124.239998,124.709999,123.180000,124.339996,114.991806,7357200
2023-02-27,126.500000,126.599998,123.040001,123.419998,114.140991,7787200
2023-02-28,123.620003,125.099998,122.919998,123.529999,114.242722,6491800
2023-03-01,123.779999,125.470001,122.980003,123.680000,115.080147,5530600
2023-03-02,122.160004,124.260002,120.860001,123.779999,115.173180,5258900
2023-03-03,123.989998,124.209999,121.669998,123.599998,115.005692,7052100
2023-03-06,124.279999,125.169998,122.029999,122.410004,113.898453,7031300
2023-03-07,122.480003,122.500000,118.279999,119.190002,110.902344,8879700
2023-03-08,119.550003,121.750000,119.349998,121.199997,112.772568,7633900
2023-03-09,121.279999,121.919998,116.940002,117.220001,109.069328,8055500
2023-03-10,117.540001,118.230003,114.529999,115.190002,107.180473,6884500
2023-03-13,113.760002,116.239998,113.279999,114.430000,106.473335,7673700
2023-03-14,116.410004,117.059998,113.919998,116.550003,108.445900,8312100
2023-03-15,115.250000,116.180000,113.139999,115.489998,107.459618,8596900
2023-03-16,117.000000,120.830002,115.910004,120.510002,112.130562,11207800
2023-03-17,120.779999,122.870003,119.150002,120.730003,112.335266,12304100
2023-03-20,120.769997,122.019997,119.809998,121.820000,113.349472,5945000
2023-03-21,122.989998,125.070000,122.150002,123.800003,115.191788,6900600
2023-03-22,124.000000,126.239998,121.870003,121.970001,113.489037,7072700
2023-03-23,123.940002,127.000000,122.099998,124.150002,115.517456,7353800
2023-03-24,123.629997,124.930000,122.250000,124.760002,116.085045,6987200
2023-03-27,125.739998,126.059998,123.320000,123.599998,115.005692,4818000
2023-03-28,123.599998,123.680000,120.209999,121.339996,112.902847,5272100
2023-03-29,123.419998,125.959999,123.250000,125.089996,116.392097,6410100
2023-03-30,127.080002,128.190002,126.430000,127.400002,118.541466,8156400
2023-03-31,126.650002,127.970001,126.290001,127.580002,118.708946,6222400
2023-04-03,126.989998,127.570000,123.610001,124.739998,116.066429,6367800
2023-04-04,124.930000,125.220001,121.809998,122.300003,113.796104,6962700
2023-04-05,121.419998,123.220001,121.250000,123.040001,114.484642,6920900
2023-04-06,122.339996,123.849998,121.050003,123.000000,114.447418,5260600
2023-04-10,122.089996,124.580002,121.680000,124.290001,115.647720,5243700
2023-04-11,125.250000,125.250000,123.169998,123.570000,114.977776,5001400
2023-04-12,124.410004,124.500000,120.150002,120.269997,111.907227,5288300
2023-04-13,120.050003,121.660004,119.120003,121.129997,112.707443,6077100
2023-04-14,120.870003,121.919998,118.760002,120.160004,111.804893,4833100
2023-04-17,119.129997,119.839996,118.169998,119.379997,111.079132,6370200
2023-04-18,120.339996,120.800003,117.410004,118.360001,110.130051,4829900
2023-04-19,117.250000,118.690002,116.449997,118.540001,110.297531,4241900
2023-04-20,117.290001,119.900002,117.120003,118.639999,110.390594,5125000
2023-04-21,117.870003,118.190002,116.550003,117.760002,109.571785,4980700
2023-04-24,117.820000,117.830002,116.570000,117.349998,109.190269,4097900
2023-04-25,116.739998,116.839996,113.680000,114.050003,106.119736,7045200
2023-04-26,114.290001,115.099998,113.209999,114.160004,106.222092,4671100
2023-04-27,113.879997,114.309998,112.150002,113.919998,105.998779,6945700
2023-04-28,115.099998,116.900002,113.730003,116.800003,108.678528,8652500
2023-05-01,117.209999,117.580002,115.510002,115.839996,107.785278,6208500
2023-05-02,116.129997,117.059998,114.440002,116.110001,108.036507,7081200
2023-05-03,116.660004,116.820000,112.599998,112.830002,104.984573,11491700
2023-05-04,104.029999,107.120003,103.500000,106.580002,99.169167,22117500
2023-05-05,108.209999,109.269997,105.769997,108.779999,101.216171,10745600
2023-05-08,108.379997,108.830002,106.870003,108.309998,100.778862,6694400
2023-05-09,107.000000,107.430000,105.300003,105.769997,98.415474,7804100
2023-05-10,107.000000,107.480003,105.139999,106.459999,99.057487,7980100
2023-05-11,106.290001,106.510002,103.680000,104.059998,96.824379,10630500
2023-05-12,104.470001,104.739998,102.610001,103.620003,96.414970,7635900
2023-05-15,103.760002,106.400002,102.889999,106.279999,98.890007,7444900
2023-05-16,105.669998,106.480003,103.720001,103.790001,96.573158,7027000
2023-05-17,104.190002,105.449997,103.580002,104.809998,97.522217,9504700
2023-05-18,104.809998,107.120003,104.809998,106.959999,99.522736,9142000
2023-05-19,106.949997,107.120003,105.519997,105.860001,98.499229,5783200
2023-05-22,103.669998,105.870003,103.250000,105.279999,97.959557,7912400
2023-05-23,104.070000,105.639999,103.470001,103.559998,96.359154,7452500
2023-05-24,102.080002,103.139999,101.580002,103.019997,95.856705,8193700
2023-05-25,101.930000,104.110001,101.470001,104.019997,96.787148,11677400
2023-05-26,104.940002,111.279999,104.820000,110.349998,102.677010,15969900
2023-05-30,114.500000,116.690002,112.610001,116.000000,107.934158,18291800
2023-05-31,113.559998,114.000000,111.599998,113.410004,106.257050,14924000
2023-06-01,114.559998,116.559998,112.309998,115.830002,108.524422,8616500
2023-06-02,117.239998,117.400002,114.690002,115.620003,108.327644,7873400
2023-06-05,115.430000,115.919998,112.639999,112.730003,105.619942,7769300
2023-06-06,112.580002,116.790001,112.239998,116.360001,109.020981,7594500
2023-06-07,116.629997,117.160004,114.489998,115.180000,107.915405,7555400
2023-06-08,115.599998,116.639999,114.099998,116.349998,109.011627,5793400
2023-06-09,117.489998,120.849998,117.379997,119.110001,111.597557,13807000
2023-06-12,121.040001,122.309998,119.769997,122.139999,114.436440,9675100
2023-06-13,124.279999,125.400002,122.750000,124.430000,116.582008,8873200
2023-06-14,124.349998,124.430000,121.500000,123.400002,115.616951,7324600
2023-06-15,121.580002,124.690002,121.040001,123.610001,115.813721,8132600
2023-06-16,124.589996,124.980003,122.099998,122.680000,114.942375,12905700
2023-06-20,121.940002,122.370003,118.709999,119.820000,112.262756,8667400
2023-06-21,118.610001,119.019997,115.669998,115.760002,108.458817,7925400
2023-06-22,116.010002,116.680000,114.910004,116.400002,109.058472,7283000
2023-06-23,114.089996,115.279999,113.029999,113.430000,106.275780,11958500
2023-06-26,114.559998,117.610001,114.300003,116.629997,109.273941,9377000
2023-06-27,116.739998,119.940002,115.650002,119.790001,112.234642,7308900
2023-06-28,117.019997,118.099998,116.580002,117.540001,110.126556,6384800
2023-06-29,117.559998,118.150002,116.879997,118.059998,110.613762,5138500
2023-06-30,119.599998,119.860001,118.379997,119.040001,111.531960,6565100
2023-07-03,119.269997,120.480003,118.459999,120.089996,112.515739,2662000
2023-07-05,119.019997,119.050003,117.099998,117.129997,109.742416,6249200
2023-07-06,115.160004,116.199997,113.620003,115.220001,107.952881,7544600
2023-07-07,115.370003,117.730003,114.760002,115.940002,108.627487,6108400
2023-07-10,116.470001,118.279999,116.470001,117.120003,109.733055,6037000
2023-07-11,117.800003,117.870003,114.889999,116.870003,109.498817,5784000
2023-07-12,117.559998,119.230003,117.099998,118.680000,111.194672,8371300
2023-07-13,120.000000,123.419998,119.879997,123.120003,115.354622,9823000
2023-07-14,123.000000,123.180000,121.129997,122.559998,114.829948,7892200
2023-07-17,122.330002,124.459999,120.760002,123.400002,115.616951,6125000
2023-07-18,122.320000,123.230003,121.260002,122.860001,115.111023,7481200
2023-07-19,125.339996,127.099998,124.300003,124.419998,116.572632,8866700
2023-07-20,123.519997,124.599998,120.230003,120.720001,113.106003,9148600
2023-07-21,121.930000,126.660004,121.379997,124.720001,116.853714,23704100
2023-07-24,124.720001,125.599998,123.169998,124.099998,116.272812,5859300
2023-07-25,124.199997,125.980003,124.199997,125.070000,117.181641,5592100
2023-07-26,123.199997,125.239998,122.339996,124.019997,116.197853,5291800
2023-07-27,126.559998,127.769997,124.919998,125.849998,117.912430,7917900
2023-07-28,128.300003,129.919998,127.559998,129.479996,121.313469,11762200
2023-07-31,129.990005,132.970001,129.100006,132.169998,123.833809,11029600
2023-08-01,131.919998,132.389999,130.240005,132.080002,123.749496,7128700
2023-08-02,130.199997,131.580002,128.830002,129.270004,121.116745,13711100
2023-08-03,116.970001,119.110001,114.889999,118.699997,111.213394,29239600
2023-08-04,117.760002,122.000000,117.760002,121.500000,113.836823,12658700
2023-08-07,122.209999,122.739998,117.919998,119.339996,111.813026,7706500
2023-08-08,117.000000,117.879997,115.959999,117.660004,110.238998,8934600
2023-08-09,117.230003,118.110001,116.519997,116.570000,109.217751,5642500
2023-08-10,117.680000,118.389999,115.070000,115.610001,108.318283,6224500
2023-08-11,114.129997,115.459999,113.720001,114.610001,107.381371,5712500
2023-08-14,113.879997,114.519997,112.809998,114.019997,106.828583,8537500
2023-08-15,113.339996,113.510002,111.400002,111.680000,104.636162,6843600
2023-08-16,111.349998,111.919998,110.050003,110.150002,103.202660,6426700
2023-08-17,110.190002,111.129997,109.660004,110.080002,103.137077,6250500
2023-08-18,108.820000,110.519997,108.500000,110.099998,103.155815,6384700
2023-08-21,109.839996,110.959999,109.000000,110.680000,103.699234,6539800
2023-08-22,111.470001,111.839996,109.139999,109.470001,102.565544,4587000
2023-08-23,109.339996,111.529999,108.849998,111.169998,104.158325,6873900
2023-08-24,112.160004,112.570000,108.160004,108.510002,101.666092,8698100
2023-08-25,108.889999,110.519997,107.760002,110.320000,103.361946,6669900
2023-08-28,111.300003,112.190002,110.620003,111.680000,104.636162,4316400
2023-08-29,110.519997,113.989998,110.519997,113.779999,106.603706,6971400
2023-08-30,112.559998,113.459999,111.669998,113.269997,106.877319,6490300
2023-08-31,112.430000,115.160004,112.430000,114.529999,108.066238,7962500
2023-09-01,115.699997,115.699997,114.410004,115.389999,108.877693,5310700
2023-09-05,114.910004,117.059998,114.910004,116.550003,109.972237,7294800
2023-09-06,116.000000,116.720001,113.629997,114.680000,108.207756,7411900
2023-09-07,110.599998,110.699997,106.070000,106.400002,100.395073,17947800
2023-09-08,106.169998,107.070000,105.510002,106.139999,100.149734,9819300
2023-09-11,111.269997,111.839996,108.820000,110.279999,104.056099,18771700
2023-09-12,109.580002,112.739998,109.510002,111.230003,104.952477,9250100
2023-09-13,111.580002,113.599998,111.529999,112.639999,106.282890,8131500
2023-09-14,113.769997,114.739998,113.000000,114.040001,107.603889,7138100
2023-09-15,113.970001,115.190002,112.459999,113.139999,106.754677,12247400
2023-09-18,112.889999,113.830002,112.459999,112.750000,106.386696,5065100
2023-09-19,112.199997,112.339996,109.910004,110.720001,104.471268,5658800
2023-09-20,111.739998,111.800003,109.160004,109.220001,103.055916,7073800
2023-09-21,107.980003,109.589996,107.849998,107.959999,101.867020,7007200
2023-09-22,108.769997,109.779999,107.360001,107.680000,101.602814,6965500
2023-09-25,106.839996,110.480003,106.709999,110.430000,104.197632,6782500
2023-09-26,109.849998,110.639999,109.339996,109.720001,103.527710,6559800
2023-09-27,110.730003,110.809998,107.430000,109.190002,103.027611,7225000
2023-09-28,109.760002,111.910004,109.180000,111.099998,104.829819,4851300
2023-09-29,111.879997,112.230003,110.639999,111.059998,104.792061,4869300
2023-10-02,110.400002,111.790001,109.599998,111.099998,104.829819,5751500
2023-10-03,110.809998,112.260002,109.379997,110.190002,103.971169,7750700
2023-10-04,110.800003,111.070000,108.800003,109.849998,103.650375,7189400
2023-10-05,109.699997,110.459999,108.949997,109.800003,103.603180,5089700
2023-10-06,110.870003,111.330002,108.050003,110.879997,104.622215,7930600
2023-10-09,110.320000,111.980003,109.480003,111.800003,105.490303,4714500
2023-10-10,111.500000,112.989998,110.430000,112.309998,105.971519,6253000
2023-10-11,112.279999,112.639999,109.580002,111.120003,104.848686,6378600
2023-10-12,111.980003,112.209999,110.320000,111.459999,105.169487,5371700
2023-10-13,111.720001,111.970001,108.540001,108.660004,102.527519,6035600
2023-10-16,109.089996,111.080002,108.949997,110.510002,104.273117,6254700
2023-10-17,108.809998,112.269997,108.019997,112.199997,105.867737,7334000
2023-10-18,111.059998,112.110001,110.029999,110.980003,104.716583,7174500
2023-10-19,112.389999,114.400002,110.839996,111.279999,104.999641,10511500
2023-10-20,111.519997,111.610001,108.629997,108.629997,102.499214,7756500
2023-10-23,107.940002,110.570000,107.680000,108.660004,102.527519,6679200
2023-10-24,109.300003,110.330002,108.440002,109.389999,103.216331,8578600
2023-10-25,108.809998,109.290001,104.430000,104.779999,98.866501,8571600
2023-10-26,104.750000,106.470001,104.330002,105.620003,99.659088,8705200
2023-10-27,106.900002,107.889999,105.839996,106.459999,100.451675,7292000
2023-10-30,106.709999,109.330002,106.180000,107.830002,101.744370,6634000
2023-10-31,108.300003,109.209999,106.690002,108.989998,102.838890,6485500
2023-11-01,109.169998,111.190002,108.699997,110.889999,104.631668,12809900
2023-11-02,117.970001,119.080002,114.449997,117.360001,110.736511,22106100
2023-11-03,117.949997,120.099998,117.360001,119.519997,112.774597,10670100
2023-11-06,120.000000,120.559998,118.379997,119.930000,113.161469,7756400
2023-11-07,119.849998,121.080002,119.169998,120.720001,113.906891,7898400
2023-11-08,121.400002,122.059998,119.150002,120.059998,113.284111,7681900
2023-11-09,121.120003,122.430000,119.849998,120.099998,113.321869,9002700
2023-11-10,121.900002,124.809998,120.970001,124.209999,117.199921,12191600
2023-11-13,124.000000,124.550003,122.629997,123.849998,116.860237,7959200
2023-11-14,127.339996,128.220001,126.080002,127.360001,120.172150,11255400
2023-11-15,127.919998,129.729996,127.559998,128.919998,121.644096,7789100
2023-11-16,129.089996,130.369995,128.309998,128.699997,121.436531,11655700
2023-11-17,129.300003,129.789993,128.419998,129.470001,122.163071,6543300
2023-11-20,129.440002,130.119995,129.020004,129.509995,122.200790,7148600
2023-11-21,126.889999,127.470001,125.750000,127.019997,119.851326,14641800
2023-11-22,127.889999,129.509995,127.160004,127.500000,120.304237,6647400
2023-11-24,128.229996,128.229996,127.559998,127.750000,120.540138,3708200
2023-11-27,127.269997,129.020004,126.790001,128.199997,120.964745,8586400
2023-11-28,127.199997,127.309998,125.669998,126.589996,119.445587,8817900
2023-11-29,129.240005,130.600006,127.620003,127.910004,121.458679,10608300
2023-11-30,129.270004,129.399994,127.489998,129.050003,122.541191,11731800
2023-12-01,129.059998,130.270004,128.509995,129.669998,123.129898,8866500
2023-12-04,129.330002,130.050003,128.029999,129.949997,123.395767,7485000
2023-12-05,129.089996,130.850006,128.949997,130.750000,124.155441,6231600
2023-12-06,131.979996,132.139999,129.660004,129.960007,123.405289,6912400
2023-12-07,131.330002,133.330002,130.389999,132.940002,126.234970,7815700
2023-12-08,131.220001,133.970001,131.179993,132.970001,126.263458,7678600
2023-12-11,134.509995,136.600006,134.070007,136.100006,129.235626,11010700
2023-12-12,135.979996,137.229996,135.500000,136.679993,129.786346,7380400
2023-12-13,136.380005,138.990005,136.080002,138.800003,131.799454,7507700
2023-12-14,139.600006,142.759995,139.600006,141.500000,134.363235,11468900
2023-12-15,142.050003,143.490005,141.380005,143.130005,135.911041,25053500
2023-12-18,142.509995,143.119995,141.289993,141.649994,134.505676,7832100
2023-12-19,142.029999,143.429993,141.440002,143.229996,136.005981,5658400
2023-12-20,141.970001,142.979996,140.360001,140.440002,133.356705,7264800
2023-12-21,141.800003,142.690002,140.990005,142.440002,135.255814,8361600
2023-12-22,143.250000,144.399994,142.750000,143.490005,136.252869,4659200
2023-12-26,144.169998,146.050003,143.960007,145.460007,138.123520,4381200
2023-12-27,145.850006,146.220001,145.039993,145.720001,138.370392,4470300
2023-12-28,146.179993,146.889999,145.729996,145.860001,138.503342,4928800
2023-12-29,145.410004,145.619995,143.789993,144.630005,137.335419,4839300
2024-01-02,142.190002,142.199997,138.779999,140.229996,133.157288,8495800
2024-01-03,138.889999,138.889999,136.990005,137.600006,130.659958,8133300
2024-01-04,135.440002,137.330002,134.940002,136.169998,129.302063,6770300
2024-01-05,136.160004,138.070007,135.850006,136.729996,129.833786,6827300
2024-01-08,136.990005,139.149994,136.639999,139.029999,132.017807,7729400
2024-01-09,137.539993,140.949997,137.139999,139.889999,132.834442,5856900
2024-01-10,139.889999,140.029999,137.789993,139.309998,132.283707,5652500
2024-01-11,139.000000,139.949997,136.029999,139.029999,132.017807,7374900
2024-01-12,142.119995,142.660004,139.160004,140.199997,133.128799,6546600
2024-01-16,140.000000,141.229996,137.979996,141.119995,134.002411,7483000
2024-01-17,139.619995,139.630005,137.350006,139.320007,132.293198,6584700
2024-01-18,143.149994,145.649994,142.330002,145.289993,137.962067,12893000
2024-01-19,147.259995,152.770004,146.740005,151.960007,144.295685,16193900
2024-01-22,152.750000,154.570007,151.869995,152.869995,145.159790,10456100
2024-01-23,152.869995,153.740005,151.410004,153.500000,145.758011,6232300
2024-01-24,154.789993,156.320007,153.899994,154.369995,146.584137,8331900
2024-01-25,157.600006,157.979996,153.669998,154.470001,146.679108,7740900
2024-01-26,152.210007,152.979996,150.380005,150.720001,143.118256,7744700
2024-01-29,150.399994,151.240005,148.419998,149.639999,142.092682,10770700
2024-01-30,148.000000,148.800003,145.570007,145.979996,138.617294,9132800
2024-01-31,145.339996,150.160004,144.339996,148.509995,141.019669,21184200
2024-02-01,140.869995,143.910004,140.089996,141.110001,133.992905,22810600
2024-02-02,140.649994,142.139999,139.259995,141.690002,134.543640,10442700
2024-02-05,141.860001,144.649994,141.210007,144.029999,136.765640,8032600
2024-02-06,144.500000,144.809998,142.429993,144.100006,136.832092,7286300
2024-02-07,145.160004,145.949997,143.630005,145.889999,138.531815,7361900
2024-02-08,146.850006,148.610001,146.289993,148.179993,140.706314,9448700
2024-02-09,149.000000,153.399994,148.350006,151.000000,143.384094,11981500
2024-02-12,150.380005,154.759995,150.250000,153.100006,145.378174,11806300
2024-02-13,150.000000,151.250000,148.410004,150.039993,142.472488,8976300
2024-02-14,151.309998,154.389999,151.050003,153.940002,146.175827,8715100
2024-02-15,155.000000,157.169998,154.490005,155.979996,148.112946,9372400
2024-02-16,157.470001,157.759995,152.600006,152.690002,144.988861,8429100
2024-02-20,151.889999,152.899994,149.869995,151.960007,144.295685,8745500
2024-02-21,149.830002,152.050003,148.899994,152.009995,144.343124,9760300
2024-02-22,154.770004,155.509995,152.320007,154.750000,146.944992,11407500
2024-02-23,155.699997,156.910004,154.330002,154.910004,147.096893,5953300
2024-02-26,156.000000,157.479996,155.789993,157.029999,149.109955,6307600
2024-02-27,157.750000,159.199997,157.490005,158.300003,150.315918,6021400
2024-02-28,156.000000,156.539993,154.960007,155.850006,148.741165,5211000
2024-02-29,156.869995,158.199997,156.179993,157.789993,150.592682,8321400
2024-03-01,159.389999,164.000000,158.070007,163.089996,155.650925,10405700
2024-03-04,165.119995,167.830002,164.720001,166.559998,158.962646,11865100
2024-03-05,164.729996,165.589996,160.229996,161.449997,154.085739,9608800
2024-03-06,164.820007,169.250000,164.330002,167.889999,160.231995,12230500
2024-03-07,169.600006,177.589996,169.429993,175.720001,167.704834,14495100
2024-03-08,174.820007,175.470001,170.539993,170.570007,162.789749,11318000
2024-03-11,169.000000,171.979996,168.119995,171.119995,163.314667,7256300
2024-03-12,172.910004,173.899994,170.580002,173.080002,165.185272,7642200
2024-03-13,171.220001,171.500000,168.600006,169.250000,161.529953,8730500
2024-03-14,169.600006,169.949997,166.710007,168.449997,160.766449,8151000
2024-03-15,167.100006,168.770004,165.850006,167.199997,159.573456,16414600
2024-03-18,170.910004,171.460007,166.350006,166.919998,159.306244,6653700
2024-03-19,166.089996,166.460007,163.630005,164.100006,156.614883,7404400
2024-03-20,164.100006,168.169998,163.830002,167.669998,160.022018,5995800
2024-03-21,170.740005,172.919998,169.630005,170.850006,163.056961,8497500
2024-03-22,169.550003,171.899994,169.300003,170.100006,162.341187,5645500
2024-03-25,167.880005,168.770004,166.970001,167.520004,159.878860,5682500
2024-03-26,168.050003,169.419998,167.000000,167.070007,159.449402,5289900
2024-03-27,169.449997,169.479996,166.970001,169.130005,161.415421,6309700
2024-03-28,169.100006,169.889999,167.979996,169.300003,161.577682,5324000
2024-04-01,168.270004,172.800003,168.210007,171.720001,163.887314,6679100
2024-04-02,170.470001,171.399994,169.279999,171.039993,163.238327,7436300
2024-04-03,170.000000,173.960007,169.330002,173.910004,165.977417,6943200
2024-04-04,175.000000,175.949997,169.410004,169.759995,162.016708,9031200
2024-04-05,170.179993,172.240005,169.710007,171.529999,163.705948,5863300
2024-04-08,172.929993,174.389999,172.360001,173.619995,165.700623,4812000
2024-04-09,175.270004,175.990005,173.369995,175.570007,167.561661,5028500
2024-04-10,172.419998,173.710007,170.070007,170.860001,163.066513,6177400
2024-04-11,171.669998,175.630005,170.500000,175.130005,167.141739,6262600
2024-04-12,172.279999,173.389999,170.960007,171.289993,163.476898,8216700
2024-04-15,174.270004,174.380005,168.580002,169.839996,162.093048,6570600
2024-04-16,169.500000,169.570007,167.449997,168.580002,160.890518,6390100
2024-04-17,169.220001,170.190002,163.770004,164.320007,156.824844,8082000
2024-04-18,162.360001,164.100006,159.860001,161.440002,154.076202,9209400
2024-04-19,161.289993,161.389999,156.339996,157.630005,150.440002,10292200
2024-04-22,158.039993,161.639999,157.160004,160.179993,152.873672,7848700
2024-04-23,160.960007,162.259995,159.679993,161.350006,153.990326,6616700
2024-04-24,163.869995,165.929993,162.000000,163.630005,156.166321,6130500
2024-04-25,164.080002,164.630005,161.729996,163.300003,155.851364,6230700
2024-04-26,162.899994,166.520004,162.509995,165.660004,158.103714,7141300
2024-04-29,165.199997,169.270004,165.199997,169.199997,161.482254,6623900
2024-04-30,169.229996,169.240005,165.809998,165.850006,158.285065,6914200
2024-05-01,164.509995,169.639999,163.789993,164.110001,156.624405,13113600
2024-05-02,175.470001,181.690002,175.289993,180.100006,171.885086,25894800
2024-05-03,182.240005,183.190002,177.800003,179.639999,171.446045,10043900
2024-05-06,181.910004,182.399994,180.399994,181.850006,173.555222,6980100
2024-05-07,182.449997,184.309998,179.220001,180.149994,171.932770,8011100
2024-05-08,176.729996,180.789993,176.619995,180.550003,172.314529,6242600
2024-05-09,181.000000,181.710007,179.440002,180.539993,172.304947,5513500
2024-05-10,182.000000,183.550003,181.240005,182.080002,173.774765,4702500
2024-05-13,183.179993,184.729996,182.899994,184.210007,175.807587,6384800
2024-05-14,184.509995,189.289993,184.490005,188.970001,180.350464,7713400
2024-05-15,190.009995,196.080002,190.000000,194.610001,185.733200,11349100
2024-05-16,195.000000,195.630005,192.779999,193.270004,184.454330,8173400
2024-05-17,192.899994,195.440002,191.869995,193.860001,185.017410,5799700
2024-05-20,194.000000,199.990005,193.279999,197.759995,188.739517,8879700
2024-05-21,196.009995,201.979996,195.759995,200.850006,191.688583,11498800
2024-05-22,202.929993,204.839996,201.699997,202.929993,193.673706,11170100
2024-05-23,205.880005,207.949997,199.419998,201.759995,192.557053,14475100
2024-05-24,203.889999,211.300003,203.559998,210.360001,200.764786,13809900
2024-05-28,217.229996,217.429993,211.300003,213.080002,203.360718,12485400
2024-05-29,208.649994,210.660004,206.699997,208.259995,198.760590,12552500
2024-05-30,208.000000,209.369995,203.820007,204.800003,196.259415,12245300
2024-05-31,208.000000,209.050003,198.710007,204.050003,195.540695,15064900
2024-06-03,209.559998,210.979996,202.410004,205.910004,197.323151,12419500
2024-06-04,205.910004,206.229996,201.660004,204.369995,195.847336,6629100
2024-06-05,206.929993,212.500000,205.369995,211.899994,203.063309,11626300
2024-06-06,211.899994,212.240005,208.789993,209.440002,200.705933,7597200
2024-06-07,209.729996,209.800003,204.889999,206.619995,198.003525,5714400
2024-06-10,205.289993,210.580002,204.559998,209.350006,200.619690,6465100
2024-06-11,207.149994,209.449997,204.779999,208.520004,199.824310,8197500
2024-06-12,212.500000,215.619995,210.880005,215.389999,206.407791,9502800
2024-06-13,216.360001,218.360001,213.009995,217.809998,208.726883,10102800
2024-06-14,217.639999,218.050003,213.649994,215.330002,206.350327,6438200
2024-06-17,217.089996,222.669998,213.399994,222.220001,212.952988,12109100
2024-06-18,226.820007,230.630005,226.000000,227.089996,217.619873,22037500
2024-06-20,224.199997,225.899994,212.839996,215.470001,206.484451,18701200
2024-06-21,211.759995,215.470001,209.410004,212.529999,203.667068,22286500
2024-06-24,206.910004,207.029999,200.240005,200.839996,192.464554,16087700
2024-06-25,203.139999,203.149994,199.169998,202.169998,193.739105,11974900
2024-06-26,200.309998,201.149994,195.699997,197.330002,189.100952,10023800
2024-06-27,196.869995,198.570007,193.839996,195.149994,187.011856,11936600
2024-06-28,196.000000,203.940002,195.610001,199.179993,190.873795,15547500
2024-07-01,199.470001,200.669998,196.080002,200.029999,191.688339,6800600
2024-07-02,198.250000,200.479996,197.089996,200.160004,191.812927,5632900
2024-07-03,202.679993,204.860001,200.440002,203.809998,195.310715,4996200
2024-07-05,205.850006,206.750000,203.979996,205.750000,197.169815,6375200
2024-07-08,207.240005,210.440002,206.149994,207.889999,199.220566,6920400
2024-07-09,206.479996,208.550003,204.660004,207.119995,198.482681,5272600
2024-07-10,208.740005,209.240005,206.559998,208.800003,200.092621,5159400
2024-07-11,210.020004,210.130005,199.770004,199.850006,191.515869,8602200
2024-07-12,201.660004,206.080002,200.250000,202.429993,193.988266,7217200
2024-07-15,203.000000,209.240005,202.789993,208.179993,199.498459,7463700
2024-07-16,210.000000,211.089996,206.619995,209.639999,200.897583,5998500
2024-07-17,199.729996,200.000000,190.559998,191.600006,183.609879,16156200
2024-07-18,193.779999,193.899994,186.949997,191.460007,183.475754,9960600
2024-07-19,191.690002,193.089996,185.759995,186.210007,178.444687,9195700
2024-07-22,191.000000,195.500000,189.050003,194.970001,186.839371,7590000
2024-07-23,194.199997,196.240005,192.149994,193.350006,185.286926,5796700
2024-07-24,189.339996,189.610001,180.690002,181.070007,173.519028,13295300
2024-07-25,179.619995,180.240005,173.270004,175.389999,168.075897,12700100
2024-07-26,179.009995,181.300003,177.570007,180.050003,172.541565,6567800
2024-07-29,181.500000,182.639999,177.850006,178.639999,171.190369,6051600
2024-07-30,179.339996,179.399994,166.770004,166.940002,159.978271,15338900
2024-07-31,175.580002,181.080002,173.410004,180.949997,173.404007,19222200
2024-08-01,171.759995,176.970001,161.330002,164.000000,157.160889,24795000
2024-08-02,160.520004,164.259995,157.529999,159.309998,152.666443,16618900
2024-08-05,153.270004,162.820007,151.389999,157.949997,151.363174,12733900
2024-08-06,158.419998,163.630005,156.500000,158.720001,152.101044,9301000
2024-08-07,163.580002,164.320007,155.500000,156.119995,149.609451,9266900
2024-08-08,160.740005,165.589996,157.869995,164.949997,158.071259,9590900
2024-08-09,164.070007,165.889999,161.979996,164.479996,157.620834,4824600
2024-08-12,160.559998,163.389999,157.419998,162.889999,156.097153,8548000
2024-08-13,164.300003,169.559998,163.279999,169.470001,162.402740,11102100
2024-08-14,170.639999,171.259995,164.720001,167.149994,160.179504,7208200
2024-08-15,171.750000,174.639999,170.610001,173.339996,166.111359,10752100
2024-08-16,172.289993,173.380005,170.630005,172.179993,164.999756,5435700
2024-08-19,171.570007,174.320007,168.740005,174.259995,166.992996,6708100
2024-08-20,173.860001,175.429993,171.149994,172.110001,164.932663,6222400
2024-08-21,172.990005,174.869995,172.080002,174.220001,166.954666,6309500
2024-08-22,174.300003,174.589996,168.380005,169.000000,161.952362,6743500
2024-08-23,171.759995,174.619995,170.630005,173.500000,166.264709,6823600
2024-08-26,171.970001,172.380005,168.529999,169.490005,162.421921,7437600
2024-08-27,169.169998,174.440002,168.270004,173.929993,166.676758,6498800
2024-08-28,174.380005,175.720001,169.630005,171.850006,164.683517,6534600
2024-08-29,173.419998,176.360001,168.929993,169.490005,162.421921,12514200
2024-08-30,172.289993,175.460007,170.800003,175.300003,167.989655,11110800
2024-09-03,171.889999,172.160004,162.000000,163.240005,156.432556,11620300
2024-09-04,163.000000,168.240005,162.630005,165.330002,158.435394,6737000
2024-09-05,163.080002,165.800003,161.850006,163.699997,157.684067,5600000
2024-09-06,162.740005,163.190002,157.130005,158.190002,152.376556,10703000
2024-09-09,161.089996,162.369995,158.570007,160.770004,154.861755,7494900
2024-09-10,160.000000,162.059998,157.679993,161.679993,155.738312,7918100
2024-09-11,162.360001,166.899994,159.250000,166.559998,160.438965,8275400
2024-09-12,165.880005,166.309998,162.899994,164.979996,158.917023,6039200
2024-09-13,165.809998,168.300003,165.440002,167.729996,161.565964,4049900
2024-09-16,164.929993,167.339996,163.789993,166.610001,160.487137,6510000
2024-09-17,168.880005,169.500000,166.080002,168.699997,162.500320,5828000
2024-09-18,169.520004,172.419998,167.699997,168.300003,162.115036,5877600
2024-09-19,174.419998,176.800003,172.490005,173.919998,167.528488,10900000
2024-09-20,172.690002,173.070007,164.300003,168.919998,162.712250,27546400
2024-09-23,168.419998,169.979996,165.350006,165.960007,159.861038,9810000
2024-09-24,167.419998,169.360001,165.979996,166.949997,160.814636,9666800
2024-09-25,166.279999,168.589996,165.759995,168.270004,162.086136,5095500
2024-09-26,174.910004,175.750000,166.779999,172.660004,166.314804,8475000
2024-09-27,173.000000,173.449997,169.830002,170.130005,163.877777,5880700
2024-09-30,171.369995,172.229996,167.750000,170.050003,163.800705,8099700
2024-10-01,169.800003,170.289993,164.080002,165.779999,159.687622,8277600
2024-10-02,166.149994,169.750000,165.149994,168.320007,162.134308,4484600
2024-10-03,165.949997,169.529999,165.660004,168.919998,162.712250,6260200
2024-10-04,172.550003,172.800003,166.479996,168.899994,162.692963,6586500
2024-10-07,167.639999,168.720001,165.740005,166.940002,160.805008,4359300
2024-10-08,164.860001,167.720001,163.660004,166.339996,160.227036,7843500
2024-10-09,165.949997,170.300003,164.669998,170.220001,163.964478,5486500
2024-10-10,167.229996,168.750000,165.330002,168.520004,162.326935,5048000
2024-10-11,168.000000,170.429993,166.869995,169.979996,163.733292,3801400
2024-10-14,171.339996,178.869995,170.899994,178.039993,171.497070,9933600
2024-10-15,177.220001,179.830002,172.750000,174.089996,167.692230,12910400
2024-10-16,174.619995,174.669998,170.220001,171.479996,165.178162,6495700
2024-10-17,175.619995,175.619995,171.020004,171.100006,164.812134,6093200
2024-10-18,172.110001,172.580002,169.419998,170.919998,164.638748,6432700
2024-10-21,169.639999,170.169998,166.070007,169.009995,162.798920,7297700
2024-10-22,169.009995,173.479996,168.229996,173.179993,166.815674,7313000
2024-10-23,169.339996,172.639999,164.300003,166.600006,160.477493,9788200
2024-10-24,166.610001,168.940002,165.529999,168.100006,161.922394,4933400
2024-10-25,170.279999,173.179993,169.809998,170.270004,164.012634,5496600
2024-10-28,169.419998,173.149994,169.369995,172.220001,165.890961,5024600
2024-10-29,172.199997,176.570007,171.259995,176.000000,169.532059,6427700
2024-10-30,169.919998,171.740005,167.529999,167.619995,161.460007,8819700
2024-10-31,167.619995,167.779999,162.080002,162.770004,156.788254,10261200
2024-11-01,163.080002,166.080002,162.770004,165.270004,159.196381,6498100
2024-11-04,165.059998,167.500000,163.639999,165.179993,159.109680,4949800
2024-11-05,165.000000,167.589996,164.250000,165.910004,159.812851,5373200
2024-11-06,169.250000,178.449997,168.669998,172.990005,166.632690,17661900
2024-11-07,180.270004,182.100006,171.630005,172.910004,166.555603,23586300
2024-11-08,172.089996,173.490005,168.750000,170.910004,164.629120,10736600
2024-11-11,170.000000,170.789993,166.089996,168.289993,162.105392,7829500
2024-11-12,167.050003,167.330002,161.860001,163.410004,157.404755,8483300
2024-11-13,162.789993,162.940002,159.750000,160.419998,154.524612,7921700
2024-11-14,162.949997,164.910004,161.869995,163.970001,157.944183,7012600
2024-11-15,163.000000,164.330002,159.600006,160.500000,154.601654,9737000
2024-11-18,162.600006,165.139999,162.000000,164.500000,158.454666,7814200
2024-11-19,164.029999,166.229996,162.649994,164.710007,158.656952,6176800
2024-11-20,164.000000,164.199997,152.949997,154.270004,148.600632,14483000
2024-11-21,155.160004,156.940002,153.589996,155.460007,149.746902,10685800
2024-11-22,154.789993,156.880005,153.729996,156.789993,151.028015,5709300
2024-11-25,158.940002,159.649994,157.220001,158.820007,152.983429,9189800
2024-11-26,159.750000,161.470001,156.089996,156.929993,151.162842,9489900
2024-11-27,156.929993,157.649994,154.460007,156.399994,150.652344,6337900
2024-11-29,158.110001,161.520004,157.750000,158.529999,152.704086,6112000
2024-12-02,158.380005,163.369995,158.380005,163.029999,157.038666,9812700
2024-12-03,161.500000,163.860001,161.320007,162.580002,156.605240,6961400
2024-12-04,164.479996,165.000000,162.240005,163.339996,157.337280,6721600
2024-12-05,162.589996,164.449997,159.929993,160.389999,155.303894,7279800
2024-12-06,160.389999,160.389999,157.240005,159.509995,154.451797,9918400
2024-12-09,157.479996,162.929993,157.470001,160.740005,155.642807,9481200
2024-12-10,160.770004,161.490005,156.039993,156.460007,151.498520,8683600
2024-12-11,157.289993,160.460007,156.970001,159.830002,154.761658,7081800
2024-12-12,158.669998,159.460007,156.919998,158.240005,153.222076,5796100
2024-12-13,158.240005,159.679993,156.619995,158.529999,153.502869,8886700
2024-12-16,158.160004,158.710007,154.020004,157.889999,152.883163,9951100
2024-12-17,156.490005,159.979996,156.490005,157.919998,152.912201,7187400
2024-12-18,158.250000,161.160004,152.320007,153.050003,148.196655,10295200
2024-12-19,154.029999,155.470001,150.059998,150.399994,145.630676,8414800
2024-12-20,149.580002,154.570007,149.429993,152.889999,148.041718,17347100
2024-12-23,155.660004,158.690002,154.550003,158.240005,153.222076,8863200
2024-12-24,158.639999,159.399994,157.539993,159.360001,154.306564,2839600
2024-12-26,157.399994,159.559998,157.350006,158.529999,153.502869,3846900
2024-12-27,157.190002,157.750000,155.520004,157.240005,152.253799,7232500
2024-12-30,155.229996,156.130005,153.800003,154.580002,149.678131,5356000
2024-12-31,154.720001,155.839996,153.210007,153.619995,148.748581,4423300
2025-01-02,155.009995,157.509995,152.789993,153.639999,148.767944,5009100
2025-01-03,155.419998,158.440002,154.490005,157.830002,152.825058,5885800
2025-01-06,159.330002,165.669998,159.330002,159.850006,154.781021,9599800
2025-01-07,162.000000,163.449997,159.250000,160.520004,155.429794,7666000
2025-01-08,160.050003,160.190002,156.940002,159.080002,154.035431,7731900
2025-01-10,157.699997,158.279999,155.550003,156.979996,152.002029,6236800
2025-01-13,155.220001,157.369995,154.800003,157.130005,152.147263,5714700
2025-01-14,160.139999,161.009995,156.559998,159.529999,154.471161,6476500
2025-01-15,162.100006,165.449997,162.089996,164.410004,159.196411,9284000
2025-01-16,165.350006,165.839996,161.279999,161.429993,156.310913,7188900
2025-01-17,165.380005,165.610001,163.100006,164.559998,159.341660,8097500
2025-01-21,166.000000,168.679993,165.350006,167.270004,161.965729,7380500
2025-01-22,168.320007,172.089996,168.190002,170.240005,164.841553,7281700
2025-01-23,170.380005,174.380005,169.380005,174.360001,168.830887,7172300
2025-01-24,175.100006,175.199997,171.940002,172.110001,166.652252,5825800
2025-01-27,172.100006,172.199997,167.279999,171.179993,165.751724,15632600
2025-01-28,170.220001,173.490005,169.809998,171.550003,166.109970,8720200
2025-01-29,171.550003,173.490005,170.220001,171.710007,166.264954,5118900
2025-01-30,172.339996,173.539993,170.970001,171.929993,166.477936,6010600
2025-01-31,172.509995,176.789993,172.289993,172.929993,167.446213,7800500
2025-02-03,168.880005,172.580002,168.059998,170.240005,164.841553,7447100
2025-02-04,168.500000,173.789993,168.500000,173.039993,167.552750,5457900
2025-02-05,173.000000,177.000000,169.899994,175.860001,170.283325,15197800
2025-02-06,167.839996,169.490005,165.399994,169.320007,163.950714,16293500
2025-02-07,169.830002,171.300003,166.059998,167.960007,162.633835,7841700
2025-02-10,169.729996,171.800003,169.000000,171.360001,165.926025,6237700
2025-02-11,169.649994,172.699997,169.110001,171.990005,166.536072,6588100
2025-02-12,169.550003,170.929993,168.240005,170.289993,164.889923,5505700
2025-02-13,170.190002,172.360001,169.470001,172.149994,166.690979,6362200
2025-02-14,172.600006,172.820007,171.039993,172.229996,166.768433,4691300
2025-02-18,173.259995,173.720001,171.240005,173.639999,168.133713,7292600
2025-02-19,173.990005,176.500000,173.350006,175.220001,169.663635,6849600
2025-02-20,176.000000,176.389999,172.899994,173.699997,168.191818,6316400
2025-02-21,174.979996,175.429993,165.210007,165.429993,160.184067,12531900
2025-02-24,165.910004,166.589996,160.990005,161.100006,155.991394,9827800
2025-02-25,161.660004,163.330002,159.440002,161.220001,156.107574,8244900
2025-02-26,161.830002,164.139999,160.929993,162.100006,156.959671,9161900
2025-02-27,162.339996,163.250000,154.100006,154.440002,149.542572,10807200
2025-02-28,155.100006,157.309998,153.399994,157.169998,152.186020,10149500
2025-03-03,158.990005,160.080002,152.520004,153.619995,148.748581,9601900
2025-03-04,155.270004,157.199997,151.350006,154.460007,149.561951,8956800
2025-03-05,155.039993,159.149994,153.029999,158.490005,153.464142,6786900
2025-03-06,154.110001,157.880005,154.089996,156.039993,151.906509,7808100
2025-03-07,155.220001,161.820007,155.220001,161.220001,156.949310,8727600
2025-03-10,157.350006,159.259995,152.610001,154.979996,150.874603,10139900
2025-03-11,154.850006,156.229996,150.860001,153.100006,149.044403,8692900
2025-03-12,154.210007,155.860001,151.919998,152.800003,148.752365,7117400
2025-03-13,152.600006,155.630005,150.419998,151.940002,147.915131,5861700
2025-03-14,153.559998,156.949997,153.539993,156.580002,152.432205,5309400
2025-03-17,155.600006,158.720001,155.440002,157.949997,153.765915,5781000
2025-03-18,157.949997,159.729996,155.919998,156.289993,152.149887,6898400
2025-03-19,156.429993,160.509995,155.059998,158.259995,154.067703,5871000
2025-03-20,158.000000,159.119995,156.520004,157.949997,153.765915,5089300
2025-03-21,154.979996,157.419998,153.559998,156.820007,152.665863,10949300
2025-03-24,160.000000,161.000000,158.800003,160.080002,155.839508,6033400
2025-03-25,159.880005,161.470001,159.419998,160.149994,155.907639,3978200
2025-03-26,159.449997,160.809998,156.850006,158.389999,154.194275,5960300
2025-03-27,158.210007,159.250000,155.750000,157.970001,153.785416,6102000
2025-03-28,156.919998,157.639999,151.559998,152.720001,148.674469,8918000
2025-03-31,150.809998,153.850006,147.880005,153.610001,149.540894,8613600
2025-04-01,152.389999,153.320007,150.259995,153.050003,148.995743,5708900
2025-04-02,150.789993,155.460007,150.369995,154.080002,149.998444,5377200
2025-04-03,147.000000,147.399994,138.559998,139.419998,135.726791,16465000
2025-04-04,134.339996,135.860001,126.680000,127.459999,124.083611,19018600
2025-04-07,124.589996,137.199997,120.800003,129.720001,126.283737,17938300
2025-04-08,131.130005,135.289993,121.739998,124.660004,121.357780,14965900
2025-04-09,125.160004,144.860001,124.190002,143.589996,139.786331,21242600
2025-04-10,137.009995,139.059998,129.289993,134.399994,130.839767,14898800
2025-04-11,134.000000,140.649994,131.110001,139.250000,135.561295,10955300
2025-04-14,142.750000,143.110001,136.830002,139.190002,135.502899,6930300
2025-04-15,139.460007,140.839996,138.029999,138.600006,134.928497,6346800
2025-04-16,133.679993,137.309998,131.789993,135.740005,132.144287,10417200
2025-04-17,137.380005,138.149994,135.710007,136.660004,133.039917,7135900
2025-04-21,134.729996,136.550003,133.360001,136.139999,132.533676,8128300
2025-04-22,136.750000,139.100006,136.490005,138.740005,135.064819,8228000
2025-04-23,142.580002,143.880005,139.779999,140.460007,136.739258,9073500
2025-04-24,142.779999,147.820007,141.990005,147.210007,143.310440,8810600
2025-04-25,146.080002,149.199997,146.080002,148.559998,144.624664,5145600
2025-04-28,148.179993,149.300003,145.440002,147.619995,143.709564,5743500
2025-04-29,146.660004,148.259995,145.520004,146.880005,142.989166,6692000
2025-04-30,145.199997,148.850006,143.880005,148.460007,144.527328,10851900
2025-05-01,138.789993,138.960007,134.869995,135.210007,131.628311,22836600
2025-05-02,137.850006,141.410004,137.289993,139.809998,136.106445,13185600
2025-05-05,138.300003,140.770004,138.289993,139.440002,135.746262,7165300
2025-05-06,137.820007,140.800003,137.460007,139.899994,136.194077,6957900
2025-05-07,140.380005,144.699997,140.250000,144.300003,140.477524,10196400
2025-05-08,145.639999,147.500000,143.889999,145.100006,141.256317,8489100
2025-05-09,145.660004,146.979996,144.600006,145.179993,141.334198,6217100
2025-05-12,154.080002,154.360001,149.830002,152.119995,148.090378,11414600
2025-05-13,152.009995,153.289993,150.960007,151.339996,147.331039,10160900
2025-05-14,151.929993,153.270004,150.429993,152.979996,148.927567,6971200
2025-05-15,151.710007,153.389999,150.179993,152.610001,148.567383,6941200
2025-05-16,152.869995,153.059998,151.300003,152.500000,148.460297,6668000
2025-05-19,150.550003,153.820007,150.110001,153.699997,149.628494,7241100
2025-05-20,153.039993,153.889999,151.929993,153.820007,149.745346,5269500
2025-05-21,153.580002,156.130005,150.830002,151.309998,147.301834,9684500
2025-05-22,151.389999,151.580002,147.220001,147.369995,143.466202,9539100
2025-05-23,143.419998,146.490005,141.770004,145.380005,141.528900,8994600
2025-05-27,147.550003,149.350006,146.429993,148.630005,144.692810,9788800
2025-05-28,148.820007,149.490005,147.360001,147.600006,143.690109,7032300
2025-05-29,149.860001,150.500000,147.240005,148.339996,144.410507,5980700
2025-05-30,148.000000,148.020004,143.479996,145.199997,141.353683,13755600
2025-06-02,144.800003,147.210007,144.479996,146.630005,142.745804,6419500
2025-06-03,146.710007,149.779999,145.509995,148.940002,144.994598,6164100
2025-06-04,150.000000,150.050003,147.380005,149.050003,145.101685,7143800
2025-06-05,148.800003,150.080002,147.000000,147.559998,144.514084,5605500
2025-06-06,149.800003,150.589996,149.050003,149.240005,146.159393,5794700
2025-06-09,151.809998,156.119995,151.169998,155.410004,152.202042,10589400
2025-06-10,156.190002,159.509995,155.070007,159.130005,155.845261,9068400
2025-06-11,160.000000,162.139999,157.699997,159.479996,156.188019,8859900
2025-06-12,159.000000,159.610001,157.949997,158.699997,155.424118,5689400
2025-06-13,156.339996,157.169998,154.440002,154.720001,151.526276,8446400
2025-06-16,157.029999,158.449997,155.639999,156.869995,153.631897,8686300
2025-06-17,156.649994,157.580002,154.389999,154.460007,151.271652,7146900
2025-06-18,155.000000,156.100006,153.149994,153.630005,150.458801,6708700
2025-06-20,154.229996,155.119995,150.630005,151.320007,148.196457,15501900
2025-06-23,151.229996,153.520004,149.679993,153.139999,149.978882,6860700
2025-06-24,154.729996,156.300003,154.149994,155.710007,152.495850,7692700
2025-06-25,156.100006,156.529999,154.589996,155.929993,152.711288,5280100
2025-06-26,156.500000,158.419998,155.910004,158.190002,154.924667,6278200
2025-06-27,158.649994,161.100006,157.570007,158.539993,155.267426,22100300
2025-06-30,158.389999,159.860001,157.800003,159.259995,155.972565,7988200
2025-07-01,158.220001,161.649994,157.979996,159.399994,156.109665,8942300
2025-07-02,159.679993,162.789993,158.800003,162.320007,158.969406,8916400
2025-07-03,163.039993,163.960007,162.089996,162.210007,158.861679,4280800
2025-07-07,161.110001,161.490005,157.570007,158.089996,154.826706,7187400
2025-07-08,159.470001,161.830002,158.610001,159.449997,156.158630,6879100
2025-07-09,159.399994,161.479996,158.250000,159.350006,156.060715,4190100
2025-07-10,158.990005,160.289993,157.789993,159.089996,155.806061,5674400
2025-07-11,159.000000,159.169998,157.149994,157.460007,154.209717,5907700
2025-07-14,156.419998,156.500000,153.479996,154.289993,151.105148,7382600
2025-07-15,156.289993,156.710007,154.119995,154.300003,151.114944,6467300
2025-07-16,154.300003,154.500000,151.539993,154.070007,150.889694,7106700
2025-07-17,153.000000,153.529999,151.800003,152.610001,149.459839,7018600
2025-07-18,153.039993,155.429993,152.729996,154.800003,151.604630,7433900
2025-07-21,154.919998,159.929993,154.910004,158.970001,155.688553,7662300
2025-07-22,158.960007,159.039993,156.169998,157.990005,154.728775,6951600
2025-07-23,158.589996,160.039993,156.929993,159.880005,156.579773,7296200
2025-07-24,158.350006,159.089996,156.789993,158.839996,155.561249,5014800
2025-07-25,158.899994,159.199997,157.410004,158.399994,155.130310,4808200
2025-07-28,159.759995,161.960007,159.160004,161.050003,157.725632,9627300
2025-07-29,162.039993,163.600006,161.139999,162.080002,158.734360,9460900
2025-07-30,163.000000,163.270004,158.000000,159.059998,155.776703,14382500
2025-07-31,153.110001,156.800003,145.580002,146.759995,143.730576,24440100
2025-08-01,146.460007,149.169998,145.789993,148.190002,145.131073,12706700
2025-08-04,148.509995,150.789993,147.070007,147.509995,144.465103,8150200
2025-08-05,148.520004,148.649994,145.669998,146.710007,143.681625,7794500
2025-08-06,146.649994,146.710007,144.110001,145.839996,142.829575,8475700
2025-08-07,148.320007,148.320007,144.809998,145.899994,142.888321,6753500
2025-08-08,146.350006,148.020004,145.690002,147.559998,144.514084,5028700
2025-08-11,148.570007,151.059998,147.710007,147.970001,144.915619,6215900
2025-08-12,148.789993,153.899994,148.570007,153.729996,150.556717,9304100
2025-08-13,153.970001,157.110001,153.630005,156.589996,153.357666,7103300
2025-08-14,154.899994,158.649994,154.899994,158.089996,154.826706,6294800
2025-08-15,158.039993,159.259995,156.690002,157.850006,154.591675,7583700
2025-08-18,157.779999,159.750000,157.240005,158.899994,155.619980,4774400
2025-08-19,159.070007,159.429993,156.050003,156.250000,153.024704,6396500
2025-08-20,156.389999,156.639999,153.460007,155.440002,152.231415,7151700
2025-08-21,154.820007,155.199997,153.050003,154.130005,150.948456,4997300
2025-08-22,154.830002,159.889999,154.559998,158.009995,154.748352,7711500
2025-08-25,157.610001,158.050003,155.399994,156.419998,153.191177,4653000
2025-08-26,157.660004,159.960007,157.410004,159.169998,155.884399,9173000
2025-08-27,158.360001,159.970001,157.800003,159.770004,156.472046,4549900
2025-08-28,159.910004,161.220001,159.029999,160.800003,157.480774,8156300
2025-08-29,159.529999,161.600006,159.399994,160.729996,157.412231,9949100
2025-09-02,157.820007,158.940002,154.600006,158.779999,155.502487,7520300
2025-09-03,159.399994,159.570007,156.059998,157.279999,154.033417,6336400
2025-09-04,156.199997,159.860001,154.470001,159.710007,157.303406,7781200
2025-09-05,160.080002,163.490005,159.149994,159.839996,157.431442,7954200
2025-09-08,160.289993,160.289993,158.009995,160.240005,157.825424,7019700
2025-09-09,160.369995,161.600006,157.570007,158.660004,156.269226,6126000
2025-09-10,158.619995,159.210007,156.610001,158.949997,156.554855,8256900
2025-09-11,159.190002,162.070007,157.960007,161.509995,159.076279,8360200
2025-09-12,161.330002,162.330002,159.580002,161.830002,159.391464,5430600
2025-09-15,161.399994,162.679993,160.210007,161.220001,158.790649,5604800
2025-09-16,161.820007,165.000000,161.500000,164.139999,161.666641,7997500
2025-09-17,164.679993,166.369995,163.229996,165.259995,162.769760,6057800
2025-09-18,166.880005,168.860001,166.229996,168.130005,165.596542,10421200
2025-09-19,169.169998,169.580002,166.289993,166.850006,164.335831,19444400
2025-09-22,166.850006,170.220001,165.919998,169.720001,167.162567,6196600
2025-09-23,169.820007,170.850006,168.300003,169.529999,166.975433,5468400
2025-09-24,169.050003,174.440002,168.669998,173.550003,170.934845,9213700
2025-09-25,171.210007,171.970001,167.940002,169.679993,167.123169,8093700
2025-09-26,169.679993,170.929993,168.130005,169.199997,166.650391,4846000
2025-09-29,169.199997,169.839996,164.759995,165.300003,162.809174,7523100
2025-09-30,165.639999,166.839996,164.880005,166.360001,163.853210,5593300
2025-10-01,165.800003,166.770004,164.490005,166.490005,163.981262,6153000
2025-10-02,167.750000,169.539993,167.179993,168.850006,166.305679,5499500
2025-10-03,168.850006,171.750000,168.740005,169.179993,166.630692,5137900
2025-10-06,170.539993,170.880005,167.720001,168.619995,166.079147,8265800
2025-10-07,169.899994,171.979996,165.139999,165.460007,162.966766,7147500
2025-10-08,166.240005,168.550003,163.889999,167.770004,165.241943,7302200
2025-10-09,167.369995,167.610001,163.229996,165.660004,163.163742,6928400
2025-10-10,164.820007,165.089996,153.350006,153.589996,151.275620,15818600
2025-10-13,155.949997,162.389999,155.779999,161.779999,159.342209,10311000
2025-10-14,159.300003,164.270004,159.259995,161.740005,159.302826,8675200
2025-10-15,164.240005,164.240005,160.309998,162.970001,160.514282,7334100
2025-10-16,164.490005,165.190002,162.210007,164.080002,161.607544,5686700
2025-10-17,162.860001,163.789993,161.669998,163.449997,160.987030,4833100
2025-10-20,163.339996,167.649994,162.059998,167.039993,164.522934,8194100
2025-10-21,166.800003,169.240005,166.199997,168.830002,166.285980,6176100
2025-10-22,167.490005,169.779999,166.020004,169.270004,166.719345,10083800
2025-10-23,168.330002,171.250000,167.880005,170.029999,167.467896,6546400
2025-10-24,171.690002,172.419998,168.470001,168.940002,166.394318,6256000
2025-10-27,168.949997,205.949997,168.820007,187.679993,184.851944,81799300
2025-10-28,183.929993,185.910004,179.410004,181.029999,178.302139,20323100
2025-10-29,182.000000,183.490005,178.199997,178.669998,175.977707,11614600
2025-10-30,178.679993,179.880005,177.190002,177.259995,174.588943,7862900
2025-10-31,178.520004,182.149994,176.830002,180.899994,178.174103,9452800
2025-11-03,182.949997,183.449997,179.089996,180.720001,177.996826,8535100
2025-11-04,177.479996,179.339996,172.289993,172.839996,170.235550,12323600
2025-11-05,174.759995,183.429993,174.320007,179.720001,177.011887,18845500
2025-11-06,177.800003,178.509995,170.059998,173.199997,170.590134,16184700
2025-11-07,172.729996,174.250000,168.250000,170.889999,168.314957,10614700
2025-11-10,173.759995,174.800003,169.500000,171.570007,168.984695,10129300
2025-11-11,171.000000,175.979996,171.000000,173.979996,171.358368,8419100
2025-11-12,175.000000,177.419998,174.880005,176.669998,174.007843,8785800
2025-11-13,176.630005,178.830002,173.029999,174.500000,171.870544,9526100
2025-11-14,171.779999,175.690002,171.399994,173.979996,171.358368,7949900
2025-11-17,172.800003,174.839996,165.169998,166.750000,164.237335,10211100
2025-11-18,164.889999,166.789993,161.389999,165.059998,162.572784,11073200
2025-11-19,164.690002,167.509995,164.110001,166.110001,163.606964,8176500
2025-11-20,167.130005,168.880005,158.850006,159.589996,157.185211,12075400
2025-11-21,160.750000,165.270004,159.100006,163.300003,160.839310,10815000
2025-11-24,164.369995,166.940002,163.720001,165.059998,162.572784,12070100
2025-11-25,163.990005,164.970001,161.869995,163.300003,160.839310,7758100
2025-11-26,164.119995,166.250000,163.149994,165.139999,162.651566,7967700
2025-11-28,165.029999,168.190002,164.130005,168.089996,165.557114,5068800
2025-12-01,165.910004,169.029999,165.500000,168.039993,165.507874,6818300
2025-12-02,168.750000,171.169998,167.639999,170.699997,168.127808,9159100
2025-12-03,170.899994,175.089996,170.350006,175.070007,172.431961,7624300
2025-12-04,174.330002,174.929993,173.229996,174.350006,172.600250,7245000
2025-12-05,174.740005,177.250000,174.500000,174.809998,173.055618,8400100
2025-12-08,174.740005,175.500000,173.720001,175.309998,173.550598,6690200
2025-12-09,174.500000,176.350006,172.320007,176.000000,174.233688,7719100
2025-12-10,175.809998,183.440002,175.250000,182.210007,180.381378,11100100
2025-12-11,181.369995,181.639999,178.089996,181.270004,179.450806,6319200
2025-12-12,181.250000,183.110001,177.869995,178.289993,176.500687,8865800
2025-12-15,179.720001,180.309998,176.389999,179.259995,177.460968,6954700
2025-12-16,179.190002,179.190002,174.809998,176.119995,174.352478,7136000
2025-12-17,176.119995,177.479996,172.050003,172.339996,170.610413,8501900
2025-12-18,175.710007,177.080002,173.529999,174.190002,172.441864,8967500
2025-12-19,174.440002,177.190002,174.199997,175.250000,173.491211,25223500
2025-12-22,177.559998,178.320007,173.899994,174.220001,172.471542,6422100
2025-12-23,173.610001,175.270004,173.509995,174.750000,172.996216,4690400
2025-12-24,175.039993,175.490005,174.419998,174.770004,173.016037,1645300
2025-12-26,175.000000,175.500000,174.350006,174.809998,173.055618,2442800
2025-12-29,174.009995,175.190002,172.789993,173.429993,171.689468,3978400
2025-12-30,174.059998,174.399994,173.339996,173.649994,171.907257,3429300