Date,Open,High,Low,Close,Adj Close,Volume
2020-01-02,189.000000,191.139999,188.720001,191.119995,182.092773,8733000
2020-01-03,188.410004,190.960007,187.919998,189.600006,180.644608,4899700
2020-01-06,188.000000,189.210007,187.160004,189.190002,180.253983,10109500
2020-01-07,189.589996,190.100006,188.600006,188.690002,179.777527,4392300
2020-01-08,189.490005,192.500000,188.800003,191.919998,182.854965,5712000
2020-01-09,193.000000,193.919998,192.520004,193.250000,184.122177,6748000
2020-01-10,193.500000,194.570007,193.110001,193.770004,184.617615,6586400
2020-01-13,194.440002,195.600006,194.279999,195.330002,186.103928,11290500
2020-01-14,196.740005,196.949997,195.139999,196.050003,186.789917,6236500
2020-01-15,197.000000,200.149994,196.320007,199.800003,190.362778,10831100
2020-01-16,201.000000,201.500000,199.779999,200.949997,191.458450,9983700
2020-01-17,201.759995,204.750000,199.979996,204.699997,195.031326,12518900
2020-01-21,204.130005,208.389999,203.800003,207.289993,197.499008,14861700
2020-01-22,207.509995,210.130005,207.289993,207.899994,198.080170,8065000
2020-01-23,207.899994,208.399994,205.300003,206.520004,196.765396,8520800
2020-01-24,207.419998,207.990005,204.210007,205.000000,195.317154,7812900
2020-01-27,200.000000,203.330002,199.100006,201.690002,192.163513,7198900
2020-01-28,202.389999,203.839996,201.779999,202.850006,193.268753,7215700
2020-01-29,204.300003,205.919998,202.509995,204.860001,195.183762,7041700
2020-01-30,204.000000,208.500000,203.320007,208.210007,198.375549,8571900
2020-01-31,201.490005,203.979996,198.259995,198.970001,189.572037,16699600
2020-02-03,199.940002,202.259995,199.850006,200.809998,191.325073,10885900
2020-02-04,203.500000,204.919998,202.229996,203.559998,193.945190,10205900
2020-02-05,205.500000,205.600006,199.949997,202.809998,193.230637,8672400
2020-02-06,203.050003,204.630005,202.479996,203.039993,193.449768,7001200
2020-02-07,201.979996,203.830002,201.089996,202.740005,193.163971,5691100
2020-02-10,201.970001,206.130005,201.860001,205.990005,196.260422,6239500
2020-02-11,207.500000,207.669998,203.639999,203.940002,194.307281,10231900
2020-02-12,205.000000,208.149994,205.000000,207.440002,197.641937,7355800
2020-02-13,206.619995,208.470001,206.050003,207.399994,197.889969,9495300
2020-02-14,208.289993,210.779999,208.009995,210.289993,200.647507,6548800
2020-02-18,210.000000,211.500000,209.360001,211.199997,201.515747,7651500
2020-02-19,212.520004,214.169998,211.720001,213.309998,203.528992,5927500
2020-02-20,212.130005,213.690002,208.279999,211.449997,201.754288,8531900
2020-02-21,209.899994,210.220001,207.419998,208.809998,199.235336,9231500
2020-02-24,197.889999,203.770004,194.009995,198.789993,189.674835,13316800
2020-02-25,198.789993,199.889999,187.720001,188.399994,179.761200,18539000
2020-02-26,190.000000,193.509995,187.029999,187.210007,178.625778,14214700
2020-02-27,182.119995,186.339996,180.000000,180.009995,171.755905,17536600
2020-02-28,173.789993,182.330002,172.979996,181.759995,173.425705,22659000
2020-03-02,186.320007,192.440002,183.100006,192.330002,183.511002,17434500
2020-03-03,193.199997,194.039993,184.500000,185.729996,177.213608,15226400
2020-03-04,190.360001,194.490005,186.169998,194.289993,185.381149,10789100
2020-03-05,191.240005,191.919998,185.639999,186.960007,178.387238,10106900
2020-03-06,183.539993,185.990005,179.979996,184.360001,175.906464,15183200
2020-03-09,171.210007,179.570007,168.309998,171.130005,163.283081,20486400
2020-03-10,179.470001,182.610001,171.880005,182.600006,174.227173,16119400
2020-03-11,177.649994,178.729996,170.199997,172.949997,165.019638,14598200
2020-03-12,158.500000,172.000000,156.990005,160.080002,152.739822,27467700
2020-03-13,168.720001,176.320007,162.210007,175.830002,167.767578,19948900
2020-03-16,151.139999,165.309998,147.979996,152.009995,145.039841,23692000
2020-03-17,155.750000,163.699997,149.250000,157.889999,150.650177,22298000
2020-03-18,148.460007,150.679993,139.800003,148.479996,141.671692,22787500
2020-03-19,146.919998,157.250000,141.470001,152.250000,145.268784,19362800
2020-03-20,154.820007,158.259995,145.669998,146.830002,140.097382,18692100
2020-03-23,141.330002,143.350006,133.929993,135.740005,129.515900,30344100
2020-03-24,144.839996,155.250000,143.580002,154.529999,147.444290,24488300
2020-03-25,159.320007,168.179993,153.580002,161.779999,154.361801,20619600
2020-03-26,162.080002,169.529999,161.789993,168.880005,161.136292,17062900
2020-03-27,161.080002,167.100006,158.149994,161.559998,154.151886,14950700
2020-03-30,161.039993,165.869995,160.690002,165.570007,157.978027,15714500
2020-03-31,166.429993,168.190002,160.539993,161.119995,153.732117,20613100
2020-04-01,156.320007,158.070007,151.419998,153.110001,146.089417,12595200
2020-04-02,152.529999,158.350006,151.289993,157.389999,150.173141,14051100
2020-04-03,155.559998,157.720001,150.600006,151.850006,144.887177,11994700
2020-04-06,160.020004,170.729996,158.250000,169.440002,161.670670,16479100
2020-04-07,177.759995,178.800003,168.100006,168.589996,160.859573,15379000
2020-04-08,171.009995,176.000000,167.929993,174.940002,166.918396,11146500
2020-04-09,176.270004,177.190002,172.850006,173.690002,165.725723,12231800
2020-04-13,172.259995,172.320007,166.149994,168.990005,161.241257,14043700
2020-04-14,173.089996,175.429993,170.830002,174.619995,166.613083,9980500
2020-04-15,168.699997,169.360001,164.949997,165.960007,158.350159,12118700
2020-04-16,167.110001,168.000000,159.800003,162.419998,154.972504,20308200
2020-04-17,169.649994,170.990005,164.949997,169.539993,161.765991,15375800
2020-04-20,167.330002,167.429993,163.199997,164.220001,156.689941,10505200
2020-04-21,162.000000,162.570007,159.149994,160.529999,153.169144,10562100
2020-04-22,164.660004,167.699997,162.919998,166.589996,158.951279,14502500
2020-04-23,167.880005,170.410004,166.210007,166.380005,158.750931,11411300
2020-04-24,168.440002,168.750000,164.009995,167.320007,159.647842,8391400
2020-04-27,168.649994,172.350006,168.550003,171.759995,163.884232,9903300
2020-04-28,175.000000,175.009995,170.380005,171.250000,163.397598,8614400
2020-04-29,176.850006,182.250000,176.100006,181.789993,173.454330,12862800
2020-04-30,181.779999,181.830002,177.660004,178.720001,170.525085,11331600
2020-05-01,174.449997,179.639999,174.270004,175.570007,167.519562,10109600
2020-05-04,172.949997,176.940002,171.720001,176.149994,168.072968,9386200
2020-05-05,179.089996,181.100006,178.259995,178.440002,170.257950,13513000
2020-05-06,179.720001,180.509995,177.880005,178.779999,170.582367,8540500
2020-05-07,181.750000,184.979996,181.710007,182.720001,174.341644,9262200
2020-05-08,185.029999,185.750000,183.619995,185.089996,176.602997,6470100
2020-05-11,183.869995,184.619995,181.429993,183.559998,175.143158,8683100
2020-05-12,183.559998,183.990005,179.369995,179.470001,171.240692,8219700
2020-05-13,178.500000,181.089996,175.039993,177.089996,169.252777,13377100
2020-05-14,175.940002,181.050003,173.820007,180.899994,172.894135,9695100
2020-05-15,179.979996,184.139999,178.869995,183.490005,175.369537,10785900
2020-05-18,188.000000,192.830002,187.470001,191.380005,182.910355,11802200
2020-05-19,191.139999,194.500000,189.229996,189.360001,180.979752,7446800
2020-05-20,193.000000,194.990005,192.410004,193.860001,185.280563,9545600
2020-05-21,193.500000,193.619995,190.020004,190.619995,182.183975,11338100
2020-05-22,191.000000,191.369995,189.229996,190.860001,182.413345,5807600
2020-05-26,195.800003,196.270004,192.759995,193.220001,184.668915,9662200
2020-05-27,194.309998,194.309998,188.520004,192.820007,184.286636,7650300
2020-05-28,193.539993,198.289993,192.710007,194.259995,185.662872,8352200
2020-05-29,194.500000,196.740005,193.279999,195.240005,186.599487,10211900
2020-06-01,194.710007,195.880005,193.520004,194.350006,185.748901,6011300
2020-06-02,195.940002,197.520004,194.919998,196.360001,187.669922,8462100
2020-06-03,198.000000,198.139999,195.570007,196.869995,188.157364,8879400
2020-06-04,195.979996,196.460007,193.119995,193.639999,185.070313,7829800
2020-06-05,196.199997,199.770004,195.479996,199.610001,190.776154,8561200
2020-06-08,199.580002,199.960007,197.130005,199.600006,190.766571,7628100
2020-06-09,198.360001,201.669998,198.240005,199.080002,190.269577,6892300
2020-06-10,199.899994,202.179993,198.949997,200.479996,191.607590,8405300
2020-06-11,195.139999,196.360001,188.750000,188.880005,180.520966,11974600
2020-06-12,194.210007,195.000000,187.850006,192.259995,183.751358,11706300
2020-06-15,187.000000,192.479996,186.210007,191.759995,183.273514,6752700
2020-06-16,196.860001,198.380005,191.800003,192.880005,184.343964,11057200
2020-06-17,193.660004,195.369995,193.059998,193.559998,184.993881,5968900
2020-06-18,192.600006,194.250000,192.110001,193.910004,185.328400,5803200
2020-06-19,196.889999,197.100006,191.369995,192.199997,183.694061,11483300
2020-06-22,191.990005,196.360001,191.289993,194.960007,186.331909,6674500
2020-06-23,196.250000,200.149994,195.820007,197.970001,189.208694,9866800
2020-06-24,197.020004,197.479996,190.690002,191.410004,182.938980,9453100
2020-06-25,191.100006,194.240005,189.899994,193.979996,185.395248,9936600
2020-06-26,193.100006,194.130005,189.080002,189.270004,180.893677,11836000
2020-06-29,189.910004,191.449997,187.300003,191.380005,182.910355,8020400
2020-06-30,191.490005,193.750000,190.160004,193.169998,184.621124,9040100
2020-07-01,193.850006,195.350006,192.660004,193.779999,185.204147,6394100
2020-07-02,196.000000,197.919998,195.000000,195.669998,187.010437,6299300
2020-07-06,198.729996,199.179993,195.679993,197.759995,189.007965,7292200
2020-07-07,196.809998,198.899994,193.809998,194.199997,185.605560,7660100
2020-07-08,195.080002,195.520004,193.119995,195.070007,186.437042,8368000
2020-07-09,195.000000,195.490005,189.949997,192.210007,183.703598,8548200
2020-07-10,191.649994,192.820007,189.440002,192.550003,184.028549,7674200
2020-07-13,193.610001,195.190002,188.699997,189.020004,180.654785,8564100
2020-07-14,189.500000,193.470001,187.179993,193.330002,184.774094,8003900
2020-07-15,195.229996,197.770004,194.500000,196.550003,187.851501,7681100
2020-07-16,195.330002,195.710007,192.520004,193.500000,184.936554,5064000
2020-07-17,194.830002,195.570007,193.119995,195.089996,186.456192,6395000
2020-07-20,194.740005,199.479996,193.669998,198.470001,189.686554,6985300
2020-07-21,200.000000,200.169998,195.679993,196.479996,187.784607,7218700
2020-07-22,196.479996,199.000000,196.250000,198.860001,190.059326,6823400
2020-07-23,198.440002,200.949997,196.429993,197.429993,188.692535,6106700
2020-07-24,195.669998,197.479996,194.029999,195.149994,186.513474,7160300
2020-07-27,195.160004,197.809998,194.199997,196.910004,188.195633,5604700
2020-07-28,197.690002,199.369995,196.710007,196.740005,188.033157,6897300
2020-07-29,193.089996,198.889999,193.050003,198.580002,189.791702,9471300
2020-07-30,195.199997,196.559998,192.119995,194.059998,185.471725,10499400
2020-07-31,194.419998,194.690002,189.440002,190.399994,181.973679,14180800
2020-08-03,191.800003,193.339996,190.210007,190.690002,182.250870,11405200
2020-08-04,191.130005,192.940002,190.080002,192.289993,183.780045,8204000
2020-08-05,193.559998,198.179993,193.100006,196.100006,187.421463,8876800
2020-08-06,195.979996,198.919998,194.789993,198.770004,189.973312,7480300
2020-08-07,197.589996,197.979996,195.300003,196.360001,187.669922,5654000
2020-08-10,196.360001,198.309998,195.330002,196.789993,188.080917,5525400
2020-08-11,197.820007,202.889999,196.339996,197.770004,189.017548,11549600
2020-08-12,199.000000,200.229996,198.240005,198.740005,189.944595,5432500
2020-08-13,197.130005,199.940002,197.029999,197.580002,189.121445,7014800
2020-08-14,197.009995,198.070007,195.770004,196.639999,188.221649,5014400
2020-08-17,197.300003,200.460007,196.710007,199.429993,190.892258,6256200
2020-08-18,199.979996,200.100006,196.820007,199.009995,190.490204,6519900
2020-08-19,198.919998,202.839996,198.899994,200.990005,192.385422,9467600
2020-08-20,199.899994,204.440002,199.600006,204.149994,195.410202,8849200
2020-08-21,204.500000,205.139999,203.339996,204.130005,195.390961,9998300
2020-08-24,205.009995,206.449997,204.669998,206.410004,197.573410,6159600
2020-08-25,207.190002,208.199997,205.539993,208.100006,199.191071,5828300
2020-08-26,208.100006,210.800003,207.300003,210.259995,201.258560,7035200
2020-08-27,211.210007,212.179993,209.050003,211.029999,201.995621,8619600
2020-08-28,212.000000,216.160004,211.220001,215.710007,206.475281,7349800
2020-08-31,215.539993,215.960007,211.559998,211.990005,202.914551,9326900
2020-09-01,212.210007,213.889999,211.119995,213.350006,204.216293,5642900
2020-09-02,214.130005,217.350006,213.770004,216.479996,207.212280,9863800
2020-09-03,214.929993,214.929993,207.089996,208.960007,200.014252,11310200
2020-09-04,208.490005,210.500000,200.149994,204.660004,195.898315,13243600
2020-09-08,200.779999,202.250000,199.210007,200.119995,191.552734,14186900
2020-09-09,204.350006,206.289993,201.949997,204.059998,195.324005,7532600
2020-09-10,204.860001,207.000000,200.449997,201.539993,192.911942,7243000
2020-09-11,201.580002,202.410004,198.910004,200.679993,192.088715,7439000
2020-09-14,203.350006,206.410004,203.139999,204.979996,196.204651,11730500
2020-09-15,206.750000,208.210007,204.770004,205.389999,196.597061,6328600
2020-09-16,206.740005,207.750000,204.949997,205.130005,196.348221,6135000
2020-09-17,202.850006,205.580002,202.000000,205.270004,196.482208,7474900
2020-09-18,205.470001,205.720001,201.720001,202.610001,193.936081,9084100
2020-09-21,199.910004,201.250000,194.699997,197.449997,188.997009,9656000
2020-09-22,198.089996,200.710007,196.800003,200.559998,191.973831,7543100
2020-09-23,200.800003,201.089996,194.570007,195.369995,187.006042,6310600
2020-09-24,195.149994,197.669998,193.130005,195.520004,187.149643,9865300
2020-09-25,195.020004,198.139999,193.509995,197.250000,188.805557,5496100
2020-09-28,200.630005,201.720001,199.830002,200.320007,191.744141,5565300
2020-09-29,200.580002,202.380005,199.369995,199.440002,190.901794,5513500
2020-09-30,200.850006,202.539993,198.889999,199.970001,191.409119,9157600
2020-10-01,202.210007,205.199997,201.639999,203.350006,194.644409,7234600
2020-10-02,200.000000,202.830002,199.399994,201.460007,192.835297,6019700
2020-10-05,202.710007,203.649994,201.050003,203.539993,194.826263,6090500
2020-10-06,204.110001,205.100006,199.710007,200.449997,191.868561,5841100
2020-10-07,202.000000,202.789993,199.990005,202.470001,193.802078,6713400
2020-10-08,204.000000,204.300003,202.229996,202.979996,194.290237,3955600
2020-10-09,204.000000,207.080002,203.679993,206.639999,197.793594,5562900
2020-10-12,206.940002,207.970001,205.729996,206.399994,197.563828,6622700
2020-10-13,203.380005,205.210007,203.029999,204.320007,195.572876,5621700
2020-10-14,204.710007,204.970001,201.130005,202.199997,193.543686,5320000
2020-10-15,201.009995,204.699997,197.600006,199.550003,191.007111,8885500
2020-10-16,199.990005,202.649994,199.410004,200.259995,191.686691,6385900
2020-10-19,200.850006,201.070007,196.500000,196.970001,188.537567,7449600
2020-10-20,197.550003,199.660004,196.710007,197.699997,189.236298,7427000
2020-10-21,197.830002,200.419998,197.830002,198.429993,189.935028,6067200
2020-10-22,199.339996,199.770004,195.759995,197.990005,189.513855,4908200
2020-10-23,199.750000,199.880005,196.020004,198.009995,189.533005,5877200
2020-10-26,196.000000,196.419998,190.720001,193.070007,184.804535,12608700
2020-10-27,193.000000,193.699997,189.220001,190.059998,181.923401,8690400
2020-10-28,183.979996,184.699997,179.339996,180.869995,173.126785,17809500
2020-10-29,183.000000,187.000000,179.339996,184.869995,176.955536,16820900
2020-10-30,182.660004,184.220001,179.229996,181.710007,173.930832,10252900
2020-11-02,184.509995,186.919998,183.889999,184.740005,176.831116,8057100
2020-11-03,186.830002,189.529999,185.160004,188.339996,180.277008,6467900
2020-11-04,192.889999,196.880005,191.529999,193.970001,185.666016,8102700
2020-11-05,198.360001,200.990005,197.289993,197.639999,189.178864,7132100
2020-11-06,197.350006,199.679993,195.429993,198.470001,189.973358,6180500
2020-11-09,214.690002,217.649994,212.279999,212.679993,203.574966,17916900
2020-11-10,211.940002,214.059998,210.550003,213.309998,204.177963,7943600
2020-11-11,212.169998,214.279999,211.669998,212.699997,203.594116,5337200
2020-11-12,211.429993,212.539993,207.139999,208.259995,199.644562,7302500
2020-11-13,209.910004,211.279999,207.300003,210.479996,201.772751,6377500
2020-11-16,214.570007,215.089996,211.830002,212.699997,203.900879,12083200
2020-11-17,210.559998,212.089996,209.500000,210.710007,201.993210,7268800
2020-11-18,209.720001,211.149994,207.669998,207.830002,199.232376,6977900
2020-11-19,207.240005,208.729996,205.529999,207.570007,198.983124,5657200
2020-11-20,207.130005,208.110001,203.809998,203.880005,195.445740,9653500
2020-11-23,204.699997,209.000000,204.699997,208.160004,199.548676,6101900
2020-11-24,210.850006,213.820007,209.399994,209.679993,201.005814,10110800
2020-11-25,209.669998,211.949997,208.869995,210.889999,202.165771,6772900
2020-11-27,212.000000,212.029999,208.809998,211.000000,202.271210,3512900
2020-11-30,209.539993,210.539993,206.600006,210.350006,201.648132,7725500
2020-12-01,212.130005,213.669998,211.039993,211.199997,202.462952,8047900
2020-12-02,211.000000,211.399994,208.479996,210.179993,201.485153,9728900
2020-12-03,209.779999,211.110001,207.610001,208.050003,199.443283,9203300
2020-12-04,209.740005,212.720001,208.509995,212.679993,203.881699,5720100
2020-12-07,211.970001,214.500000,211.800003,212.649994,203.852982,10624500
2020-12-08,209.949997,213.130005,209.889999,212.770004,203.967987,8646200
2020-12-09,213.229996,213.500000,208.949997,209.580002,200.909973,6251100
2020-12-10,208.509995,209.300003,207.250000,207.610001,199.021454,10492000
2020-12-11,205.360001,206.889999,204.500000,206.240005,197.708176,9227600
2020-12-14,207.850006,211.300003,206.970001,207.250000,198.676361,11967700
2020-12-15,208.539993,209.440002,206.160004,208.360001,199.740402,9796100
2020-12-16,208.479996,209.130005,207.139999,208.270004,199.654144,7504400
2020-12-17,209.000000,211.779999,208.850006,211.179993,202.443756,6517200
2020-12-18,211.020004,211.979996,209.869995,211.309998,202.568405,13298200
2020-12-21,208.270004,209.800003,204.789993,209.009995,200.363510,7576700
2020-12-22,208.389999,208.399994,205.600006,205.839996,197.324692,7396200
2020-12-23,207.330002,207.330002,205.110001,205.300003,196.807037,6523100
2020-12-24,206.639999,208.820007,206.600006,208.699997,200.066360,3367900
2020-12-28,209.850006,213.460007,208.949997,212.630005,203.833786,5816200
2020-12-29,214.610001,215.240005,213.539993,214.369995,205.501831,6093400
2020-12-30,216.000000,220.389999,215.649994,218.360001,209.326767,8875100
2020-12-31,218.399994,219.820007,216.199997,218.729996,209.681412,5922200
2021-01-04,220.250000,220.250000,214.240005,217.759995,208.751572,10318300
2021-01-05,216.309998,218.460007,213.639999,214.509995,205.636047,6869700
2021-01-06,213.800003,216.169998,212.070007,212.619995,203.824188,7206200
2021-01-07,212.199997,215.220001,212.199997,213.809998,204.964951,10967900
2021-01-08,214.169998,216.119995,212.750000,215.449997,206.537109,6513000
2021-01-11,213.960007,214.860001,212.479996,212.889999,204.083023,7353100
2021-01-12,212.339996,212.789993,207.470001,208.860001,200.219742,9331600
2021-01-13,209.410004,211.000000,208.630005,209.350006,200.689453,6688500
2021-01-14,210.570007,211.210007,201.729996,201.860001,193.509308,12887500
2021-01-15,201.539993,203.259995,200.429993,201.589996,193.250488,8755000
2021-01-19,203.050003,204.169998,200.070007,201.660004,193.317596,9772000
2021-01-20,203.029999,207.190002,202.229996,206.009995,197.487656,12675700
2021-01-21,206.050003,207.169998,204.750000,205.139999,196.653641,6513500
2021-01-22,203.990005,205.330002,201.800003,202.020004,193.662720,7316200
2021-01-25,200.339996,201.639999,195.750000,200.979996,192.665741,19282400
2021-01-26,201.759995,203.490005,200.970001,202.009995,193.653122,9605300
2021-01-27,197.639999,199.699997,193.960007,194.970001,186.904343,13772400
2021-01-28,200.000000,202.000000,198.169998,198.220001,190.019928,11041300
2021-01-29,197.820007,203.050003,192.809998,193.250000,185.255524,21503000
2021-02-01,195.139999,199.210007,195.020004,198.360001,190.154144,12970700
2021-02-02,200.850006,204.350006,200.000000,202.610001,194.228302,11305100
2021-02-03,203.070007,203.509995,200.979996,201.360001,193.030014,13458600
2021-02-04,203.240005,209.679993,203.100006,209.250000,200.593643,14534800
2021-02-05,209.979996,210.130005,208.660004,208.770004,200.133469,10284000
2021-02-08,210.000000,210.649994,205.910004,206.889999,198.331192,8637100
2021-02-09,205.759995,207.630005,203.699997,206.520004,197.976563,7619400
2021-02-10,207.970001,207.970001,205.940002,206.440002,197.899902,8467600
2021-02-11,207.330002,211.589996,207.190002,210.660004,202.258804,8411100
2021-02-12,209.360001,211.130005,207.679993,209.960007,201.586716,6911000
2021-02-16,210.660004,211.050003,207.350006,207.899994,199.608841,9652700
2021-02-17,205.259995,208.279999,205.059998,207.509995,199.234421,8373200
2021-02-18,205.880005,209.699997,204.960007,209.350006,201.001007,7328600
2021-02-19,209.339996,209.529999,203.759995,204.729996,196.565292,15011500
2021-02-22,203.550003,210.649994,203.110001,208.320007,200.012115,8337700
2021-02-23,207.399994,213.910004,206.550003,212.110001,203.650955,10571700
2021-02-24,212.360001,220.529999,211.289993,219.429993,210.679062,12039000
2021-02-25,219.289993,220.449997,212.580002,213.750000,205.225555,11404300
2021-02-26,214.050003,215.210007,210.740005,212.389999,203.919800,11730000
2021-03-01,214.970001,217.800003,214.789993,216.630005,207.990753,6982000
2021-03-02,216.960007,217.929993,214.820007,215.770004,207.165039,6155200
2021-03-03,215.149994,217.190002,212.860001,214.850006,206.281723,6484600
2021-03-04,215.970001,217.020004,208.669998,211.500000,203.065308,10658900
2021-03-05,213.729996,216.100006,209.630005,215.410004,206.819366,7582000
2021-03-08,216.979996,226.130005,215.809998,220.270004,211.485565,14750400
2021-03-09,222.059998,225.000000,220.190002,220.360001,211.571960,9228600
2021-03-10,220.720001,224.190002,219.399994,223.169998,214.269913,7822900
2021-03-11,224.529999,228.229996,223.809998,226.149994,217.131027,10053400
2021-03-12,225.279999,226.539993,223.419998,224.360001,215.412430,8172400
2021-03-15,224.229996,227.089996,221.740005,223.270004,214.365921,9306100
2021-03-16,223.710007,225.580002,222.300003,224.699997,215.738876,8949300
2021-03-17,225.050003,226.240005,221.759995,223.020004,214.125900,8675600
2021-03-18,221.429993,222.520004,219.580002,220.660004,211.859985,9321800
2021-03-19,219.119995,220.169998,206.880005,206.899994,198.648773,32209700
2021-03-22,206.550003,212.289993,206.229996,208.000000,199.704865,11371600
2021-03-23,209.050003,209.960007,207.500000,208.149994,199.848907,8820700
2021-03-24,208.750000,211.139999,207.929993,208.070007,199.772110,10101600
2021-03-25,207.669998,208.820007,205.779999,207.970001,199.676071,8390800
2021-03-26,208.250000,213.699997,207.699997,213.529999,205.014343,7399900
2021-03-29,212.449997,215.289993,211.119995,214.509995,205.955261,7792300
2021-03-30,213.009995,214.149994,211.410004,211.899994,203.449371,5498000
2021-03-31,212.550003,214.110001,211.550003,211.729996,203.286148,13180000
2021-04-01,213.779999,217.740005,212.300003,216.860001,208.211578,6138400
2021-04-05,218.600006,220.509995,217.309998,219.039993,210.304626,10440500
2021-04-06,217.619995,219.399994,215.339996,218.649994,209.930191,7828100
2021-04-07,219.119995,221.039993,218.639999,219.270004,210.525436,5614300
2021-04-08,219.970001,222.820007,218.110001,220.699997,211.898392,11042000
2021-04-09,221.000000,222.600006,219.509995,222.520004,213.645813,5724900
2021-04-12,220.240005,221.910004,219.220001,221.470001,212.637726,6315200
2021-04-13,221.000000,221.619995,220.220001,221.020004,212.205643,4764000
2021-04-14,221.000000,223.100006,220.070007,221.979996,213.127350,4972600
2021-04-15,223.889999,227.630005,223.860001,226.279999,217.255844,8698100
2021-04-16,227.169998,227.800003,225.759995,226.410004,217.380707,6829400
2021-04-19,225.750000,227.580002,225.080002,225.789993,216.785370,6541600
2021-04-20,224.779999,225.380005,221.820007,223.279999,214.375534,5799100
2021-04-21,223.309998,227.869995,222.869995,227.449997,218.379181,9490600
2021-04-22,227.300003,230.929993,226.889999,227.570007,218.494431,7303000
2021-04-23,228.610001,231.820007,227.710007,230.000000,220.827530,5345200
2021-04-26,230.770004,232.949997,229.520004,230.339996,221.153976,5650000
2021-04-27,231.029999,231.160004,228.990005,229.910004,220.741104,6642100
2021-04-28,230.949997,236.270004,230.669998,233.449997,224.139908,10111400
2021-04-29,235.229996,237.500000,233.149994,236.860001,227.413910,7411400
2021-04-30,235.320007,235.929993,232.289993,233.559998,224.245529,10260200
2021-05-03,234.050003,235.740005,231.389999,232.610001,223.333450,8174400
2021-05-04,231.600006,232.389999,230.229996,232.029999,222.776581,5884500
2021-05-05,233.850006,233.850006,228.660004,229.210007,220.069000,6523200
2021-05-06,229.630005,231.580002,228.660004,231.320007,222.094894,6124100
2021-05-07,232.339996,233.220001,230.710007,232.119995,222.862930,4528700
2021-05-10,231.600006,232.000000,225.160004,225.970001,216.958252,9627400
2021-05-11,223.740005,226.419998,222.039993,225.479996,216.487778,7633300
2021-05-12,223.630005,225.000000,220.309998,220.630005,211.831177,7721300
2021-05-13,221.509995,224.899994,220.889999,223.740005,215.129181,6650100
2021-05-14,225.820007,227.509995,224.919998,226.940002,218.206039,4777200
2021-05-17,226.179993,227.160004,225.320007,226.440002,217.725311,5534200
2021-05-18,228.389999,229.179993,225.429993,225.570007,216.888733,6900000
2021-05-19,222.759995,224.850006,221.789993,224.589996,215.946457,9311900
2021-05-20,225.440002,227.600006,225.240005,226.440002,217.725311,7478600
2021-05-21,226.880005,229.309998,226.550003,226.770004,218.042572,5603900
2021-05-24,227.949997,230.110001,227.630005,229.320007,220.494446,4040100
2021-05-25,229.899994,230.190002,228.419998,229.020004,220.206039,4689100
2021-05-26,228.050003,229.350006,226.380005,227.070007,218.331024,4295600
2021-05-27,227.759995,228.419998,226.369995,226.860001,218.129120,5969600
2021-05-28,227.589996,229.429993,227.149994,227.300003,218.552170,5779700
2021-06-01,229.440002,230.080002,226.279999,226.630005,217.907959,5091500
2021-06-02,229.220001,233.110001,228.779999,229.660004,220.821350,9081100
2021-06-03,229.000000,230.389999,227.770004,228.110001,219.331009,6382400
2021-06-04,229.350006,230.699997,228.729996,230.139999,221.282928,5085700
2021-06-07,232.850006,234.679993,230.080002,231.320007,222.417450,5421300
2021-06-08,232.149994,232.850006,230.160004,232.050003,223.119354,4170600
2021-06-09,232.500000,234.850006,232.119995,232.309998,223.369370,4659000
2021-06-10,233.100006,234.259995,232.130005,233.949997,224.946274,4452500
2021-06-11,234.389999,235.440002,233.710007,234.960007,225.917404,5378300
2021-06-14,234.699997,235.220001,231.570007,234.080002,225.071198,5805800
2021-06-15,234.440002,234.800003,232.619995,232.979996,224.013596,7093800
2021-06-16,233.619995,234.179993,228.000000,229.600006,220.763687,8905400
2021-06-17,229.210007,233.339996,229.210007,232.149994,223.215515,6876700
2021-06-18,230.449997,232.179993,229.220001,230.410004,221.542480,8840000
2021-06-21,231.449997,235.009995,230.399994,234.320007,225.302017,7298400
2021-06-22,234.300003,236.089996,233.240005,235.929993,226.850052,8858400
2021-06-23,235.449997,235.919998,233.940002,234.679993,225.648178,6814700
2021-06-24,237.000000,238.250000,235.410004,236.240005,227.148132,4611500
2021-06-25,236.399994,238.479996,236.320007,237.320007,228.186554,7825200
2021-06-28,238.000000,238.369995,231.860001,234.089996,225.080856,9301700
2021-06-29,234.570007,236.520004,234.149994,235.949997,226.869263,11897700
2021-06-30,235.110001,236.399994,233.820007,233.820007,224.821274,7797100
2021-07-01,234.199997,236.250000,234.050003,235.149994,226.100052,5329600
2021-07-02,235.830002,238.779999,235.820007,238.630005,229.446152,4383700
2021-07-06,239.500000,240.610001,237.210007,239.600006,230.378815,8048700
2021-07-07,240.259995,241.039993,238.300003,240.000000,230.763397,4366100
2021-07-08,236.970001,237.070007,234.550003,236.610001,227.503876,6388000
2021-07-09,238.759995,239.449997,237.419998,238.470001,229.292282,5615900
2021-07-12,237.580002,238.509995,237.270004,237.869995,228.715378,7010700
2021-07-13,238.250000,242.479996,238.250000,242.350006,233.022980,8079200
2021-07-14,243.220001,246.809998,242.820007,245.990005,236.522888,8693400
2021-07-15,245.309998,248.800003,245.309998,248.550003,238.984344,10135100
2021-07-16,249.990005,250.460007,247.520004,248.119995,238.570892,8674500
2021-07-19,243.990005,244.449997,238.899994,240.410004,231.157639,11474600
2021-07-20,240.639999,244.210007,239.509995,242.699997,233.359497,7072300
2021-07-21,243.289993,246.899994,242.300003,243.660004,234.282578,11241400
2021-07-22,243.779999,245.350006,243.149994,244.139999,234.744064,10293600
2021-07-23,246.759995,250.009995,246.759995,249.020004,239.436295,6766000
2021-07-26,249.210007,250.360001,247.699997,250.250000,240.618927,4879000
2021-07-27,249.190002,252.669998,248.220001,250.929993,241.272766,7038300
2021-07-28,250.050003,251.500000,245.910004,246.940002,237.436340,9036500
2021-07-29,248.110001,250.380005,247.100006,247.919998,238.378601,7495300
2021-07-30,247.210007,248.460007,246.000000,246.389999,236.907486,5804700
2021-08-02,246.240005,247.830002,238.369995,239.779999,230.551895,9989500
2021-08-03,240.630005,241.389999,234.029999,237.089996,227.965393,9839000
2021-08-04,237.000000,237.550003,235.050003,236.669998,227.561569,8171800
2021-08-05,236.610001,240.250000,236.429993,240.210007,230.965332,5337500
2021-08-06,240.000000,242.600006,239.860001,241.399994,232.109543,4509700
2021-08-09,241.750000,242.179993,238.050003,240.000000,230.763397,5226900
2021-08-10,240.509995,241.339996,235.559998,238.070007,228.907654,7185700
2021-08-11,238.080002,238.360001,234.580002,235.059998,226.013550,7375700
2021-08-12,233.889999,234.110001,231.020004,231.789993,223.173218,9867000
2021-08-13,232.000000,233.270004,231.399994,232.649994,224.001221,5445400
2021-08-16,232.210007,235.479996,230.199997,235.360001,226.610489,7575900
2021-08-17,235.000000,235.669998,233.220001,234.529999,225.811340,6850500
2021-08-18,233.919998,234.350006,231.470001,231.630005,223.019180,4996500
2021-08-19,229.039993,232.429993,228.899994,231.570007,222.961472,5761300
2021-08-20,231.869995,232.160004,230.300003,231.360001,222.759216,5522200
2021-08-23,232.699997,234.649994,232.000000,234.139999,225.435822,6342000
2021-08-24,235.039993,236.190002,233.949997,234.240005,225.532120,5081800
2021-08-25,235.000000,235.000000,232.080002,232.589996,223.943481,5277100
2021-08-26,232.130005,232.630005,230.149994,230.520004,221.950409,5889100
2021-08-27,231.020004,233.050003,230.229996,232.690002,224.039780,6369000
2021-08-30,232.690002,233.669998,229.919998,231.229996,222.634064,6448000
2021-08-31,230.910004,231.839996,228.660004,229.100006,220.583206,9405100
2021-09-01,229.100006,230.779999,228.770004,230.119995,221.565277,8177600
2021-09-02,230.429993,230.550003,221.960007,224.179993,215.846100,19708800
2021-09-03,224.000000,227.300003,223.350006,225.110001,216.741547,11532000
2021-09-07,226.740005,228.000000,225.860001,226.270004,217.858429,9662600
2021-09-08,227.380005,230.220001,227.039993,229.089996,220.573547,10652600
2021-09-09,229.309998,230.000000,227.100006,227.490005,219.033066,5853000
2021-09-10,229.850006,230.039993,224.820007,224.910004,216.548965,6715400
2021-09-13,225.529999,227.199997,223.410004,224.630005,216.279358,6808100
2021-09-14,225.000000,225.809998,222.279999,223.029999,214.738846,6575700
2021-09-15,222.520004,224.839996,221.360001,223.809998,215.489853,6535800
2021-09-16,223.860001,225.199997,222.750000,224.330002,215.990524,5928500
2021-09-17,222.449997,223.699997,219.300003,221.750000,213.506454,13787400
2021-09-20,216.960007,220.500000,216.309998,220.050003,211.869629,8822600
2021-09-21,220.750000,222.169998,218.979996,220.169998,211.985168,7033600
2021-09-22,221.399994,224.100006,221.100006,222.750000,214.469254,6005900
2021-09-23,225.000000,228.699997,224.360001,228.309998,219.822601,7952700
2021-09-24,228.929993,231.949997,228.619995,231.589996,222.980606,6461200
2021-09-27,231.720001,233.330002,228.770004,229.600006,221.064636,6881100
2021-09-28,228.869995,228.869995,224.000000,225.559998,217.174805,6951400
2021-09-29,226.800003,229.020004,226.089996,226.679993,218.253174,6432700
2021-09-30,227.580002,228.789993,222.630005,222.750000,214.469254,7128500
2021-10-01,224.169998,231.559998,223.470001,230.460007,221.892654,7925400
2021-10-04,230.000000,230.330002,220.809998,224.729996,216.375626,10283400
2021-10-05,225.479996,227.380005,223.919998,224.279999,215.942398,5814000
2021-10-06,222.039993,226.619995,221.250000,226.509995,218.089478,5420900
2021-10-07,228.910004,231.160004,228.490005,230.550003,221.979324,6561900
2021-10-08,231.000000,232.729996,230.179993,230.270004,221.709717,3735200
2021-10-11,230.009995,230.320007,224.869995,225.110001,216.741547,5620200
2021-10-12,225.559998,226.220001,222.919998,224.050003,215.720947,5448200
2021-10-13,223.130005,225.860001,218.630005,222.460007,214.190063,9076000
2021-10-14,224.119995,225.649994,223.059998,225.179993,216.808914,5590500
2021-10-15,227.220001,231.089996,226.729996,230.990005,222.402954,6355100
2021-10-18,230.179993,232.759995,228.139999,230.649994,222.075562,5580200
2021-10-19,231.949997,233.639999,230.679993,233.520004,224.838882,4409700
2021-10-20,233.460007,233.800003,231.309998,231.419998,222.816956,5401800
2021-10-21,230.699997,230.830002,226.300003,230.240005,221.680847,5982200
2021-10-22,230.289993,232.820007,228.710007,231.229996,222.634064,3788000
2021-10-25,233.449997,234.860001,232.289993,233.880005,225.185562,4938700
2021-10-26,235.529999,236.960007,231.330002,231.820007,223.202087,7814500
2021-10-27,224.750000,224.750000,215.660004,215.779999,207.758362,22958100
2021-10-28,219.250000,219.990005,209.009995,209.839996,202.039200,23199400
2021-10-29,209.210007,213.669998,208.539993,211.770004,203.897461,14329800
2021-11-01,213.490005,215.250000,211.449997,212.460007,204.561798,13210300
2021-11-02,213.160004,213.350006,207.820007,209.139999,201.365204,14688700
2021-11-03,209.690002,210.149994,206.729996,208.100006,200.363892,11486700
2021-11-04,209.160004,212.360001,207.869995,208.779999,201.018616,11368200
2021-11-05,211.949997,217.630005,211.360001,216.669998,208.615295,14273600
2021-11-08,218.369995,221.610001,218.149994,220.490005,212.293289,13500100
2021-11-09,219.690002,220.410004,212.919998,213.389999,205.457214,11535000
2021-11-10,213.550003,216.949997,213.330002,215.559998,207.911911,10063600
2021-11-11,216.470001,216.779999,210.160004,210.419998,202.954300,13546900
2021-11-12,211.500000,213.580002,211.429993,212.089996,204.565002,7660500
2021-11-15,213.619995,216.399994,211.809998,212.300003,204.767609,9596900
2021-11-16,212.160004,215.649994,211.660004,215.179993,207.545364,8719600
2021-11-17,205.949997,207.309998,199.460007,205.059998,197.784439,38379600
2021-11-18,206.500000,207.869995,201.270004,203.330002,196.115829,18292200
2021-11-19,202.039993,203.500000,199.850006,200.860001,193.733475,18032600
2021-11-22,200.000000,201.699997,194.600006,195.580002,188.640808,21185800
2021-11-23,196.970001,198.919998,194.380005,198.490005,191.447586,14742700
2021-11-24,198.169998,203.949997,197.639999,203.250000,196.038681,12026800
2021-11-26,193.320007,199.190002,192.550003,197.649994,190.637375,10987600
2021-11-29,201.000000,201.250000,195.360001,196.289993,189.325638,14633500
2021-11-30,195.270004,197.660004,192.559998,193.770004,186.895035,16023000
2021-12-01,196.029999,196.809998,190.100006,190.160004,183.413101,13204900
2021-12-02,192.000000,199.440002,191.850006,198.289993,191.254654,13976300
2021-12-03,198.270004,198.470001,194.039993,196.320007,189.354553,10660500
2021-12-06,198.770004,204.220001,197.740005,202.679993,195.488876,10722100
2021-12-07,206.000000,207.940002,205.889999,207.369995,200.012482,11897200
2021-12-08,207.660004,209.479996,205.710007,208.990005,201.575012,11749200
2021-12-09,208.520004,212.199997,207.169998,211.389999,203.889893,10176800
2021-12-10,211.899994,214.250000,210.860001,213.399994,205.828552,8882700
2021-12-13,212.449997,213.320007,209.979996,211.020004,203.532990,8844300
2021-12-14,210.729996,213.369995,208.449997,209.979996,202.529907,9832300
2021-12-15,209.399994,212.490005,207.860001,212.309998,204.777237,10892500
2021-12-16,215.289993,216.270004,211.610001,214.369995,206.764114,8548400
2021-12-17,212.800003,213.210007,207.789993,211.880005,204.362488,11578400
2021-12-20,209.089996,209.770004,206.860001,208.740005,201.333923,9434400
2021-12-21,210.610001,216.160004,210.360001,215.380005,207.738312,6993700
2021-12-22,213.850006,218.940002,213.850006,217.960007,210.226761,6003400
2021-12-23,218.440002,218.520004,216.619995,216.619995,208.934296,4798200
2021-12-27,217.679993,218.119995,214.880005,217.630005,209.908508,4818400
2021-12-28,216.009995,219.729996,215.580002,218.050003,210.313538,4279800
2021-12-29,217.759995,218.940002,217.330002,218.169998,210.429291,3223100
2021-12-30,217.970001,219.149994,217.149994,217.869995,210.139969,3812800
2021-12-31,216.809998,217.979996,215.490005,216.710007,209.021149,4723300
2022-01-03,217.520004,222.059998,217.009995,221.429993,213.573624,7694500
2022-01-04,222.000000,226.789993,221.809998,222.460007,214.567108,10629300
2022-01-05,222.639999,225.270004,219.919998,220.000000,212.194366,9594600
2022-01-06,217.800003,221.910004,217.550003,219.750000,211.953293,7877500
2022-01-07,217.309998,220.199997,215.639999,216.960007,209.262253,10702100
2022-01-10,213.979996,214.199997,206.500000,211.970001,204.449280,11978600
2022-01-11,211.419998,214.949997,208.740005,214.380005,206.773788,8803100
2022-01-12,214.479996,217.580002,213.809998,215.710007,208.056641,6923300
2022-01-13,216.850006,220.479996,214.660004,215.000000,207.371780,8867700
2022-01-14,214.169998,218.250000,213.710007,214.669998,207.053513,8838100
2022-01-18,215.880005,216.910004,214.330002,215.710007,208.056641,9099300
2022-01-19,213.000000,218.229996,212.110001,214.679993,207.063126,9399800
2022-01-20,214.720001,219.600006,213.940002,214.350006,206.744873,8532700
2022-01-21,215.460007,215.600006,205.820007,205.929993,198.623627,16200200
2022-01-24,202.179993,202.720001,195.649994,201.850006,194.688385,16054000
2022-01-25,199.619995,205.380005,196.990005,202.000000,194.833069,12125500
2022-01-26,204.279999,210.860001,203.669998,205.869995,198.565750,10817600
2022-01-27,209.500000,210.960007,205.850006,206.149994,198.835785,12009800
2022-01-28,220.639999,228.119995,216.100006,228.000000,219.910568,26425300
2022-01-31,225.550003,226.380005,222.050003,226.169998,218.145508,12380600
2022-02-01,226.899994,234.610001,226.419998,232.360001,224.115829,12247200
2022-02-02,231.300003,235.850006,230.009995,235.419998,227.067291,10590500
2022-02-03,233.039993,233.490005,230.550003,231.539993,223.324951,9968000
2022-02-04,228.500000,230.220001,224.949997,228.389999,220.286728,10848100
2022-02-07,228.000000,229.919998,226.009995,227.160004,219.100388,5984500
2022-02-08,226.259995,228.500000,224.750000,227.940002,219.852692,7542000
2022-02-09,230.130005,233.149994,230.119995,230.869995,222.678741,7772800
2022-02-10,228.029999,229.949997,224.869995,225.589996,217.940063,6794600
2022-02-11,227.250000,229.100006,223.539993,224.690002,217.070618,7535200
2022-02-14,223.289993,227.259995,222.809998,225.339996,217.698532,8280800
2022-02-15,227.270004,229.289993,224.910004,227.820007,220.094452,9461700
2022-02-16,227.500000,229.880005,225.600006,228.820007,221.060532,9561300
2022-02-17,228.399994,228.809998,224.169998,224.610001,216.993286,8131200
2022-02-18,224.600006,225.740005,221.839996,222.690002,215.138382,8121200
2022-02-22,221.020004,224.339996,219.919998,221.320007,213.814896,9928800
2022-02-23,222.839996,224.279999,215.419998,215.949997,208.626938,8669900
2022-02-24,203.369995,217.860001,201.449997,217.300003,209.931152,13463400
2022-02-25,217.289993,220.679993,214.250000,219.270004,211.834396,8463600
2022-02-28,216.000000,218.649994,213.240005,216.119995,208.791199,8409400
2022-03-01,214.479996,215.149994,207.279999,208.970001,201.883652,9317800
2022-03-02,206.899994,210.539993,206.190002,208.479996,201.410294,8865700
2022-03-03,210.550003,211.500000,206.559998,207.229996,200.202652,8610000
2022-03-04,205.000000,206.369995,196.860001,200.289993,193.497971,10912300
2022-03-07,199.839996,200.179993,190.050003,190.699997,184.233185,13412400
2022-03-08,190.009995,196.419998,186.669998,191.710007,185.208969,11070900
2022-03-09,196.500000,200.500000,195.240005,199.759995,192.985962,8457600
2022-03-10,196.899994,199.940002,196.300003,197.970001,191.256699,7061600
2022-03-11,200.750000,200.839996,196.460007,196.710007,190.039398,5432100
2022-03-14,198.419998,204.429993,198.160004,200.330002,193.536652,7994700
2022-03-15,202.089996,206.410004,201.399994,206.139999,199.149612,8277700
2022-03-16,210.000000,213.669998,207.000000,211.869995,204.685303,9232300
2022-03-17,209.929993,213.539993,208.720001,213.449997,206.211716,6668500
2022-03-18,211.699997,219.259995,210.289993,219.110001,211.679825,14620800
2022-03-21,216.339996,218.059998,214.550003,217.039993,209.679993,6101500
2022-03-22,217.839996,219.570007,217.179993,218.470001,211.061508,6259900
2022-03-23,215.300003,217.289993,214.199997,214.679993,207.400009,6008000
2022-03-24,214.990005,217.660004,214.000000,217.309998,209.940811,5487000
2022-03-25,218.419998,218.929993,215.690002,218.429993,211.022858,5051400
2022-03-28,218.500000,220.979996,217.509995,220.770004,213.283493,4316800
2022-03-29,224.839996,228.809998,223.779999,228.119995,220.384262,8032500
2022-03-30,225.839996,226.160004,222.729996,223.949997,216.355682,7084000
2022-03-31,223.910004,225.919998,220.440002,221.770004,214.249619,10759500
2022-04-01,223.080002,226.630005,222.229996,226.360001,218.683945,6559600
2022-04-04,225.759995,229.240005,224.960007,227.740005,220.017151,8521200
2022-04-05,226.830002,228.990005,225.309998,226.089996,218.423096,4658000
2022-04-06,222.779999,222.869995,218.619995,219.009995,211.583176,7430000
2022-04-07,218.309998,218.679993,213.679993,216.149994,208.820160,6995100
2022-04-08,214.809998,219.410004,213.080002,216.979996,209.622040,5438600
2022-04-11,215.250000,217.300003,213.410004,214.750000,207.467651,6942700
2022-04-12,216.500000,216.990005,210.699997,211.399994,204.231262,7446600
2022-04-13,210.429993,213.850006,207.169998,213.270004,206.037842,8052900
2022-04-14,214.270004,215.949997,212.529999,212.789993,205.574112,8191600
2022-04-18,211.669998,215.830002,211.520004,213.169998,205.941208,4744400
2022-04-19,213.100006,216.509995,212.440002,215.699997,208.385437,5028800
2022-04-20,218.660004,220.820007,217.389999,217.789993,210.404526,7178300
2022-04-21,219.509995,223.919998,215.350006,216.449997,209.110016,8850300
2022-04-22,216.240005,216.559998,207.949997,208.169998,201.110794,6201100
2022-04-25,206.350006,210.529999,205.330002,209.949997,202.830414,6839400
2022-04-26,206.979996,208.559998,201.100006,201.100006,194.280502,8155300
2022-04-27,217.369995,221.800003,213.050003,214.110001,206.849350,15955800
2022-04-28,220.399994,224.929993,219.270004,220.660004,213.177246,10799100
2022-04-29,218.619995,221.199997,212.350006,213.130005,205.902603,7965000
2022-05-02,211.770004,212.139999,206.960007,211.529999,204.356857,8803700
2022-05-03,213.610001,213.610001,206.270004,208.559998,201.487549,6616900
2022-05-04,209.350006,214.800003,205.330002,214.520004,207.245468,7191100
2022-05-05,212.270004,214.580002,203.070007,205.240005,198.280136,7749600
2022-05-06,203.750000,205.720001,200.220001,202.820007,195.942200,8825300
2022-05-09,200.050003,200.750000,192.080002,193.000000,186.455215,10314100
2022-05-10,196.710007,197.750000,190.970001,193.580002,187.015549,11016500
2022-05-11,193.490005,198.320007,191.399994,196.720001,190.049088,9427300
2022-05-12,194.529999,196.059998,189.949997,193.970001,187.750229,9308600
2022-05-13,197.000000,200.539993,196.500000,199.229996,192.841537,6684500
2022-05-16,197.320007,199.940002,195.880005,197.809998,191.467056,5161300
2022-05-17,202.850006,204.800003,200.149994,204.000000,197.458618,7265600
2022-05-18,202.820007,205.460007,199.130005,199.990005,193.577209,8748200
2022-05-19,196.350006,200.419998,193.309998,197.369995,191.041168,9012400
2022-05-20,199.669998,201.660004,194.020004,199.029999,192.647949,6966600
2022-05-23,200.880005,207.960007,200.770004,207.559998,200.904434,12187400
2022-05-24,203.910004,204.669998,199.029999,202.630005,196.132568,7458500
2022-05-25,200.589996,204.949997,200.470001,203.839996,197.303741,5457200
2022-05-26,205.110001,209.740005,204.669998,208.550003,201.862717,9212300
2022-05-27,210.000000,213.229996,209.639999,212.880005,206.053833,4897200
2022-05-31,210.380005,214.350006,209.110001,212.169998,205.366608,9586400
2022-06-01,212.050003,214.110001,208.820007,209.929993,203.198456,5246100
2022-06-02,211.889999,215.250000,211.080002,215.050003,208.154266,5337200
2022-06-03,212.949997,214.210007,211.270004,212.649994,205.831223,4352500
2022-06-06,215.449997,217.580002,212.089996,212.940002,206.111938,3965100
2022-06-07,211.119995,214.970001,210.720001,214.500000,207.621902,4493300
2022-06-08,213.759995,215.570007,212.830002,213.500000,206.653976,3646300
2022-06-09,212.589996,213.710007,206.020004,206.110001,199.500946,5138600
2022-06-10,201.649994,203.419998,199.179993,199.509995,193.112549,5162500
2022-06-13,192.990005,195.889999,191.080002,192.259995,186.095032,7119200
2022-06-14,192.720001,194.339996,191.750000,193.520004,187.314606,6441200
2022-06-15,195.979996,198.830002,192.229996,196.160004,189.869995,6490000
2022-06-16,191.410004,191.869995,187.529999,189.050003,182.987961,9887200
2022-06-17,186.929993,191.309998,185.910004,190.009995,183.917191,15089300
2022-06-21,195.710007,196.729996,193.729996,194.389999,188.156754,6241600
2022-06-22,191.250000,196.389999,191.029999,193.820007,187.605057,5138500
2022-06-23,196.139999,197.460007,193.449997,196.639999,190.334625,4752800
2022-06-24,197.729996,205.639999,197.509995,205.509995,198.920197,7754800
2022-06-27,205.750000,207.089996,202.610001,203.559998,197.032715,6121200
2022-06-28,204.000000,206.789993,197.500000,198.119995,191.767136,4354200
2022-06-29,197.320007,200.639999,197.320007,199.500000,193.102890,4324600
2022-06-30,195.369995,198.850006,192.850006,196.889999,190.576599,7045200
2022-07-01,196.789993,199.800003,194.710007,199.179993,192.793137,4131800
2022-07-05,196.229996,200.570007,194.139999,200.539993,194.109573,4110200
2022-07-06,200.000000,202.509995,198.669998,201.119995,194.670959,4111200
2022-07-07,202.539993,203.429993,200.039993,202.800003,196.297104,4650700
2022-07-08,202.320007,204.100006,200.460007,203.570007,197.042389,3621800
2022-07-11,202.000000,206.740005,202.000000,205.059998,198.484604,5353600
2022-07-12,203.250000,208.119995,202.759995,204.820007,198.252319,6779500
2022-07-13,200.429993,205.570007,199.500000,204.149994,197.603821,7597300
2022-07-14,200.000000,206.080002,197.979996,205.910004,199.307358,5605500
2022-07-15,209.369995,211.710007,207.179993,210.039993,203.304947,7245700
2022-07-18,211.500000,212.910004,206.639999,207.210007,200.565674,4648900
2022-07-19,208.220001,214.110001,207.899994,213.660004,206.808823,4927100
2022-07-20,212.000000,214.130005,211.210007,213.369995,206.528122,4460300
2022-07-21,213.149994,216.899994,212.729996,216.190002,209.257706,4801300
2022-07-22,217.929993,218.070007,212.119995,213.699997,206.847549,5071500
2022-07-25,214.580002,214.800003,211.619995,214.270004,207.399292,4357200
2022-07-26,213.850006,215.149994,211.750000,212.490005,205.676376,6141000
2022-07-27,210.770004,216.850006,201.199997,210.470001,203.721130,17432200
2022-07-28,210.639999,212.720001,207.919998,211.350006,204.572922,7477100
2022-07-29,212.000000,214.160004,209.830002,212.110001,205.308578,6059700
2022-08-01,208.449997,213.990005,207.559998,211.360001,204.582581,8028400
2022-08-02,207.800003,208.839996,203.929993,206.259995,199.646133,9939400
2022-08-03,207.990005,210.330002,206.880005,208.479996,201.794983,9520100
2022-08-04,210.529999,214.880005,208.550003,213.470001,206.624954,6789700
2022-08-05,210.710007,215.949997,210.500000,215.869995,208.947983,5553700
2022-08-08,215.229996,216.630005,212.050003,213.320007,206.479752,4063400
2022-08-09,212.000000,213.449997,209.750000,210.259995,203.517883,4596800
2022-08-10,214.830002,214.839996,211.309998,212.100006,205.298859,5746400
2022-08-11,213.289993,213.500000,210.589996,211.080002,204.673447,6639600
2022-08-12,213.000000,213.220001,210.100006,211.330002,204.915833,6443700
2022-08-15,210.369995,216.740005,210.369995,216.419998,209.851364,5290600
2022-08-16,214.550003,217.610001,212.130005,217.139999,210.549530,6564400
2022-08-17,215.000000,216.179993,212.750000,214.520004,208.009048,4902500
2022-08-18,213.869995,216.000000,212.429993,215.250000,208.716873,4516400
2022-08-19,214.110001,215.229996,212.389999,212.820007,206.360611,4178800
2022-08-22,209.940002,211.250000,208.199997,208.610001,202.278397,5139500
2022-08-23,208.000000,209.300003,206.529999,206.800003,200.523331,3525500
2022-08-24,206.630005,208.350006,205.679993,206.669998,200.397308,4230800
2022-08-25,207.389999,209.910004,206.500000,209.820007,203.451691,4495000
2022-08-26,209.770004,210.259995,202.699997,202.889999,196.732025,5060200
2022-08-29,201.250000,203.960007,200.619995,202.330002,196.189011,4476200
2022-08-30,203.919998,204.410004,200.210007,201.380005,195.267853,3918200
2022-08-31,201.000000,203.169998,198.639999,198.710007,192.678909,6559000
2022-09-01,198.720001,200.429993,196.660004,200.130005,194.055801,5608300
2022-09-02,202.440002,202.479996,196.850006,197.759995,191.757706,4508100
2022-09-06,197.899994,200.039993,196.399994,198.639999,192.611023,4547800
2022-09-07,198.710007,201.139999,197.220001,200.419998,194.336990,4098300
2022-09-08,197.399994,201.110001,196.960007,200.710007,194.618164,4377600
2022-09-09,202.070007,206.399994,201.350006,205.199997,198.971909,4885600
2022-09-12,206.500000,207.190002,204.949997,206.630005,200.358505,3812300
2022-09-13,202.050003,203.470001,198.869995,199.669998,193.609726,5217900
2022-09-14,200.000000,200.880005,198.059998,199.410004,193.357651,4632800
2022-09-15,198.089996,200.309998,194.529999,195.369995,189.440277,6099300
2022-09-16,190.220001,193.820007,188.220001,193.300003,187.433090,9398200
2022-09-19,191.589996,193.990005,190.710007,193.130005,187.268265,8133600
2022-09-20,191.100006,193.029999,190.289993,192.070007,186.240448,5292500
2022-09-21,192.529999,193.089996,187.000000,187.020004,181.343704,6705900
2022-09-22,186.350006,187.210007,184.660004,185.789993,180.151001,6604700
2022-09-23,183.470001,184.580002,182.229996,183.960007,178.376602,10755800
2022-09-26,183.039993,184.500000,179.899994,180.589996,175.108856,9914600
2022-09-27,182.509995,184.850006,177.020004,177.869995,172.471420,9799600
2022-09-28,177.259995,180.100006,174.830002,179.179993,173.741623,9751000
2022-09-29,178.830002,182.240005,178.729996,180.059998,174.594971,9105200
2022-09-30,180.059998,182.919998,177.600006,177.649994,172.258087,9472300
2022-10-03,179.339996,183.360001,178.149994,181.649994,176.136673,8842300
2022-10-04,185.050003,186.210007,183.070007,185.649994,180.015259,7081400
2022-10-05,183.339996,188.820007,182.360001,187.669998,181.973999,6119900
2022-10-06,186.649994,188.050003,185.250000,185.589996,179.957123,5163000
2022-10-07,183.449997,184.610001,181.929993,183.830002,178.250504,5610300
2022-10-10,184.130005,184.779999,180.899994,182.179993,176.650604,4743800
2022-10-11,180.369995,181.639999,178.190002,179.139999,173.702850,6294500
2022-10-12,179.089996,180.589996,178.220001,178.240005,172.830200,4884300
2022-10-13,175.000000,185.369995,174.600006,184.660004,179.055344,8426400
2022-10-14,186.789993,187.130005,182.070007,182.619995,177.077225,6449400
2022-10-17,186.000000,188.570007,182.850006,185.250000,179.627411,13952100
2022-10-18,189.490005,190.190002,185.740005,187.169998,181.489136,5209200
2022-10-19,185.490005,187.639999,184.759995,186.410004,180.752213,4927000
2022-10-20,186.460007,190.979996,186.429993,187.220001,181.537628,5706700
2022-10-21,185.800003,190.949997,185.050003,190.369995,184.591995,7582500
2022-10-24,191.410004,193.130005,189.100006,190.710007,184.921707,7299200
2022-10-25,190.869995,195.229996,190.720001,194.380005,188.480331,11907200
2022-10-26,196.580002,206.369995,196.500000,203.330002,197.158691,15450000
2022-10-27,203.320007,206.320007,201.589996,204.289993,198.089523,7946700
2022-10-28,205.000000,211.520004,203.309998,209.339996,202.986267,8455600
2022-10-31,208.919998,209.619995,206.199997,207.160004,200.872421,8674100
2022-11-01,208.910004,209.970001,205.330002,206.929993,200.649414,5919500
2022-11-02,205.759995,207.000000,200.580002,200.949997,194.850922,6985600
2022-11-03,198.279999,198.850006,194.179993,194.750000,188.839111,8236200
2022-11-04,197.000000,201.449997,195.339996,196.979996,191.001419,9680100
2022-11-07,198.320007,200.440002,197.169998,200.100006,194.026733,7821300
2022-11-08,201.660004,204.119995,199.740005,201.779999,195.655701,6943700
2022-11-09,200.699997,201.330002,193.330002,193.929993,188.464279,7320200
2022-11-10,203.089996,205.759995,200.020004,205.570007,199.776245,8048900
2022-11-11,206.000000,206.429993,202.149994,205.000000,199.222290,9601000
2022-11-14,203.500000,209.169998,203.210007,206.860001,201.029877,5796100
2022-11-15,209.990005,213.729996,207.509995,209.990005,204.071671,7316100
2022-11-16,208.580002,210.889999,208.220001,210.139999,204.217453,6125300
2022-11-17,207.960007,211.279999,207.320007,210.990005,205.043488,5385600
2022-11-18,213.169998,214.169998,209.740005,210.800003,204.858826,8028500
2022-11-21,210.300003,210.550003,205.889999,206.320007,200.505066,10450900
2022-11-22,207.539993,210.479996,205.350006,210.330002,204.402069,5273100
2022-11-23,210.000000,212.830002,209.919998,211.729996,205.762604,3807300
2022-11-25,211.710007,214.000000,211.389999,213.789993,207.764542,1993500
2022-11-28,212.259995,214.470001,210.649994,211.259995,205.305862,10229400
2022-11-29,209.350006,210.149994,207.350006,209.059998,203.167847,8986900
2022-11-30,208.220001,217.000000,208.009995,217.000000,210.884079,13918100
2022-12-01,217.000000,218.649994,215.300003,217.000000,210.884079,11261500
2022-12-02,215.729996,218.479996,214.240005,217.660004,211.525497,5132800
2022-12-05,215.649994,216.910004,213.050003,213.679993,207.657669,9006300
2022-12-06,212.000000,212.130005,207.639999,209.080002,203.187302,5986000
2022-12-07,208.800003,209.020004,205.130005,207.809998,201.953094,7923800
2022-12-08,209.509995,210.300003,207.750000,209.100006,203.206757,4896500
2022-12-09,207.910004,210.520004,207.520004,208.699997,202.817993,4928400
2022-12-12,210.000000,214.820007,209.470001,214.589996,208.541962,5941700
2022-12-13,219.539993,219.979996,212.619995,213.039993,207.035690,14585000
2022-12-14,212.850006,216.279999,211.630005,213.320007,207.307816,7001700
2022-12-15,209.600006,211.820007,206.820007,207.910004,202.050293,10831800
2022-12-16,207.490005,208.399994,205.300003,206.889999,201.059036,12472900
2022-12-19,206.630005,207.470001,203.949997,204.820007,199.047363,4893600
2022-12-20,203.880005,206.529999,203.550003,205.360001,199.572083,5024900
2022-12-21,206.570007,207.960007,205.580002,206.809998,200.981277,4086900
2022-12-22,205.750000,206.649994,202.130005,205.059998,199.280594,5690300
2022-12-23,204.130005,206.240005,203.520004,205.830002,200.028885,3246000
2022-12-27,205.919998,206.880005,204.600006,206.289993,200.475922,2904900
2022-12-28,206.679993,208.529999,204.800003,204.990005,199.212524,3139200
2022-12-29,205.949997,208.529999,205.500000,208.059998,202.196030,3675500
2022-12-30,206.309998,208.039993,205.699997,207.759995,201.904465,4159400
2023-01-03,209.279999,212.330002,206.160004,207.389999,201.544922,4202800
2023-01-04,209.619995,213.199997,209.619995,212.610001,206.617828,6606200
2023-01-05,213.800003,214.160004,210.460007,211.110001,205.160065,5246000
2023-01-06,214.000000,218.139999,213.089996,217.750000,211.612976,6829700
2023-01-09,219.070007,222.210007,218.350006,218.600006,212.438980,6294500
2023-01-10,218.990005,222.389999,218.179993,221.089996,214.858795,10857000
2023-01-11,221.289993,222.179993,219.699997,222.100006,215.840378,5408200
2023-01-12,222.100006,223.809998,220.610001,223.619995,217.317490,4264400
2023-01-13,221.910004,223.759995,220.139999,223.059998,216.773270,4283200
2023-01-17,222.380005,224.399994,222.369995,223.000000,216.714966,6101100
2023-01-18,224.080002,224.990005,219.440002,219.460007,213.274750,6558000
2023-01-19,218.100006,221.520004,217.500000,220.410004,214.197983,4853100
2023-01-20,221.139999,224.429993,220.410004,224.309998,217.988068,5211000
2023-01-23,224.600006,226.199997,223.149994,224.179993,217.861664,5501500
2023-01-24,222.020004,230.000000,216.630005,223.889999,217.579880,5274900
2023-01-25,221.619995,224.970001,221.169998,224.899994,218.561432,4729600
2023-01-26,226.000000,227.080002,223.669998,224.710007,218.376770,7043400
2023-01-27,228.000000,232.839996,227.250000,231.440002,224.917099,11382600
2023-01-30,230.199997,230.419998,227.929993,229.100006,222.643036,5677400
2023-01-31,228.809998,230.800003,228.449997,230.210007,223.721802,11294200
2023-02-01,229.369995,232.660004,227.800003,230.899994,224.392303,5792700
2023-02-02,233.960007,234.300003,228.369995,229.559998,223.090103,7190000
2023-02-03,228.690002,230.860001,227.639999,230.130005,223.643997,5243600
2023-02-06,228.699997,230.259995,228.039993,229.440002,222.973465,3402400
2023-02-07,228.020004,232.130005,227.949997,231.320007,224.800491,4042600
2023-02-08,230.339996,231.860001,229.990005,230.199997,223.712036,4978600
2023-02-09,232.410004,232.479996,229.130005,229.350006,223.322571,5238400
2023-02-10,228.960007,229.910004,226.160004,227.199997,221.229050,4509700
2023-02-13,226.880005,229.830002,226.270004,228.880005,222.864929,4946700
2023-02-14,228.669998,231.419998,227.169998,229.389999,223.361496,4829400
2023-02-15,227.589996,229.070007,226.800003,228.919998,222.903854,4407300
2023-02-16,226.070007,228.360001,225.669998,225.830002,219.895081,3865900
2023-02-17,224.179993,224.770004,221.740005,223.559998,217.684708,4520200
2023-02-21,220.160004,222.440002,219.990005,220.619995,214.821960,7276100
2023-02-22,220.410004,221.750000,219.449997,220.020004,214.237747,4621800
2023-02-23,221.559998,222.089996,218.929993,221.130005,215.318604,5533800
2023-02-24,218.479996,220.240005,217.460007,219.550003,213.780121,4414400
2023-02-27,220.729996,221.440002,219.339996,220.350006,214.559067,4255300
2023-02-28,220.000000,221.770004,219.500000,219.940002,214.159851,5385400
2023-03-01,219.460007,220.270004,216.429993,218.360001,212.621368,4792700
2023-03-02,217.889999,219.600006,217.089996,219.059998,213.302979,5539300
2023-03-03,220.199997,224.020004,219.899994,223.770004,217.889221,6055400
2023-03-06,223.929993,227.419998,223.690002,226.750000,220.790878,5737600
2023-03-07,226.750000,227.380005,223.080002,223.169998,217.304977,4386800
2023-03-08,221.960007,222.929993,221.179993,222.190002,216.350708,4194900
2023-03-09,221.399994,224.369995,219.660004,220.009995,214.228027,5066700
2023-03-10,219.029999,219.119995,215.479996,216.139999,210.459732,6638900
2023-03-13,214.630005,217.850006,212.500000,214.470001,208.833618,6810800
2023-03-14,218.000000,219.869995,216.039993,218.660004,212.913498,7985600
2023-03-15,214.410004,216.910004,213.669998,216.369995,210.683685,8372200
2023-03-16,215.169998,217.580002,208.759995,217.449997,211.735321,13674600
2023-03-17,214.869995,218.660004,214.869995,217.389999,211.676834,18801200
2023-03-20,217.000000,220.550003,216.839996,218.149994,212.416870,9817400
2023-03-21,221.339996,222.509995,218.679993,221.949997,216.117050,8971400
2023-03-22,222.500000,224.899994,219.919998,220.039993,214.257263,6700600
2023-03-23,220.440002,225.250000,220.259995,222.589996,216.740219,6427700
2023-03-24,220.669998,221.330002,218.250000,221.039993,215.230942,4791500
2023-03-27,222.589996,224.080002,221.389999,221.809998,215.980728,7210900
2023-03-28,222.820007,223.330002,218.649994,220.330002,214.539612,6418400
2023-03-29,222.289993,223.550003,220.919998,223.300003,217.431549,4483000
2023-03-30,223.919998,224.240005,221.210007,222.360001,216.516281,5383900
2023-03-31,223.600006,225.839996,223.289993,225.460007,219.534821,9509000
2023-04-03,225.229996,229.160004,224.119995,229.000000,222.981750,6421500
2023-04-04,229.000000,230.050003,226.830002,227.660004,221.676956,5254700
2023-04-05,226.779999,228.470001,226.550003,228.169998,222.173538,4813600
2023-04-06,226.160004,226.729996,224.679993,225.990005,220.050827,4285200
2023-04-10,225.559998,226.479996,224.320007,226.429993,220.479294,4952200
2023-04-11,227.000000,229.139999,226.199997,228.449997,222.446213,4513300
2023-04-12,229.929993,231.589996,227.330002,227.809998,221.823013,4373000
2023-04-13,229.460007,232.839996,228.800003,232.690002,226.574768,7615500
2023-04-14,232.990005,234.990005,232.240005,234.020004,227.869827,9781300
2023-04-17,234.020004,234.050003,230.940002,233.479996,227.344025,4865000
2023-04-18,233.750000,234.330002,231.690002,233.600006,227.460892,4796200
2023-04-19,234.000000,234.059998,231.850006,232.570007,226.457947,3833900
2023-04-20,232.460007,234.669998,231.500000,234.600006,228.434555,4925700
2023-04-21,235.000000,235.570007,233.380005,234.050003,227.899017,6771500
2023-04-24,234.229996,235.149994,231.509995,232.759995,226.642929,9124100
2023-04-25,233.020004,235.020004,229.429993,229.589996,223.556244,6076500
2023-04-26,231.220001,232.770004,226.720001,228.149994,222.154083,8400400
2023-04-27,228.669998,229.630005,226.610001,229.009995,222.991486,7128200
2023-04-28,228.649994,233.570007,228.059998,232.729996,226.613724,11627900
2023-05-01,232.869995,234.589996,231.509995,232.509995,226.399506,4571100
2023-05-02,231.949997,232.369995,226.210007,226.979996,221.014862,5244000
2023-05-03,226.979996,228.669998,225.919998,225.979996,220.041138,4093300
2023-05-04,224.839996,226.059998,223.479996,225.600006,219.671127,5648700
2023-05-05,228.339996,232.339996,227.289993,231.779999,225.688690,6237500
2023-05-08,231.250000,233.449997,231.250000,232.229996,226.126877,2938400
2023-05-09,231.080002,234.089996,230.820007,233.259995,227.129822,4352100
2023-05-10,234.300003,234.809998,228.899994,231.270004,225.192093,5245000
2023-05-11,230.750000,231.520004,228.270004,231.009995,225.377457,3818000
2023-05-12,232.000000,232.729996,229.820007,231.380005,225.738449,3432700
2023-05-15,231.190002,232.830002,230.550003,232.809998,227.133545,2843200
2023-05-16,232.559998,233.100006,229.630005,230.470001,224.850647,4289700
2023-05-17,232.729996,233.889999,230.550003,232.649994,226.977463,4990100
2023-05-18,232.399994,234.149994,231.130005,233.600006,227.904343,6621900
2023-05-19,234.000000,234.339996,231.940002,233.309998,227.621353,5399400
2023-05-22,233.309998,233.869995,231.179993,231.279999,225.640869,3987800
2023-05-23,229.270004,229.490005,223.660004,224.580002,219.104248,8537200
2023-05-24,222.550003,223.100006,220.029999,222.250000,216.831070,6730800
2023-05-25,222.449997,224.690002,220.490005,223.380005,217.933472,6827600
2023-05-26,223.820007,226.210007,223.339996,225.009995,219.523727,5067300
2023-05-30,225.009995,225.470001,219.750000,221.639999,216.235947,6916000
2023-05-31,219.960007,221.529999,216.139999,221.029999,215.640793,20460600
2023-06-01,222.729996,226.710007,222.429993,226.500000,220.977448,7003600
2023-06-02,228.809998,230.270004,227.419998,228.789993,223.211578,5897100
2023-06-05,227.910004,228.330002,225.309998,226.770004,221.240845,4858900
2023-06-06,226.690002,229.250000,226.160004,228.220001,222.655502,6020100
2023-06-07,227.000000,227.550003,221.020004,225.270004,219.777435,8517200
2023-06-08,225.089996,225.139999,222.410004,223.050003,217.611557,6248200
2023-06-09,223.639999,225.179993,222.759995,223.559998,218.109116,6385000
2023-06-12,224.410004,226.449997,223.630005,226.169998,220.655472,8621100
2023-06-13,225.619995,227.149994,222.630005,223.399994,217.953033,6868700
2023-06-14,223.740005,225.470001,222.580002,223.440002,217.992035,9160700
2023-06-15,222.020004,227.110001,221.369995,226.169998,220.655472,12534000
2023-06-16,226.449997,229.800003,226.080002,228.910004,223.328674,13628900
2023-06-20,227.000000,229.570007,226.179993,226.470001,220.948151,12312300
2023-06-21,226.119995,228.630005,224.979996,227.250000,221.709137,7032100
2023-06-22,226.360001,228.929993,225.500000,228.389999,222.821365,6275500
2023-06-23,227.220001,229.979996,226.389999,229.550003,223.953079,5424400
2023-06-26,229.440002,230.100006,226.199997,226.300003,220.782288,5165400
2023-06-27,227.479996,228.610001,226.520004,227.339996,221.796951,4628500
2023-06-28,227.500000,228.059998,226.020004,227.960007,222.401855,5324500
2023-06-29,228.789993,234.699997,228.600006,234.320007,228.606766,7118900
2023-06-30,236.270004,238.279999,235.949997,237.479996,231.689713,6879400
2023-07-03,237.000000,238.399994,235.410004,237.970001,232.167801,3087400
2023-07-05,234.410004,240.000000,233.990005,239.449997,233.611679,7601200
2023-07-06,238.270004,239.600006,236.690002,238.880005,233.055573,6441800
2023-07-07,236.729996,238.440002,236.130005,236.449997,230.684845,5729500
2023-07-10,237.009995,239.100006,236.500000,238.160004,232.353119,4858900
2023-07-11,238.809998,240.699997,238.119995,240.550003,234.684875,3856500
2023-07-12,241.550003,243.949997,241.229996,242.210007,236.304398,6116000
2023-07-13,243.789993,244.270004,243.149994,243.309998,237.377548,5819600
2023-07-14,244.729996,244.740005,241.960007,243.160004,237.231262,4941200
2023-07-17,243.110001,245.369995,243.000000,243.990005,238.041016,4328100
2023-07-18,243.100006,243.179993,237.679993,240.770004,234.899490,7674000
2023-07-19,241.250000,242.589996,240.119995,241.419998,235.533676,4835500
2023-07-20,241.160004,241.610001,239.070007,239.619995,233.777496,4695000
2023-07-21,239.740005,240.350006,238.729996,239.250000,233.416550,5427400
2023-07-24,239.679993,241.279999,238.190002,240.740005,234.870209,6010000
2023-07-25,240.020004,240.800003,238.559998,238.690002,232.870193,4997500
2023-07-26,231.419998,238.850006,227.679993,237.100006,231.319000,7551400
2023-07-27,237.419998,238.660004,232.960007,234.440002,228.723816,8160100
2023-07-28,234.580002,235.880005,233.710007,235.750000,230.001907,6794800
2023-07-31,236.000000,238.419998,236.000000,237.729996,231.933624,4799600
2023-08-01,237.139999,240.729996,237.000000,239.779999,233.933624,4627300
2023-08-02,238.630005,238.789993,236.789993,237.559998,231.767776,4868200
2023-08-03,236.000000,239.050003,235.250000,238.759995,232.938492,5033800
2023-08-04,238.000000,241.910004,237.839996,238.990005,233.162918,5169700
2023-08-07,239.220001,242.179993,239.210007,241.509995,235.621414,5649800
2023-08-08,240.419998,241.360001,237.389999,239.289993,233.455582,5080600
2023-08-09,240.500000,241.970001,239.490005,239.759995,233.914124,4055000
2023-08-10,240.619995,243.949997,240.089996,240.160004,234.744965,4778000
2023-08-11,240.000000,240.720001,238.419998,240.039993,234.627655,3607100
2023-08-14,240.720001,243.330002,240.259995,242.899994,237.423157,4351100
2023-08-15,242.009995,242.669998,239.350006,239.830002,234.422409,3770100
2023-08-16,236.529999,241.070007,236.020004,239.289993,233.894562,3218600
2023-08-17,240.000000,240.380005,236.490005,237.369995,232.017853,4177600
2023-08-18,235.580002,239.050003,235.300003,238.169998,232.799820,4344800
2023-08-21,239.380005,240.529999,237.759995,239.460007,234.060760,3573600
2023-08-22,240.000000,241.429993,238.669998,240.570007,235.145721,3848400
2023-08-23,241.320007,242.539993,240.720001,242.300003,236.836716,4947700
2023-08-24,242.250000,243.559998,239.360001,239.470001,234.070526,4570700
2023-08-25,241.380005,243.410004,240.210007,242.570007,237.100632,3541500
2023-08-28,243.009995,245.229996,242.600006,243.830002,238.332214,3741500
2023-08-29,243.500000,245.830002,243.399994,245.339996,239.808182,3975600
2023-08-30,246.419998,248.229996,246.050003,246.229996,240.678101,4573300
2023-08-31,245.589996,248.020004,245.449997,245.679993,240.140488,5532600
2023-09-01,247.470001,248.869995,246.770004,248.110001,242.515717,4112900
2023-09-05,248.350006,248.690002,245.199997,245.339996,239.808182,4459600
2023-09-06,245.419998,246.660004,244.210007,246.160004,240.609680,4520300
2023-09-07,245.500000,247.399994,245.110001,247.139999,241.567596,4007900
2023-09-08,247.789993,248.139999,246.440002,247.289993,241.714172,3309100
2023-09-11,247.330002,248.360001,246.270004,247.220001,241.645767,2995800
2023-09-12,246.940002,247.759995,246.009995,247.300003,241.723984,3499600
2023-09-13,247.149994,250.059998,246.610001,247.830002,242.242020,5657000
2023-09-14,245.000000,245.539993,238.750000,241.500000,236.054779,12000000
2023-09-15,241.899994,244.100006,240.029999,241.070007,235.634491,13077900
2023-09-18,240.940002,245.229996,240.770004,244.660004,239.143478,4771600
2023-09-19,245.000000,245.119995,241.460007,243.559998,238.068314,4709000
2023-09-20,243.630005,244.529999,241.669998,241.860001,236.406647,5756600
2023-09-21,240.770004,240.779999,236.270004,236.610001,231.275009,6881500
2023-09-22,236.750000,237.789993,234.880005,235.080002,229.779510,5935500
2023-09-25,235.380005,235.470001,232.210007,233.360001,228.098282,5921600
2023-09-26,231.929993,232.669998,229.600006,229.649994,224.471939,6193200
2023-09-27,230.259995,230.679993,227.919998,229.500000,224.325348,6006700
2023-09-28,230.669998,232.539993,229.669998,231.660004,226.436630,4203900
2023-09-29,232.839996,233.029999,229.649994,230.009995,224.823822,6045200
2023-10-02,229.240005,231.369995,228.770004,231.270004,226.055420,5175200
2023-10-03,230.470001,231.750000,227.779999,228.809998,223.650879,5585700
2023-10-04,229.479996,231.699997,228.880005,231.220001,226.006516,5430900
2023-10-05,230.410004,234.190002,230.220001,233.479996,228.215591,6126200
2023-10-06,233.169998,236.589996,232.750000,235.039993,229.740417,6401300
2023-10-09,232.800003,235.169998,231.699997,234.440002,229.153915,5372200
2023-10-10,234.899994,238.220001,234.279999,236.600006,231.265228,4644000
2023-10-11,237.550003,238.509995,234.889999,235.679993,230.365952,4760900
2023-10-12,236.710007,237.729996,234.889999,236.779999,231.441177,4472800
2023-10-13,236.389999,238.649994,236.229996,237.669998,232.311081,4966800
2023-10-16,239.000000,240.710007,238.330002,240.070007,234.657013,6227300
2023-10-17,239.630005,241.479996,238.289993,241.199997,235.761505,4527600
2023-10-18,239.960007,240.830002,236.990005,237.470001,232.115601,9528300
2023-10-19,237.470001,237.919998,233.410004,233.809998,228.538132,5927400
2023-10-20,234.130005,235.770004,232.639999,233.380005,228.117828,5748300
2023-10-23,231.360001,234.460007,231.279999,231.529999,226.309570,5071700
2023-10-24,232.889999,236.529999,232.889999,234.649994,229.359177,6844100
2023-10-25,232.250000,238.479996,231.289993,236.850006,231.509628,10365300
2023-10-26,234.570007,235.610001,230.360001,231.279999,226.065186,6414500
2023-10-27,231.169998,231.389999,228.029999,229.270004,224.100510,5540900
2023-10-30,232.190002,233.380005,230.029999,233.080002,227.824600,5170300
2023-10-31,233.570007,235.720001,232.990005,235.100006,229.799042,4828400
2023-11-01,236.139999,239.039993,235.679993,238.580002,233.200577,4996200
2023-11-02,239.910004,243.250000,239.199997,243.250000,237.765274,6286700
2023-11-03,245.119995,245.320007,242.259995,243.600006,238.107376,5029800
2023-11-06,244.000000,244.779999,242.610001,243.490005,237.999893,5254100
2023-11-07,243.410004,245.070007,243.380005,244.770004,239.251038,4219700
2023-11-08,243.490005,244.750000,242.800003,243.910004,238.917969,5117500
2023-11-09,244.330002,244.479996,240.970001,241.639999,236.694443,4866600
2023-11-10,243.979996,245.270004,241.970001,245.250000,240.230560,4094400
2023-11-13,245.000000,245.679993,244.110001,244.669998,239.662399,4088500
2023-11-14,246.169998,247.929993,245.580002,246.940002,241.885986,14092000
2023-11-15,246.809998,248.240005,245.339996,248.110001,243.032013,13258900
2023-11-16,248.589996,249.449997,247.270004,248.570007,243.482605,7051600
2023-11-17,249.449997,250.240005,248.660004,249.559998,244.452332,7238200
2023-11-20,249.610001,250.929993,245.600006,249.970001,244.853928,8604200
2023-11-21,250.029999,253.339996,250.029999,252.229996,247.067673,7213700
2023-11-22,253.000000,254.539993,252.660004,253.720001,248.527206,5701400
2023-11-24,254.190002,254.699997,253.500000,254.300003,249.095322,1640900
2023-11-27,254.300003,254.979996,252.520004,254.139999,248.938599,5478900
2023-11-28,253.850006,254.149994,251.610001,252.940002,247.763168,5234900
2023-11-29,253.919998,256.070007,253.520004,254.229996,249.026779,4955100
2023-11-30,254.250000,256.769989,253.169998,256.679993,251.426605,6874700
2023-12-01,255.789993,256.910004,253.899994,256.450012,251.201340,3939400
2023-12-04,255.910004,257.390015,254.350006,254.440002,249.232483,5247500
2023-12-05,254.190002,254.820007,252.139999,254.610001,249.398987,4199100
2023-12-06,255.800003,256.829987,253.529999,254.289993,249.085510,3874000
2023-12-07,254.889999,256.140015,253.500000,255.820007,250.584213,3589300
2023-12-08,255.000000,256.040009,253.869995,255.740005,250.505875,3732300
2023-12-11,255.000000,257.630005,255.000000,256.519989,251.269867,6479300
2023-12-12,257.299988,259.720001,256.399994,259.559998,254.247635,5946600
2023-12-13,259.149994,262.480011,258.690002,262.380005,257.009949,4859900
2023-12-14,263.190002,263.250000,256.399994,258.730011,253.434616,8168700
2023-12-15,254.509995,258.369995,254.449997,258.029999,252.748978,13374000
2023-12-18,258.700012,259.589996,257.950012,258.369995,253.081985,6041100
2023-12-19,258.609985,260.339996,257.200012,259.989990,254.668793,8731200
2023-12-20,260.500000,260.820007,257.079987,257.109985,251.847809,7240900
2023-12-21,257.510010,259.989990,257.040009,259.540009,254.228104,6246700
2023-12-22,260.000000,261.209991,258.220001,258.429993,253.140823,5111500
2023-12-26,258.529999,259.739990,258.529999,259.160004,253.855789,2085100
2023-12-27,259.250000,259.769989,258.309998,258.929993,253.630554,4034700
2023-12-28,258.540009,260.970001,258.540009,260.399994,255.070496,3020500
2023-12-29,260.570007,261.459991,259.670013,260.350006,255.021500,4074900
2024-01-02,259.609985,260.089996,257.670013,258.869995,253.571777,5471000
2024-01-03,258.549988,258.859985,256.859985,257.980011,252.699997,4148300
2024-01-04,258.070007,261.040009,258.000000,259.609985,254.296646,3843000
2024-01-05,260.779999,261.459991,258.750000,259.690002,254.375000,3748400
2024-01-08,260.940002,262.619995,259.950012,262.540009,257.166595,4659000
2024-01-09,262.000000,263.619995,261.140015,263.329987,257.940521,7055800
2024-01-10,264.970001,265.369995,262.859985,264.559998,259.145325,4355800
2024-01-11,265.459991,266.190002,262.399994,264.029999,258.626190,5599000
2024-01-12,265.130005,265.549988,263.709991,264.170013,258.763306,4656100
2024-01-16,263.519989,265.660004,262.350006,265.239990,259.811432,6196400
2024-01-17,264.420013,267.100006,264.390015,266.630005,261.173004,5118700
2024-01-18,267.880005,268.779999,266.420013,268.140015,262.652100,6694300
2024-01-19,268.179993,271.149994,267.049988,270.899994,265.355560,7226500
2024-01-22,272.239990,272.350006,270.359985,271.200012,265.649475,5984300
2024-01-23,271.549988,271.869995,269.910004,271.260010,265.708221,5883000
2024-01-24,272.570007,272.859985,271.079987,271.649994,266.090210,5021700
2024-01-25,271.950012,272.779999,270.799988,272.609985,267.030548,6894900
2024-01-26,265.940002,270.869995,265.600006,267.940002,262.456146,8586500
2024-01-29,266.970001,275.070007,266.709991,273.660004,268.059082,6574500
2024-01-30,274.589996,278.640015,274.190002,277.149994,271.477661,6549000
2024-01-31,277.119995,279.989990,273.179993,273.260010,267.667267,6139300
2024-02-01,273.390015,277.190002,273.359985,277.049988,271.379700,7065000
2024-02-02,277.609985,278.500000,275.679993,277.179993,271.507019,4848700
2024-02-05,277.399994,278.000000,275.130005,275.579987,269.939758,4899100
2024-02-06,274.799988,276.880005,274.029999,276.760010,271.095612,4400000
2024-02-07,279.380005,279.540009,277.059998,279.390015,273.671814,4785900
2024-02-08,279.540009,279.660004,275.279999,275.779999,270.639435,5833400
2024-02-09,275.000000,277.179993,274.089996,276.429993,271.277252,4618300
2024-02-12,276.429993,276.670013,274.239990,275.070007,269.942657,3676200
2024-02-13,273.750000,278.000000,272.760010,275.809998,270.668884,5493800
2024-02-14,276.470001,277.640015,274.709991,277.559998,272.386261,4218400
2024-02-15,277.649994,281.119995,277.559998,280.980011,275.742493,4834800
2024-02-16,280.959991,281.119995,277.869995,278.559998,273.367584,6630700
2024-02-20,274.570007,276.839996,273.339996,275.149994,270.021118,6157200
2024-02-21,274.630005,276.970001,273.529999,276.760010,271.601166,4770100
2024-02-22,279.179993,284.059998,278.980011,283.750000,278.460785,5100200
2024-02-23,284.720001,285.950012,283.500000,283.600006,278.313629,5107700
2024-02-26,283.040009,285.350006,282.660004,284.149994,278.853394,3856900
2024-02-27,284.170013,284.170013,281.540009,283.170013,277.891663,4145200
2024-02-28,282.100006,286.130005,282.079987,285.630005,280.305817,4358800
2024-02-29,285.500000,285.660004,282.179993,282.640015,277.371552,6633700
2024-03-01,283.200012,284.910004,282.109985,283.160004,277.881866,3955700
2024-03-04,282.809998,283.000000,278.130005,280.529999,275.300903,5920300
2024-03-05,280.269989,280.989990,277.679993,279.380005,274.172302,6227900
2024-03-06,280.000000,282.000000,279.309998,280.429993,275.202759,4535200
2024-03-07,280.880005,281.170013,276.160004,278.260010,273.073181,5668500
2024-03-08,279.000000,281.670013,278.829987,280.040009,274.820007,3928800
2024-03-11,279.450012,280.769989,277.989990,280.559998,275.330322,4614000
2024-03-12,281.309998,284.480011,280.290009,283.920013,278.627686,7988700
2024-03-13,284.660004,286.100006,283.820007,285.140015,279.824982,5783800
2024-03-14,288.959991,289.040009,284.549988,286.410004,281.071259,5484500
2024-03-15,283.549988,285.630005,282.640015,283.040009,277.764069,9845000
2024-03-18,283.869995,286.230011,283.250000,285.049988,279.736633,4095600
2024-03-19,286.660004,288.059998,285.250000,287.350006,281.993744,6595200
2024-03-20,287.640015,289.869995,286.720001,289.279999,283.887756,6105000
2024-03-21,289.970001,290.959991,287.899994,290.369995,284.957458,5057600
2024-03-22,290.000000,290.489990,282.890015,283.260010,277.980011,8744100
2024-03-25,283.010010,283.500000,280.040009,281.209991,275.968231,8519200
2024-03-26,284.130005,284.130005,278.410004,280.600006,275.369629,8752400
2024-03-27,280.250000,281.250000,276.980011,279.019989,273.819000,5190700
2024-03-28,278.489990,279.799988,277.119995,279.079987,273.877899,5844400
2024-04-01,280.359985,280.890015,276.790009,278.279999,273.092804,5084000
2024-04-02,278.000000,279.329987,276.980011,278.440002,273.249847,6912300
2024-04-03,280.480011,280.480011,276.559998,276.959991,271.797394,4536600
2024-04-04,278.359985,279.079987,273.559998,274.000000,268.892639,4018600
2024-04-05,276.100006,277.959991,275.029999,277.140015,271.974060,4392100
2024-04-08,276.250000,277.980011,275.149994,277.760010,272.582489,5542400
2024-04-09,277.630005,278.000000,273.320007,276.720001,271.561951,7313900
2024-04-10,275.420013,276.820007,274.119995,274.480011,269.363647,5276000
2024-04-11,274.000000,276.480011,272.179993,275.679993,270.541260,8102300
2024-04-12,275.549988,277.000000,274.059998,275.959991,270.816071,9038400
2024-04-15,277.890015,277.910004,270.339996,271.279999,266.223267,10267500
2024-04-16,270.540009,274.130005,270.170013,271.350006,266.291962,8237100
2024-04-17,273.299988,274.000000,271.500000,272.690002,267.606964,5940900
2024-04-18,272.570007,273.149994,269.859985,271.369995,266.311615,8231800
2024-04-19,271.470001,272.000000,268.290009,269.779999,264.751221,7905400
2024-04-22,270.950012,273.760010,269.359985,272.329987,267.253723,6463700
2024-04-23,274.010010,274.890015,272.709991,274.109985,269.000549,6438000
2024-04-24,282.570007,283.000000,274.489990,275.019989,269.893555,8807200
2024-04-25,272.970001,276.220001,270.489990,275.160004,270.031006,8064600
2024-04-26,275.010010,276.769989,273.829987,274.519989,269.402893,6840600
2024-04-29,272.320007,274.470001,271.089996,271.839996,266.772888,4128600
2024-04-30,270.529999,272.079987,268.579987,268.609985,263.602997,6376400
2024-05-01,268.149994,270.910004,266.709991,267.320007,262.337097,6119900
2024-05-02,269.350006,269.470001,266.649994,267.609985,262.621704,5061700
2024-05-03,269.000000,269.450012,266.500000,268.489990,263.485321,3862000
2024-05-06,269.649994,272.779999,269.570007,272.670013,267.587372,3958700
2024-05-07,273.720001,277.880005,272.829987,276.459991,271.306702,6377100
2024-05-08,277.799988,278.549988,274.920013,277.190002,272.023163,9029700
2024-05-09,276.799988,278.790009,276.399994,278.540009,273.347931,8948800
2024-05-10,279.549988,281.029999,279.239990,280.739990,275.506958,8986400
2024-05-13,281.459991,282.149994,279.100006,279.390015,274.182129,10528400
2024-05-14,279.440002,279.989990,274.269989,277.739990,272.562927,18526100
2024-05-15,277.149994,281.730011,277.070007,281.500000,276.252777,21288400
2024-05-16,281.739990,282.380005,279.260010,279.839996,275.131958,10341500
2024-05-17,280.049988,280.910004,278.100006,280.100006,275.387634,6177800
2024-05-20,279.220001,280.269989,278.179993,278.540009,273.853821,5460900
2024-05-21,278.000000,278.429993,274.880005,275.950012,271.307465,6578200
2024-05-22,275.529999,278.079987,275.119995,275.579987,270.943634,4202500
2024-05-23,275.239990,277.440002,273.029999,274.230011,269.616394,6115900
2024-05-24,275.010010,275.239990,273.350006,274.489990,269.872009,4339700
2024-05-28,274.230011,274.459991,270.230011,270.980011,266.421051,6212100
2024-05-29,269.000000,271.140015,268.260010,268.859985,264.336670,5469700
2024-05-30,268.700012,271.640015,268.309998,271.299988,266.735657,4901900
2024-05-31,271.440002,272.760010,269.010010,272.459991,267.876160,8910000
2024-06-03,273.089996,273.130005,268.059998,270.380005,265.831146,4838800
2024-06-04,269.630005,272.989990,269.309998,272.420013,267.836823,4188500
2024-06-05,273.529999,274.929993,272.019989,274.500000,269.881775,5368700
2024-06-06,274.799988,277.149994,274.079987,277.040009,272.379089,4862400
2024-06-07,277.709991,280.329987,276.859985,278.670013,273.981659,4515600
2024-06-10,278.140015,278.559998,273.380005,275.040009,270.412720,5213800
2024-06-11,274.540009,274.859985,272.220001,274.670013,270.048981,6244600
2024-06-12,276.769989,277.600006,269.899994,270.320007,265.772156,7536600
2024-06-13,270.320007,271.859985,269.320007,271.190002,266.627502,7361200
2024-06-14,270.100006,271.549988,269.269989,270.660004,266.106415,8537300
2024-06-17,269.000000,271.829987,269.000000,271.170013,266.607910,9258200
2024-06-18,271.299988,273.899994,271.299988,273.619995,269.016602,6707500
2024-06-20,273.190002,278.040009,273.100006,276.820007,272.162842,10164400
2024-06-21,277.170013,277.540009,274.579987,275.220001,270.589691,14594700
2024-06-24,275.320007,280.390015,275.269989,276.299988,271.651550,24149600
2024-06-25,276.850006,277.929993,273.529999,273.529999,268.928101,18325800
2024-06-26,272.910004,274.459991,271.750000,273.600006,268.996948,12172000
2024-06-27,268.510010,270.589996,266.500000,266.589996,262.104858,10529100
2024-06-28,267.200012,268.600006,261.250000,262.470001,258.054230,13957300
2024-07-01,263.790009,265.769989,261.299988,263.239990,258.811249,7955800
2024-07-02,263.239990,268.230011,262.399994,268.230011,263.717316,8697800
2024-07-03,269.070007,269.750000,268.149994,268.989990,264.464539,5017800
2024-07-05,269.000000,270.549988,268.239990,270.359985,265.811432,7986400
2024-07-08,270.250000,271.440002,265.970001,266.399994,261.918030,8561100
2024-07-09,267.000000,267.549988,263.920013,265.440002,260.974335,6431300
2024-07-10,259.119995,263.480011,258.510010,263.000000,258.575317,9635500
2024-07-11,262.130005,263.630005,260.760010,262.549988,258.132904,8803600
2024-07-12,264.339996,267.399994,263.660004,265.739990,261.269196,6627800
2024-07-15,265.670013,269.239990,265.250000,268.450012,263.933594,6845200
2024-07-16,268.519989,270.209991,267.369995,269.250000,264.720154,7869900
2024-07-17,268.440002,272.910004,268.239990,272.700012,268.112122,5324700
2024-07-18,272.290009,273.619995,268.559998,269.149994,264.621826,5550800
2024-07-19,270.320007,270.950012,264.309998,265.459991,260.993896,6839900
2024-07-22,267.230011,268.399994,265.019989,267.709991,263.206055,5313600
2024-07-23,267.529999,267.700012,263.859985,264.790009,260.335236,8109200
2024-07-24,256.070007,257.200012,253.130005,254.169998,249.893860,13065900
2024-07-25,255.389999,258.220001,252.699997,253.740005,249.471100,8573300
2024-07-26,255.589996,261.200012,255.589996,259.459991,255.094833,7062200
2024-07-29,260.320007,262.709991,258.579987,261.600006,257.198853,6068100
2024-07-30,263.230011,264.299988,261.010010,263.100006,258.673584,5941800
2024-07-31,264.540009,266.359985,264.250000,265.670013,261.200348,7642500
2024-08-01,266.329987,267.000000,264.179993,265.929993,261.455994,7269700
2024-08-02,263.829987,267.959991,262.880005,266.579987,262.095062,7017900
2024-08-05,261.450012,262.920013,254.509995,256.440002,252.125671,9631300
2024-08-06,256.500000,260.489990,255.770004,258.260010,253.915024,21586800
2024-08-07,259.660004,262.029999,256.309998,256.519989,252.204300,12908600
2024-08-08,258.130005,260.450012,257.920013,259.829987,255.458618,8223700
2024-08-09,259.170013,261.519989,259.010010,259.760010,255.901978,7228100
2024-08-12,260.500000,261.600006,259.239990,259.890015,256.029999,26769400
2024-08-13,260.130005,261.679993,259.269989,260.130005,256.266449,12005700
2024-08-14,260.869995,261.500000,258.739990,261.140015,257.261444,8552300
2024-08-15,262.839996,267.390015,262.839996,266.799988,262.837372,7397800
2024-08-16,266.850006,268.440002,265.390015,267.380005,263.408752,5111100
2024-08-19,267.420013,268.309998,265.230011,266.470001,262.512268,6555900
2024-08-20,267.000000,268.040009,265.779999,268.040009,264.058960,6803600
2024-08-21,268.559998,269.269989,267.390015,268.200012,264.216644,6639700
2024-08-22,268.940002,269.500000,266.570007,267.940002,263.960449,4425200
2024-08-23,268.700012,269.209991,265.309998,267.440002,263.467865,3697400
2024-08-26,267.720001,270.369995,267.670013,268.209991,264.226410,4612200
2024-08-27,268.519989,270.950012,267.890015,270.720001,266.699188,6594100
2024-08-28,271.160004,271.980011,267.670013,269.190002,265.191864,5455100
2024-08-29,270.980011,275.989990,270.450012,274.320007,270.245667,5565100
2024-08-30,275.000000,276.989990,274.260010,276.369995,272.265259,6296100
2024-09-03,276.369995,282.089996,276.369995,278.540009,274.403015,7278300
2024-09-04,278.709991,281.649994,278.700012,280.489990,276.324036,6107500
2024-09-05,281.000000,281.500000,277.410004,278.619995,274.481842,6447400
2024-09-06,277.769989,280.279999,277.429993,279.369995,275.220703,7187700
2024-09-09,282.089996,286.970001,281.649994,285.609985,281.367981,10933900
2024-09-10,285.929993,286.399994,283.570007,285.339996,281.102020,5314400
2024-09-11,285.019989,285.170013,278.299988,283.959991,279.742554,6281800
2024-09-12,284.000000,286.000000,281.470001,285.369995,281.131561,4160800
2024-09-13,286.489990,288.739990,285.549988,287.350006,283.082153,4987600
2024-09-16,288.049988,290.899994,287.739990,290.480011,286.165680,4458900
2024-09-17,290.899994,293.070007,290.079987,291.559998,287.229675,5135700
2024-09-18,291.839996,292.019989,288.130005,288.480011,284.195374,5890000
2024-09-19,291.089996,291.480011,282.869995,285.239990,281.003510,10382100
2024-09-20,285.500000,287.000000,283.250000,284.769989,280.540436,27810900
2024-09-23,284.899994,288.880005,284.619995,288.630005,284.343109,6505600
2024-09-24,280.179993,281.000000,272.709991,272.779999,268.728577,13690200
2024-09-25,274.190002,274.250000,268.230011,269.630005,265.625336,11671300
2024-09-26,270.500000,273.239990,270.000000,271.690002,267.654724,9552500
2024-09-27,273.160004,277.980011,272.779999,275.170013,271.083099,6509600
2024-09-30,275.000000,275.690002,273.200012,274.950012,270.866364,5969900
2024-10-01,276.970001,279.059998,274.359985,277.600006,273.476959,5781600
2024-10-02,276.570007,277.640015,275.369995,277.000000,272.885895,4741600
2024-10-03,276.670013,277.690002,275.839996,276.859985,272.747925,3036700
2024-10-04,277.350006,278.440002,275.100006,277.929993,273.802063,4259300
2024-10-07,277.600006,277.619995,273.239990,273.790009,269.723541,4339300
2024-10-08,274.709991,276.100006,274.010010,274.959991,270.876190,4370900
2024-10-09,275.000000,277.489990,274.420013,276.929993,272.816925,4115800
2024-10-10,276.779999,277.670013,275.350006,277.470001,273.348877,4063900
2024-10-11,276.040009,278.799988,275.369995,277.839996,273.713440,4746300
2024-10-14,279.079987,281.369995,277.989990,280.679993,276.511230,3996600
2024-10-15,281.000000,282.640015,278.829987,279.290009,275.141876,5807000
2024-10-16,278.619995,287.600006,278.350006,287.519989,283.249634,9442700
2024-10-17,288.570007,290.929993,287.609985,290.390015,286.077026,8815800
2024-10-18,289.920013,291.040009,288.079987,290.619995,286.303589,5350900
2024-10-21,289.600006,290.440002,286.329987,286.850006,282.589569,6313100
2024-10-22,285.049988,286.529999,283.529999,284.790009,280.560181,5736500
2024-10-23,286.040009,286.059998,283.529999,283.760010,279.545502,5249300
2024-10-24,282.390015,283.619995,281.730011,283.220001,279.013489,4679900
2024-10-25,284.000000,285.089996,280.779999,281.730011,277.545624,4464600
2024-10-28,282.040009,284.640015,281.529999,284.190002,279.969086,4306200
2024-10-29,284.269989,285.700012,281.350006,281.880005,277.693390,7534800
2024-10-30,292.339996,295.779999,288.329987,290.160004,285.850433,9606800
2024-10-31,292.089996,296.339996,289.619995,289.850006,285.545044,7950200
2024-11-01,288.489990,292.670013,287.190002,290.739990,286.421783,5470700
2024-11-04,291.549988,293.149994,290.760010,291.850006,287.515320,4281600
2024-11-05,291.709991,294.779999,291.579987,293.290009,288.933960,3753700
2024-11-06,306.320007,309.000000,302.820007,307.399994,302.834351,10320500
2024-11-07,307.500000,307.630005,304.420013,305.799988,301.258087,6237300
2024-11-08,306.890015,311.149994,305.690002,307.869995,303.297394,6240600
2024-11-11,310.089996,312.440002,309.299988,310.920013,306.302124,4674100
2024-11-12,309.040009,310.549988,308.109985,309.850006,305.828339,4616400
2024-11-13,309.489990,310.950012,307.839996,309.480011,305.463135,4046400
2024-11-14,309.299988,311.290009,307.829987,308.250000,304.249054,4415800
2024-11-15,307.559998,310.720001,306.660004,309.640015,305.621033,5106300
2024-11-18,309.480011,312.410004,308.700012,312.160004,308.108337,4585600
2024-11-19,310.000000,312.230011,308.510010,311.850006,307.802338,4885500
2024-11-20,311.859985,312.290009,306.220001,307.390015,303.400208,6349900
2024-11-21,307.299988,310.920013,306.649994,309.899994,305.877686,5757100
2024-11-22,307.970001,311.589996,307.899994,309.920013,305.897430,5919200
2024-11-25,311.859985,313.660004,309.859985,313.190002,309.124969,14189300
2024-11-26,314.200012,314.500000,311.540009,311.820007,307.772705,7071500
2024-11-27,310.769989,316.369995,309.489990,314.700012,310.615356,5204300
2024-11-29,314.290009,316.250000,313.700012,315.079987,310.990448,3853300
2024-12-02,316.899994,317.420013,313.709991,316.649994,312.540009,5597500
2024-12-03,317.100006,317.320007,312.769989,313.010010,308.947296,5009900
2024-12-04,312.420013,312.850006,308.799988,309.899994,305.877686,5981800
2024-12-05,309.980011,311.089996,308.829987,309.079987,305.068268,5200100
2024-12-06,308.869995,312.559998,308.799988,311.010010,306.973236,4302700
2024-12-09,311.829987,313.010010,307.640015,308.299988,304.298431,5785300
2024-12-10,307.359985,312.980011,306.640015,312.380005,308.325470,4539500
2024-12-11,313.040009,315.549988,311.209991,313.790009,309.717194,4321800
2024-12-12,314.820007,315.549988,313.429993,314.230011,310.151489,3218500
2024-12-13,315.829987,316.950012,314.339996,314.739990,310.654846,4682200
2024-12-16,314.739990,317.559998,314.100006,315.890015,311.789917,6562500
2024-12-17,315.820007,318.839996,315.140015,318.299988,314.168610,8843900
2024-12-18,318.500000,321.619995,309.559998,309.779999,305.759216,10479200
2024-12-19,311.829987,316.869995,311.230011,314.880005,310.793060,8317100
2024-12-20,313.570007,320.000000,312.279999,317.709991,313.586273,24387000
2024-12-23,315.649994,317.970001,313.350006,317.220001,313.102631,7984600
2024-12-24,318.170013,321.540009,317.279999,320.649994,316.488159,2684100
2024-12-26,319.769989,321.450012,319.459991,320.910004,316.744751,2856000
2024-12-27,319.269989,321.500000,317.559998,318.660004,314.523956,3489200
2024-12-30,314.679993,317.109985,313.230011,315.309998,311.217407,3478500
2024-12-31,316.119995,317.660004,315.190002,316.040009,311.937958,3963800
2025-01-02,317.779999,319.679993,312.410004,314.399994,310.319244,5369500
2025-01-03,314.179993,315.920013,312.010010,314.910004,310.822632,4271300
2025-01-06,315.010010,315.390015,312.070007,313.040009,308.976929,6567300
2025-01-07,312.890015,315.190002,311.320007,311.670013,307.624695,4958600
2025-01-08,311.000000,314.040009,310.209991,312.600006,308.542603,5161600
2025-01-10,311.200012,311.850006,305.989990,307.709991,303.716095,6660100
2025-01-13,305.000000,306.920013,303.839996,306.920013,302.936371,9568400
2025-01-14,308.750000,310.160004,307.519989,309.089996,305.078186,5107600
2025-01-15,313.679993,317.190002,313.130005,316.279999,312.174866,5222000
2025-01-16,315.750000,319.179993,315.750000,317.250000,313.132263,4606700
2025-01-17,317.500000,320.589996,316.709991,319.619995,315.471497,5805800
2025-01-21,320.309998,324.579987,320.000000,323.630005,319.429443,5653000
2025-01-22,324.769989,325.739990,322.380005,323.559998,319.360352,5026500
2025-01-23,323.760010,328.510010,323.570007,328.209991,323.949951,5297100
2025-01-24,328.019989,331.089996,327.809998,330.200012,325.914215,4327500
2025-01-27,330.000000,335.489990,328.049988,334.540009,330.197876,6636500
2025-01-28,334.670013,337.829987,332.890015,334.480011,330.138611,5999600
2025-01-29,334.500000,337.109985,334.500000,335.880005,331.520416,5087300
2025-01-30,339.510010,344.440002,339.000000,343.049988,338.597412,8081300
2025-01-31,346.470001,351.250000,341.709991,341.799988,337.363617,8624100
2025-02-03,340.000000,346.000000,339.239990,345.820007,341.331482,8004500
2025-02-04,344.600006,346.010010,342.540009,345.149994,340.670105,5532600
2025-02-05,346.000000,349.480011,345.250000,349.440002,344.904449,4939100
2025-02-06,349.779999,350.649994,346.600006,347.480011,342.969910,4294500
2025-02-07,348.000000,350.750000,347.209991,348.019989,343.502869,4261200
2025-02-10,348.700012,351.899994,347.700012,351.230011,346.671234,6067000
2025-02-11,348.299988,352.119995,346.250000,350.720001,346.750305,5154800
2025-02-12,349.160004,351.829987,347.489990,351.489990,347.511597,6760100
2025-02-13,353.119995,356.079987,350.730011,355.630005,351.604767,4279200
2025-02-14,354.429993,355.429993,353.220001,353.809998,349.805359,5720300
2025-02-18,353.690002,356.739990,352.399994,356.730011,352.692261,5822000
2025-02-19,356.019989,357.149994,354.179993,355.230011,351.209290,4152300
2025-02-20,355.230011,356.130005,349.059998,350.489990,346.522919,5697000
2025-02-21,350.489990,353.320007,347.480011,348.529999,344.585083,6924100
2025-02-24,348.760010,350.799988,347.359985,349.859985,345.900024,5055900
2025-02-25,351.369995,352.589996,346.000000,352.089996,348.104828,6191900
2025-02-26,350.000000,351.829987,348.989990,350.630005,346.661316,5960600
2025-02-27,351.899994,360.309998,351.679993,355.739990,351.713501,7298100
2025-02-28,354.709991,364.000000,353.709991,362.709991,358.604614,15857300
2025-03-03,363.000000,366.540009,359.540009,361.820007,357.724701,9099600
2025-03-04,360.109985,360.269989,350.399994,352.230011,348.243256,8955800
2025-03-05,350.829987,354.109985,348.940002,352.679993,348.688141,8244200
2025-03-06,345.959991,348.869995,340.390015,344.160004,340.264587,8611100
2025-03-07,340.869995,346.390015,339.140015,345.320007,341.411438,6358700
2025-03-10,339.940002,345.010010,337.640015,341.480011,337.614899,8204300
2025-03-11,338.410004,339.609985,329.579987,332.140015,328.380615,9776100
2025-03-12,335.970001,336.160004,329.109985,332.839996,329.072693,6295400
2025-03-13,330.989990,336.200012,327.700012,328.549988,324.831268,7915300
2025-03-14,327.209991,332.769989,326.380005,331.799988,328.044464,7810600
2025-03-17,330.029999,336.109985,329.760010,334.549988,330.763336,6149400
2025-03-18,335.290009,335.799988,332.299988,334.769989,330.980835,7778300
2025-03-19,336.799988,341.029999,334.500000,339.869995,336.023102,5614900
2025-03-20,339.000000,342.239990,337.660004,339.500000,335.657318,5432700
2025-03-21,337.369995,339.429993,335.519989,335.660004,331.860779,17279700
2025-03-24,338.649994,345.220001,337.649994,343.869995,339.977875,5675100
2025-03-25,344.559998,345.529999,340.670013,344.619995,340.719330,3931200
2025-03-26,345.989990,347.380005,343.000000,344.179993,340.284332,6187100
2025-03-27,344.000000,350.839996,343.320007,349.859985,345.900024,7254800
2025-03-28,349.190002,351.619995,341.609985,342.850006,338.969421,5687600
2025-03-31,339.350006,351.859985,334.489990,350.459991,346.493256,9950800
2025-04-01,350.440002,350.450012,342.570007,346.350006,342.429749,7473300
2025-04-02,343.440002,348.200012,343.049988,346.329987,342.410004,5682500
2025-04-03,333.899994,344.739990,331.000000,339.390015,335.548553,8792900
2025-04-04,330.000000,334.649994,312.119995,313.130005,309.585815,13201700
2025-04-07,302.070007,322.179993,299.000000,312.320007,308.784973,12163400
2025-04-08,322.239990,326.279999,303.929993,308.269989,304.780823,9569300
2025-04-09,305.640015,334.029999,305.640015,332.429993,328.667358,11361800
2025-04-10,328.019989,330.160004,313.269989,324.609985,320.935822,8709800
2025-04-11,324.429993,336.980011,322.540009,333.399994,329.626343,6804500
2025-04-14,336.410004,339.609985,333.140015,335.179993,331.386200,5011800
2025-04-15,336.720001,339.390015,335.000000,335.809998,332.009094,4386200
2025-04-16,335.000000,337.220001,328.859985,331.329987,327.579803,5850600
2025-04-17,331.070007,334.320007,328.440002,329.609985,325.879272,5655900
2025-04-21,329.000000,329.149994,316.649994,320.100006,316.476898,6362300
2025-04-22,323.859985,332.559998,322.390015,331.399994,327.649017,5435500
2025-04-23,337.239990,341.250000,333.200012,334.369995,330.585388,8906000
2025-04-24,333.279999,336.769989,331.250000,335.709991,331.910248,8055200
2025-04-25,334.760010,336.369995,332.170013,335.170013,331.376343,4452800
2025-04-28,336.779999,339.339996,335.019989,337.510010,333.689880,5422900
2025-04-29,338.500000,342.269989,336.459991,341.519989,337.654419,5519500
2025-04-30,334.440002,346.519989,333.239990,345.500000,341.589417,9526700
2025-05-01,345.579987,345.720001,340.119995,342.450012,338.573944,5849900
2025-05-02,347.220001,350.089996,346.119995,347.600006,343.665680,6113700
2025-05-05,347.000000,351.049988,346.119995,348.640015,344.693878,3865300
2025-05-06,346.399994,349.649994,345.760010,347.700012,343.764526,3438500
2025-05-07,348.700012,351.149994,347.209991,349.850006,345.890167,5454000
2025-05-08,352.000000,355.329987,350.950012,351.269989,347.294098,4156400
2025-05-09,351.829987,353.799988,350.670013,352.540009,348.549713,3086600
2025-05-12,359.140015,361.890015,351.130005,355.850006,351.822266,7985400
2025-05-13,355.519989,358.869995,354.579987,356.140015,352.693756,5406200
2025-05-14,356.670013,358.410004,355.209991,356.459991,353.010651,6207600
2025-05-15,356.890015,363.730011,356.679993,362.299988,358.794128,5826100
2025-05-16,362.950012,366.190002,360.890015,365.119995,361.586823,5838100
2025-05-19,363.019989,369.149994,362.320007,367.899994,364.339935,5081500
2025-05-20,367.779999,368.250000,364.690002,366.839996,363.290192,5281400
2025-05-21,363.720001,365.989990,358.079987,358.299988,354.832825,6125500
2025-05-22,357.760010,360.000000,356.559998,357.970001,354.506042,4936600
2025-05-23,353.750000,356.000000,352.220001,353.540009,350.118927,5345900
2025-05-27,355.410004,360.000000,354.480011,359.299988,355.823151,6316000
2025-05-28,359.339996,360.910004,358.040009,359.730011,356.249023,3299000
2025-05-29,360.350006,363.040009,358.720001,362.399994,358.893188,4590400
2025-05-30,361.350006,367.040009,361.350006,365.190002,361.656158,8726900
2025-06-02,362.769989,365.459991,359.959991,365.320007,361.784912,3845700
2025-06-03,364.579987,366.880005,361.500000,365.859985,362.319641,5221300
2025-06-04,366.709991,369.660004,366.309998,368.000000,364.438995,4202300
2025-06-05,370.000000,371.000000,365.929993,366.769989,363.220856,6881900
2025-06-06,369.010010,371.000000,367.549988,370.220001,366.637512,5008500
2025-06-09,369.790009,369.790009,362.049988,366.660004,363.111969,4999900
2025-06-10,367.000000,371.440002,366.679993,370.700012,367.112854,4109300
2025-06-11,370.000000,375.510010,369.380005,373.309998,369.697632,5562700
2025-06-12,372.230011,374.170013,369.549988,371.399994,367.806091,4874000
2025-06-13,361.510010,363.010010,345.000000,352.850006,349.435577,14181700
2025-06-16,356.489990,360.220001,354.329987,355.480011,352.040161,7234700
2025-06-17,353.489990,359.600006,353.320007,357.839996,354.377289,5559600
2025-06-18,357.850006,358.480011,338.040009,340.380005,337.086243,15008600
2025-06-20,338.950012,340.000000,334.920013,338.570007,335.293793,19332100
2025-06-23,337.500000,344.299988,335.630005,343.750000,340.423645,7553300
2025-06-24,351.519989,354.559998,347.920013,351.630005,348.227386,10172000
2025-06-25,350.450012,351.290009,345.260010,345.260010,341.919098,6836300
2025-06-26,343.779999,346.910004,342.029999,346.029999,342.681610,8829500
2025-06-27,346.589996,352.010010,345.660004,348.609985,345.236603,6601900
2025-06-30,349.350006,355.609985,349.059998,355.049988,351.614258,7080100
2025-07-01,353.820007,357.000000,351.420013,355.470001,352.030212,6653400
2025-07-02,354.600006,356.359985,350.000000,354.220001,350.792328,5131400
2025-07-03,354.589996,359.000000,353.609985,358.859985,355.387421,3702800
2025-07-07,358.920013,359.660004,354.489990,356.640015,353.188965,5138000
2025-07-08,356.679993,358.279999,353.250000,354.549988,351.119110,6966800
2025-07-09,355.070007,357.760010,353.750000,357.760010,354.298096,7297100
2025-07-10,356.829987,357.619995,353.450012,355.880005,352.436279,6121300
2025-07-11,352.510010,353.809998,344.390015,347.929993,344.563232,7580200
2025-07-14,347.390015,351.970001,345.010010,350.500000,347.108337,5598900
2025-07-15,348.119995,350.209991,346.760010,347.019989,343.661987,4891700
2025-07-16,347.290009,350.670013,345.799988,349.899994,346.514130,5544200
2025-07-17,350.000000,351.369995,348.480011,349.809998,346.425018,4747100
2025-07-18,349.500000,349.500000,347.160004,349.049988,345.672363,4927600
2025-07-21,349.059998,353.649994,348.399994,350.940002,347.544067,5216300
2025-07-22,351.100006,354.480011,350.200012,351.859985,348.455139,4614200
2025-07-23,353.000000,355.779999,351.209991,355.290009,351.851990,4385600
2025-07-24,354.820007,357.179993,353.859985,353.970001,350.544739,5887200
2025-07-25,354.000000,357.649994,353.010010,357.040009,353.585022,3915400
2025-07-28,356.380005,358.320007,354.730011,355.470001,352.030212,3921000
2025-07-29,356.290009,358.320007,350.809998,351.290009,347.890717,7402300
2025-07-30,351.700012,356.619995,347.230011,350.910004,347.514343,12129700
2025-07-31,348.929993,352.820007,345.089996,345.470001,342.127014,8641700
2025-08-01,344.100006,346.170013,338.100006,339.350006,336.066223,8658700
2025-08-04,341.700012,344.380005,340.000000,342.149994,338.839111,7335300
2025-08-05,342.149994,342.459991,335.549988,337.429993,334.164825,7295600
2025-08-06,338.299988,341.429993,335.429993,339.739990,336.452423,5944100
2025-08-07,341.429993,342.149994,328.700012,332.089996,328.876465,8797100
2025-08-08,333.679993,337.380005,332.730011,336.779999,333.521118,6073900
2025-08-11,336.730011,337.859985,334.510010,335.899994,332.649597,5715800
2025-08-12,335.200012,338.649994,334.809998,336.739990,334.068237,5682800
2025-08-13,336.980011,343.480011,336.779999,342.549988,339.832153,5693400
2025-08-14,342.940002,346.079987,341.670013,345.489990,342.748840,6224000
2025-08-15,346.250000,348.359985,342.859985,344.470001,341.736908,4946600
2025-08-18,343.839996,345.730011,340.950012,342.739990,340.020630,3999600
2025-08-19,342.559998,346.339996,341.890015,342.450012,339.732971,4457200
2025-08-20,343.399994,347.440002,342.850006,343.929993,341.201202,5834400
2025-08-21,342.890015,344.519989,339.720001,343.690002,340.963135,6073600
2025-08-22,345.220001,351.200012,345.220001,350.040009,347.262756,4973200
2025-08-25,349.609985,350.720001,347.500000,348.820007,346.052429,8019800
2025-08-26,348.690002,353.399994,347.450012,351.179993,348.393677,5876200
2025-08-27,350.709991,353.429993,349.839996,350.350006,347.570282,5531100
2025-08-28,350.600006,351.040009,348.600006,349.859985,347.084137,4987100
2025-08-29,350.459991,352.630005,349.000000,351.779999,348.988953,3671900
2025-09-02,349.309998,350.170013,346.079987,350.070007,347.292511,4940300
2025-09-03,349.339996,350.890015,347.260010,350.869995,348.086121,4176400
2025-09-04,350.730011,352.630005,349.149994,350.989990,348.205200,4324000
2025-09-05,351.380005,352.619995,340.200012,343.220001,340.496857,5448300
2025-09-08,342.339996,344.380005,341.000000,342.299988,339.584137,4711600
2025-09-09,341.690002,346.320007,341.290009,343.989990,341.260742,4646200
2025-09-10,342.609985,342.609985,336.440002,338.119995,335.437317,6557900
2025-09-11,338.730011,343.529999,337.869995,343.489990,340.764679,5157600
2025-09-12,341.220001,343.190002,339.170013,339.429993,336.736938,3518300
2025-09-15,340.609985,342.709991,338.390015,339.049988,336.359894,4367500
2025-09-16,336.239990,340.540009,333.470001,340.029999,337.332153,5527700
2025-09-17,339.940002,346.200012,339.519989,346.200012,343.453217,5763500
2025-09-18,344.730011,345.269989,338.179993,338.179993,335.496826,7526600
2025-09-19,340.450012,342.690002,338.250000,341.609985,338.899597,13674300
2025-09-22,339.010010,344.859985,338.660004,344.359985,341.627777,5621800
2025-09-23,344.589996,345.260010,337.630005,338.700012,336.012726,10142700
2025-09-24,339.130005,339.899994,337.920013,338.679993,335.992859,5207400
2025-09-25,338.350006,340.200012,334.510010,334.929993,332.272614,5398700
2025-09-26,337.230011,339.500000,336.230011,337.369995,334.693298,9619200
2025-09-29,337.380005,340.640015,335.549988,340.160004,337.461121,7217800
2025-09-30,339.820007,345.609985,338.510010,341.380005,338.671448,8164400
2025-10-01,340.309998,349.359985,340.309998,347.829987,345.070251,8381000
2025-10-02,346.220001,347.179993,343.559998,345.950012,343.205200,5198000
2025-10-03,346.109985,353.160004,346.000000,349.839996,347.064362,5199700
2025-10-06,350.010010,351.119995,344.350006,349.279999,346.508759,4735600
2025-10-07,350.059998,354.440002,350.059998,352.420013,349.623840,5044600
2025-10-08,353.779999,355.000000,351.100006,351.359985,348.572266,3927500
2025-10-09,351.470001,352.869995,345.579987,347.040009,344.286591,4434800
2025-10-10,347.630005,350.399994,343.250000,343.649994,340.923431,6296200
2025-10-13,343.720001,347.660004,340.730011,343.299988,340.576202,4030700
2025-10-14,341.000000,350.010010,340.220001,348.380005,345.615906,5731000
2025-10-15,348.380005,350.079987,344.000000,345.690002,342.947296,3778200
2025-10-16,345.000000,345.690002,334.170013,335.399994,332.738861,6241500
2025-10-17,337.769989,343.450012,337.000000,341.890015,339.177429,6267100
2025-10-20,341.899994,344.959991,338.940002,344.410004,341.677399,4665000
2025-10-21,343.119995,349.649994,343.000000,347.209991,344.455170,4121800
2025-10-22,347.820007,348.170013,344.500000,345.359985,342.619873,5074400
2025-10-23,346.200012,347.149994,344.459991,345.959991,343.215088,7217200
2025-10-24,348.200012,349.079987,345.320007,347.380005,344.623871,3576700
2025-10-27,349.000000,349.519989,345.010010,347.820007,345.060364,5400300
2025-10-28,348.579987,349.890015,346.500000,346.899994,344.147644,7445400
2025-10-29,346.000000,350.980011,339.000000,341.279999,338.572266,8361700
2025-10-30,342.220001,349.720001,341.790009,345.029999,342.292480,6411800
2025-10-31,342.079987,343.000000,338.170013,340.739990,338.036530,7301600
2025-11-03,341.000000,341.209991,334.820007,336.899994,334.226990,5538000
2025-11-04,336.480011,340.320007,334.250000,340.299988,337.600006,5920200
2025-11-05,340.130005,342.109985,336.359985,340.040009,337.342102,4984600
2025-11-06,338.589996,338.649994,333.709991,336.959991,334.286499,8507900
2025-11-07,336.730011,338.290009,334.850006,336.019989,333.353973,5318400
2025-11-10,336.649994,338.679993,334.320007,334.850006,332.193298,5295800
2025-11-11,335.500000,339.089996,333.200012,338.920013,336.230988,4453300
2025-11-12,338.250000,344.260010,337.399994,338.880005,336.857208,6389600
2025-11-13,339.040009,341.459991,335.600006,336.079987,334.073914,4961700
2025-11-14,335.890015,336.079987,329.029999,330.019989,328.050079,6422300
2025-11-17,331.160004,333.359985,324.929993,325.750000,323.805573,6494800
2025-11-18,324.500000,325.000000,318.000000,321.179993,319.262848,9170400
2025-11-19,321.519989,324.570007,319.869995,324.119995,322.185272,7066700
2025-11-20,324.119995,328.399994,323.140015,323.769989,321.837402,6510300
2025-11-21,325.380005,331.079987,324.290009,327.980011,326.022278,8930000
2025-11-24,329.239990,330.730011,326.000000,329.299988,327.334381,9337100
2025-11-25,328.899994,336.059998,328.899994,334.529999,332.533173,5854300
2025-11-26,334.529999,335.709991,333.059998,333.790009,331.797577,4309900
2025-11-28,333.429993,335.019989,332.000000,334.440002,332.443726,4586200
2025-12-01,332.940002,333.299988,330.140015,330.390015,328.417877,7082300
2025-12-02,331.450012,332.799988,327.209991,329.619995,327.652466,8201900
2025-12-03,329.609985,332.350006,329.350006,329.609985,327.642548,6296700
2025-12-04,331.279999,332.380005,324.279999,327.100006,325.147522,6277500
2025-12-05,326.829987,334.109985,326.399994,331.239990,329.262817,5266600
2025-12-08,329.880005,331.339996,324.709991,326.839996,324.889099,6059400
2025-12-09,326.609985,328.230011,325.070007,326.500000,324.551117,4325400
2025-12-10,326.640015,328.760010,325.299988,325.730011,323.785706,5467500
2025-12-11,332.600006,347.320007,330.059998,345.630005,343.566925,12953600
2025-12-12,348.000000,349.839996,345.970001,347.829987,345.753754,6942300
2025-12-15,347.829987,348.450012,343.829987,346.890015,344.819427,7004600
2025-12-16,346.000000,347.619995,343.720001,345.109985,343.050018,7269300
2025-12-17,345.549988,347.790009,343.679993,344.410004,342.354187,7263500
2025-12-18,345.170013,347.529999,344.269989,346.010010,343.944641,6805000
2025-12-19,346.049988,349.910004,346.049988,349.250000,347.165314,18623900
2025-12-22,350.000000,353.440002,349.589996,352.089996,349.988342,5043500
2025-12-23,352.000000,356.380005,352.000000,353.380005,351.270660,3703200
2025-12-24,353.380005,355.989990,353.010010,355.140015,353.020142,2023600
2025-12-26,355.100006,356.730011,353.709991,355.000000,352.880981,2017000
2025-12-29,355.489990,356.549988,353.799988,354.609985,352.493317,3989900
2025-12-30,354.000000,354.869995,352.660004,353.619995,351.509216,3366500