Date,Open,High,Low,Close,Adj Close,Volume
2020-01-02,53.849998,54.040001,53.509998,53.750000,45.306545,16803100
2020-01-03,53.110001,53.619999,52.900002,53.419998,45.028389,15608800
2020-01-06,52.740002,53.200001,52.720001,53.099998,44.758652,13200300
2020-01-07,53.049999,53.049999,52.470001,52.660000,44.387764,13278600
2020-01-08,52.840000,53.330002,52.799999,52.820000,44.522633,16585600
2020-01-09,53.200001,53.200001,52.480000,52.730000,44.446777,20817400
2020-01-10,52.790001,52.900002,52.480000,52.500000,44.252899,13777600
2020-01-13,52.500000,52.500000,51.830002,52.110001,43.924171,25197600
2020-01-14,50.230000,50.740002,49.250000,49.299999,41.555584,56668300
2020-01-15,48.830002,48.840000,47.980000,48.320000,40.729519,47148000
2020-01-16,48.459999,49.320000,47.840000,49.250000,41.513443,37020200
2020-01-17,49.369999,49.419998,48.529999,49.180000,41.454437,29669200
2020-01-21,49.090000,49.880001,48.799999,48.939999,41.252132,30858300
2020-01-22,49.029999,49.090000,48.290001,48.560001,40.931831,20367700
2020-01-23,48.389999,48.450001,47.980000,48.220001,40.645237,17297900
2020-01-24,48.189999,48.209999,47.180000,47.570000,40.097347,21239600
2020-01-27,46.889999,47.419998,46.740002,47.099998,39.701180,18156200
2020-01-28,47.509998,47.790001,47.279999,47.369999,39.928772,16673300
2020-01-29,47.419998,47.900002,47.259998,47.270000,39.844463,16166300
2020-01-30,47.169998,47.950001,47.040001,47.910000,40.383923,14760200
2020-01-31,47.419998,47.450001,46.750000,46.939999,39.566311,23080400
2020-02-03,47.240002,47.720001,47.029999,47.119999,39.718044,15471100
2020-02-04,47.700001,47.840000,47.250000,47.259998,39.836044,14973300
2020-02-05,47.900002,48.400002,47.779999,48.310001,40.721104,20141800
2020-02-06,48.439999,48.500000,47.849998,47.980000,40.874439,18259200
2020-02-07,47.730000,48.000000,47.480000,47.840000,40.755177,13174600
2020-02-10,47.669998,47.860001,47.419998,47.770000,40.695541,18124800
2020-02-11,48.080002,48.340000,47.939999,47.990002,40.882961,13686100
2020-02-12,48.220001,48.490002,47.759998,47.790001,40.712582,16668100
2020-02-13,47.619999,48.180000,47.549999,48.119999,40.993717,12530000
2020-02-14,48.139999,48.320000,47.750000,48.220001,41.078903,15526400
2020-02-18,47.970001,48.119999,46.529999,46.990002,40.031055,22423800
2020-02-19,47.250000,47.349998,46.980000,47.090000,40.116249,15602500
2020-02-20,47.000000,47.410000,46.680000,47.340000,40.329231,15965500
2020-02-21,47.480000,47.849998,47.099998,47.700001,40.635895,21729100
2020-02-24,46.580002,46.950001,46.259998,46.389999,39.519905,23075900
2020-02-25,46.290001,46.669998,44.959999,45.119999,38.437992,31110100
2020-02-26,45.480000,45.650002,44.130001,44.139999,37.603123,27372600
2020-02-27,43.320000,44.320000,42.430000,42.470001,36.180450,41180000
2020-02-28,41.310001,41.869999,39.750000,40.849998,34.800346,71703000
2020-03-02,40.980000,42.279999,39.459999,42.259998,36.001545,44231200
2020-03-03,42.060001,42.900002,40.029999,40.529999,34.527748,45091000
2020-03-04,41.009998,41.430000,39.959999,41.400002,35.268906,33881500
2020-03-05,40.000000,40.009998,38.570000,38.900002,33.139141,45037900
2020-03-06,37.000000,37.680000,36.330002,37.090000,31.597193,56766500
2020-03-09,33.720001,34.480000,32.220001,32.480000,27.669901,53277200
2020-03-10,34.630001,35.080002,32.279999,35.080002,29.884855,40078700
2020-03-11,34.049999,34.270000,32.009998,32.330002,27.542118,44769500
2020-03-12,29.809999,30.860001,27.120001,27.200001,23.171841,68447600
2020-03-13,30.150000,31.760000,27.770000,30.889999,26.315371,78365700
2020-03-16,26.340000,29.230000,26.299999,26.500000,22.575506,57466700
2020-03-17,27.629999,30.620001,25.889999,29.629999,25.241974,58112800
2020-03-18,27.700001,28.889999,26.900000,28.120001,23.955591,51904100
2020-03-19,27.660000,29.110001,26.290001,28.290001,24.100418,53123500
2020-03-20,28.680000,28.750000,26.180000,26.500000,22.575506,73915800
2020-03-23,26.260000,26.870001,25.110001,25.250000,21.510624,47064100
2020-03-24,26.959999,29.170000,26.330000,28.920000,24.637115,48630300
2020-03-25,29.000000,30.299999,27.770000,28.969999,24.679712,53341100
2020-03-26,29.330000,31.389999,29.080000,30.900000,26.323887,45494700
2020-03-27,30.020000,31.290001,29.080000,30.280001,25.795710,38942800
2020-03-30,30.360001,30.480000,28.889999,29.920000,25.489019,41232800
2020-03-31,29.410000,29.750000,28.160000,28.700001,24.449694,36920300
2020-04-01,27.020000,27.370001,26.200001,26.570000,22.635141,48497400
2020-04-02,26.469999,27.530001,26.379999,27.219999,23.188877,33113500
2020-04-03,27.000000,27.360001,25.910000,26.230000,22.345493,32735800
2020-04-06,27.410000,28.830000,27.400000,28.629999,24.390064,36056100
2020-04-07,30.750000,30.780001,28.709999,28.770000,24.509333,39229900
2020-04-08,29.340000,30.480000,28.680000,30.280001,25.795710,42213700
2020-04-09,31.120001,33.910000,31.100000,33.200001,28.283268,62462000
2020-04-13,33.220001,33.240002,31.410000,31.430000,26.775402,36068900
2020-04-14,32.110001,32.500000,29.559999,30.180000,25.710522,64267100
2020-04-15,28.770000,29.110001,28.219999,28.440001,24.228201,41883900
2020-04-16,28.280001,28.280001,26.660000,26.889999,22.907749,52962100
2020-04-17,28.150000,28.780001,27.799999,28.379999,24.177088,46985000
2020-04-20,27.330000,28.889999,26.920000,27.680000,23.580751,45441600
2020-04-21,26.900000,27.250000,26.500000,26.840000,22.865154,41918700
2020-04-22,27.500000,27.580000,26.700001,26.799999,22.831078,28043300
2020-04-23,26.950001,27.209999,26.420000,26.530001,22.601065,38331500
2020-04-24,26.799999,27.290001,26.370001,26.920000,22.933310,35135900
2020-04-27,27.370001,28.580000,27.160000,28.410000,24.202648,39606100
2020-04-28,29.600000,29.920000,28.590000,28.870001,24.594526,35188000
2020-04-29,30.100000,30.459999,29.650000,30.000000,25.557178,38515200
2020-04-30,29.320000,29.610001,28.600000,29.049999,24.747866,29506100
2020-05-01,28.500000,28.530001,27.280001,27.590000,23.504084,35197600
2020-05-04,26.959999,27.450001,26.600000,27.350000,23.299627,34343900
2020-05-05,27.520000,27.799999,26.250000,26.320000,22.422163,56753400
2020-05-06,26.459999,26.650000,25.400000,25.610001,21.817307,57732900
2020-05-07,25.590000,26.100000,25.139999,25.230000,21.930304,52387000
2020-05-08,25.639999,25.780001,25.230000,25.430000,22.104147,53725300
2020-05-11,25.110001,25.230000,24.600000,24.780001,21.539160,51444200
2020-05-12,24.959999,25.270000,24.000000,24.040001,20.895939,53560500
2020-05-13,23.950001,23.950001,22.000000,22.530001,19.583427,90209900
2020-05-14,22.129999,24.590000,22.020000,24.059999,20.913328,87965500
2020-05-15,23.690001,23.830000,23.080000,23.360001,20.304873,51616700
2020-05-18,24.549999,25.590000,24.340000,25.410000,22.086761,55684400
2020-05-19,25.000000,25.150000,23.920000,23.950001,20.817709,48234300
2020-05-20,24.490000,24.740000,24.360001,24.520000,21.313168,45297100
2020-05-21,24.389999,24.850000,24.320000,24.459999,21.261007,28376500
2020-05-22,24.440001,24.490000,23.920000,24.170000,21.008936,30415300
2020-05-26,25.049999,26.510000,25.040001,26.260000,22.825600,57720300
2020-05-27,27.799999,28.260000,26.840000,27.950001,24.294571,61963000
2020-05-28,28.320000,28.370001,27.120001,27.219999,23.660046,51490200
2020-05-29,26.500000,27.070000,26.090000,26.469999,23.008131,51336900
2020-06-01,26.610001,27.590000,26.370001,27.090000,23.547049,34201700
2020-06-02,27.580000,27.990000,27.160000,27.400000,23.816504,39058000
2020-06-03,28.389999,29.190001,28.340000,28.830000,25.059486,50814000
2020-06-04,29.480000,30.250000,28.639999,30.219999,26.267693,61839200
2020-06-05,33.889999,33.889999,31.459999,31.670000,27.528055,107651200
2020-06-08,32.900002,33.430000,32.270000,33.320000,28.962255,69051300
2020-06-09,32.439999,33.080002,31.510000,32.630001,28.362499,51480400
2020-06-10,32.299999,32.330002,29.650000,29.709999,25.824390,82090000
2020-06-11,27.200001,28.430000,26.700001,26.790001,23.286285,75621300
2020-06-12,28.000000,28.230000,27.350000,27.969999,24.311958,51301200
2020-06-15,26.860001,28.389999,26.559999,28.209999,24.520571,48311400
2020-06-16,29.430000,29.650000,27.770000,28.520000,24.790026,52985600
2020-06-17,28.500000,28.549999,27.350000,27.450001,23.859964,38660800
2020-06-18,27.100000,27.930000,26.930000,27.549999,23.946884,33670200
2020-06-19,28.000000,28.049999,27.010000,27.600000,23.990351,71903000
2020-06-22,27.270000,27.629999,26.889999,27.350000,23.773045,32808300
2020-06-23,27.780001,28.290001,27.190001,27.230000,23.668734,47279100
2020-06-24,26.959999,27.030001,25.990000,26.120001,22.703911,57380900
2020-06-25,25.959999,27.410000,25.889999,27.370001,23.790428,45102200
2020-06-26,26.100000,26.400000,25.250000,25.340000,22.025923,81172300
2020-06-29,25.590000,25.900000,25.260000,25.700001,22.338840,43769200
2020-06-30,25.209999,25.870001,25.170000,25.600000,22.251915,46610000
2020-07-01,25.730000,25.959999,24.930000,25.090000,21.808620,37509300
2020-07-02,25.750000,26.170000,25.100000,25.340000,22.025923,37013300
2020-07-06,25.820000,26.020000,24.980000,25.490000,22.156303,46983100
2020-07-07,25.200001,25.219999,24.340000,24.459999,21.261007,36920500
2020-07-08,24.440001,24.780001,24.070000,24.549999,21.339243,38413400
2020-07-09,24.500000,24.780001,23.709999,24.040001,20.895939,38118900
2020-07-10,24.180000,25.530001,24.150000,25.469999,22.138920,56483300
2020-07-13,25.820000,26.040001,24.940001,25.410000,22.086761,51038800
2020-07-14,23.920000,24.389999,23.330000,24.250000,21.078476,118952600
2020-07-15,24.980000,25.549999,24.840000,25.350000,22.034615,61714300
2020-07-16,24.910000,26.090000,24.820000,25.459999,22.130226,48676800
2020-07-17,25.490000,25.639999,24.860001,24.950001,21.686930,39184100
2020-07-20,24.719999,24.879999,24.400000,24.570000,21.356627,38682200
2020-07-21,24.750000,26.280001,24.709999,26.200001,22.773445,58395200
2020-07-22,26.129999,26.350000,25.820000,26.260000,22.825600,41030500
2020-07-23,26.160000,26.510000,25.700001,26.350000,22.903826,50791000
2020-07-24,26.469999,26.850000,26.200001,26.260000,22.825600,39357000
2020-07-27,26.020000,26.020000,25.250000,25.490000,22.156303,34761000
2020-07-28,25.330000,25.700001,25.330000,25.530001,22.191072,30505200
2020-07-29,25.450001,25.820000,25.000000,25.780001,22.408379,31442100
2020-07-30,25.190001,25.240000,24.500000,24.650000,21.426163,51019200
2020-07-31,24.500000,24.660000,24.080000,24.260000,21.087166,45537900
2020-08-03,24.250000,24.500000,23.900000,24.290001,21.113249,27863700
2020-08-04,24.200001,24.290001,24.030001,24.219999,21.052402,28106900
2020-08-05,24.400000,24.750000,24.340000,24.400000,21.208858,32935400
2020-08-06,24.200001,24.500000,24.120001,24.240000,21.156492,44670300
2020-08-07,24.129999,25.219999,24.000000,25.070000,21.880909,46272400
2020-08-10,25.219999,25.480000,24.219999,24.700001,21.557978,50602600
2020-08-11,25.290001,26.139999,25.200001,25.320000,22.099106,55000100
2020-08-12,25.980000,26.139999,24.719999,25.190001,21.985643,42868500
2020-08-13,24.950001,25.230000,24.680000,25.020000,21.837271,27387800
2020-08-14,24.790001,25.490000,24.639999,25.299999,22.081650,26743400
2020-08-17,25.030001,25.139999,24.440001,24.469999,21.357235,36661700
2020-08-18,24.420000,24.450001,24.010000,24.040001,20.981930,29680700
2020-08-19,24.010000,24.389999,23.840000,24.070000,21.008116,33667800
2020-08-20,23.740000,23.940001,23.600000,23.750000,20.728819,36022100
2020-08-21,23.639999,23.910000,23.520000,23.639999,20.632816,27198000
2020-08-24,23.799999,24.510000,23.610001,24.490000,21.374687,36906700
2020-08-25,24.740000,24.889999,24.299999,24.610001,21.479422,35077300
2020-08-26,24.510000,24.580000,24.040001,24.040001,20.981930,28348200
2020-08-27,23.990000,24.780001,23.969999,24.590000,21.461971,36706600
2020-08-28,24.750000,24.770000,24.350000,24.690001,21.549248,25797300
2020-08-31,24.490000,24.510000,24.090000,24.150000,21.077940,27615500
2020-09-01,24.020000,24.340000,23.740000,24.049999,20.990662,30508800
2020-09-02,24.010000,24.660000,23.930000,24.570000,21.444515,40334000
2020-09-03,24.799999,25.360001,24.299999,24.520000,21.400873,42349300
2020-09-04,25.000000,25.190001,24.250000,24.790001,21.636530,48745000
2020-09-08,24.280001,24.549999,23.740000,23.969999,20.920837,49082900
2020-09-09,24.010000,24.070000,23.700001,23.840000,20.807373,49427900
2020-09-10,24.030001,24.670000,23.860001,23.950001,20.903379,54211700
2020-09-11,23.920000,24.320000,23.709999,24.270000,21.182676,34861100
2020-09-14,24.379999,24.969999,24.230000,24.809999,21.653984,49787100
2020-09-15,24.959999,25.040001,24.559999,24.879999,21.715076,41954800
2020-09-16,24.870001,26.000000,24.750000,25.709999,22.439497,51768200
2020-09-17,25.230000,25.430000,24.900000,25.110001,21.915819,51531300
2020-09-18,24.940001,25.400000,24.900000,25.129999,21.933277,115153200
2020-09-21,24.450001,24.520000,23.719999,24.040001,20.981930,56188400
2020-09-22,23.980000,24.360001,23.530001,23.650000,20.641542,39839500
2020-09-23,23.780001,24.129999,22.830000,22.830000,19.925856,45697700
2020-09-24,22.959999,23.719999,22.559999,23.320000,20.353519,43329100
2020-09-25,23.120001,23.709999,23.010000,23.639999,20.632816,30229900
2020-09-28,23.990000,24.270000,23.760000,23.820000,20.789921,41103500
2020-09-29,23.719999,23.719999,23.070000,23.260000,20.301155,38416300
2020-09-30,23.360001,23.870001,23.250000,23.510000,20.519350,43071500
2020-10-01,23.570000,23.809999,23.160000,23.559999,20.562996,38879800
2020-10-02,23.150000,24.090000,23.080000,23.990000,20.938288,26238600
2020-10-05,24.219999,24.600000,24.219999,24.450001,21.339779,22607500
2020-10-06,24.680000,25.000000,24.040001,24.180000,21.104126,30991300
2020-10-07,24.420000,24.930000,24.389999,24.809999,21.653984,34647300
2020-10-08,24.879999,25.330000,24.670000,25.299999,22.081650,26483400
2020-10-09,25.389999,25.510000,25.010000,25.299999,22.081650,28211300
2020-10-12,25.200001,25.740000,25.150000,25.680000,22.413311,25855600
2020-10-13,25.420000,25.500000,24.700001,24.740000,21.592886,29939600
2020-10-14,24.270000,24.430000,23.230000,23.250000,20.292425,75388100
2020-10-15,23.059999,23.090000,22.750000,22.950001,20.030590,60328600
2020-10-16,23.010000,23.230000,22.610001,22.860001,19.952038,43141200
2020-10-19,22.889999,22.910000,22.510000,22.540001,19.672749,37423600
2020-10-20,22.730000,23.129999,22.690001,22.809999,19.908394,34751200
2020-10-21,22.820000,22.950001,22.600000,22.700001,19.812387,29528300
2020-10-22,22.660000,23.320000,22.610001,23.250000,20.292425,32238300
2020-10-23,23.580000,23.590000,23.120001,23.280001,20.318613,24558300
2020-10-26,22.969999,23.020000,22.600000,22.700001,19.812387,34034100
2020-10-27,22.610001,22.610001,21.820000,21.820000,19.044334,49636500
2020-10-28,21.230000,21.480000,20.799999,21.180000,18.485746,54835900
2020-10-29,21.049999,21.379999,20.760000,21.139999,18.450830,46184000
2020-10-30,21.100000,21.459999,20.840000,21.450001,18.721397,34592400
2020-11-02,21.700001,21.980000,21.190001,21.900000,19.114155,38401200
2020-11-03,22.309999,22.500000,21.990000,22.090000,19.279985,38427000
2020-11-04,21.750000,22.559999,21.170000,21.879999,19.096703,47203200
2020-11-05,21.889999,22.570000,21.860001,22.330000,19.578939,38319700
2020-11-06,22.500000,22.570000,21.840000,21.910000,19.210686,29502900
2020-11-09,24.030001,24.870001,23.299999,24.219999,21.236088,102118900
2020-11-10,24.360001,24.370001,23.860001,24.190001,21.209787,49029100
2020-11-11,24.230000,24.540001,24.010000,24.190001,21.209787,38309200
2020-11-12,23.910000,24.150000,23.559999,23.809999,20.876604,34505900
2020-11-13,23.910000,24.180000,23.730000,24.070000,21.104574,30056100
2020-11-16,24.990000,25.030001,24.389999,24.900000,21.832314,36954800
2020-11-17,24.530001,25.150000,24.520000,25.040001,21.955069,29490400
2020-11-18,25.150000,25.950001,25.059999,25.059999,21.972605,44318300
2020-11-19,25.190001,26.219999,24.969999,26.160000,22.937086,44560000
2020-11-20,26.040001,26.230000,25.459999,25.480000,22.340858,38469100
2020-11-23,25.950001,26.440001,25.870001,26.299999,23.059834,40691400
2020-11-24,27.459999,28.730000,27.340000,28.610001,25.085247,80523400
2020-11-25,28.330000,28.690001,28.000000,28.590000,25.067711,38875500
2020-11-27,28.590000,28.629999,28.180000,28.459999,24.953720,20281400
2020-11-30,28.430000,28.559999,27.280001,27.350000,23.980474,48211000
2020-12-01,28.150000,28.680000,28.040001,28.059999,24.603004,41924200
2020-12-02,27.990000,28.990000,27.850000,28.870001,25.313213,35508000
2020-12-03,28.940001,29.490000,28.790001,29.160000,25.567476,41264600
2020-12-04,29.500000,29.969999,29.340000,29.549999,25.909435,47168800
2020-12-07,29.420000,29.629999,29.070000,29.340000,25.725306,31713000
2020-12-08,29.030001,29.299999,28.400000,28.940001,25.374590,32209500
2020-12-09,29.240000,29.240000,28.610001,29.049999,25.471031,35276000
2020-12-10,28.719999,29.559999,28.540001,29.490000,25.856831,31730200
2020-12-11,29.020000,29.389999,28.670000,29.080000,25.497337,29779100
2020-12-14,29.540001,29.780001,28.510000,28.639999,25.111549,28378000
2020-12-15,29.129999,29.770000,28.900000,29.730000,26.067255,38866200
2020-12-16,29.639999,29.910000,29.480000,29.650000,25.997118,35204800
2020-12-17,29.799999,29.900000,29.440001,29.469999,25.839287,42870500
2020-12-18,29.469999,29.620001,28.799999,29.010000,25.435963,53716400
2020-12-21,29.570000,29.889999,28.840000,29.549999,25.909435,52731600
2020-12-22,29.650000,29.719999,28.950001,28.959999,25.392117,25655900
2020-12-23,29.280001,30.490000,29.270000,30.350000,26.610874,38383700
2020-12-24,30.290001,30.379999,29.660000,29.840000,26.163710,14443700
2020-12-28,30.080000,30.480000,29.910000,29.930000,26.242622,21658500
2020-12-29,30.150000,30.170000,29.750000,29.780001,26.111095,19584400
2020-12-30,29.799999,30.040001,29.650000,29.750000,26.084797,18519300
2020-12-31,29.750000,30.240000,29.670000,30.180000,26.461819,21081200
2021-01-04,30.320000,30.440001,29.400000,29.700001,26.040955,31421600
2021-01-05,30.090000,30.950001,29.820000,30.530001,26.768700,37360000
2021-01-06,31.900000,33.000000,31.790001,32.689999,28.662586,73507500
2021-01-07,33.580002,34.200001,33.320000,33.430000,29.311419,50634100
2021-01-08,33.610001,33.650002,32.669998,33.189999,29.100981,32324700
2021-01-11,32.639999,33.560001,32.320000,33.240002,29.144829,33739300
2021-01-12,34.000000,34.520000,33.660000,33.939999,29.758581,59146400
2021-01-13,33.820000,34.259998,33.630001,33.799999,29.635832,35734800
2021-01-14,34.070000,35.099998,34.009998,34.750000,30.468790,55856900
2021-01-15,33.080002,33.500000,31.820000,32.040001,28.092665,91993100
2021-01-19,32.410000,33.040001,32.279999,32.630001,28.609978,43806800
2021-01-20,32.779999,32.830002,32.299999,32.459999,28.460920,29949800
2021-01-21,32.320000,32.430000,31.920000,32.000000,28.057592,28240600
2021-01-22,31.340000,32.060001,31.150000,31.900000,27.969917,24476100
2021-01-25,31.879999,32.349998,31.620001,32.240002,28.268024,28515500
2021-01-26,32.490002,32.529999,31.360001,31.379999,27.513975,28026500
2021-01-27,30.920000,31.030001,29.920000,30.170000,26.453053,45074900
2021-01-28,30.530001,31.049999,30.309999,30.809999,27.014202,28770200
2021-01-29,30.770000,31.190001,29.820000,29.879999,26.198774,39500800
2021-02-01,30.139999,30.219999,29.680000,29.990000,26.295227,23713400
2021-02-02,30.459999,31.190001,30.379999,30.750000,26.961594,25302900
2021-02-03,30.719999,31.770000,30.610001,31.700001,27.794554,28507800
2021-02-04,31.870001,32.849998,31.799999,32.660000,28.726900,30825400
2021-02-05,33.000000,33.189999,32.509998,32.560001,28.638943,24908100
2021-02-08,32.779999,33.570000,30.770000,33.400002,29.377789,29223800
2021-02-09,33.209999,33.410000,32.910000,33.259998,29.254650,23539800
2021-02-10,33.480000,33.689999,33.090000,33.200001,29.201880,22687000
2021-02-11,33.200001,33.340000,32.369999,32.720001,28.779682,22393200
2021-02-12,32.650002,33.619999,32.650002,33.529999,29.492125,34473100
2021-02-16,34.070000,34.930000,34.000000,34.790001,30.600388,36468200
2021-02-17,34.340000,37.450001,34.029999,36.590000,32.183632,80157700
2021-02-18,36.439999,37.360001,36.180000,36.959999,32.509068,43334700
2021-02-19,37.130001,37.849998,37.029999,37.830002,33.274307,39023000
2021-02-22,37.669998,37.919998,37.099998,37.259998,32.772957,34690000
2021-02-23,37.590000,37.770000,36.599998,37.139999,32.667400,36792500
2021-02-24,37.240002,38.340000,37.139999,38.290001,33.678905,42764300
2021-02-25,38.680000,38.680000,37.299999,37.560001,33.036819,37233100
2021-02-26,37.099998,37.410000,35.930000,36.169998,31.814213,39468000
2021-03-01,37.110001,37.419998,36.740002,37.090000,32.623413,28066100
2021-03-02,37.150002,37.450001,36.990002,37.139999,32.667400,19701200
2021-03-03,37.349998,38.660000,37.349998,37.689999,33.151165,35365100
2021-03-04,37.619999,38.000000,36.360001,37.160000,32.684990,42932500
2021-03-05,37.869999,38.119999,36.340000,37.430000,32.922466,34558300
2021-03-08,38.130001,38.880001,37.770000,38.669998,34.013153,38255200
2021-03-09,38.169998,38.799999,37.480000,38.130001,33.538181,35854100
2021-03-10,38.680000,39.700001,38.279999,39.580002,34.813560,38437200
2021-03-11,39.220001,39.590000,38.610001,38.880001,34.197857,30598700
2021-03-12,39.500000,40.020000,39.419998,39.970001,35.156593,28754000
2021-03-15,40.070000,40.230000,39.169998,39.700001,34.919102,25892200
2021-03-16,39.369999,39.490002,38.720001,39.349998,34.611259,24668300
2021-03-17,39.680000,40.439999,39.209999,39.840000,35.042248,33537000
2021-03-18,40.150002,41.540001,40.150002,40.810001,35.895432,57420600
2021-03-19,39.939999,40.070000,39.220001,39.630001,34.857529,60291800
2021-03-22,39.279999,39.310001,38.619999,38.970001,34.277016,32206000
2021-03-23,38.500000,39.049999,38.049999,38.240002,33.634933,32494400
2021-03-24,38.360001,39.020000,38.110001,38.119999,33.529381,24201700
2021-03-25,37.970001,39.360001,37.779999,39.299999,34.567284,28773000
2021-03-26,39.900002,40.230000,39.169998,39.759998,34.971886,29156100
2021-03-29,38.580002,39.349998,37.900002,38.439999,33.810848,38426900
2021-03-30,38.540001,40.080002,38.470001,39.389999,34.646439,36134200
2021-03-31,39.270000,39.630001,38.919998,39.070000,34.364967,25832800
2021-04-01,38.959999,39.650002,38.919998,39.630001,34.857529,22706900
2021-04-05,40.029999,40.330002,39.320000,39.480000,34.725601,21293400
2021-04-06,39.419998,39.900002,39.259998,39.849998,35.051044,20969600
2021-04-07,39.840000,40.090000,39.630001,39.990002,35.174183,19393200
2021-04-08,39.869999,40.200001,39.330002,40.029999,35.209373,20845000
2021-04-09,40.340000,40.790001,40.250000,40.500000,35.622768,28363600
2021-04-12,40.459999,40.889999,40.400002,40.770000,35.860245,21093000
2021-04-13,40.500000,40.509998,39.700001,39.790001,34.998268,29333200
2021-04-14,39.700001,42.180000,39.060001,41.990002,36.933331,64926900
2021-04-15,42.099998,42.259998,41.029999,42.240002,37.153229,44146300
2021-04-16,42.669998,44.130001,42.580002,43.840000,38.560543,57060200
2021-04-19,43.610001,44.400002,43.380001,43.880001,38.595734,39124200
2021-04-20,43.400002,43.400002,42.349998,42.540001,37.417103,29734000
2021-04-21,42.240002,43.360001,41.770000,43.240002,38.032803,27258000
2021-04-22,43.259998,43.520000,42.680000,42.700001,37.557835,24638300
2021-04-23,42.709999,44.180000,42.630001,43.860001,38.578136,28024200
2021-04-26,44.130001,44.680000,43.990002,44.139999,38.824406,24606600
2021-04-27,44.389999,45.220001,44.200001,45.090000,39.660007,29130200
2021-04-28,45.150002,45.669998,44.930000,45.080002,39.651222,20795100
2021-04-29,45.619999,46.389999,45.520000,46.240002,40.671524,26880700
2021-04-30,45.799999,46.020000,44.860001,45.049999,39.624828,34176500
2021-05-03,45.450001,45.650002,45.070000,45.480000,40.003048,16522700
2021-05-04,45.259998,45.840000,44.669998,45.740002,40.231739,26137600
2021-05-05,45.930000,46.200001,45.470001,45.939999,40.407650,19620200
2021-05-06,46.110001,46.689999,45.700001,46.630001,41.104031,34271500
2021-05-07,45.930000,46.619999,45.549999,46.540001,41.024704,25140400
2021-05-10,46.840000,47.349998,46.590000,46.599998,41.077591,28193100
2021-05-11,46.020000,46.880001,45.509998,45.720001,40.301868,31478500
2021-05-12,46.830002,47.160000,45.480000,45.639999,40.231354,33392900
2021-05-13,45.490002,46.790001,45.310001,46.400002,40.901291,23553400
2021-05-14,46.599998,47.110001,46.470001,46.959999,41.394928,17078500
2021-05-17,46.919998,47.980000,46.799999,47.900002,42.223526,25212800
2021-05-18,47.900002,48.130001,46.830002,46.860001,41.306782,24126000
2021-05-19,45.939999,46.320000,45.369999,46.169998,40.698544,28911100
2021-05-20,46.070000,46.180000,45.270000,45.730000,40.310677,26107000
2021-05-21,45.970001,46.299999,45.779999,45.880001,40.442898,27312700
2021-05-24,46.000000,46.509998,45.759998,46.240002,40.760246,25707400
2021-05-25,46.389999,47.020000,46.040001,46.090000,40.628029,29415300
2021-05-26,46.110001,46.599998,45.599998,46.400002,40.901291,26170600
2021-05-27,46.990002,47.380001,46.310001,46.759998,41.218628,42572900
2021-05-28,46.849998,46.880001,46.279999,46.720001,41.183369,15760100
2021-06-01,47.160000,47.410000,46.790001,47.259998,41.659378,17878600
2021-06-02,47.380001,47.459999,46.580002,46.810001,41.262695,18492600
2021-06-03,46.689999,47.000000,46.349998,46.459999,40.954182,20206400
2021-06-04,47.060001,47.099998,46.509998,46.959999,41.394928,18190300
2021-06-07,47.099998,47.180000,46.779999,47.110001,41.527153,16644300
2021-06-08,46.740002,47.009998,46.299999,46.610001,41.086399,21271700
2021-06-09,46.240002,46.340000,45.630001,45.919998,40.478176,22617500
2021-06-10,46.470001,46.650002,45.009998,45.090000,39.746532,21640000
2021-06-11,45.180000,45.689999,45.180000,45.680000,40.266617,19389300
2021-06-14,45.610001,45.880001,44.840000,45.150002,39.799423,25452300
2021-06-15,45.200001,45.720001,45.000000,45.459999,40.072678,23865400
2021-06-16,44.950001,45.959999,44.320000,45.570000,40.169643,38287700
2021-06-17,45.790001,45.959999,42.660000,42.790001,37.719097,48910400
2021-06-18,41.680000,42.310001,41.470001,41.750000,36.802345,61292200
2021-06-21,42.299999,43.310001,42.230000,43.279999,38.151031,26444700
2021-06-22,43.410000,43.869999,42.860001,43.540001,38.380226,26455200
2021-06-23,43.500000,44.310001,43.500000,43.959999,38.750450,18778500
2021-06-24,44.259998,45.419998,44.209999,45.180000,39.825867,27951000
2021-06-25,45.570000,46.650002,45.220001,46.380001,40.883656,49074700
2021-06-28,46.000000,46.070000,45.090000,45.790001,40.363579,27127500
2021-06-29,46.040001,46.380001,44.599998,44.790001,39.482079,39534000
2021-06-30,44.619999,45.389999,44.450001,45.290001,39.922825,18168100
2021-07-01,45.480000,45.639999,44.970001,45.410000,40.028610,18658000
2021-07-02,45.299999,45.410000,44.840000,45.070000,39.728897,13218500
2021-07-06,44.730000,44.820000,43.299999,43.490002,38.336151,25486900
2021-07-07,43.279999,43.970001,43.119999,43.400002,38.256813,21884000
2021-07-08,42.580002,42.950001,41.970001,42.320000,37.304794,29148700
2021-07-09,43.180000,44.110001,42.849998,43.910000,38.706379,25055900
2021-07-12,43.279999,44.250000,42.959999,44.160000,38.926739,17618900
2021-07-13,43.790001,44.130001,43.009998,43.230000,38.106949,25387800
2021-07-14,43.599998,45.130001,42.509998,44.950001,39.623119,49618000
2021-07-15,44.590000,45.389999,44.369999,45.000000,39.667194,33388100
2021-07-16,45.410000,45.529999,44.110001,44.279999,39.032520,27838200
2021-07-19,42.709999,43.299999,42.290001,43.049999,37.948288,43362200
2021-07-20,43.000000,45.150002,42.869999,44.840000,39.526165,34556200
2021-07-21,45.290001,46.150002,45.209999,45.799999,40.372391,29654600
2021-07-22,45.840000,45.950001,44.799999,45.029999,39.693638,23309500
2021-07-23,45.099998,45.509998,44.419998,44.590000,39.305786,23946500
2021-07-26,44.470001,45.240002,44.470001,45.009998,39.676010,22976700
2021-07-27,44.590000,45.380001,44.270000,45.139999,39.790600,22124500
2021-07-28,45.380001,46.040001,44.980000,45.509998,40.116760,23252800
2021-07-29,45.889999,46.709999,45.680000,46.500000,40.989441,24487400
2021-07-30,46.259998,46.849998,45.730000,45.939999,40.495796,25794000
2021-08-02,46.040001,46.810001,45.570000,45.790001,40.363579,23960700
2021-08-03,45.980000,46.939999,45.110001,46.830002,41.280327,24050300
2021-08-04,46.270000,46.970001,46.040001,46.150002,40.680908,22178000
2021-08-05,46.049999,47.000000,46.009998,46.990002,41.601658,28092600
2021-08-06,47.500000,48.990002,47.450001,48.770000,43.177540,33583900
2021-08-09,48.660000,49.340000,48.290001,48.650002,43.071301,29795200
2021-08-10,48.730000,49.689999,48.689999,49.630001,43.938927,28708100
2021-08-11,49.630001,50.730000,49.169998,50.660000,44.850819,29203900
2021-08-12,50.759998,51.250000,50.560001,51.150002,45.284630,21729900
2021-08-13,51.209999,51.410000,50.180000,50.369999,44.594070,15843300
2021-08-16,49.930000,49.980000,48.939999,49.410000,43.744156,22615500
2021-08-17,48.880001,49.369999,48.029999,48.709999,43.124428,16887000
2021-08-18,48.360001,48.980000,47.900002,47.970001,42.469280,16319300
2021-08-19,47.349998,47.950001,46.830002,47.250000,41.831844,20259400
2021-08-20,47.130001,47.450001,46.840000,47.419998,41.982357,15357400
2021-08-23,47.750000,47.990002,47.450001,47.610001,42.150558,15551900
2021-08-24,47.750000,48.369999,47.709999,48.360001,42.814560,15109100
2021-08-25,48.619999,49.619999,48.470001,49.290001,43.637913,21357400
2021-08-26,49.529999,49.869999,48.889999,49.049999,43.425434,21627600
2021-08-27,49.220001,49.849998,49.119999,49.810001,44.098289,16873300
2021-08-30,49.759998,49.810001,48.349998,48.410000,42.858829,16054100
2021-08-31,48.410000,48.990002,45.209999,45.700001,40.459579,73514300
2021-09-01,45.700001,45.970001,43.270000,43.450001,38.467590,84960500
2021-09-02,43.680000,44.880001,43.540001,44.570000,39.459156,37629000
2021-09-03,44.490002,44.500000,43.820000,44.169998,39.105022,21687500
2021-09-07,44.320000,44.959999,44.250000,44.310001,39.228966,19733500
2021-09-08,44.119999,44.540001,43.630001,43.820000,38.795151,21252400
2021-09-09,43.849998,44.720001,43.759998,44.360001,39.273235,19776900
2021-09-10,45.000000,45.250000,44.189999,44.330002,39.246689,23367400
2021-09-13,44.560001,45.810001,44.560001,45.759998,40.512695,28027200
2021-09-14,46.020000,46.939999,45.759998,46.049999,40.769455,36053200
2021-09-15,45.869999,46.889999,45.849998,46.639999,41.291794,31535600
2021-09-16,46.900002,47.270000,46.009998,46.279999,40.973076,24102400
2021-09-17,45.740002,46.689999,45.740002,46.470001,41.141285,34912100
2021-09-20,45.029999,45.869999,44.840000,45.810001,40.556973,30603100
2021-09-21,45.980000,46.360001,45.730000,45.849998,40.592377,23049100
2021-09-22,46.490002,47.689999,46.470001,47.080002,41.681339,29430700
2021-09-23,47.459999,48.169998,47.160000,47.799999,42.318775,21852800
2021-09-24,47.779999,48.570000,47.730000,47.919998,42.425011,20384700
2021-09-27,48.380001,48.939999,46.160000,47.560001,42.106297,48927500
2021-09-28,47.009998,47.029999,45.070000,45.919998,40.654362,49349100
2021-09-29,46.450001,47.150002,45.930000,47.029999,41.637058,21730200
2021-09-30,47.139999,47.150002,46.119999,46.410000,41.088169,22947500
2021-10-01,46.549999,47.310001,46.490002,47.020000,41.628223,18021700
2021-10-04,47.020000,47.689999,46.669998,47.020000,41.628223,22315200
2021-10-05,47.500000,48.450001,47.349998,47.959999,42.460430,20250500
2021-10-06,47.580002,48.090000,47.060001,47.869999,42.380753,17425700
2021-10-07,48.259998,48.590000,47.540001,47.759998,42.283356,19272300
2021-10-08,47.869999,48.340000,47.660000,48.000000,42.495842,14295400
2021-10-11,48.200001,48.459999,47.220001,47.279999,41.858406,15387900
2021-10-12,47.290001,47.529999,46.520000,46.650002,41.300640,18995700
2021-10-13,46.570000,46.570000,45.220001,46.049999,40.769455,24150300
2021-10-14,46.680000,46.889999,44.830002,45.310001,40.114288,53257700
2021-10-15,45.720001,48.740002,45.709999,48.380001,42.832260,60096600
2021-10-18,48.189999,49.709999,48.139999,49.430000,43.761868,33842700
2021-10-19,49.639999,50.349998,49.279999,50.340000,44.567513,26500300
2021-10-20,50.189999,50.389999,49.709999,50.160000,44.408150,24227900
2021-10-21,49.950001,50.599998,49.759998,50.330002,44.558662,20448300
2021-10-22,50.540001,51.119999,50.490002,50.660000,44.850819,21517200
2021-10-25,50.889999,51.119999,50.520000,50.619999,44.815411,19330300
2021-10-26,50.730000,51.099998,50.360001,50.630001,44.824261,18196300
2021-10-27,50.259998,50.990002,49.950001,50.049999,44.310764,21988300
2021-10-28,50.380001,51.400002,50.349998,51.360001,45.470547,26785500
2021-10-29,51.250000,51.639999,51.020000,51.160000,45.293488,19788500
2021-11-01,51.560001,52.000000,51.270000,51.709999,45.780418,18699000
2021-11-02,51.540001,51.720001,51.220001,51.299999,45.417435,21672500
2021-11-03,51.040001,52.570000,51.020000,52.000000,46.037155,24225700
2021-11-04,51.549999,51.700001,49.910000,50.619999,44.988445,32005700
2021-11-05,51.000000,51.610001,50.400002,50.439999,44.828468,23443200
2021-11-08,50.549999,51.369999,50.549999,50.869999,45.210625,19509500
2021-11-09,50.500000,50.560001,49.209999,49.889999,44.339653,28324800
2021-11-10,49.740002,50.770000,49.680000,50.360001,44.757362,19827800
2021-11-11,50.419998,50.910000,50.220001,50.590000,44.961781,16069700
2021-11-12,50.680000,51.000000,50.369999,50.959999,45.290619,17124700
2021-11-15,51.189999,51.700001,50.980000,51.080002,45.397270,20110200
2021-11-16,51.110001,51.180000,50.169998,50.369999,44.766254,19244900
2021-11-17,50.419998,50.689999,49.529999,49.840000,44.295216,17802700
2021-11-18,49.630001,50.180000,49.270000,49.900002,44.348534,19198200
2021-11-19,49.000000,49.240002,47.770000,48.820000,43.388683,30548400
2021-11-22,50.630001,51.110001,49.730000,50.340000,44.739586,28549400
2021-11-23,50.709999,51.740002,50.700001,51.400002,45.681660,28024400
2021-11-24,51.509998,51.740002,51.180000,51.310001,45.601673,18901900
2021-11-26,49.099998,49.099998,47.689999,48.430000,43.042080,29919300
2021-11-29,49.669998,49.770000,48.310001,49.160000,43.690876,27677000
2021-11-30,48.110001,48.509998,47.320000,47.779999,42.464397,40671700
2021-12-01,48.689999,49.450001,47.180000,47.209999,41.957798,29365100
2021-12-02,47.730000,49.400002,47.509998,48.910000,43.468670,29184900
2021-12-03,49.259998,49.259998,47.369999,47.750000,42.437733,29221900
2021-12-06,48.980000,49.900002,48.709999,48.810001,43.379810,31650100
2021-12-07,49.459999,50.520000,49.340000,50.250000,44.659595,28370200
2021-12-08,50.180000,50.310001,49.320000,49.410000,43.913055,19990300
2021-12-09,49.020000,50.029999,48.740002,49.689999,44.161911,16927200
2021-12-10,50.290001,50.599998,49.580002,50.200001,44.615170,20040900
2021-12-13,49.900002,49.959999,48.430000,48.560001,43.157619,19598900
2021-12-14,48.610001,49.490002,48.599998,48.889999,43.450901,17602900
2021-12-15,49.020000,49.270000,48.130001,48.939999,43.495338,20284300
2021-12-16,49.720001,50.820000,49.310001,50.299999,44.704033,32781100
2021-12-17,49.700001,49.730000,47.869999,47.950001,42.615479,74833400
2021-12-20,47.060001,47.169998,46.250000,46.849998,41.637863,29134900
2021-12-21,47.590000,48.139999,47.340000,47.810001,42.491051,21249400
2021-12-22,47.740002,48.320000,47.619999,48.029999,42.686581,15688000
2021-12-23,48.400002,48.930000,48.220001,48.360001,42.979874,16025600
2021-12-27,48.549999,48.820000,48.080002,48.770000,43.344257,11900400
2021-12-28,48.560001,49.189999,48.360001,48.419998,43.033184,14320500
2021-12-29,48.599998,48.860001,48.369999,48.450001,43.059856,14390700
2021-12-30,48.490002,48.910000,48.040001,48.099998,42.748791,13701300
2021-12-31,48.029999,48.360001,47.840000,47.980000,42.642147,12649300
2022-01-03,48.930000,50.810001,48.919998,50.730000,45.086193,38978100
2022-01-04,51.580002,53.150002,51.520000,52.750000,46.881477,43855100
2022-01-05,52.919998,53.139999,52.000000,52.290001,46.472656,35072600
2022-01-06,53.150002,53.669998,52.660000,53.630001,47.663567,29720800
2022-01-07,53.860001,55.189999,53.799999,54.770000,48.676750,35149300
2022-01-10,55.500000,56.060001,54.480000,55.349998,49.192223,34733500
2022-01-11,55.560001,56.130001,55.230000,56.060001,49.823235,25073700
2022-01-12,56.410000,56.709999,55.759998,56.400002,50.125412,34159400
2022-01-13,56.599998,57.180000,55.759998,56.000000,49.769897,34037300
2022-01-14,56.849998,58.869999,56.389999,58.060001,51.600731,56739600
2022-01-18,57.720001,58.110001,56.509998,56.689999,50.383137,41689600
2022-01-19,57.110001,57.680000,55.470001,55.570000,49.387741,34970200
2022-01-20,55.720001,56.380001,54.910000,55.000000,48.881157,26972800
2022-01-21,54.500000,55.000000,53.130001,53.669998,47.699131,38357600
2022-01-24,52.730000,53.490002,51.180000,53.320000,47.388050,48451400
2022-01-25,52.669998,53.730000,51.549999,53.590000,47.628017,40858700
2022-01-26,53.910000,54.919998,53.430000,54.139999,48.116833,39687100
2022-01-27,54.599998,55.509998,53.230000,53.759998,47.779106,34209200
2022-01-28,53.610001,54.220001,52.770000,54.189999,48.161263,35519700
2022-01-31,53.820000,54.049999,53.029999,53.799999,47.814667,34657500
2022-02-01,54.720001,55.810001,53.990002,55.599998,49.414406,35870200
2022-02-02,55.270000,56.049999,54.959999,55.930000,49.707695,29037100
2022-02-03,55.840000,56.290001,54.730000,55.169998,49.252392,25227400
2022-02-04,56.040001,57.040001,55.470001,56.330002,50.287979,33622100
2022-02-07,56.410000,57.889999,55.910000,57.330002,51.180710,37480100
2022-02-08,58.000000,58.980000,57.799999,58.750000,52.448395,39099600
2022-02-09,58.700001,59.380001,58.340000,59.060001,52.725147,25883100
2022-02-10,59.549999,60.299999,58.799999,59.049999,52.716225,36092000
2022-02-11,58.520000,60.240002,57.910000,58.310001,52.055588,38650500
2022-02-14,58.509998,58.650002,57.180000,57.849998,51.644939,32680500
2022-02-15,59.119999,59.320000,58.090000,58.380001,52.118092,18224600
2022-02-16,57.910000,58.880001,57.549999,58.139999,51.903831,22057200
2022-02-17,57.150002,57.529999,55.759998,56.150002,50.127277,24946500
2022-02-18,56.150002,56.720001,55.369999,55.630001,49.663055,22137900
2022-02-22,55.570000,56.119999,54.700001,55.279999,49.350594,26887800
2022-02-23,55.849998,56.020000,53.759998,53.950001,48.163254,21860700
2022-02-24,51.759998,52.830002,50.680000,52.709999,47.056263,40917600
2022-02-25,53.169998,54.439999,53.090000,54.110001,48.306095,27493500
2022-02-28,52.630001,53.400002,52.209999,53.369999,47.645462,31094800
2022-03-01,52.439999,52.720001,50.009998,50.290001,44.895832,54135500
2022-03-02,51.320000,52.820000,51.000000,52.220001,46.618820,34894300
2022-03-03,52.349998,52.560001,50.939999,51.240002,45.743931,24159700
2022-03-04,50.040001,50.060001,48.180000,48.790001,43.556717,35871600
2022-03-07,48.580002,48.580002,45.770000,45.810001,40.896366,56332500
2022-03-08,46.680000,48.200001,46.349998,46.459999,41.476643,60018100
2022-03-09,48.790001,49.750000,48.349998,49.160000,43.887035,34560200
2022-03-10,48.259998,49.570000,47.849998,49.009998,43.753128,26178800
2022-03-11,49.669998,50.000000,48.430000,48.470001,43.271053,23707100
2022-03-14,49.660000,50.380001,49.299999,49.860001,44.511948,28166600
2022-03-15,50.160000,50.630001,49.330002,50.110001,44.735138,25080600
2022-03-16,51.049999,52.220001,50.730000,51.599998,46.065319,34672800
2022-03-17,51.020000,51.490002,50.230000,51.480000,45.958187,29930300
2022-03-18,50.849998,51.540001,50.040001,51.419998,45.904625,60963400
2022-03-21,51.660000,51.799999,50.610001,51.139999,45.654659,23411500
2022-03-22,52.410000,54.200001,52.299999,53.389999,47.663315,28625600
2022-03-23,52.759998,53.049999,51.099998,51.119999,45.636806,27988700
2022-03-24,51.709999,51.820000,50.910000,51.330002,45.824268,19677800
2022-03-25,51.470001,52.590000,51.410000,52.560001,46.922352,19130900
2022-03-28,52.029999,52.110001,50.779999,51.810001,46.252796,24115400
2022-03-29,53.060001,53.299999,51.520000,51.599998,46.065319,20915000
2022-03-30,51.529999,51.680000,49.790001,50.110001,44.735138,30913800
2022-03-31,49.750000,50.430000,48.430000,48.459999,43.262112,31238500
2022-04-01,49.250000,49.470001,47.830002,48.709999,43.485302,29989900
2022-04-04,48.450001,48.660000,47.610001,48.459999,43.262112,23778300
2022-04-05,47.910000,48.900002,47.770000,48.119999,42.958588,21757300
2022-04-06,47.689999,48.080002,47.400002,47.889999,42.753262,26001200
2022-04-07,48.160000,48.299999,46.580002,47.740002,42.619350,29486500
2022-04-08,48.000000,48.889999,47.930000,48.730000,43.503155,23659800
2022-04-11,48.939999,50.189999,48.919998,49.330002,44.038795,27041000
2022-04-12,49.680000,49.900002,48.000000,48.419998,43.226402,25791900
2022-04-13,47.540001,48.619999,47.450001,48.540001,43.333538,20645300
2022-04-14,45.889999,47.820000,45.029999,46.349998,41.378445,65583200
2022-04-18,46.220001,47.580002,46.150002,47.169998,42.110481,26120900
2022-04-19,47.389999,48.189999,47.330002,47.830002,42.699696,19753300
2022-04-20,48.480000,49.369999,48.320000,48.650002,43.431736,25893000
2022-04-21,49.150002,49.490002,47.599998,47.779999,42.655056,19027600
2022-04-22,47.689999,47.919998,46.259998,46.340000,41.369518,21676800
2022-04-25,45.759998,45.970001,44.529999,45.830002,40.914219,30045500
2022-04-26,45.160000,46.000000,44.560001,44.580002,39.798294,21527400
2022-04-27,44.410000,45.189999,44.139999,44.580002,39.798294,19520900
2022-04-28,45.040001,45.310001,44.310001,45.169998,40.325005,17431000
2022-04-29,45.040001,45.400002,43.509998,43.630001,38.950191,27149400
2022-05-02,43.869999,44.040001,42.610001,43.669998,38.985897,25009300
2022-05-03,43.900002,44.639999,43.660000,44.160000,39.423340,21545300
2022-05-04,44.310001,46.130001,44.180000,45.980000,41.048115,29468000
2022-05-05,45.000000,45.060001,43.450001,44.759998,40.177441,29978600
2022-05-06,44.610001,44.880001,43.520000,44.549999,39.988934,27035300
2022-05-09,43.970001,44.540001,43.230000,43.959999,39.459339,27132700
2022-05-10,44.389999,44.709999,42.189999,43.080002,38.669437,25276100
2022-05-11,43.110001,44.509998,42.490002,42.570000,38.211655,25291600
2022-05-12,42.230000,42.410000,40.919998,41.810001,37.529461,30171700
2022-05-13,42.450001,43.189999,42.279999,42.639999,38.274479,21253200
2022-05-16,42.400002,42.669998,41.700001,42.209999,37.888512,16837400
2022-05-17,42.990002,43.820000,42.959999,43.709999,39.234940,23340500
2022-05-18,43.290001,43.310001,41.889999,42.110001,37.798752,27351300
2022-05-19,41.700001,42.310001,41.570000,42.000000,37.700005,25211900
2022-05-20,42.509998,42.790001,40.740002,41.669998,37.403793,35410400
2022-05-23,42.730000,44.320000,42.730000,43.820000,39.333672,27979100
2022-05-24,43.689999,43.770000,42.639999,43.290001,38.857937,23996000
2022-05-25,43.090000,44.459999,43.029999,44.119999,39.602959,22343900
2022-05-26,44.830002,45.759998,44.750000,45.599998,40.931435,23502500
2022-05-27,45.700001,46.049999,45.450001,45.889999,41.191742,19482600
2022-05-31,45.340000,46.270000,45.000000,45.770000,41.084030,40727400
2022-06-01,45.959999,46.070000,44.400002,45.160000,40.536488,20417900
2022-06-02,45.119999,45.430000,44.509998,45.330002,40.689075,14633300
2022-06-03,44.830002,45.330002,44.610001,44.820000,40.231289,12572400
2022-06-06,45.340000,45.889999,44.959999,45.119999,40.500576,11867200
2022-06-07,44.759998,45.540001,44.630001,45.470001,40.814751,13281600
2022-06-08,44.880001,45.070000,44.230000,44.630001,40.060741,12364400
2022-06-09,44.580002,44.630001,42.639999,42.669998,38.301407,20142400
2022-06-10,41.029999,41.439999,40.020000,40.080002,35.976574,27619300
2022-06-13,38.980000,39.680000,38.770000,38.990002,34.998177,27553800
2022-06-14,38.770000,39.299999,37.009998,37.430000,33.597889,36817600
2022-06-15,38.000000,38.660000,37.330002,38.169998,34.262127,31358100
2022-06-16,37.360001,37.730000,36.540001,37.650002,33.795372,37991500
2022-06-17,37.830002,38.970001,37.500000,38.480000,34.540390,59114300
2022-06-21,39.860001,39.939999,38.869999,38.990002,34.998177,24884700
2022-06-22,38.389999,39.070000,38.310001,38.599998,34.648098,18631700
2022-06-23,38.060001,38.360001,37.150002,37.900002,34.019764,23143800
2022-06-24,38.680000,41.099998,38.509998,40.759998,36.586964,39407700
2022-06-27,40.840000,40.990002,39.900002,40.240002,36.120201,16996800
2022-06-28,40.970001,41.560001,40.080002,40.180000,36.066341,18136600
2022-06-29,40.270000,40.529999,39.549999,39.709999,35.644455,15778700
2022-06-30,39.070000,39.709999,38.279999,39.169998,35.159737,20425700
2022-07-01,38.720001,40.080002,38.459999,39.919998,35.832958,15333900
2022-07-05,39.000000,40.119999,38.509998,40.099998,35.994526,19144500
2022-07-06,39.610001,40.029999,38.919998,39.500000,35.455959,17014100
2022-07-07,40.209999,40.490002,39.730000,40.119999,36.012470,21060400
2022-07-08,40.299999,40.700001,39.860001,40.180000,36.066341,14437500
2022-07-11,39.669998,40.009998,39.240002,39.790001,35.716278,13111600
2022-07-12,39.080002,40.470001,39.009998,39.599998,35.545719,15127300
2022-07-13,39.080002,39.349998,38.410000,39.070000,35.069984,14116800
2022-07-14,38.090000,38.750000,37.430000,38.740002,34.773769,24355300
2022-07-15,39.400002,41.810001,39.230000,41.130001,36.919083,40328300
2022-07-18,41.930000,42.790001,41.020000,41.189999,36.972931,17991300
2022-07-19,41.880001,43.070000,41.750000,42.900002,38.507862,25724200
2022-07-20,42.540001,43.029999,42.360001,42.720001,38.346298,19111200
2022-07-21,42.480000,43.369999,42.279999,43.279999,38.848961,17809000
2022-07-22,43.169998,43.529999,42.689999,43.169998,38.750217,15965400
2022-07-25,43.529999,43.910000,43.209999,43.500000,39.046429,20297900
2022-07-26,43.110001,43.680000,42.810001,42.900002,38.507862,15446700
2022-07-27,42.980000,43.970001,42.689999,43.709999,39.234940,19498400
2022-07-28,43.549999,43.830002,42.709999,43.320000,38.884865,14527300
2022-07-29,43.310001,44.349998,43.310001,43.869999,39.378555,17512700
2022-08-01,43.439999,44.160000,43.160000,43.540001,39.082352,13668300
2022-08-02,43.490002,43.540001,42.860001,42.880001,38.489914,17764000
2022-08-03,43.389999,44.570000,43.250000,43.889999,39.396511,17359500
2022-08-04,43.500000,43.599998,42.639999,42.770000,38.655388,15062800
2022-08-05,42.580002,44.299999,42.529999,43.759998,39.550152,16021000
2022-08-08,43.970001,44.189999,43.130001,43.189999,39.034988,12879700
2022-08-09,43.220001,43.790001,42.990002,43.400002,39.224789,10489500
2022-08-10,44.040001,44.700001,44.040001,44.330002,40.065319,14037600
2022-08-11,45.000000,45.610001,44.889999,45.250000,40.896809,14038800
2022-08-12,45.520000,45.959999,45.189999,45.939999,41.520424,10706000
2022-08-15,45.410000,45.820000,44.910000,45.750000,41.348713,11070300
2022-08-16,45.580002,46.320000,45.349998,46.060001,41.628891,12234100
2022-08-17,45.720001,46.310001,45.549999,46.139999,41.701187,13151700
2022-08-18,46.139999,46.200001,45.759998,46.139999,41.701187,7885900
2022-08-19,45.900002,46.020000,45.040001,45.349998,40.987186,13142900
2022-08-22,44.599998,44.740002,44.119999,44.410000,40.137623,12391400
2022-08-23,44.459999,44.959999,44.279999,44.369999,40.101471,10475100
2022-08-24,44.330002,44.700001,44.020000,44.639999,40.345493,11706700
2022-08-25,44.790001,45.520000,44.430000,45.389999,41.023335,11783200
2022-08-26,45.580002,45.720001,43.939999,43.970001,39.739948,13405200
2022-08-29,43.799999,44.320000,43.580002,43.919998,39.694759,12504900
2022-08-30,44.259998,44.439999,43.549999,44.139999,39.893589,14365000
2022-08-31,44.279999,44.590000,43.610001,43.709999,39.504959,22609100
2022-09-01,43.660000,43.740002,42.799999,43.700001,39.495922,13173000
2022-09-02,44.299999,44.799999,43.169998,43.380001,39.206711,13025900
2022-09-06,43.709999,43.880001,42.360001,42.880001,38.754810,14708700
2022-09-07,42.540001,43.910000,42.250000,43.840000,39.622448,19475800
2022-09-08,43.619999,45.259998,43.340000,45.230000,40.878735,18500300
2022-09-09,45.509998,45.810001,45.250000,45.330002,40.969109,12875500
2022-09-12,45.680000,46.139999,45.259998,45.529999,41.149872,12127900
2022-09-13,44.349998,44.529999,43.040001,43.220001,39.062092,21124900
2022-09-14,43.250000,43.610001,42.250000,43.279999,39.116341,15067800
2022-09-15,43.400002,44.689999,43.349998,44.139999,39.893589,13173200
2022-09-16,43.700001,44.060001,43.330002,43.939999,39.712837,21238800
2022-09-19,43.430000,44.610001,43.410000,44.320000,40.056267,11324100
2022-09-20,43.889999,44.290001,43.090000,43.410000,39.233826,19503900
2022-09-21,43.660000,43.810001,42.240002,42.270000,38.203499,19207100
2022-09-22,42.490002,42.509998,41.439999,41.520000,37.525646,15499000
2022-09-23,40.820000,40.980000,39.700001,40.410000,36.522434,23316200
2022-09-26,40.139999,40.540001,39.340000,40.009998,36.160912,21420000
2022-09-27,40.209999,40.590000,39.410000,40.029999,36.178993,17541400
2022-09-28,39.900002,41.060001,39.900002,40.810001,36.883949,16033500
2022-09-29,40.160000,40.689999,39.770000,40.500000,36.603775,14811300
2022-09-30,40.639999,41.139999,40.180000,40.220001,36.350708,21182200
2022-10-03,41.290001,41.799999,40.639999,41.580002,37.579872,16827600
2022-10-04,42.160000,43.590000,42.160000,43.540001,39.351322,18601300
2022-10-05,42.830002,43.540001,42.560001,43.310001,39.143440,15873400
2022-10-06,42.869999,43.139999,42.209999,42.240002,38.176380,15634800
2022-10-07,42.029999,42.119999,41.389999,41.790001,37.769672,17186700
2022-10-10,41.939999,42.110001,41.150002,41.450001,37.462376,10973700
2022-10-11,41.220001,41.320000,40.060001,40.230000,36.359745,19135900
2022-10-12,40.240002,41.220001,39.959999,40.509998,36.612820,16469900
2022-10-13,39.750000,42.669998,39.750000,42.380001,38.302906,23808700
2022-10-14,43.799999,44.930000,43.130001,43.169998,39.016914,33954200
2022-10-17,44.660000,45.189999,43.889999,43.959999,39.730919,24507000
2022-10-18,45.110001,45.299999,43.820000,44.669998,40.372608,24810400
2022-10-19,44.180000,44.520000,43.299999,43.619999,39.423622,17876800
2022-10-20,43.680000,44.430000,43.500000,43.650002,39.450748,17572700
2022-10-21,43.639999,44.880001,43.570000,44.830002,40.517216,18632800
2022-10-24,44.950001,45.529999,44.830002,45.200001,40.851616,16154300
2022-10-25,44.779999,45.599998,44.369999,45.369999,41.005260,16362200
2022-10-26,45.660000,46.209999,45.470001,45.700001,41.303516,15010800
2022-10-27,46.020000,46.490002,45.549999,45.650002,41.258331,14655500
2022-10-28,45.910000,46.490002,45.470001,46.349998,41.890987,14990400
2022-10-31,46.139999,46.520000,45.980000,45.990002,41.565620,14000000
2022-11-01,46.580002,47.060001,46.259998,46.950001,42.433266,22409100
2022-11-02,46.880001,47.549999,46.490002,46.880001,42.369999,29246700
2022-11-03,46.200001,46.200001,45.410000,45.540001,41.424000,17140100
2022-11-04,46.330002,46.910000,45.900002,46.740002,42.515541,27082500
2022-11-07,47.130001,47.820000,46.810001,47.070000,42.815712,17713300
2022-11-08,47.250000,47.470001,46.720001,47.180000,42.915771,14842700
2022-11-09,46.799999,47.000000,45.950001,45.970001,41.815136,18318700
2022-11-10,47.020000,48.110001,46.930000,47.950001,43.616177,23091900
2022-11-11,48.099998,48.360001,47.330002,47.549999,43.252331,18076600
2022-11-14,47.200001,47.570000,46.869999,46.869999,42.633789,13929900
2022-11-15,47.380001,47.509998,46.240002,46.709999,42.488247,19076000
2022-11-16,46.669998,46.849998,46.029999,46.209999,42.033455,14713300
2022-11-17,45.720001,46.169998,45.470001,45.990002,41.833324,11350900
2022-11-18,46.720001,46.770000,45.970001,46.500000,42.297237,10515300
2022-11-21,46.380001,47.090000,46.380001,46.840000,42.606499,11656800
2022-11-22,47.130001,47.400002,46.910000,47.110001,42.852100,11684900
2022-11-23,47.119999,47.500000,46.990002,47.330002,43.052216,10878500
2022-11-25,47.360001,47.639999,47.020000,47.439999,43.152267,4913300
2022-11-28,47.119999,47.750000,46.919998,46.980000,42.733849,12492600
2022-11-29,47.180000,47.650002,47.040001,47.570000,43.270515,13344900
2022-11-30,47.320000,47.950001,46.139999,47.950001,43.616177,26417000
2022-12-01,47.930000,48.180000,46.459999,46.869999,42.633789,15980300
2022-12-02,46.389999,46.520000,44.880001,45.939999,41.787849,29820400
2022-12-05,45.700001,45.880001,43.619999,43.660000,39.713917,32574600
2022-12-06,43.680000,43.849998,42.660000,43.400002,39.477421,25961400
2022-12-07,43.090000,43.340000,42.439999,42.450001,38.613281,24114900
2022-12-08,42.709999,42.889999,42.110001,42.580002,38.731533,17161400
2022-12-09,42.330002,42.919998,42.320000,42.500000,38.658756,16023700
2022-12-12,42.599998,42.930000,42.110001,42.860001,38.986225,18428900
2022-12-13,43.880001,44.080002,42.110001,42.619999,38.767914,31496000
2022-12-14,42.590000,43.230000,41.950001,42.180000,38.367680,22044400
2022-12-15,41.419998,41.709999,41.009998,41.369999,37.630886,16766600
2022-12-16,41.029999,41.450001,40.849998,41.189999,37.467159,29836200
2022-12-19,41.340000,41.910000,41.110001,41.820000,38.040211,17454200
2022-12-20,41.290001,42.560001,40.970001,40.980000,37.276138,25415400
2022-12-21,41.360001,41.639999,40.919998,41.119999,37.403481,20170800
2022-12-22,40.709999,40.740002,40.020000,40.680000,37.003258,17382700
2022-12-23,40.689999,41.000000,40.450001,40.980000,37.276138,10167500
2022-12-27,41.009998,41.139999,40.610001,41.040001,37.330723,10297400
2022-12-28,40.939999,41.380001,40.860001,41.119999,37.403481,11889400
2022-12-29,41.150002,41.400002,41.060001,41.330002,37.594505,11597100
2022-12-30,41.110001,41.430000,40.990002,41.290001,37.558121,10021500
2023-01-03,41.610001,42.139999,41.450001,41.790001,38.012924,15944300
2023-01-04,42.259998,43.060001,42.230000,42.650002,38.795200,18943600
2023-01-05,42.580002,42.630001,41.930000,42.419998,38.585991,12380700
2023-01-06,42.590000,43.000000,42.099998,42.799999,38.931641,15247000
2023-01-09,43.119999,43.130001,42.160000,42.389999,38.558697,21225600
2023-01-10,42.669998,42.880001,42.020000,42.360001,38.531414,18348800
2023-01-11,42.380001,42.830002,42.020000,42.740002,38.877079,18272100
2023-01-12,43.049999,43.549999,42.799999,42.830002,38.958946,20940400
2023-01-13,41.380001,44.360001,40.459999,44.220001,40.223297,41649700
2023-01-17,43.840000,44.369999,43.180000,44.119999,40.132336,25473900
2023-01-18,43.959999,44.610001,43.299999,43.380001,39.459221,20278000
2023-01-19,42.910000,43.200001,42.520000,42.950001,39.068085,18565300
2023-01-20,43.080002,43.939999,42.759998,43.919998,39.950417,23237200
2023-01-23,43.939999,45.180000,43.869999,45.029999,40.960091,19692000
2023-01-24,44.910000,45.200001,44.369999,44.450001,40.432518,13697200
2023-01-25,44.049999,45.419998,44.029999,45.340000,41.242077,17285300
2023-01-26,45.529999,45.900002,45.160000,45.810001,41.669601,16724600
2023-01-27,45.810001,46.369999,45.810001,46.119999,41.951576,18161800
2023-01-30,45.910000,46.650002,45.810001,46.290001,42.106216,19427400
2023-01-31,46.320000,46.880001,46.060001,46.869999,42.633789,22840400
2023-02-01,46.660000,47.799999,46.470001,47.330002,43.052216,21874600
2023-02-02,47.320000,47.570000,46.430000,47.230000,43.235298,19058000
2023-02-03,47.000000,48.040001,46.950001,47.580002,43.555695,17346900
2023-02-06,47.259998,47.759998,47.150002,47.680000,43.647232,15948900
2023-02-07,47.439999,48.410000,47.349998,48.130001,44.059174,21764800
2023-02-08,47.700001,48.610001,47.610001,48.250000,44.169029,18070500
2023-02-09,48.470001,48.630001,47.490002,47.570000,43.546539,17362100
2023-02-10,47.410000,47.709999,46.980000,47.509998,43.491615,18929000
2023-02-13,47.340000,48.150002,47.130001,48.130001,44.059174,16451700
2023-02-14,47.930000,48.840000,47.750000,48.500000,44.397877,16844400
2023-02-15,47.919998,48.259998,47.700001,47.970001,43.912708,12854000
2023-02-16,47.599998,47.810001,47.189999,47.220001,43.226151,12631700
2023-02-17,47.090000,47.570000,47.020000,47.490002,43.473312,13463800
2023-02-21,47.070000,47.070000,45.970001,46.240002,42.329029,13652700
2023-02-22,45.950001,46.230000,45.689999,46.009998,42.118484,13402900
2023-02-23,46.119999,46.439999,45.790001,46.250000,42.338181,14783600
2023-02-24,45.840000,46.759998,45.700001,46.619999,42.676891,16040300
2023-02-27,46.939999,47.430000,46.720001,46.779999,42.823357,15468200
2023-02-28,46.669998,47.029999,46.540001,46.770000,42.814201,18627200
2023-03-01,46.500000,46.919998,46.250000,46.680000,42.731823,13382200
2023-03-02,46.459999,46.619999,45.380001,45.799999,41.926250,19115000
2023-03-03,46.020000,46.980000,45.910000,46.849998,42.887436,14947200
2023-03-06,46.880001,47.180000,46.509998,46.630001,42.686043,14236000
2023-03-07,46.189999,46.270000,44.119999,44.450001,40.690430,24056800
2023-03-08,44.259998,44.560001,43.599998,43.840000,40.132019,14852000
2023-03-09,43.439999,43.529999,40.830002,41.130001,37.651234,33599800
2023-03-10,40.580002,42.360001,39.730000,41.360001,37.861786,55435400
2023-03-13,39.799999,40.549999,38.209999,38.410000,35.161289,78806900
2023-03-14,41.500000,41.599998,39.369999,40.169998,36.772434,52855100
2023-03-15,38.299999,38.980000,38.080002,38.849998,35.564079,47324600
2023-03-16,38.630001,40.060001,38.150002,39.299999,35.976013,40388800
2023-03-17,38.759998,38.759998,37.529999,37.759998,34.566265,47403800
2023-03-20,38.119999,38.450001,37.450001,37.480000,34.309956,34283700
2023-03-21,38.599998,38.959999,38.360001,38.480000,35.225361,34664700
2023-03-22,38.709999,38.709999,37.189999,37.200001,34.053635,22994400
2023-03-23,37.490002,37.639999,36.509998,36.610001,33.513535,30239900
2023-03-24,36.000000,36.480000,35.250000,36.230000,33.165668,35694800
2023-03-27,37.020000,37.689999,36.959999,37.470001,34.300793,27454600
2023-03-28,37.360001,37.590000,36.869999,37.180000,34.035328,15270000
2023-03-29,37.599998,38.009998,37.299999,37.970001,34.758507,20789100
2023-03-30,38.299999,38.500000,37.169998,37.380001,34.218407,22340400
2023-03-31,37.730000,37.950001,37.310001,37.380001,34.218407,30287900
2023-04-03,37.520000,38.160000,37.400002,37.720001,34.529652,21541000
2023-04-04,37.700001,37.799999,36.389999,36.810001,33.696621,21942700
2023-04-05,36.500000,37.009998,36.270000,36.889999,33.769848,15486900
2023-04-06,37.110001,38.099998,37.060001,37.900002,34.694420,23484900
2023-04-10,37.700001,38.709999,37.610001,38.630001,35.362686,27005800
2023-04-11,38.770000,39.540001,38.709999,39.369999,36.040096,25116100
2023-04-12,39.419998,39.849998,38.889999,39.189999,35.875320,20252900
2023-04-13,39.320000,39.680000,39.040001,39.660000,36.305573,22397800
2023-04-14,39.750000,40.509998,39.119999,39.639999,36.287254,40963100
2023-04-17,39.830002,41.299999,39.560001,41.299999,37.806854,31445100
2023-04-18,41.209999,42.060001,41.139999,41.869999,38.328644,27892300
2023-04-19,41.970001,42.410000,41.790001,42.240002,38.667351,23310500
2023-04-20,41.869999,42.049999,41.450001,41.669998,38.145565,19265500
2023-04-21,41.209999,41.400002,40.209999,41.240002,37.751938,23975300
2023-04-24,41.130001,41.599998,41.040001,41.450001,37.944164,17327800
2023-04-25,40.700001,41.060001,40.389999,40.549999,37.120293,20728000
2023-04-26,40.240002,40.450001,39.240002,39.459999,36.122482,26915600
2023-04-27,39.529999,39.779999,39.320000,39.660000,36.305573,21695800
2023-04-28,39.250000,39.919998,38.959999,39.750000,36.387951,20193000
2023-05-01,40.490002,41.180000,40.189999,40.389999,36.973835,26564300
2023-05-02,40.009998,40.009998,38.320000,38.840000,35.554928,36239500
2023-05-03,39.029999,39.669998,38.610001,38.650002,35.380993,25202700
2023-05-04,37.680000,38.080002,36.400002,36.720001,33.877193,53247000
2023-05-05,37.459999,38.279999,37.330002,37.939999,35.002728,27039700
2023-05-08,38.430000,38.779999,38.150002,38.380001,35.408669,22735400
2023-05-09,37.939999,38.669998,37.770000,38.540001,35.556282,18999100
2023-05-10,39.200001,39.230000,37.900002,38.279999,35.316410,17941600
2023-05-11,37.759998,38.480000,37.410000,38.330002,35.362541,18536200
2023-05-12,38.459999,38.529999,37.180000,37.490002,34.587570,17658600
2023-05-15,37.599998,39.099998,37.459999,38.770000,35.768471,24405800
2023-05-16,38.680000,38.770000,38.320000,38.389999,35.417896,21821200
2023-05-17,38.990002,40.610001,38.889999,40.459999,37.327641,29241600
2023-05-18,40.320000,40.320000,39.570000,40.209999,37.096989,27213900
2023-05-19,40.330002,40.459999,39.619999,40.029999,36.930931,19774900
2023-05-22,40.200001,41.230000,40.099998,40.980000,37.807384,27519400
2023-05-23,41.009998,42.119999,40.980000,41.209999,38.019573,26116600
2023-05-24,40.889999,41.290001,40.680000,40.869999,37.705898,21193700
2023-05-25,40.619999,41.290001,40.520000,40.900002,37.733574,17691800
2023-05-26,40.900002,41.520000,40.759998,41.230000,38.038025,17399400
2023-05-30,41.240002,41.419998,40.340000,40.980000,37.807384,14752600
2023-05-31,40.290001,40.470001,39.299999,39.810001,36.727962,27221100
2023-06-01,40.209999,40.529999,39.680000,40.060001,36.958611,17079400
2023-06-02,40.619999,41.549999,40.380001,41.240002,38.047256,16906100
2023-06-05,41.160000,41.160000,40.439999,40.450001,37.318413,18443900
2023-06-06,40.400002,41.619999,40.259998,41.259998,38.065701,18825100
2023-06-07,41.450001,42.139999,40.990002,42.070000,38.813004,17781800
2023-06-08,41.700001,42.400002,41.560001,42.369999,39.089764,17157300
2023-06-09,42.330002,42.470001,42.029999,42.130001,38.868347,11098900
2023-06-12,42.110001,42.759998,41.410000,41.830002,38.591576,19433400
2023-06-13,41.680000,43.340000,41.529999,42.650002,39.348087,18864000
2023-06-14,42.750000,42.990002,41.990002,42.080002,38.822220,14826100
2023-06-15,41.820000,42.419998,41.619999,42.360001,39.080540,14188200
2023-06-16,42.580002,42.740002,42.060001,42.180000,38.914474,36422100
2023-06-20,42.119999,42.139999,41.340000,41.889999,38.646935,16679600
2023-06-21,41.849998,41.959999,41.529999,41.650002,38.425514,11686500
2023-06-22,41.549999,41.630001,40.919998,41.060001,37.881184,11504400
2023-06-23,40.529999,40.740002,40.299999,40.610001,37.466019,18952000
2023-06-26,40.779999,41.220001,40.459999,40.590000,37.447578,13618500
2023-06-27,40.619999,41.060001,40.340000,40.910000,37.742805,11749600
2023-06-28,40.919998,40.939999,40.380001,40.619999,37.475254,13959600
2023-06-29,41.480000,42.509998,41.369999,42.450001,39.163582,23956300
2023-06-30,42.950001,43.220001,42.619999,42.680000,39.375771,20062200
2023-07-03,42.880001,43.599998,42.740002,43.400002,40.040035,9249100
2023-07-05,43.230000,43.619999,42.770000,43.480000,40.113827,15722200
2023-07-06,43.220001,43.310001,42.240002,42.889999,39.569504,14978600
2023-07-07,42.590000,43.430000,42.590000,42.770000,39.458797,13506500
2023-07-10,42.709999,42.990002,42.279999,42.320000,39.043640,16675800
2023-07-11,42.349998,42.930000,42.070000,42.740002,39.431133,15401100
2023-07-12,43.310001,43.849998,43.009998,43.259998,39.910862,13998300
2023-07-13,43.470001,43.759998,43.299999,43.709999,40.326023,18034800
2023-07-14,44.750000,45.310001,43.299999,43.560001,40.187641,30897600
2023-07-17,43.560001,45.130001,43.549999,44.740002,41.276295,25173900
2023-07-18,44.770000,45.700001,44.599998,45.599998,42.069702,24183200
2023-07-19,45.930000,46.570000,45.540001,46.259998,42.678604,18932700
2023-07-20,46.369999,47.240002,46.209999,47.130001,43.481258,18927200
2023-07-21,47.180000,47.209999,45.950001,45.959999,42.401825,16215400
2023-07-24,45.970001,46.830002,45.959999,46.419998,42.826225,12053200
2023-07-25,46.389999,46.639999,45.430000,45.480000,41.958996,13537400
2023-07-26,46.480000,46.830002,46.110001,46.439999,42.844677,19520900
2023-07-27,46.560001,47.169998,45.580002,45.770000,42.226547,19509600
2023-07-28,46.049999,46.230000,45.570000,46.139999,42.567894,12616400
2023-07-31,46.340000,46.680000,45.860001,46.160000,42.586346,11696600
2023-08-01,46.009998,46.160000,45.340000,45.709999,42.171192,12699200
2023-08-02,45.099998,45.169998,44.560001,45.099998,41.608414,13911700
2023-08-03,44.709999,45.389999,44.509998,45.150002,41.980328,12145400
2023-08-04,45.099998,45.700001,44.709999,44.849998,41.701393,10840800
2023-08-07,45.180000,45.459999,44.919998,45.060001,41.896652,10860300
2023-08-08,43.980000,44.549999,43.380001,44.480000,41.357372,14520000
2023-08-09,44.220001,44.250000,43.570000,43.720001,40.650726,11973800
2023-08-10,44.000000,44.389999,43.619999,43.669998,40.604229,11982200
2023-08-11,43.509998,43.849998,43.380001,43.730000,40.660019,7316000
2023-08-14,43.529999,43.910000,43.270000,43.740002,40.669319,10677000
2023-08-15,43.130001,43.259998,42.520000,42.730000,39.730232,13835900
2023-08-16,42.660000,42.730000,42.139999,42.220001,39.256031,10076700
2023-08-17,42.470001,42.750000,42.259998,42.470001,39.488480,12686000
2023-08-18,42.099998,42.790001,42.049999,42.500000,39.516373,10797300
2023-08-21,42.650002,42.869999,42.119999,42.490002,39.507069,12600400
2023-08-22,42.459999,42.570000,41.430000,41.500000,38.586582,13634500
2023-08-23,41.560001,41.639999,41.220001,41.610001,38.688847,11927400
2023-08-24,41.450001,42.180000,41.389999,41.430000,38.521496,10363300
2023-08-25,41.639999,41.799999,40.770000,41.230000,38.335533,12534700
2023-08-28,41.410000,42.070000,41.290001,41.880001,38.939896,10314500
2023-08-29,41.869999,42.369999,41.650002,42.000000,39.051472,14404800
2023-08-30,42.060001,42.130001,41.470001,41.540001,38.623772,12536300
2023-08-31,41.680000,41.709999,41.110001,41.290001,38.391315,21534900
2023-09-01,41.549999,41.990002,41.509998,41.650002,38.726044,12890300
2023-09-05,41.650002,42.279999,41.310001,41.540001,38.623772,14337200
2023-09-06,41.209999,41.400002,40.599998,41.020000,38.140274,18775400
2023-09-07,40.730000,41.020000,40.299999,40.430000,37.591694,13801000
2023-09-08,40.450001,41.119999,40.330002,41.000000,38.121677,13921200
2023-09-11,41.380001,41.720001,41.209999,41.330002,38.428513,15053800
2023-09-12,41.410000,42.970001,41.270000,42.540001,39.553562,18393900
2023-09-13,42.709999,42.880001,42.119999,42.250000,39.283928,15274200
2023-09-14,42.810001,43.389999,42.700001,43.049999,40.027756,20764500
2023-09-15,42.669998,43.310001,42.610001,42.950001,39.934784,47371800
2023-09-18,42.990002,43.599998,42.770000,43.430000,40.381084,15849700
2023-09-19,43.549999,43.740002,42.900002,43.220001,40.185829,15318100
2023-09-20,43.400002,43.720001,42.820000,42.869999,39.860394,16788100
2023-09-21,42.750000,43.169998,42.290001,42.320000,39.349014,14990500
2023-09-22,42.330002,42.389999,41.150002,41.230000,38.335533,16780300
2023-09-25,40.880001,41.619999,40.770000,41.560001,38.642365,10624000
2023-09-26,41.049999,41.310001,40.360001,40.650002,37.796246,15219400
2023-09-27,40.630001,41.200001,40.459999,40.860001,37.991501,11815500
2023-09-28,40.840000,41.200001,40.720001,40.910000,38.037994,12454600
2023-09-29,41.200001,41.389999,40.580002,40.860001,37.991501,13124500
2023-10-02,40.700001,40.759998,39.439999,39.610001,36.829258,15102000
2023-10-03,39.380001,39.470001,38.470001,38.669998,35.955246,19252900
2023-10-04,38.509998,39.110001,38.389999,38.970001,36.234188,14343500
2023-10-05,38.759998,39.419998,38.599998,39.299999,36.541019,11820600
2023-10-06,38.889999,39.889999,38.759998,39.689999,36.903641,13976800
2023-10-09,39.110001,39.799999,39.099998,39.700001,36.912945,12096600
2023-10-10,39.919998,40.380001,39.720001,39.820000,37.024517,14429700
2023-10-11,40.009998,40.209999,39.250000,39.689999,36.903641,14835900
2023-10-12,39.689999,40.009998,39.320000,39.740002,36.950134,14878100
2023-10-13,40.830002,41.639999,40.470001,40.959999,38.084476,28077900
2023-10-16,41.470001,42.169998,41.400002,41.650002,38.726044,18419000
2023-10-17,41.430000,42.369999,41.430000,41.980000,39.032875,16982300
2023-10-18,41.700001,41.939999,41.349998,41.529999,38.614471,16053200
2023-10-19,41.480000,42.220001,41.160000,41.180000,38.289043,16120300
2023-10-20,41.049999,41.090000,39.939999,40.270000,37.442928,17498900
2023-10-23,40.259998,40.380001,39.419998,39.480000,36.708374,13785800
2023-10-24,39.619999,39.830002,39.240002,39.279999,36.522423,15097800
2023-10-25,39.070000,39.209999,38.580002,39.029999,36.289970,13849000
2023-10-26,39.020000,39.980000,38.980000,39.650002,36.866455,15480300
2023-10-27,39.380001,39.410000,38.619999,38.759998,36.038925,13582800
2023-10-30,39.099998,39.590000,38.689999,39.430000,36.661903,14141900
2023-10-31,39.639999,39.810001,39.240002,39.770000,36.978031,11919200
2023-11-01,39.959999,39.980000,39.279999,39.610001,36.829258,19850300
2023-11-02,39.740002,40.540001,39.389999,40.509998,38.001865,19998500
2023-11-03,41.169998,41.860001,41.070000,41.619999,39.043144,16147500
2023-11-06,41.790001,41.790001,41.150002,41.340000,38.780479,15148600
2023-11-07,41.180000,41.200001,40.740002,41.040001,38.499050,13796900
2023-11-08,41.070000,41.189999,40.430000,40.980000,38.442764,19418700
2023-11-09,41.299999,41.380001,40.270000,40.400002,37.898674,14006500
2023-11-10,40.630001,40.950001,40.360001,40.889999,38.358341,14706600
2023-11-13,40.740002,41.060001,40.529999,40.770000,38.245770,12159700
2023-11-14,41.500000,42.380001,41.459999,42.080002,39.474663,20183800
2023-11-15,42.070000,43.029999,42.070000,42.840000,40.187603,17268100
2023-11-16,42.820000,42.959999,41.990002,42.529999,39.896801,16931200
2023-11-17,42.830002,42.990002,42.439999,42.959999,40.300182,13893800
2023-11-20,42.860001,42.950001,42.509998,42.790001,40.140701,10369100
2023-11-21,42.639999,42.730000,42.150002,42.599998,39.962467,16078400
2023-11-22,42.660000,42.830002,42.400002,42.779999,40.131325,11862200
2023-11-24,42.799999,43.110001,42.730000,42.919998,40.262650,5287200
2023-11-27,42.639999,43.029999,42.520000,43.020000,40.356457,15715000
2023-11-28,42.970001,43.450001,42.790001,43.369999,40.684795,15332900
2023-11-29,43.689999,44.139999,43.630001,43.779999,41.069405,16746000
2023-11-30,43.810001,44.750000,43.480000,44.590000,41.829258,23247500
2023-12-01,44.509998,45.240002,44.380001,45.020000,42.232635,18116100
2023-12-04,44.709999,45.330002,44.520000,45.119999,42.326439,13424000
2023-12-05,44.950001,44.970001,44.410000,44.490002,41.735458,14531700
2023-12-06,44.799999,45.250000,44.430000,44.500000,41.744831,18923800
2023-12-07,44.790001,45.439999,44.650002,45.400002,42.589104,18787800
2023-12-08,45.360001,46.340000,45.119999,46.099998,43.245762,20238400
2023-12-11,45.900002,46.220001,45.570000,46.000000,43.151966,21116900
2023-12-12,45.939999,46.759998,45.810001,46.470001,43.592857,19787100
2023-12-13,46.500000,47.779999,46.349998,47.759998,44.802990,26549100
2023-12-14,48.439999,50.549999,48.439999,50.509998,47.382725,41115400
2023-12-15,50.099998,50.770000,49.919998,50.310001,47.195110,44099200
2023-12-18,50.410000,50.480000,49.529999,49.660000,46.585354,20531700
2023-12-19,49.669998,50.320000,49.310001,50.090000,46.988731,20556400
2023-12-20,49.830002,50.570000,49.290001,49.340000,46.285164,20481500
2023-12-21,49.619999,49.830002,49.130001,49.450001,46.388359,11127700
2023-12-22,49.660000,49.860001,49.090000,49.180000,46.135067,10450400
2023-12-26,49.160000,49.669998,49.029999,49.639999,46.566586,8856600
2023-12-27,49.410000,49.570000,49.150002,49.330002,46.275784,12536700
2023-12-28,49.139999,49.650002,49.090000,49.480000,46.416496,9872600
2023-12-29,49.349998,49.580002,49.209999,49.220001,46.172596,11733600
2024-01-02,49.049999,49.759998,48.820000,49.330002,46.275784,14916000
2024-01-03,49.090000,49.090000,48.320000,48.680000,45.666031,21653600
2024-01-04,48.820000,49.860001,48.770000,49.279999,46.228878,15917500
2024-01-05,49.400002,50.470001,49.290001,49.919998,46.829250,15074800
2024-01-08,49.380001,49.990002,49.150002,49.919998,46.829250,15119700
2024-01-09,49.439999,49.459999,49.049999,49.290001,46.238262,13625200
2024-01-10,49.000000,49.119999,48.610001,49.080002,46.041264,11849800
2024-01-11,48.889999,49.080002,48.340000,49.040001,46.003738,21049200
2024-01-12,47.950001,48.779999,47.000000,47.400002,44.465279,30454100
2024-01-16,46.770000,47.060001,46.220001,46.820000,43.921192,25209900
2024-01-17,46.240002,47.060001,46.209999,46.669998,43.780472,17445600
2024-01-18,46.549999,46.619999,46.119999,46.439999,43.564720,17901300
2024-01-19,46.630001,48.180000,46.380001,48.119999,45.140697,25606900
2024-01-22,48.230000,48.930000,48.160000,48.529999,45.525311,19372200
2024-01-23,48.650002,49.220001,48.400002,49.119999,46.078785,16422100
2024-01-24,49.369999,50.090000,49.250000,49.490002,46.425877,17776000
2024-01-25,49.680000,49.939999,49.500000,49.880001,46.791733,17979600
2024-01-26,49.840000,50.500000,49.770000,50.320000,47.204494,19211100
2024-01-29,50.160000,50.669998,49.990002,50.349998,47.232624,16725200
2024-01-30,50.630001,51.270000,50.619999,51.189999,48.020622,14736800
2024-01-31,51.009998,51.439999,50.160000,50.180000,47.073158,20394400
2024-02-01,49.820000,49.970001,47.880001,48.730000,46.034012,27566100
2024-02-02,48.500000,49.570000,48.060001,49.160000,46.440235,19329000
2024-02-05,48.610001,48.919998,48.240002,48.700001,46.005672,14202700
2024-02-06,48.520000,49.119999,48.009998,48.290001,45.618355,13926600
2024-02-07,48.450001,48.599998,47.450001,48.480000,45.797848,15839600
2024-02-08,48.180000,48.500000,48.060001,48.349998,45.675037,10839200
2024-02-09,48.220001,48.270000,47.470001,48.060001,45.401081,16594000
2024-02-12,48.000000,49.290001,47.880001,48.919998,46.213493,14101900
2024-02-13,48.400002,48.709999,47.590000,48.240002,45.571133,13660100
2024-02-14,48.599998,48.720001,47.959999,48.529999,45.845078,12683400
2024-02-15,48.730000,52.450001,48.619999,52.040001,49.160889,46473600
2024-02-16,51.939999,52.320000,51.320000,51.910000,49.038082,24359700
2024-02-20,51.500000,52.240002,51.270000,51.770000,48.905827,19839100
2024-02-21,51.639999,52.680000,51.130001,52.660000,49.746590,18562500
2024-02-22,52.830002,53.910000,52.750000,53.369999,50.417301,20467900
2024-02-23,53.529999,54.020000,53.419998,53.860001,50.880203,20863500
2024-02-26,53.750000,54.560001,53.680000,54.130001,51.135265,18099900
2024-02-27,54.279999,54.889999,54.240002,54.810001,51.777645,19548200
2024-02-28,54.740002,55.419998,54.570000,54.720001,51.692619,20045200
2024-02-29,55.040001,55.700001,54.939999,55.590000,52.514488,28335600
2024-03-01,55.400002,55.750000,54.900002,55.060001,52.013813,17761000
2024-03-04,54.869999,56.560001,54.730000,55.810001,52.722317,19483500
2024-03-05,55.709999,57.099998,55.430000,56.599998,53.468609,21786100
2024-03-06,56.820000,57.389999,56.270000,57.110001,53.950394,25418600
2024-03-07,57.049999,57.680000,56.869999,57.000000,53.846478,18116300
2024-03-08,57.209999,57.540001,56.880001,57.070000,53.912605,17872500
2024-03-11,56.779999,57.349998,56.520000,57.090000,53.931496,16622000
2024-03-12,57.250000,58.110001,57.099998,57.610001,54.422729,23622800
2024-03-13,57.619999,58.439999,57.619999,57.820000,54.621113,17444900
2024-03-14,57.869999,58.130001,57.119999,57.369999,54.196003,24851100
2024-03-15,56.860001,58.299999,56.860001,57.509998,54.328262,40782800
2024-03-18,57.599998,57.830002,57.110001,57.770000,54.573879,16376500
2024-03-19,57.650002,57.939999,56.919998,57.009998,53.855923,14504800
2024-03-20,56.619999,57.509998,56.279999,57.299999,54.129871,22841600
2024-03-21,57.590000,58.119999,57.450001,57.849998,54.649448,18141700
2024-03-22,57.810001,58.020000,57.119999,57.130001,53.969296,13736600
2024-03-25,57.080002,57.330002,56.369999,56.730000,53.591415,15028200
2024-03-26,57.139999,57.150002,56.590000,56.680000,53.544174,11445900
2024-03-27,56.380001,57.639999,56.380001,57.610001,54.422729,13762800
2024-03-28,57.660000,58.080002,57.560001,57.959999,54.753361,14619000
2024-04-01,57.880001,57.880001,57.259998,57.610001,54.422729,11039500
2024-04-02,57.360001,58.000000,57.189999,57.349998,54.177109,14632900
2024-04-03,57.200001,57.959999,56.849998,57.130001,53.969296,13226500
2024-04-04,57.730000,58.000000,56.540001,56.680000,53.544174,12361900
2024-04-05,56.630001,57.619999,56.570000,57.400002,54.224350,11081000
2024-04-08,57.380001,57.980000,57.310001,57.790001,54.592773,15308800
2024-04-09,57.700001,57.990002,56.869999,57.580002,54.394386,10643800
2024-04-10,56.790001,57.299999,56.419998,56.939999,53.789791,16475200
2024-04-11,56.980000,57.000000,55.630001,56.689999,53.553627,18995600
2024-04-12,55.970001,57.000000,55.340000,56.470001,53.345798,27876700
2024-04-15,57.610001,57.980000,56.740002,56.970001,53.818134,19407500
2024-04-16,56.900002,56.959999,55.660000,56.410000,53.289120,25620000
2024-04-17,56.880001,57.630001,56.650002,57.180000,54.016514,18867700
2024-04-18,57.630001,59.130001,57.220001,58.740002,55.490211,24468500
2024-04-19,59.000000,60.849998,58.860001,60.349998,57.011135,34334300
2024-04-22,60.400002,61.490002,60.340000,61.099998,57.719643,21753400
2024-04-23,61.169998,61.759998,60.810001,60.939999,57.568493,21731200
2024-04-24,60.599998,60.950001,60.049999,60.599998,57.247303,19731600
2024-04-25,60.610001,60.959999,59.599998,59.930000,56.614372,24002500
2024-04-26,59.779999,60.430000,59.380001,59.910000,56.595478,18785900
2024-04-29,59.860001,60.299999,59.360001,59.799999,56.491566,15338400
2024-04-30,59.599998,59.990002,59.299999,59.320000,56.038124,18007700
2024-05-01,59.580002,60.150002,59.330002,59.520000,56.227055,16365400
2024-05-02,60.119999,60.150002,59.320000,59.830002,56.519909,15329500
2024-05-03,60.029999,60.259998,59.119999,59.939999,56.623817,17298500
2024-05-06,60.470001,60.880001,59.840000,60.189999,56.859985,16240100
2024-05-07,60.279999,60.610001,60.060001,60.259998,56.926117,16268200
2024-05-08,60.150002,61.430000,60.099998,61.230000,57.842449,18718400
2024-05-09,60.740002,61.369999,60.480000,61.279999,58.222496,14224300
2024-05-10,61.459999,61.970001,61.459999,61.889999,58.802063,14428200
2024-05-13,61.959999,62.169998,61.209999,61.259998,58.203495,15203500
2024-05-14,61.560001,61.990002,61.020000,61.889999,58.802063,14499600
2024-05-15,62.200001,62.549999,61.869999,62.340000,59.229607,17489600
2024-05-16,62.450001,62.480000,60.970001,61.060001,58.013474,21104100
2024-05-17,61.410000,61.630001,60.889999,61.080002,58.032463,15795800
2024-05-20,60.980000,61.790001,60.590000,60.700001,57.671436,15029000
2024-05-21,60.820000,61.700001,60.779999,61.459999,58.393505,18422100
2024-05-22,61.299999,61.450001,60.509998,60.930000,57.889961,10340500
2024-05-23,60.750000,60.779999,59.360001,59.680000,56.702324,13056100
2024-05-24,60.040001,60.389999,59.869999,60.209999,57.205883,9913000
2024-05-28,59.970001,60.180000,59.189999,59.480000,56.512306,11276300
2024-05-29,58.869999,58.939999,58.419998,58.750000,55.818729,12835000
2024-05-30,58.820000,59.389999,58.599998,59.209999,56.255772,13580800
2024-05-31,59.270000,59.990002,58.970001,59.919998,56.930347,25386600
2024-06-03,60.200001,60.200001,58.599998,59.340000,56.379288,13206500
2024-06-04,58.820000,59.480000,58.340000,58.700001,55.771221,12520700
2024-06-05,58.860001,58.919998,58.130001,58.680000,55.752220,11199100
2024-06-06,58.779999,59.000000,57.500000,57.730000,54.849617,18587400
2024-06-07,57.570000,58.680000,57.570000,58.360001,55.448185,14466700
2024-06-10,57.900002,58.130001,57.369999,57.930000,55.039635,12787500
2024-06-11,57.750000,57.750000,56.509998,57.130001,54.279560,19197800
2024-06-12,58.279999,58.450001,57.160000,57.299999,54.441067,16929800
2024-06-13,57.450001,57.619999,56.689999,57.270000,54.412567,15963700
2024-06-14,56.990002,57.610001,56.619999,57.400002,54.536083,15375400
2024-06-17,57.209999,58.250000,57.070000,58.240002,55.334171,18361100
2024-06-18,58.209999,59.049999,57.900002,59.049999,56.103756,15547400
2024-06-20,58.740002,59.200001,58.590000,58.959999,56.018250,11985500
2024-06-21,58.299999,58.459999,57.320000,58.099998,55.201157,62732600
2024-06-24,58.490002,59.459999,58.270000,59.009998,56.065750,16198300
2024-06-25,58.770000,59.000000,57.180000,57.200001,54.346062,26726900
2024-06-26,57.220001,57.799999,56.830002,57.009998,54.165539,30425700
2024-06-27,56.410000,57.470001,56.330002,57.419998,54.555088,13832200
2024-06-28,58.090000,59.450001,58.090000,59.389999,56.426792,31074500
2024-07-01,59.610001,60.610001,59.570000,60.590000,57.566921,14470200
2024-07-02,60.490002,61.180000,60.139999,60.970001,57.927959,9543700
2024-07-03,61.000000,61.139999,60.160000,60.660000,57.633427,6698800
2024-07-05,60.500000,60.660000,59.110001,59.619999,56.645317,11436300
2024-07-08,59.970001,60.410000,58.660000,59.009998,56.065750,12480000
2024-07-09,59.080002,60.419998,58.919998,59.880001,56.892349,12233800
2024-07-10,59.540001,59.990002,59.380001,59.720001,56.740330,12097200
2024-07-11,59.400002,60.709999,59.279999,60.160000,57.158371,16852800
2024-07-12,56.200001,56.919998,55.599998,56.540001,53.718994,53042800
2024-07-15,57.049999,58.240002,57.040001,57.730000,54.849617,27277300
2024-07-16,58.040001,60.619999,57.529999,60.240002,57.234383,25577300
2024-07-17,60.160000,61.000000,59.889999,60.910000,57.870956,17371100
2024-07-18,60.619999,60.820000,58.990002,59.240002,56.284279,17739000
2024-07-19,59.299999,59.770000,59.110001,59.230000,56.274776,12362800
2024-07-22,59.259998,59.389999,58.540001,59.139999,56.189262,13638600
2024-07-23,59.200001,59.910000,59.040001,59.669998,56.692825,10927800
2024-07-24,59.770000,60.209999,59.369999,59.439999,56.474297,10777100
2024-07-25,59.560001,60.730000,59.450001,59.700001,56.721325,14119600
2024-07-26,59.849998,60.450001,59.570000,60.389999,57.376900,12538900
2024-07-29,60.740002,60.830002,59.349998,59.590000,56.616814,8986200
2024-07-30,60.459999,60.730000,59.889999,60.009998,57.015862,11503900
2024-07-31,59.820000,60.119999,59.200001,59.340000,56.379288,11535800
2024-08-01,59.259998,59.340000,56.520000,56.880001,54.042027,17752700
2024-08-02,55.180000,55.570000,52.799999,53.259998,50.602650,27642600
2024-08-05,51.299999,52.400002,50.150002,52.119999,49.519527,28594000
2024-08-06,52.279999,52.959999,52.049999,52.360001,49.747547,18723500
2024-08-07,53.150002,53.490002,52.150002,52.290001,49.681042,18407500
2024-08-08,52.970001,53.320000,52.650002,52.759998,50.127594,16176000
2024-08-09,52.299999,52.830002,52.070000,52.759998,50.510536,11669000
2024-08-12,52.910000,53.470001,51.680000,52.060001,49.840382,18090100
2024-08-13,52.360001,52.959999,51.810001,52.869999,50.615845,12268600
2024-08-14,53.029999,53.779999,52.720001,53.660000,51.372162,13217200
2024-08-15,54.500000,55.169998,54.430000,54.570000,52.243362,16549400
2024-08-16,54.779999,55.430000,54.610001,55.330002,52.970963,19173900
2024-08-19,55.349998,56.459999,55.259998,56.450001,54.043213,12792900
2024-08-20,56.029999,56.720001,55.919998,56.150002,53.756004,12533500
2024-08-21,56.439999,56.450001,55.200001,55.459999,53.095413,13691700
2024-08-22,55.700001,56.369999,55.660000,55.959999,53.574100,15683000
2024-08-23,56.419998,57.400002,56.320000,56.700001,54.282555,17074400
2024-08-26,57.020000,57.150002,56.540001,56.720001,54.301701,9478800
2024-08-27,56.709999,56.919998,56.160000,56.259998,53.861309,7638500
2024-08-28,56.060001,57.360001,56.029999,57.070000,54.636776,11905200
2024-08-29,57.310001,57.770000,56.509998,57.349998,54.904835,9283300
2024-08-30,57.450001,58.580002,57.380001,58.470001,55.977089,20377300
2024-09-03,58.619999,58.950001,57.900002,58.369999,55.881348,15933600
2024-09-04,58.490002,59.000000,57.720001,58.119999,55.642002,10985800
2024-09-05,58.619999,58.680000,56.540001,56.860001,54.435734,18301000
2024-09-06,56.680000,56.779999,53.689999,54.000000,51.697670,21853800
2024-09-09,54.730000,55.080002,54.430000,54.590000,52.262508,17134800
2024-09-10,56.000000,56.099998,53.380001,53.950001,51.649799,24650000
2024-09-11,53.720001,53.860001,52.430000,53.730000,51.439178,17322000
2024-09-12,53.730000,54.340000,50.220001,51.570000,49.371265,42594200
2024-09-13,51.860001,53.040001,51.750000,52.779999,50.529678,24762000
2024-09-16,52.810001,53.930000,52.810001,53.790001,51.496620,18066200
2024-09-17,53.970001,55.070000,53.970001,54.509998,52.185921,15885200
2024-09-18,54.459999,55.189999,54.099998,54.259998,51.946583,20109000
2024-09-19,55.009998,56.009998,54.650002,55.799999,53.420921,21399000
2024-09-20,55.349998,56.290001,54.880001,56.290001,53.890030,45276000
2024-09-23,56.259998,56.520000,54.900002,55.110001,52.760342,14759300
2024-09-24,55.119999,55.189999,53.790001,54.160000,51.850849,16365600
2024-09-25,54.279999,54.330002,53.410000,53.610001,51.324303,10555700
2024-09-26,54.040001,57.110001,53.320000,56.389999,53.985767,34463400
2024-09-27,56.619999,56.619999,55.799999,55.900002,53.516663,13530400
2024-09-30,55.660000,56.520000,55.480000,56.490002,54.081501,16284200
2024-10-01,56.000000,56.029999,55.200001,55.389999,53.028404,11069400
2024-10-02,55.330002,55.810001,54.919998,55.299999,52.942238,9007200
2024-10-03,55.080002,55.209999,54.410000,54.980000,52.635883,8135300
2024-10-04,55.990002,57.130001,55.980000,56.959999,54.531464,14582800
2024-10-07,57.230000,57.630001,56.799999,57.160000,54.722939,11177800
2024-10-08,58.279999,58.279999,57.270000,57.299999,54.856964,12073000
2024-10-09,57.320000,57.730000,57.070000,57.540001,55.086742,12415300
2024-10-10,57.720001,58.389999,57.349998,57.750000,55.287781,12744000
2024-10-11,59.959999,61.720001,59.919998,60.990002,58.389645,37049200
2024-10-14,61.270000,63.349998,60.939999,62.160000,59.509762,30758800
2024-10-15,62.910000,63.820000,62.230000,63.029999,60.342659,24693400
2024-10-16,63.240002,64.080002,63.119999,63.889999,61.166004,17412600
2024-10-17,64.489998,64.720001,63.500000,64.379997,61.635101,15073500
2024-10-18,64.410004,64.779999,63.830002,64.360001,61.615963,19234000
2024-10-21,64.480003,64.690002,63.919998,64.019997,61.290451,15603400
2024-10-22,64.019997,65.209999,64.000000,64.809998,62.046772,26164900
2024-10-23,64.769997,65.050003,63.860001,64.559998,61.807430,18380900
2024-10-24,64.610001,65.570000,64.330002,65.430000,62.640343,18393300
2024-10-25,65.849998,65.949997,64.250000,64.529999,61.778713,14855500
2024-10-28,65.000000,65.750000,64.809998,65.610001,62.812664,16158900
2024-10-29,65.489998,66.000000,65.239998,65.300003,62.515888,13205500
2024-10-30,65.129997,66.400002,65.129997,65.410004,62.621189,16021700
2024-10-31,65.099998,65.750000,64.629997,64.919998,62.152084,12963200
2024-11-01,65.220001,65.580002,64.620003,64.680000,61.922321,13313900
2024-11-04,64.559998,64.650002,63.049999,63.700001,60.984100,12607400
2024-11-05,64.000000,64.500000,63.619999,64.070000,61.338326,13447200
2024-11-06,73.300003,74.269997,69.949997,72.470001,69.380173,63689100
2024-11-07,71.639999,71.669998,69.739998,69.820000,66.843178,18681200
2024-11-08,70.010002,70.129997,69.360001,70.040001,67.440155,14270900
2024-11-11,71.019997,73.250000,71.019997,72.559998,69.866615,17117800
2024-11-12,72.779999,73.370003,72.110001,72.599998,69.905128,17848200
2024-11-13,72.750000,73.959999,72.660004,72.769997,70.068817,18823000
2024-11-14,72.849998,73.470001,72.510002,72.800003,70.097717,13654800
2024-11-15,73.000000,74.410004,72.889999,74.339996,71.580536,18837000
2024-11-18,74.500000,74.699997,73.720001,74.089996,71.339821,18439600
2024-11-19,73.620003,74.160004,73.129997,73.430000,70.704330,15412900
2024-11-20,73.669998,73.779999,72.430000,73.580002,70.848747,14415400
2024-11-21,73.940002,76.040001,73.940002,74.830002,72.052353,20068200
2024-11-22,74.570000,76.080002,74.550003,75.959999,73.140404,14997400
2024-11-25,76.199997,77.309998,75.970001,76.900002,74.045517,28636600
2024-11-26,77.500000,78.129997,76.360001,77.349998,74.478821,19139100
2024-11-27,77.370003,77.790001,76.430000,77.209999,74.344009,19793900
2024-11-29,77.690002,78.040001,76.139999,76.169998,73.342613,9785000
2024-12-02,76.949997,76.949997,74.800003,75.279999,72.485641,18274500
2024-12-03,75.809998,75.849998,74.019997,74.139999,71.387970,15047900
2024-12-04,74.050003,74.250000,72.709999,73.059998,70.348053,14301100
2024-12-05,73.400002,74.610001,73.099998,73.660004,70.925789,17766700
2024-12-06,73.989998,74.720001,73.730003,74.330002,71.570915,14798100
2024-12-09,74.309998,74.550003,72.419998,72.620003,69.924393,15517500
2024-12-10,73.500000,73.500000,71.900002,72.050003,69.375549,12277100
2024-12-11,72.589996,72.919998,71.449997,71.599998,68.942253,11867400
2024-12-12,71.879997,72.059998,70.790001,70.800003,68.171959,12446700
2024-12-13,70.849998,71.050003,70.019997,70.440002,67.825302,16794500
2024-12-16,70.470001,72.290001,69.820000,71.980003,69.308151,24602500
2024-12-17,71.050003,71.540001,70.379997,70.809998,68.181572,15595900
2024-12-18,70.610001,71.500000,68.610001,68.760002,66.207672,21201200
2024-12-19,69.400002,70.690002,68.669998,68.849998,66.294334,16444600
2024-12-20,69.169998,71.040001,68.769997,70.339996,67.729019,50113400
2024-12-23,69.720001,70.690002,69.620003,70.540001,67.921608,11817000
2024-12-24,70.669998,71.589996,70.540001,71.589996,68.932617,4442700
2024-12-26,71.430000,71.839996,71.110001,71.760002,69.096313,6964300
2024-12-27,71.180000,71.739998,70.629997,71.110001,68.470436,7219500
2024-12-30,70.410004,70.800003,69.769997,70.410004,67.796425,8443800
2024-12-31,70.529999,70.919998,70.059998,70.239998,67.632729,7031500
2025-01-02,70.480003,71.209999,69.760002,70.190002,67.584587,8303300
2025-01-03,70.349998,71.419998,69.739998,71.309998,68.663010,9152800
2025-01-06,71.930000,73.250000,71.529999,72.029999,69.356285,15565600
2025-01-07,72.970001,73.129997,71.510002,71.589996,68.932617,13522000
2025-01-08,71.510002,72.080002,71.059998,71.570000,68.913361,16544700
2025-01-10,70.900002,70.930000,69.339996,69.959999,67.363121,14466600
2025-01-13,69.900002,70.610001,69.559998,70.529999,67.911964,10439800
2025-01-14,71.459999,71.459999,70.290001,71.190002,68.547455,21909800
2025-01-15,75.360001,76.820000,73.650002,75.949997,73.130783,33482900
2025-01-16,75.849998,76.440002,74.690002,75.949997,73.130783,22897900
2025-01-17,75.980003,77.250000,75.500000,77.080002,74.218842,20673700
2025-01-21,77.690002,78.290001,77.330002,77.849998,74.960258,21057700
2025-01-22,77.570000,77.809998,76.860001,77.540001,74.661766,11669500
2025-01-23,77.709999,78.300003,77.029999,77.430000,74.555855,12981800
2025-01-24,77.000000,77.650002,77.000000,77.320000,74.449928,10393200
2025-01-27,77.400002,78.040001,76.889999,77.940002,75.046921,10637100
2025-01-28,77.870003,78.150002,77.169998,77.879997,74.989136,11562000
2025-01-29,77.750000,78.980003,77.610001,78.370003,75.460960,9175400
2025-01-30,79.150002,79.239998,78.080002,78.820000,75.894241,11276000
2025-01-31,78.690002,79.290001,78.309998,78.800003,75.874992,14980600
2025-02-03,77.230003,78.510002,77.019997,78.139999,75.239479,12395200
2025-02-04,79.839996,79.849998,78.440002,79.470001,76.520126,14665200
2025-02-05,79.660004,80.349998,79.180000,80.050003,77.078590,17931000
2025-02-06,80.500000,81.500000,79.910004,81.419998,78.397743,16988900
2025-02-07,81.269997,81.300003,79.089996,80.669998,78.059067,17951400
2025-02-10,80.459999,80.570000,78.250000,79.099998,76.539871,18357400
2025-02-11,78.769997,79.970001,77.809998,79.639999,77.062393,16682800
2025-02-12,79.199997,79.720001,78.830002,79.250000,76.685020,13440500
2025-02-13,79.430000,79.660004,78.610001,78.849998,76.297974,10093400
2025-02-14,79.230003,80.339996,78.889999,79.980003,77.391396,17521300
2025-02-18,79.989998,80.949997,79.489998,80.779999,78.165512,15318300
2025-02-19,80.320000,80.650002,79.970001,80.349998,77.749420,13917400
2025-02-20,80.110001,80.279999,78.019997,78.629997,76.085091,14807100
2025-02-21,78.910004,79.449997,77.330002,77.500000,74.991661,18205400
2025-02-24,77.970001,78.519997,76.410004,77.220001,74.720726,12989700
2025-02-25,77.870003,78.040001,74.930000,76.000000,73.540199,15683000
2025-02-26,76.349998,77.769997,76.269997,76.449997,73.975639,13466800
2025-02-27,76.989998,77.919998,76.379997,76.620003,74.140137,13744400
2025-02-28,77.040001,78.419998,76.589996,78.320000,75.785126,24698800
2025-03-03,78.860001,78.980003,76.320000,77.029999,74.536880,18013400
2025-03-04,75.470001,75.650002,71.339996,73.300003,70.927605,28858200
2025-03-05,73.209999,74.629997,72.440002,74.160004,71.759766,20422000
2025-03-06,73.790001,73.889999,71.629997,72.650002,70.298630,19460400
2025-03-07,72.250000,72.250000,68.099998,71.050003,68.750427,21256900
2025-03-10,69.550003,69.550003,65.519997,66.779999,64.618622,27582900
2025-03-11,66.830002,68.010002,65.790001,67.279999,65.102448,24310700
2025-03-12,68.800003,69.489998,67.699997,68.930000,66.699036,18462300
2025-03-13,69.629997,69.720001,68.309998,68.459999,66.244240,17471500
2025-03-14,69.459999,71.070000,69.250000,70.849998,68.556900,15762300
2025-03-17,70.470001,71.559998,70.080002,70.839996,68.547203,11185000
2025-03-18,71.010002,71.480003,70.389999,71.110001,68.808479,11102100
2025-03-19,71.139999,73.830002,70.830002,72.760002,70.405075,14453200
2025-03-20,71.839996,73.370003,71.779999,72.519997,70.172844,12388300
2025-03-21,71.959999,72.779999,71.150002,72.519997,70.172844,32647100
2025-03-24,73.639999,74.529999,73.339996,74.279999,71.875877,10688900
2025-03-25,74.470001,74.660004,73.830002,74.239998,71.837173,9499100
2025-03-26,74.389999,75.379997,73.120003,73.470001,71.092087,10848100
2025-03-27,73.570000,73.570000,72.220001,72.279999,69.940613,10457600
2025-03-28,72.269997,72.550003,69.949997,70.690002,68.402069,13555200
2025-03-31,69.900002,72.070000,69.559998,71.790001,69.466476,14855300
2025-04-01,70.839996,71.629997,70.110001,71.309998,69.002007,10661000
2025-04-02,70.559998,72.470001,70.220001,72.260002,69.921257,8854100
2025-04-03,67.779999,68.720001,65.410004,65.669998,63.544540,25880300
2025-04-04,62.750000,63.570000,59.709999,60.980000,59.006336,31050800
2025-04-07,60.689999,64.330002,58.419998,62.169998,60.157825,41305800
2025-04-08,64.690002,65.629997,60.880001,62.080002,60.070744,27374200
2025-04-09,60.639999,67.190002,59.430000,66.330002,64.183182,42744800
2025-04-10,64.949997,65.000000,61.490002,63.110001,61.067410,29026000
2025-04-11,61.540001,63.619999,59.650002,62.509998,60.486824,33867000
2025-04-14,63.160000,64.010002,62.400002,63.099998,61.057728,28057800
2025-04-15,63.439999,65.419998,63.299999,64.540001,62.451118,20903300
2025-04-16,63.889999,64.980003,63.369999,63.980000,61.909248,17351000
2025-04-17,64.379997,65.709999,64.070000,64.709999,62.615616,18961800
2025-04-21,64.199997,65.160004,63.400002,64.010002,61.938278,17859100
2025-04-22,64.709999,66.410004,64.709999,66.230003,64.086426,17536600
2025-04-23,67.440002,69.500000,67.440002,67.940002,65.741081,20678800
2025-04-24,67.699997,69.849998,67.500000,69.559998,67.308647,18420900
2025-04-25,69.070000,70.190002,69.000000,69.730003,67.473145,17775900
2025-04-28,69.809998,70.559998,68.669998,69.430000,67.182854,16694100
2025-04-29,68.949997,71.339996,68.949997,71.099998,68.798805,24563600
2025-04-30,69.669998,71.410004,69.330002,71.010002,68.711716,23953000
2025-05-01,70.760002,72.470001,70.430000,71.809998,69.485817,19672500
2025-05-02,73.000000,74.160004,72.870003,73.800003,71.411423,18347400
2025-05-05,73.349998,74.889999,73.040001,73.849998,71.459801,16070400
2025-05-06,73.139999,74.190002,72.559998,73.480003,71.101784,18095100
2025-05-07,73.599998,74.300003,72.980003,73.180000,70.811485,14310300
2025-05-08,73.690002,73.989998,72.629997,73.309998,70.937279,19957500
2025-05-09,73.139999,73.239998,72.029999,72.449997,70.489716,11136900
2025-05-12,74.989998,75.250000,74.070000,74.879997,72.853966,20425500
2025-05-13,75.440002,76.580002,74.970001,75.989998,73.933945,13635100
2025-05-14,76.239998,76.489998,75.830002,76.279999,74.216095,14067100
2025-05-15,76.059998,76.519997,75.320000,75.589996,73.544762,15303900
2025-05-16,75.559998,76.349998,75.370003,76.180000,74.118805,13864600
2025-05-19,75.599998,76.410004,75.430000,76.059998,74.002045,12720500
2025-05-20,75.480003,75.870003,75.070000,75.519997,73.476654,10655600
2025-05-21,74.940002,75.129997,73.089996,73.190002,71.209694,17711300
2025-05-22,73.139999,73.889999,72.480003,73.389999,71.404282,9717000
2025-05-23,71.900002,73.190002,71.900002,72.830002,70.859436,9260900
2025-05-27,73.610001,74.089996,73.050003,73.989998,71.988052,11014100
2025-05-28,74.199997,74.360001,73.330002,73.730003,71.735085,8711100
2025-05-29,74.410004,75.080002,73.330002,74.510002,72.493980,14016600
2025-05-30,74.199997,74.800003,73.730003,74.779999,72.756668,17042000
2025-06-02,74.260002,74.750000,73.269997,74.720001,72.698303,11237500
2025-06-03,74.720001,75.830002,74.370003,75.650002,73.603134,13193500
2025-06-04,77.699997,78.800003,75.379997,75.379997,73.340446,29578000
2025-06-05,75.610001,75.760002,74.180000,74.900002,72.873436,20138400
2025-06-06,76.150002,76.760002,75.830002,76.330002,74.264732,10988000
2025-06-09,76.550003,76.699997,75.930000,76.459999,74.391228,13453200
2025-06-10,76.160004,76.349998,75.129997,75.449997,73.408546,14892900
2025-06-11,75.540001,75.720001,74.570000,74.930000,72.902626,16442400
2025-06-12,74.330002,74.519997,73.169998,74.010002,72.007515,14522500
2025-06-13,72.919998,73.790001,71.930000,72.360001,70.402153,21168300
2025-06-16,73.400002,73.720001,72.930000,73.150002,71.170784,16231500
2025-06-17,72.779999,73.209999,72.300003,72.500000,70.538361,14156800
2025-06-18,72.650002,75.139999,72.570000,74.739998,72.717758,23498300
2025-06-20,75.239998,75.779999,75.070000,75.400002,73.359909,27677500
2025-06-23,75.129997,77.029999,74.820000,77.010002,74.926346,17375700
2025-06-24,77.720001,78.750000,77.720001,78.110001,75.996574,16342300
2025-06-25,78.279999,79.309998,77.989998,79.070000,76.930611,13954500
2025-06-26,79.440002,80.099998,79.190002,79.959999,77.796524,18214800
2025-06-27,80.000000,80.150002,78.959999,79.500000,77.348961,21324200
2025-06-30,80.480003,81.099998,79.910004,80.120003,77.952187,21685800
2025-07-01,80.050003,81.510002,79.910004,81.489998,79.285126,20967100
2025-07-02,81.919998,82.400002,81.250000,82.360001,80.131584,15195100
2025-07-03,82.639999,83.949997,82.500000,83.599998,81.338043,11237300
2025-07-07,82.970001,83.589996,81.500000,82.339996,80.112122,18156000
2025-07-08,82.300003,82.419998,81.029999,81.589996,79.382408,18303400
2025-07-09,82.430000,82.519997,81.459999,81.790001,79.577011,16135400
2025-07-10,81.610001,82.739998,81.610001,82.360001,80.131584,14348100
2025-07-11,81.750000,82.680000,81.430000,82.550003,80.316452,12583100
2025-07-14,82.199997,83.519997,82.120003,83.430000,81.172630,20194200
2025-07-15,80.750000,81.080002,77.720001,78.860001,76.726280,53938000
2025-07-16,78.889999,80.080002,78.209999,79.910004,77.747879,30567500
2025-07-17,79.459999,80.650002,79.099998,79.709999,77.553291,21837600
2025-07-18,79.849998,80.769997,78.879997,80.639999,78.458122,21236000
2025-07-21,80.750000,81.459999,80.169998,80.279999,78.107857,14506600
2025-07-22,80.279999,82.589996,80.279999,82.379997,80.151054,22437000
2025-07-23,83.000000,83.930000,82.610001,83.699997,81.435326,19379200
2025-07-24,83.839996,84.830002,83.120003,83.870003,81.600731,19031200
2025-07-25,84.120003,84.459999,83.230003,84.320000,82.038551,14072400
2025-07-28,84.320000,84.500000,82.709999,83.070000,80.822372,10627100
2025-07-29,83.629997,83.699997,82.199997,82.650002,80.413742,12478200
2025-07-30,82.989998,83.089996,81.309998,81.779999,79.567276,15579100
2025-07-31,81.349998,81.930000,80.330002,80.629997,78.448387,14813900
2025-08-01,79.190002,79.349998,77.400002,77.779999,75.675507,16071300
2025-08-04,78.519997,78.529999,76.910004,77.580002,75.480911,13892100
2025-08-05,78.339996,78.349998,76.160004,77.959999,75.850632,15765100
2025-08-06,77.910004,78.820000,77.559998,77.610001,75.510109,14157000
2025-08-07,78.279999,78.300003,76.779999,77.050003,74.965263,13105600
2025-08-08,77.110001,78.180000,76.349998,77.849998,76.188576,14123000
2025-08-11,78.010002,78.089996,77.230003,77.589996,75.934135,14408100
2025-08-12,78.220001,79.559998,78.150002,79.480003,77.783791,14365200
2025-08-13,79.680000,79.720001,77.099998,77.889999,76.227730,14415100
2025-08-14,78.279999,79.580002,77.709999,79.410004,77.715286,16051500
2025-08-15,79.540001,79.650002,77.010002,77.099998,75.454582,15380400
2025-08-18,76.989998,77.599998,76.910004,77.440002,75.787338,11660900
2025-08-19,77.160004,77.769997,77.029999,77.529999,75.875404,10118500
2025-08-20,77.470001,78.480003,76.589996,78.160004,76.491974,12101900
2025-08-21,77.879997,78.070000,77.080002,77.830002,76.169014,9102700
2025-08-22,78.339996,79.309998,78.129997,79.099998,77.411896,11282600
2025-08-25,78.879997,80.500000,78.870003,80.190002,78.478645,12017000
2025-08-26,79.820000,81.629997,79.779999,81.510002,79.770477,14936600
2025-08-27,81.260002,83.209999,81.239998,82.500000,80.739342,15567700
2025-08-28,82.879997,83.129997,81.919998,81.980003,80.230453,13963200
2025-08-29,81.970001,82.809998,81.800003,82.180000,80.426178,12041200
2025-09-02,81.709999,81.820000,80.440002,81.779999,80.034714,13326000
2025-09-03,81.730003,82.010002,80.019997,80.510002,78.791817,11174000
2025-09-04,80.750000,82.129997,80.220001,81.830002,80.083641,10822300
2025-09-05,81.639999,82.019997,78.699997,78.959999,77.274895,20661400
2025-09-08,78.989998,79.790001,78.559998,79.139999,77.451050,17107000
2025-09-09,79.309998,81.459999,79.000000,80.760002,79.036484,17157300
2025-09-10,80.660004,81.239998,79.910004,80.300003,78.586296,16460200
2025-09-11,80.199997,81.389999,79.779999,81.250000,79.516014,17785800
2025-09-12,81.099998,81.639999,80.790001,81.459999,79.721542,10498300
2025-09-15,81.610001,81.820000,81.129997,81.410004,79.672607,9563200
2025-09-16,81.559998,81.610001,80.080002,81.389999,79.653030,10705900
2025-09-17,81.220001,82.720001,80.540001,82.480003,80.719772,14746100
2025-09-18,82.570000,83.519997,81.940002,83.500000,81.718002,13021100
2025-09-19,83.830002,84.930000,82.930000,84.639999,82.833672,36482400
2025-09-22,83.879997,85.279999,83.739998,85.160004,83.342575,14545000
2025-09-23,85.150002,86.660004,83.669998,84.370003,82.569435,14818500
2025-09-24,84.650002,85.370003,83.660004,84.110001,82.314987,9478700
2025-09-25,83.690002,84.660004,83.559998,84.320000,82.520500,8514900
2025-09-26,84.690002,85.639999,84.559998,85.010002,83.195770,8502600
2025-09-29,84.699997,85.190002,84.040001,84.650002,82.843460,9833700
2025-09-30,84.660004,85.120003,82.660004,83.820000,82.031174,11429000
2025-10-01,83.099998,83.599998,80.769997,80.870003,79.144135,16961900
2025-10-02,80.699997,81.050003,80.040001,80.500000,78.782021,11420000
2025-10-03,81.019997,81.690002,80.440002,80.669998,78.948395,10124900
2025-10-06,80.559998,81.459999,79.570000,80.690002,78.967979,12837700
2025-10-07,80.870003,81.360001,80.540001,81.139999,79.408363,10371300
2025-10-08,81.260002,81.330002,79.540001,79.730003,78.028458,11277400
2025-10-09,79.910004,80.750000,79.419998,79.889999,78.185051,8432200
2025-10-10,79.610001,80.440002,77.620003,77.620003,75.963486,16004300
2025-10-13,78.739998,79.230003,78.279999,78.919998,77.235748,14229300
2025-10-14,82.519997,86.059998,80.389999,84.559998,82.755379,36260600
2025-10-15,85.169998,87.470001,85.160004,86.459999,84.614838,22909400
2025-10-16,86.989998,87.430000,83.000000,84.000000,82.207329,22715600
2025-10-17,84.449997,84.529999,82.309998,83.279999,81.502693,18799000
2025-10-20,83.620003,86.139999,83.089996,86.019997,84.184219,15777200
2025-10-21,86.120003,87.309998,84.660004,84.760002,82.951118,20101100
2025-10-22,85.150002,85.160004,83.139999,83.879997,82.089897,18955000
2025-10-23,84.309998,85.480003,83.750000,84.459999,82.657516,14157800
2025-10-24,84.800003,86.879997,84.760002,86.410004,84.565903,14011400
2025-10-27,86.900002,87.339996,86.309998,87.010002,85.153107,11682000
2025-10-28,87.059998,87.300003,85.779999,86.900002,85.045448,13201000
2025-10-29,86.820000,87.239998,85.669998,86.000000,84.164650,16444400
2025-10-30,86.080002,87.260002,85.879997,85.989998,84.154869,14830000
2025-10-31,85.480003,87.349998,85.010002,86.970001,85.113953,14776700
2025-11-03,87.139999,87.889999,85.849998,87.300003,85.436913,12769300
2025-11-04,87.000000,88.500000,85.879997,87.129997,85.270531,16737700
2025-11-05,87.379997,88.300003,85.910004,86.949997,85.094368,15609400
2025-11-06,86.900002,87.339996,85.519997,86.040001,84.203796,16800200
2025-11-07,85.110001,86.089996,84.040001,86.040001,84.646507,15612100
2025-11-10,86.290001,87.000000,85.449997,86.099998,84.705544,13138200
2025-11-11,86.110001,87.059998,86.050003,86.190002,84.794083,13851500
2025-11-12,86.309998,88.639999,85.940002,86.260002,84.862953,16775200
2025-11-13,86.160004,86.889999,84.470001,84.699997,83.328209,15708000
2025-11-14,84.449997,85.349998,82.959999,85.050003,83.672546,15397300
2025-11-17,84.690002,85.050003,82.540001,83.419998,82.068947,14457100
2025-11-18,83.419998,84.760002,82.930000,83.860001,82.501816,14233900
2025-11-19,83.980003,84.820000,83.610001,84.160004,82.796959,10959600
2025-11-20,85.059998,86.040001,82.320000,82.400002,81.065468,12135800
2025-11-21,82.769997,83.629997,81.050003,83.110001,81.763962,16169500
2025-11-24,83.089996,85.089996,82.410004,84.660004,83.288864,27574500
2025-11-25,84.529999,85.540001,83.610001,85.099998,83.721733,12966400
2025-11-26,85.419998,86.389999,85.129997,85.559998,84.174278,9304300
2025-11-28,85.639999,86.519997,85.309998,85.849998,84.459587,6545000
2025-12-01,85.830002,86.559998,85.169998,85.400002,84.016876,9794000
2025-12-02,85.690002,86.790001,85.279999,86.320000,84.921974,9484000
2025-12-03,86.260002,89.389999,86.260002,89.349998,87.902893,14439300
2025-12-04,89.400002,90.629997,89.320000,90.209999,88.748970,13433000
2025-12-05,89.989998,91.110001,89.550003,89.830002,88.375130,11210900
2025-12-08,89.830002,91.019997,89.150002,90.059998,88.601402,13267300
2025-12-09,90.239998,90.250000,88.779999,88.889999,87.450348,17101700
2025-12-10,88.940002,90.870003,88.190002,90.690002,89.221199,22729100
2025-12-11,90.540001,93.419998,90.220001,92.589996,91.090424,15505100
2025-12-12,93.120003,93.419998,92.120003,92.760002,91.257675,12532800
2025-12-15,93.580002,94.260002,92.489998,92.900002,91.395401,13885200
2025-12-16,93.080002,93.169998,91.430000,92.190002,90.696907,12981100
2025-12-17,92.760002,93.330002,92.470001,92.589996,91.090424,14819000
2025-12-18,93.029999,93.889999,91.290001,91.480003,89.998405,11844100
2025-12-19,91.610001,93.129997,91.599998,93.010002,91.503624,37783900
2025-12-22,93.199997,94.389999,93.050003,94.279999,92.753059,9512300
2025-12-23,94.239998,94.680000,94.029999,94.470001,92.939980,8642100
2025-12-24,94.650002,95.849998,94.470001,95.300003,93.756546,5506800
2025-12-26,95.360001,95.470001,94.720001,95.260002,93.717186,5169400
2025-12-29,95.360001,95.610001,94.370003,94.519997,92.989166,8624200
2025-12-30,94.730003,94.879997,93.989998,94.309998,92.782570,6417800