Date,Open,High,Low,Close,Adj Close,Volume
2020-01-02,39.619999,39.963333,39.566666,39.646667,36.289959,20294700
2020-01-03,39.423332,39.596668,39.196667,39.296665,35.969585,16197600
2020-01-06,39.133331,39.363335,38.923332,39.216667,35.896362,19336500
2020-01-07,39.086666,39.173332,38.733334,38.853333,35.563797,20540700
2020-01-08,38.766666,38.910000,38.560001,38.720001,35.441746,17627400
2020-01-09,38.716667,39.123333,38.693333,39.119999,35.807884,16691100
2020-01-10,39.080002,39.113335,38.660000,38.793331,35.508873,18164400
2020-01-13,38.793331,38.849998,38.456669,38.626667,35.356316,18337800
2020-01-14,38.490002,38.736668,38.376667,38.726665,35.447853,19757400
2020-01-15,38.209999,38.623333,38.173332,38.426666,35.173252,22362600
2020-01-16,38.500000,38.643333,38.426666,38.633331,35.362411,16108200
2020-01-17,38.683334,38.766666,38.213333,38.320000,35.075619,30135000
2020-01-21,38.196667,38.563332,38.173332,38.529999,35.267830,22061100
2020-01-22,38.406666,38.843334,38.393333,38.700001,35.423443,14778300
2020-01-23,38.736668,38.770000,38.346668,38.603333,35.334953,12915300
2020-01-24,38.666668,38.676666,38.049999,38.123333,34.895592,13150200
2020-01-27,37.730000,38.743332,37.560001,38.619999,35.350224,21055200
2020-01-28,38.660000,38.966667,38.650002,38.866669,35.576004,15810600
2020-01-29,38.853333,39.040001,38.630001,38.630001,35.359367,11326500
2020-01-30,38.536667,38.906666,38.443333,38.860001,35.569893,13744500
2020-01-31,38.599998,38.753334,37.966667,38.163334,34.932213,23327400
2020-02-03,38.299999,38.463333,38.033333,38.090000,34.865093,13041300
2020-02-04,38.413334,38.746666,38.296665,38.423332,35.170197,15696600
2020-02-05,38.533333,38.983334,38.283333,38.936668,35.640076,17048700
2020-02-06,38.943333,39.076668,38.686668,38.770000,35.487507,16058700
2020-02-07,38.703335,38.919998,38.586666,38.816666,35.530224,11068800
2020-02-10,38.583332,38.993332,38.349998,38.416668,35.164093,18434700
2020-02-11,38.476665,38.500000,38.146667,38.466667,35.209858,17390400
2020-02-12,38.500000,38.806667,38.470001,38.616669,35.347164,14206800
2020-02-13,38.616669,39.180000,38.526669,39.146667,35.832294,15999600
2020-02-14,39.223331,39.523335,39.053333,39.296665,35.969585,24391800
2020-02-18,39.490002,39.983334,39.119999,39.876667,36.500484,34539600
2020-02-19,39.833332,39.980000,39.226665,39.226665,35.905521,21563400
2020-02-20,39.070000,39.369999,38.953335,39.230000,35.908569,15068700
2020-02-21,39.146667,39.583332,39.103333,39.526669,36.180115,18726300
2020-02-24,39.153332,39.486668,38.650002,38.773335,35.490566,19848000
2020-02-25,38.783333,39.023335,38.016666,38.130001,34.901703,23292900
2020-02-26,38.233334,38.389999,37.883331,37.926666,34.715588,20019900
2020-02-27,37.520000,38.023335,36.783333,36.799999,33.684299,28476900
2020-02-28,35.896667,36.173332,34.790001,35.893333,32.854397,52369200
2020-03-02,35.866669,38.799999,35.763332,38.626667,35.356316,51222600
2020-03-03,38.693333,39.176666,37.446667,37.636665,34.450134,33340800
2020-03-04,38.080002,38.946667,37.823334,38.923332,35.627861,24625200
2020-03-05,38.133331,39.083332,37.970001,38.639999,35.368523,25638300
2020-03-06,37.956669,39.303333,37.669998,39.076668,35.768215,29411100
2020-03-09,37.939999,40.209999,37.576668,39.053333,35.746857,59243400
2020-03-10,39.366669,40.226665,38.306667,39.930000,36.549313,37797300
2020-03-11,39.169998,39.676666,37.599998,38.143333,34.913910,31620000
2020-03-12,35.340000,37.163334,34.326668,34.683334,31.746841,56323200
2020-03-13,36.080002,38.196667,34.626667,38.033333,34.813217,42962100
2020-03-16,35.066666,37.110001,34.000000,35.586666,32.573704,36753900
2020-03-17,37.590000,39.756668,36.820000,39.753334,36.387589,52806000
2020-03-18,38.333332,42.693333,38.166668,40.860001,37.400562,77355900
2020-03-19,41.486668,42.333332,39.209999,39.816666,36.606823,57100500
2020-03-20,39.833332,40.930000,37.296665,37.990002,34.927418,55423500
2020-03-23,38.056667,39.180000,37.403332,38.093334,35.022415,39366000
2020-03-24,38.623333,39.123333,37.103333,38.343334,35.252270,42705000
2020-03-25,37.656666,38.000000,36.016666,36.466667,33.526882,53287500
2020-03-26,36.466667,36.956669,35.616669,36.606667,33.655598,58250700
2020-03-27,36.703335,37.426666,36.200001,36.526669,33.582054,36160500
2020-03-30,37.286667,38.599998,36.980000,38.396667,35.301300,29212500
2020-03-31,38.103333,38.730000,37.546665,37.873333,34.820152,26258400
2020-04-01,37.383331,38.509998,37.266666,38.046665,34.979519,28269600
2020-04-02,37.726665,39.703335,37.446667,39.549999,36.361656,29515500
2020-04-03,39.070000,39.970001,39.009998,39.826668,36.616016,28625100
2020-04-06,39.686668,42.130001,39.646667,42.023335,38.635609,47768700
2020-04-07,41.326668,42.163334,40.546665,40.663334,37.385235,41369700
2020-04-08,41.230000,41.270000,40.196667,40.613335,37.339268,27876600
2020-04-09,39.406666,40.956669,39.220001,40.599998,37.327015,32828700
2020-04-13,40.423332,41.889999,40.389999,41.766666,38.399632,24194100
2020-04-14,42.366669,43.263332,42.013332,43.000000,39.533539,34098900
2020-04-15,43.000000,43.293331,42.373333,42.919998,39.459980,22435200
2020-04-16,43.000000,44.306667,42.750000,44.110001,40.554043,31882200
2020-04-17,43.826668,44.323334,43.243332,44.040001,40.489693,30915300
2020-04-20,44.130001,44.459999,43.253334,43.283333,39.794018,24401700
2020-04-21,43.356667,43.676666,42.720001,43.070000,39.597889,27900600
2020-04-22,43.333332,44.126667,42.966667,43.863335,40.327274,19448100
2020-04-23,43.283333,43.696667,42.576668,42.843334,39.389503,28839900
2020-04-24,43.116669,43.296665,42.853333,43.146667,39.668381,17343600
2020-04-27,43.333332,43.436668,42.723331,42.766666,39.319016,17923800
2020-04-28,42.759998,43.413334,42.566666,42.666668,39.227070,20732100
2020-04-29,41.856667,41.919998,40.849998,41.200001,37.878639,44612100
2020-04-30,41.026669,41.146667,40.346668,40.516666,37.250393,40497900
2020-05-01,40.493332,41.230000,40.259998,40.973331,37.670254,31143900
2020-05-04,41.279999,41.466667,40.570000,41.233334,37.909283,17807700
2020-05-05,41.266666,41.753334,41.086666,41.576668,38.224937,19337400
2020-05-06,41.736668,41.830002,40.950001,41.099998,37.786694,17309100
2020-05-07,41.153332,41.326668,40.500000,40.630001,37.518913,27345600
2020-05-08,40.916668,41.003334,40.540001,40.980000,37.842106,20830800
2020-05-11,41.013332,41.436668,41.003334,41.223331,38.066799,25341900
2020-05-12,41.493332,41.886665,41.259998,41.259998,38.100666,19100100
2020-05-13,41.166668,42.080002,41.029999,41.236668,38.079128,29175300
2020-05-14,41.616669,41.709999,40.433334,41.139999,37.989853,22233000
2020-05-15,41.156666,41.980000,41.029999,41.980000,38.765533,31770000
2020-05-18,42.500000,42.853333,42.033333,42.553333,39.294971,38633700
2020-05-19,43.916668,43.996666,41.603333,41.650002,38.460800,74746200
2020-05-20,42.163334,42.196667,41.543331,41.816666,38.614708,32246400
2020-05-21,41.630001,42.046665,41.416668,41.663334,38.473118,22448100
2020-05-22,41.700001,41.783333,41.256668,41.443333,38.269962,22359600
2020-05-26,41.446667,41.836666,41.209999,41.286667,38.125290,23730600
2020-05-27,41.323334,41.496666,40.343334,40.826668,37.700512,31073700
2020-05-28,41.240002,41.650002,41.053333,41.230000,38.072971,24424800
2020-05-29,41.413334,41.570000,40.643333,41.353333,38.186855,29311200
2020-06-01,41.146667,41.470001,40.786667,41.320000,38.156078,20550300
2020-06-02,41.196667,41.383331,40.936668,41.313332,38.149910,19187700
2020-06-03,41.299999,41.330002,40.886665,41.156666,38.005249,20262900
2020-06-04,40.933334,41.296665,40.606667,40.703335,37.586632,24015000
2020-06-05,40.856667,40.893333,39.970001,40.520000,37.417324,39337200
2020-06-08,39.860001,40.413334,39.820000,40.413334,37.318832,28344300
2020-06-09,40.533333,40.666668,40.186668,40.450001,37.352688,20746200
2020-06-10,40.520000,40.833332,40.376667,40.386665,37.294209,28141500
2020-06-11,40.330002,40.860001,39.826668,40.029999,36.964851,34162800
2020-06-12,40.169998,40.250000,39.020000,39.246666,36.241489,32359200
2020-06-15,39.466667,39.560001,39.003334,39.360001,36.346161,32703300
2020-06-16,39.933334,40.076668,39.513332,39.883331,36.829422,25167600
2020-06-17,39.953335,40.043331,39.466667,39.676666,36.638573,20166900
2020-06-18,39.513332,39.686668,39.220001,39.330002,36.318451,20070000
2020-06-19,39.630001,40.099998,39.250000,39.950001,36.890976,40078800
2020-06-22,40.323334,40.696667,40.133331,40.560001,37.454269,27338400
2020-06-23,40.916668,40.950001,40.320000,40.356667,37.266495,19727700
2020-06-24,40.246666,40.373333,39.860001,40.099998,37.029491,20614800
2020-06-25,39.919998,40.053333,39.459999,39.903332,36.847878,20569800
2020-06-26,39.866669,40.279999,39.340000,39.439999,36.420025,26991600
2020-06-29,39.500000,39.893333,39.406666,39.686668,36.647816,16511400
2020-06-30,39.740002,40.043331,39.513332,39.926666,36.869431,20509200
2020-07-01,39.816666,39.973331,39.553333,39.896667,36.841728,19733700
2020-07-02,40.029999,40.293331,39.619999,39.736668,36.693981,17695800
2020-07-06,39.933334,39.956669,39.406666,39.630001,36.595486,21695100
2020-07-07,39.483334,42.516666,39.406666,42.316666,39.076427,93458100
2020-07-08,42.666668,42.709999,41.466667,41.480000,38.303818,52217100
2020-07-09,41.869999,42.726665,41.650002,42.583332,39.322662,42771600
2020-07-10,42.913334,43.790001,42.419998,43.560001,40.224556,44236800
2020-07-13,43.776669,44.543331,42.963333,43.173332,39.867493,42338400
2020-07-14,43.093334,44.166668,43.009998,44.003334,40.633949,26455800
2020-07-15,44.090000,44.709999,43.599998,44.000000,40.630859,31731300
2020-07-16,44.016666,44.243332,43.746666,44.066666,40.692429,17676600
2020-07-17,44.456669,44.456669,43.823334,43.913334,40.550842,18189600
2020-07-20,43.986668,44.246666,43.713333,43.823334,40.467724,18342600
2020-07-21,43.853333,44.663334,43.816666,44.110001,40.732433,21712500
2020-07-22,44.189999,44.343334,43.730000,44.220001,40.834015,16164600
2020-07-23,44.333332,44.383331,43.770000,43.880001,40.520046,16796400
2020-07-24,43.650002,44.133331,43.503334,43.746666,40.396931,13037400
2020-07-27,43.619999,43.993332,43.619999,43.736668,40.387691,14045700
2020-07-28,43.833332,44.126667,43.639999,43.919998,40.556988,14414100
2020-07-29,43.853333,43.953335,43.283333,43.563332,40.227638,14223300
2020-07-30,43.139999,43.473331,42.906666,43.373333,40.052181,13788300
2020-07-31,43.216667,43.363335,42.540001,43.133331,39.830555,21631500
2020-08-03,43.303333,43.373333,42.756668,43.099998,39.799774,14971500
2020-08-04,43.216667,43.903332,42.980000,43.880001,40.520046,18219600
2020-08-05,43.483334,43.583332,42.943333,43.270000,39.956760,25483500
2020-08-06,43.043331,43.410000,43.009998,43.116669,39.815170,14496300
2020-08-07,43.193333,43.486668,43.036667,43.323334,40.006001,16558500
2020-08-10,43.413334,44.113335,43.216667,43.959999,40.593925,17683200
2020-08-11,44.196667,44.290001,43.243332,43.400002,40.076809,25360200
2020-08-12,43.490002,44.076668,43.026669,43.963333,40.597008,19094400
2020-08-13,43.736668,43.986668,43.576668,43.950001,40.751530,19867200
2020-08-14,44.113335,44.323334,43.876667,44.200001,40.983349,20106300
2020-08-17,44.783333,45.376667,44.616669,45.200001,41.910576,39465000
2020-08-18,45.389999,45.876667,44.389999,44.903332,41.635494,80232600
2020-08-19,44.736668,44.886665,43.950001,44.136665,40.924629,38155200
2020-08-20,43.736668,44.023335,43.349998,43.523335,40.355930,26810700
2020-08-21,43.516666,44.223331,43.366669,43.876667,40.683548,24864000
2020-08-24,44.083332,44.160000,43.443333,43.776669,40.590832,19813800
2020-08-25,43.599998,43.746666,43.223331,43.543331,40.374462,21722400
2020-08-26,43.403332,43.626667,43.233334,43.566666,40.396118,18814800
2020-08-27,43.693333,46.450001,43.633331,45.543331,42.228920,119018700
2020-08-28,47.000000,47.023335,45.946667,46.766666,43.363220,64050900
2020-08-31,45.826668,46.296665,45.176666,46.283333,42.915070,45236400
2020-09-01,47.066666,49.863335,46.683334,49.196667,45.616386,106798200
2020-09-02,50.416668,50.443333,48.536667,49.226665,45.644199,51666000
2020-09-03,48.900002,49.866669,47.270000,48.180000,44.673714,48015000
2020-09-04,48.006668,48.346668,46.700001,47.610001,44.145187,33982200
2020-09-08,47.136665,47.299999,46.086666,46.150002,42.791435,33966900
2020-09-09,46.696667,47.536667,46.483334,46.630001,43.236504,33669000
2020-09-10,46.686668,46.846668,45.529999,45.603333,42.284546,33709200
2020-09-11,45.683334,46.146667,45.183334,45.566666,42.250553,28879800
2020-09-14,45.380001,47.033333,45.293331,45.773335,42.442181,45733800
2020-09-15,46.076668,46.360001,45.560001,45.786667,42.454544,30427800
2020-09-16,46.136665,46.226665,45.349998,45.419998,42.114563,27860400
2020-09-17,45.143333,45.856667,45.006668,45.563332,42.247456,37245000
2020-09-18,45.480000,45.843334,44.916668,45.096668,41.814762,54709200
2020-09-21,45.500000,45.746666,45.096668,45.689999,42.364914,47275500
2020-09-22,45.689999,46.330002,45.523335,46.103333,42.748169,33102000
2020-09-23,46.333332,46.413334,45.273335,45.330002,42.031116,23133300
2020-09-24,45.243332,45.930000,45.023335,45.566666,42.250553,29453100
2020-09-25,45.506668,45.846668,45.320000,45.756668,42.426727,22618800
2020-09-28,45.720001,46.016666,45.573334,45.750000,42.420540,21197100
2020-09-29,45.750000,46.046665,45.463333,45.713333,42.386551,27702900
2020-09-30,45.796665,47.246666,45.733334,46.636665,43.242672,34826400
2020-10-01,46.933334,48.126667,46.753334,47.693333,44.222450,43290900
2020-10-02,47.446667,47.700001,46.709999,46.833332,43.425030,24585000
2020-10-05,47.096668,47.396667,47.023335,47.266666,43.826836,14259000
2020-10-06,47.290001,47.646667,46.750000,46.876667,43.465221,21475500
2020-10-07,47.086666,47.183334,46.750000,46.963333,43.545586,16949100
2020-10-08,47.169998,47.363335,47.040001,47.119999,43.690842,14676900
2020-10-09,47.220001,47.779999,47.186668,47.593334,44.129726,14494800
2020-10-12,47.673332,48.463333,47.673332,48.083332,44.584072,18402300
2020-10-13,48.226665,48.866669,48.119999,48.743332,45.196037,23800200
2020-10-14,48.799999,48.843334,47.919998,47.980000,44.488255,19710900
2020-10-15,47.696667,48.320000,47.613335,48.176666,44.670612,13692600
2020-10-16,48.466667,48.716667,48.156666,48.236668,44.726254,16935000
2020-10-19,48.366669,48.456669,47.583332,47.650002,44.182278,14643300
2020-10-20,48.036667,48.509998,47.873333,47.966667,44.475903,14523000
2020-10-21,47.946667,48.576668,47.946667,48.133331,44.630432,13114200
2020-10-22,48.063332,48.186668,47.563332,47.849998,44.367718,13344000
2020-10-23,47.990002,48.046665,47.616669,47.950001,44.460442,10540500
2020-10-26,47.613335,47.706669,46.980000,47.386665,43.938103,16111800
2020-10-27,47.349998,47.900002,47.323334,47.623333,44.157555,11831100
2020-10-28,46.986668,47.376667,46.626667,46.680000,43.282867,16849200
2020-10-29,46.666668,47.036667,46.233334,46.639999,43.245773,15153900
2020-10-30,46.393333,46.696667,45.790001,46.250000,42.884159,18601800
2020-11-02,46.863335,46.936668,46.343334,46.799999,43.394123,16575600
2020-11-03,47.216667,48.053333,47.189999,47.593334,44.129726,15413100
2020-11-04,47.189999,48.130001,47.113335,47.320000,43.876293,17927400
2020-11-05,48.000000,48.076668,47.646667,47.823334,44.342991,14202600
2020-11-06,48.119999,48.740002,47.849998,48.590000,45.053864,16198500
2020-11-09,49.333332,49.400002,47.826668,47.846668,44.364624,28198500
2020-11-10,47.916668,48.813332,47.843334,48.520000,44.988956,18199200
2020-11-11,48.973331,49.653332,48.799999,49.326668,45.736931,18805800
2020-11-12,49.493332,49.570000,49.033333,49.410000,45.814186,12564300
2020-11-13,49.646667,50.313332,49.173332,50.180000,46.528152,19738200
2020-11-16,50.176666,51.133331,49.759998,50.813332,47.115395,34560300
2020-11-17,50.166668,51.080002,49.726665,49.790001,46.166538,42711600
2020-11-18,49.953335,50.556667,49.683334,49.696667,46.079990,24936900
2020-11-19,49.820000,50.816666,49.773335,50.706669,47.016483,18590700
2020-11-20,50.389999,50.919998,49.936668,50.080002,46.435440,21937200
2020-11-23,50.123333,50.466667,49.790001,50.310001,46.648693,18557100
2020-11-24,50.580002,50.660000,50.090000,50.453335,46.781597,17155200
2020-11-25,50.416668,50.796665,50.403332,50.610001,46.926868,13833300
2020-11-27,50.716667,50.906666,50.366669,50.533333,46.855778,10999500
2020-11-30,50.533333,50.983334,50.033333,50.930000,47.223576,32695500
2020-12-01,51.200001,51.220001,50.553333,50.880001,47.177216,22935300
2020-12-02,50.666668,50.873333,49.843334,50.173332,46.521973,23547000
2020-12-03,50.093334,50.093334,49.463333,49.766666,46.144894,25725900
2020-12-04,49.836666,49.836666,49.193333,49.636665,46.024361,20889300
2020-12-07,49.486668,49.663334,49.053333,49.369999,45.777096,18479100
2020-12-08,49.119999,49.950001,49.060001,49.816666,46.191273,20716500
2020-12-09,50.000000,50.000000,49.296665,49.423332,45.826557,20139600
2020-12-10,49.250000,49.383331,48.856667,49.013332,45.612507,20652300
2020-12-11,48.973331,49.169998,48.646667,49.000000,45.600109,16860900
2020-12-14,49.233334,49.240002,48.466667,48.549999,45.181328,25088100
2020-12-15,48.506668,48.786667,48.286667,48.526669,45.159607,31871400
2020-12-16,48.746666,48.963333,48.360001,48.476665,45.113079,25650900
2020-12-17,48.686668,48.813332,48.383331,48.700001,45.320927,30679500
2020-12-18,48.873333,49.060001,48.386665,48.650002,45.274391,41384100
2020-12-21,48.500000,48.889999,48.353333,48.656666,45.280590,25553100
2020-12-22,48.383331,48.743332,47.713333,48.066666,44.731522,37599000
2020-12-23,47.846668,48.073334,47.433334,47.740002,44.427528,20430600
2020-12-24,47.846668,48.130001,47.726665,47.833332,44.514381,9054600
2020-12-28,48.013332,48.433334,47.776669,48.406666,45.047943,19344900
2020-12-29,48.546665,48.616669,47.863335,48.099998,44.762547,17938200
2020-12-30,48.293331,48.383331,47.980000,48.060001,44.725330,18751200
2020-12-31,48.066666,48.090000,47.616669,48.049999,44.716019,17814000
2021-01-04,48.099998,48.963333,48.093334,48.843334,45.454308,32182200
2021-01-05,48.866669,49.023335,48.163334,48.583332,45.212357,26498100
2021-01-06,48.363335,49.366669,48.336666,48.886665,45.494637,21918900
2021-01-07,49.206669,49.253334,48.680000,48.883331,45.491528,20538000
2021-01-08,48.959999,49.000000,48.603333,48.876667,45.485329,24478200
2021-01-11,48.666668,49.330002,48.666668,49.096668,45.690067,26264400
2021-01-12,49.666668,49.976665,49.439999,49.656666,46.211205,23373300
2021-01-13,49.583332,49.689999,49.143333,49.150002,45.739697,16069500
2021-01-14,49.273335,49.333332,48.680000,48.990002,45.590809,23017200
2021-01-15,48.380001,48.633331,47.889999,48.213333,44.868023,35920500
2021-01-19,48.213333,48.356667,47.556667,47.796665,44.480267,24123600
2021-01-20,47.863335,48.553333,47.630001,48.503334,45.137901,23775600
2021-01-21,48.453335,48.576668,48.070000,48.283333,44.933163,14325900
2021-01-22,48.533333,49.113335,48.373333,48.776669,45.392269,19219500
2021-01-25,48.453335,48.750000,48.090000,48.733334,45.351936,19031100
2021-01-26,48.543331,49.270000,48.490002,49.169998,45.758308,15031500
2021-01-27,48.986668,49.286667,47.849998,47.946667,44.619862,29910300
2021-01-28,48.153332,48.753334,47.876667,47.916668,44.591938,22301700
2021-01-29,47.726665,47.916668,46.783333,46.830002,43.580685,32509200
2021-02-01,46.970001,47.163334,46.396667,46.423332,43.202213,25945200
2021-02-02,46.586666,47.383331,46.480000,46.923332,43.667522,27002400
2021-02-03,46.886665,47.349998,46.876667,47.066666,43.800922,14966700
2021-02-04,47.263332,47.726665,47.086666,47.509998,44.213486,17346300
2021-02-05,47.820000,48.283333,47.509998,48.119999,44.781170,20451600
2021-02-08,48.270000,48.526669,48.153332,48.343334,44.989002,15825300
2021-02-09,48.193333,48.773335,48.193333,48.610001,45.237171,15906900
2021-02-10,48.610001,48.633331,47.846668,48.043331,44.709816,18576900
2021-02-11,48.046665,48.316666,47.903332,48.006668,44.675694,12791400
2021-02-12,48.053333,48.203335,47.889999,48.156666,44.815281,13423500
2021-02-16,48.646667,48.796665,48.310001,48.553333,45.184429,27891000
2021-02-17,48.216667,49.166668,48.166668,49.066666,45.662144,25571100
2021-02-18,46.333332,46.900002,45.833332,45.886665,42.702789,96927300
2021-02-19,45.933334,46.473331,45.889999,46.113335,42.913731,36606000
2021-02-22,45.913334,46.113335,45.416668,45.896667,42.712105,32106600
2021-02-23,45.703335,45.796665,45.020000,45.156666,42.023441,31300200
2021-02-24,45.290001,45.386665,44.349998,44.403332,41.322376,46565700
2021-02-25,44.366669,44.669998,43.826668,43.983334,40.931526,33324600
2021-02-26,43.826668,43.936668,43.286667,43.306667,40.301804,42470700
2021-03-01,43.860001,44.189999,43.709999,43.790001,40.751595,34634400
2021-03-02,43.836666,44.250000,43.336666,43.369999,40.360737,29230800
2021-03-03,43.166668,43.310001,42.516666,42.529999,39.579029,41837400
2021-03-04,42.619999,43.193333,42.093334,42.509998,39.560413,45348000
2021-03-05,42.276669,43.250000,42.250000,43.040001,40.053646,34073700
2021-03-08,43.110001,43.279999,42.603333,42.626667,39.668995,40988400
2021-03-09,42.933334,43.293331,42.773335,42.963333,39.982296,31988700
2021-03-10,42.953335,44.349998,42.823334,44.060001,41.002869,44929200
2021-03-11,44.453335,44.496666,43.843334,44.043331,40.987350,35489700
2021-03-12,44.173332,44.840000,44.026669,44.706669,41.604660,28437600
2021-03-15,44.913334,44.916668,44.273335,44.476665,41.390621,25071900
2021-03-16,44.273335,44.759998,44.273335,44.463333,41.378223,19881000
2021-03-17,44.166668,44.380001,43.993332,44.093334,41.033901,24156300
2021-03-18,43.720001,43.983334,43.310001,43.336666,40.498108,29815500
2021-03-19,43.376667,44.166668,43.299999,43.913334,41.037006,57703500
2021-03-22,43.666668,44.150002,43.663334,44.123333,41.233253,24654000
2021-03-23,43.903332,44.766666,43.876667,44.646667,41.722298,29154900
2021-03-24,44.810001,44.810001,44.349998,44.369999,41.463764,23547300
2021-03-25,44.419998,44.843334,44.290001,44.669998,41.744106,28125900
2021-03-26,44.666668,45.066666,44.473331,45.043331,42.092983,28653600
2021-03-29,45.000000,45.669998,44.866669,45.556667,42.572701,30146400
2021-03-30,45.443333,45.863335,45.156666,45.246666,42.283001,27230100
2021-03-31,45.183334,45.619999,44.986668,45.276669,42.311043,24546000
2021-04-01,45.313332,45.630001,45.110001,45.206669,42.245625,25595100
2021-04-05,45.573334,46.720001,45.400002,46.476665,43.432446,40043100
2021-04-06,46.369999,46.983334,46.173332,46.700001,43.641144,31044600
2021-04-07,46.766666,46.916668,46.549999,46.599998,43.547691,20361600
2021-04-08,46.816666,47.040001,46.553333,46.570000,43.519650,19095600
2021-04-09,46.543331,46.696667,46.236668,46.593334,43.541470,20676600
2021-04-12,46.689999,46.793331,46.446667,46.599998,43.547691,18723000
2021-04-13,46.599998,46.666668,46.290001,46.456669,43.413754,17397900
2021-04-14,46.373333,46.486668,46.139999,46.439999,43.398167,21924600
2021-04-15,46.466667,46.823334,46.400002,46.720001,43.659836,21710400
2021-04-16,46.963333,46.986668,46.570000,46.869999,43.800007,26488500
2021-04-19,46.763332,46.856667,46.536667,46.570000,43.519650,19281000
2021-04-20,46.473331,47.256668,46.273335,46.930000,43.856071,24452100
2021-04-21,46.923332,47.233334,46.843334,47.066666,43.983799,17335200
2021-04-22,47.026669,47.150002,46.473331,46.556667,43.507202,19705200
2021-04-23,46.366669,46.779999,46.343334,46.633331,43.578842,22971000
2021-04-26,46.636665,46.666668,45.880001,45.970001,42.958961,22846200
2021-04-27,46.000000,46.316666,45.849998,46.126667,43.105366,16151400
2021-04-28,46.116669,46.196667,45.956669,45.963333,42.952721,14286600
2021-04-29,45.966667,46.666668,45.966667,46.543331,43.494740,19596000
2021-04-30,46.570000,46.663334,46.369999,46.636665,43.581955,19680000
2021-05-03,46.560001,47.580002,46.560001,47.373333,44.270374,27139500
2021-05-04,47.180000,47.343334,46.700001,46.906666,43.834278,19084200
2021-05-05,46.903332,47.066666,46.750000,46.866669,43.796894,18351000
2021-05-06,46.666668,47.119999,46.483334,47.016666,44.109619,16302000
2021-05-07,47.209999,47.240002,46.439999,46.733334,43.843807,23408400
2021-05-10,46.816666,47.360001,46.770000,46.939999,44.037693,26307600
2021-05-11,46.956669,46.956669,46.106667,46.516666,43.640526,26464200
2021-05-12,46.290001,46.326668,45.303333,45.313332,42.511593,25998300
2021-05-13,45.410000,46.326668,45.253334,46.080002,43.230858,21475200
2021-05-14,46.270000,46.746666,46.143333,46.506668,43.631161,16091700
2021-05-17,46.666668,46.799999,46.256668,46.296665,43.434139,19675800
2021-05-18,47.836666,48.193333,47.070000,47.303333,44.378559,58183800
2021-05-19,46.903332,47.906666,46.833332,47.306667,44.381683,34874700
2021-05-20,47.166668,47.623333,46.900002,47.473331,44.538040,30540900
2021-05-21,47.506668,47.693333,47.200001,47.250000,44.328526,22927500
2021-05-24,47.253334,47.473331,47.119999,47.253334,44.331661,18945900
2021-05-25,47.266666,47.546665,47.023335,47.446667,44.513020,21505200
2021-05-26,47.463333,47.626667,47.253334,47.389999,44.459866,19294200
2021-05-27,47.783333,47.893333,47.230000,47.230000,44.309761,56577000
2021-05-28,47.310001,47.483334,47.213333,47.343334,44.416088,21186300
2021-06-01,47.403332,47.599998,47.090000,47.220001,44.300377,20767500
2021-06-02,47.130001,47.236668,46.696667,47.116669,44.203430,23298000
2021-06-03,47.130001,47.283333,46.916668,47.200001,44.281624,18374400
2021-06-04,47.153332,47.430000,47.083332,47.283333,44.359802,13635900
2021-06-07,47.283333,47.323334,46.796665,46.966667,44.062706,16630800
2021-06-08,46.836666,46.966667,46.603333,46.610001,43.728092,20120700
2021-06-09,46.446667,46.669998,46.343334,46.360001,43.493557,17085300
2021-06-10,46.360001,46.730000,46.360001,46.626667,43.743729,16378500
2021-06-11,46.743332,46.950001,46.619999,46.916668,44.015800,25232400
2021-06-14,46.976665,46.976665,46.676666,46.853333,43.956387,15140700
2021-06-15,46.946667,46.970001,46.553333,46.666668,43.781265,19327200
2021-06-16,46.616669,46.680000,45.656666,45.716667,42.889988,28794900
2021-06-17,45.666668,46.116669,45.570000,45.906666,43.068245,19341900
2021-06-18,45.146667,45.463333,44.799999,45.056667,42.270802,44812800
2021-06-21,45.220001,45.583332,45.116669,45.466667,42.655464,20775000
2021-06-22,45.410000,45.906666,45.410000,45.676666,42.852478,19107000
2021-06-23,45.500000,45.663334,45.310001,45.320000,42.517853,19390500
2021-06-24,45.389999,45.746666,45.366669,45.636665,42.814941,23444100
2021-06-25,45.709999,46.286667,45.639999,46.176666,43.321552,28640700
2021-06-28,46.013332,46.213333,45.533333,46.033333,43.187080,15549000
2021-06-29,45.966667,46.156666,45.743332,45.766666,42.936901,35962500
2021-06-30,46.520000,47.526669,46.230000,47.006668,44.100227,45511200
2021-07-01,46.803333,47.083332,46.336666,46.439999,43.568604,26348700
2021-07-02,46.450001,47.026669,46.450001,46.703335,43.815659,26280600
2021-07-06,46.633331,46.916668,46.503334,46.646667,43.762493,18279300
2021-07-07,46.586666,47.063332,46.453335,46.570000,43.690556,25607400
2021-07-08,46.113335,46.883331,46.073334,46.529999,43.653038,21267000
2021-07-09,46.803333,46.946667,46.643333,46.766666,43.875080,15185400
2021-07-12,46.896667,46.930000,46.443333,46.683334,43.796894,19515000
2021-07-13,46.663334,47.060001,46.646667,46.860001,43.962631,18947700
2021-07-14,46.903332,47.266666,46.610001,47.183334,44.265976,18812100
2021-07-15,47.333332,47.546665,47.029999,47.220001,44.300377,17974800
2021-07-16,47.233334,47.376667,46.983334,47.186668,44.269115,18095400
2021-07-19,47.136665,47.660000,46.590000,47.076668,44.165909,27383100
2021-07-20,46.990002,47.490002,46.926666,47.290001,44.366043,19020300
2021-07-21,47.500000,47.513332,46.903332,47.056667,44.147141,18591900
2021-07-22,47.043331,47.373333,46.933334,47.090000,44.178406,13013400
2021-07-23,47.173332,47.573334,47.003334,47.476665,44.541180,15947400
2021-07-26,47.453335,47.953335,47.153332,47.543331,44.603722,18517200
2021-07-27,47.666668,47.666668,47.320000,47.546665,44.606853,15395700
2021-07-28,47.493332,47.750000,47.220001,47.353333,44.425472,14071500
2021-07-29,47.546665,47.616669,47.340000,47.413334,44.481758,11063100
2021-07-30,47.066666,47.653332,47.066666,47.516666,44.578705,16332300
2021-08-02,47.610001,47.623333,47.223331,47.406666,44.475506,19958400
2021-08-03,47.480000,47.966667,47.453335,47.939999,44.975857,18915300
2021-08-04,47.793331,47.980000,47.580002,47.613335,44.669395,15301500
2021-08-05,48.076668,48.513332,47.996666,48.496666,45.498108,27005400
2021-08-06,48.736668,48.823334,48.316666,48.410000,45.416794,19263600
2021-08-09,48.636665,48.826668,48.466667,48.526669,45.526249,15811800
2021-08-10,48.990002,49.650002,48.750000,49.560001,46.495697,38262000
2021-08-11,49.836666,50.526669,49.720001,50.003334,46.911621,41455800
2021-08-12,49.666668,50.070000,49.603333,49.686668,46.786076,18269100
2021-08-13,49.793331,50.119999,49.720001,49.843334,46.933598,15981300
2021-08-16,49.893333,50.576668,49.680000,50.250000,47.316517,47791500
2021-08-17,50.133331,50.833332,49.700001,50.233334,47.300819,50950200
2021-08-18,50.183334,50.856667,49.673332,49.700001,46.798626,28211700
2021-08-19,49.443333,50.220001,49.333332,50.036667,47.115639,22630500
2021-08-20,50.160000,50.573334,49.916668,50.483334,47.536221,19400400
2021-08-23,50.509998,50.596668,50.136665,50.150002,47.222351,16166100
2021-08-24,50.166668,50.166668,49.566666,49.633331,46.735855,18828900
2021-08-25,49.470001,49.759998,49.343334,49.653332,46.754681,21921300
2021-08-26,49.156666,49.423332,48.889999,49.116669,46.249344,23466900
2021-08-27,49.169998,49.230000,48.726665,48.840000,45.988827,23088600
2021-08-30,48.806667,49.333332,48.673332,49.233334,46.359196,16440600
2021-08-31,49.330002,49.480000,49.080002,49.366669,46.484749,25078500
2021-09-01,49.186668,49.310001,48.856667,49.259998,46.384312,19056600
2021-09-02,49.373333,49.596668,49.230000,49.520000,46.629135,20018100
2021-09-03,49.400002,49.883331,49.299999,49.750000,46.845703,17211900
2021-09-07,49.656666,49.723331,49.020000,49.090000,46.224224,25345200
2021-09-08,48.983334,49.439999,48.910000,49.153332,46.283867,19508400
2021-09-09,49.153332,49.203335,48.613335,48.806667,45.957443,22328700
2021-09-10,49.066666,49.080002,48.476665,48.630001,45.791088,15775200
2021-09-13,48.840000,49.049999,48.213333,48.353333,45.530567,19529400
2021-09-14,48.493332,48.626667,47.973331,48.099998,45.292027,16533900
2021-09-15,48.023335,48.250000,47.930000,48.183334,45.370491,14850000
2021-09-16,48.146667,48.436668,47.896667,48.343334,45.521152,18428400
2021-09-17,48.046665,48.720001,48.006668,48.243332,45.426991,73032600
2021-09-20,47.833332,48.396667,47.206669,47.580002,44.802383,25054500
2021-09-21,47.566666,48.193333,47.556667,47.673332,44.890263,17437500
2021-09-22,47.823334,47.866669,47.430000,47.563332,44.786686,15044400
2021-09-23,47.740002,47.876667,47.483334,47.590000,44.811806,15585300
2021-09-24,47.500000,47.896667,47.496666,47.723331,44.937344,13360500
2021-09-27,47.623333,47.849998,47.279999,47.416668,44.648586,21250800
2021-09-28,47.293331,47.356667,46.663334,46.833332,44.099300,20580900
2021-09-29,46.883331,47.276669,46.773335,46.813332,44.080479,21375600
2021-09-30,46.880001,47.243332,46.416668,46.459999,43.747765,22457700
2021-10-01,46.419998,46.543331,45.306667,45.683334,43.016434,30014400
2021-10-04,45.696667,46.076668,44.903332,45.243332,42.602123,29970300
2021-10-05,45.316666,45.903332,45.299999,45.540001,42.881481,20597400
2021-10-06,45.413334,45.930000,45.376667,45.873333,43.195347,19376700
2021-10-07,46.259998,46.900002,46.253334,46.413334,43.703823,21068100
2021-10-08,46.553333,46.696667,46.336666,46.553333,43.835648,13847400
2021-10-11,46.506668,46.926666,46.480000,46.509998,43.794846,13048200
2021-10-12,46.446667,46.803333,46.356667,46.459999,43.747765,15789300
2021-10-13,46.500000,46.669998,46.043331,46.123333,43.430752,17937900
2021-10-14,46.166668,46.689999,46.166668,46.623333,43.901562,19783500
2021-10-15,46.873333,47.033333,46.653332,46.849998,44.114990,20737200
2021-10-18,46.666668,47.336666,46.610001,47.226665,44.469673,19887000
2021-10-19,48.209999,48.536667,47.886665,48.230000,45.414440,33444300
2021-10-20,48.296665,48.830002,48.296665,48.666668,45.825611,17453700
2021-10-21,48.860001,48.973331,48.603333,48.936668,46.079849,13954500
2021-10-22,49.033333,49.896667,49.033333,49.446667,46.560085,21195600
2021-10-25,49.593334,50.173332,49.336666,50.020000,47.099937,19287900
2021-10-26,50.000000,50.183334,49.486668,49.583332,46.688766,17418600
2021-10-27,49.653332,49.673332,49.130001,49.176666,46.305843,14565600
2021-10-28,49.446667,49.660000,49.236668,49.483334,46.594597,12598500
2021-10-29,49.303333,50.033333,49.186668,49.806667,46.899052,22022700
2021-11-01,49.993332,50.250000,49.783333,49.930000,47.015202,12549600
2021-11-02,49.990002,50.060001,49.759998,49.906666,46.993225,13638900
2021-11-03,49.866669,50.096668,49.676666,50.060001,47.137604,14209500
2021-11-04,50.060001,50.616669,49.943333,50.426666,47.482868,15149100
2021-11-05,50.666668,50.666668,49.873333,50.076668,47.153301,15081900
2021-11-08,50.073334,50.169998,49.576668,49.756668,46.851974,15373200
2021-11-09,49.840000,49.956669,49.623333,49.930000,47.015202,15001800
2021-11-10,49.576668,49.873333,49.326668,49.480000,46.591469,16803600
2021-11-11,49.590000,49.663334,49.396667,49.500000,46.610302,13603200
2021-11-12,49.666668,49.746666,49.180000,49.253334,46.378036,18313800
2021-11-15,49.383331,49.483334,48.799999,48.970001,46.111237,28896000
2021-11-16,48.366669,48.893333,47.433334,47.723331,44.937344,73986600
2021-11-17,47.720001,48.240002,47.273335,47.313332,44.551277,33116100
2021-11-18,47.380001,47.763332,46.953335,47.720001,44.934204,24394200
2021-11-19,47.873333,48.000000,47.313332,47.463333,44.692532,28119300
2021-11-22,47.553333,48.453335,47.333332,48.259998,45.442680,29126400
2021-11-23,48.083332,48.660000,47.750000,48.603333,45.765976,29907900
2021-11-24,48.576668,49.020000,48.546665,48.846668,45.995110,18089400
2021-11-26,48.813332,49.293331,48.139999,48.299999,45.480347,21039600
2021-11-29,48.333332,48.416668,47.410000,47.543331,44.767853,33039600
2021-11-30,47.160000,47.500000,46.669998,46.876667,44.140114,64818900
2021-12-01,46.836666,46.906666,45.680000,45.713333,43.044685,36621300
2021-12-02,45.876667,46.146667,45.080002,45.156666,42.520515,39805800
2021-12-03,45.286667,45.959999,45.096668,45.836666,43.160820,44142600
2021-12-06,45.853333,46.453335,45.700001,46.333332,43.628487,32589300
2021-12-07,46.533333,46.610001,46.029999,46.183334,43.487259,37739100
2021-12-08,46.020000,46.166668,45.336666,45.716667,43.047817,34496400
2021-12-09,45.543331,46.189999,45.236668,46.166668,43.646591,32351700
2021-12-10,46.113335,47.099998,45.856667,47.009998,44.443878,38575500
2021-12-13,46.746666,47.916668,46.669998,47.856667,45.244335,54039300
2021-12-14,47.766666,48.426666,47.383331,48.313332,45.676075,46721400
2021-12-15,48.403332,48.823334,47.799999,48.590000,45.937637,33489900
2021-12-16,48.590000,48.843334,47.630001,47.779999,45.171852,39069600
2021-12-17,47.583332,47.983334,46.130001,46.250000,43.725384,78581100
2021-12-20,46.040001,46.583332,45.866669,46.400002,43.867191,31017900
2021-12-21,46.299999,46.619999,46.003334,46.540001,43.999550,24620400
2021-12-22,46.633331,46.663334,46.176666,46.599998,44.056267,17028000
2021-12-23,46.599998,46.720001,46.283333,46.496666,43.958572,17592600
2021-12-27,46.533333,46.956669,46.523335,46.919998,44.358799,16040700
2021-12-28,46.866669,47.656666,46.866669,47.593334,44.995377,15783000
2021-12-29,47.553333,47.843334,47.439999,47.570000,44.973316,13045200
2021-12-30,47.753334,47.900002,47.493332,47.723331,45.118279,14949000
2021-12-31,47.733334,48.346668,47.639999,48.230000,45.597286,17947800
2022-01-03,48.000000,48.263332,47.669998,48.216667,45.584682,20706600
2022-01-04,48.013332,48.380001,47.253334,47.333332,44.749569,33930000
2022-01-05,47.616669,48.650002,47.580002,47.973331,45.354637,35418000
2022-01-06,47.873333,48.213333,47.466667,47.840000,45.228580,21828900
2022-01-07,47.833332,48.453335,47.653332,48.296665,45.660313,19723500
2022-01-10,48.480000,48.529999,47.706669,48.203335,45.572090,22731600
2022-01-11,48.070000,48.206669,47.726665,48.066666,45.442860,21668700
2022-01-12,47.893333,47.986668,47.666668,47.813332,45.203365,18946800
2022-01-13,47.810001,48.560001,47.703335,48.490002,45.843098,24252600
2022-01-14,48.073334,48.876667,48.073334,48.353333,45.713890,26867400
2022-01-18,48.136665,48.233334,47.376667,47.506668,44.913441,21123900
2022-01-19,47.513332,48.330002,47.306667,47.980000,45.360939,22674000
2022-01-20,47.450001,48.153332,47.023335,47.073334,44.503769,22387200
2022-01-21,47.073334,47.419998,46.686668,46.730000,44.179169,27508200
2022-01-24,46.356667,46.843334,45.770000,46.733334,44.182323,28699200
2022-01-25,46.663334,46.790001,45.603333,45.716667,43.221161,29479500
2022-01-26,45.779999,46.263332,45.053333,45.250000,42.779953,26185500
2022-01-27,45.639999,46.360001,45.123333,45.279999,42.808323,27759000
2022-01-28,45.333332,45.856667,44.650002,45.840000,43.337749,25131900
2022-01-31,45.696667,46.680000,45.566666,46.603333,44.059422,20193600
2022-02-01,46.403332,47.049999,46.330002,46.970001,44.406078,20323200
2022-02-02,47.000000,47.213333,46.716667,46.950001,44.387157,18149700
2022-02-03,46.753334,47.330002,46.590000,46.996666,44.431282,20741100
2022-02-04,46.963333,47.000000,46.116669,46.443333,43.908150,22036500
2022-02-07,46.686668,46.689999,45.869999,45.986668,43.476421,20010300
2022-02-08,46.106667,46.413334,45.836666,45.996666,43.485863,19458900
2022-02-09,46.166668,46.263332,45.823334,45.896667,43.391331,21473700
2022-02-10,45.516666,45.669998,45.153332,45.360001,42.883953,27810600
2022-02-11,45.606667,45.726665,44.723331,45.110001,42.647606,23733300
2022-02-14,45.110001,45.320000,44.236668,44.650002,42.212711,29363400
2022-02-15,44.913334,45.223331,44.596668,44.790001,42.345066,21824400
2022-02-16,44.776669,44.959999,44.233334,44.509998,42.080353,28490700
2022-02-17,44.666668,46.490002,44.593334,46.293331,43.766338,53831400
2022-02-18,46.033333,46.529999,45.720001,45.996666,43.485863,31103400
2022-02-22,45.923332,46.080002,45.313332,45.483334,43.000561,25380900
2022-02-23,45.619999,45.730000,44.946667,45.016666,42.559357,21030900
2022-02-24,44.636665,45.003334,44.003334,44.843334,42.395489,31717500
2022-02-25,44.936668,45.593334,44.696667,45.459999,42.978493,24997800
2022-02-28,45.000000,45.356667,44.590000,45.053333,42.594025,26286600
2022-03-01,45.290001,45.963333,45.006668,45.330002,42.855602,24024900
2022-03-02,45.220001,45.610001,45.060001,45.386665,42.909161,23863800
2022-03-03,45.763332,46.823334,45.516666,46.430000,43.895554,29885100
2022-03-04,45.936668,47.646667,45.863335,47.606667,45.007992,35576400
2022-03-07,47.099998,47.876667,46.816666,47.223331,44.645580,45870000
2022-03-08,47.166668,47.486668,46.193333,46.246666,43.722218,28305600
2022-03-09,46.666668,46.746666,46.046665,46.486668,43.949116,22122900
2022-03-10,46.496666,47.666668,46.336666,47.543331,44.948097,27512700
2022-03-11,47.433334,48.016666,47.293331,47.356667,44.771629,19162200
2022-03-14,47.340000,48.283333,47.330002,48.016666,45.395596,22646400
2022-03-15,48.176666,48.716667,47.950001,48.593334,45.940784,22872600
2022-03-16,48.463333,48.980000,47.900002,48.450001,45.805279,24615900
2022-03-17,48.150002,48.433334,47.549999,48.336666,45.874886,19023000
2022-03-18,48.393333,48.523335,48.036667,48.480000,46.010914,31233300
2022-03-21,48.476665,49.096668,47.873333,48.076668,45.628120,21350700
2022-03-22,48.203335,48.323334,47.660000,47.933334,45.492096,20235000
2022-03-23,47.713333,47.910000,47.173332,47.316666,44.906837,19625400
2022-03-24,47.463333,47.970001,47.293331,47.610001,45.185223,13440900
2022-03-25,47.816666,47.976665,47.419998,47.816666,45.381363,14085300
2022-03-28,47.833332,48.686668,47.766666,48.666668,46.188072,20105700
2022-03-29,48.866669,49.366669,48.750000,49.076668,46.577194,19934400
2022-03-30,49.043331,50.060001,49.013332,49.956669,47.412380,24991500
2022-03-31,49.596668,50.180000,49.393333,49.639999,47.111835,27163800
2022-04-01,49.886665,50.423332,49.613335,50.336666,47.773018,20939700
2022-04-04,50.303333,51.066666,50.026669,50.346668,47.782513,25332600
2022-04-05,50.293331,51.110001,50.293331,50.490002,47.918552,18657900
2022-04-06,50.340000,51.806667,50.166668,51.663334,49.032116,28018500
2022-04-07,51.700001,52.513332,51.480000,52.180000,49.522480,27088200
2022-04-08,52.303333,52.803333,52.070000,52.470001,49.797703,23294400
2022-04-11,52.323334,52.746666,51.209999,51.430000,48.810673,24712800
2022-04-12,51.413334,51.799999,50.849998,51.076668,48.475334,26761200
2022-04-13,51.150002,52.596668,51.116669,52.406666,49.737598,29284500
2022-04-14,52.369999,52.763332,52.143333,52.360001,49.693306,22360500
2022-04-18,52.250000,52.660000,51.736668,51.959999,49.313679,14671800
2022-04-19,52.223331,52.650002,52.013332,52.549999,49.873631,15855000
2022-04-20,52.783333,53.450001,52.763332,53.209999,50.500008,19821600
2022-04-21,53.306667,53.590000,53.023335,53.290001,50.575954,18168300
2022-04-22,53.416668,53.453335,52.220001,52.286667,49.623711,21046200
2022-04-25,52.123333,52.490002,51.450001,52.313332,49.649014,18057600
2022-04-26,52.123333,52.709999,51.733334,51.766666,49.130192,19601100
2022-04-27,51.843334,52.066666,51.340000,51.413334,48.794849,17496900
2022-04-28,51.743332,52.326668,51.366669,52.070000,49.418079,14955900
2022-04-29,51.936668,52.073334,50.903332,50.996666,48.399403,21088800
2022-05-02,51.653332,51.663334,50.106667,50.660000,48.079887,20016000
2022-05-03,50.810001,51.426666,50.593334,50.836666,48.247559,17950500
2022-05-04,50.676666,51.606667,50.503334,51.540001,48.915073,20022600
2022-05-05,51.213333,51.276669,50.466667,50.913334,48.495956,23234400
2022-05-06,50.570000,51.316666,49.423332,49.853333,47.486294,34258200
2022-05-09,49.490002,51.033333,49.396667,50.436668,48.041931,28207200
2022-05-10,50.476665,50.763332,49.520000,49.726665,47.365635,24861300
2022-05-11,49.799999,50.250000,48.970001,49.206669,46.870335,27878700
2022-05-12,49.286667,50.049999,48.840000,49.160000,46.825878,25244400
2022-05-13,49.236668,49.459999,48.713333,49.349998,47.006851,19962300
2022-05-16,49.793331,49.910000,48.820000,49.403332,47.057655,21449100
2022-05-17,45.476665,45.813332,43.546665,43.783333,41.704494,132940200
2022-05-18,42.676666,42.756668,40.509998,40.810001,38.872345,104253000
2022-05-19,40.290001,40.596668,39.533333,39.689999,37.805511,71008500
2022-05-20,39.880001,40.279999,39.090000,39.733334,37.846790,49356000
2022-05-23,39.973331,41.256668,39.953335,40.866669,38.926319,43680900
2022-05-24,40.403332,41.516666,40.360001,41.376667,39.412098,34584900
2022-05-25,41.333332,41.556667,40.866669,41.123333,39.170792,27121800
2022-05-26,41.766666,42.133331,41.466667,42.000000,40.005836,28197600
2022-05-27,41.830002,42.873333,41.770000,42.826668,40.793251,25299900
2022-05-31,42.486668,43.299999,42.473331,42.876667,40.840874,36912300
2022-06-01,42.833332,42.973331,41.560001,41.816666,39.831203,28534800
2022-06-02,41.856667,42.509998,41.443333,42.503334,40.485268,23214300
2022-06-03,42.223331,42.473331,41.696667,41.773335,39.789932,18302700
2022-06-06,41.939999,42.099998,41.529999,41.623333,39.647053,19855500
2022-06-07,40.413334,41.163334,40.293331,41.123333,39.170792,47707800
2022-06-08,40.783333,41.303333,40.650002,40.766666,38.831062,22522800
2022-06-09,40.666668,41.450001,40.330002,40.340000,38.424656,19880100
2022-06-10,39.916668,40.913334,39.779999,40.566666,38.640549,25238100
2022-06-13,39.913334,40.413334,39.696667,39.803333,37.913464,24897900
2022-06-14,39.709999,40.000000,39.389999,39.820000,37.929348,21544200
2022-06-15,39.990002,40.136665,39.299999,39.793331,37.903938,25914000
2022-06-16,39.450001,40.586666,39.410000,40.206669,38.297653,30706800
2022-06-17,40.006668,40.293331,39.323334,39.430000,37.557858,36838800
2022-06-21,39.433334,40.926666,39.406666,40.723331,38.789783,23916600
2022-06-22,40.700001,41.083332,40.196667,40.230000,38.319866,20235000
2022-06-23,40.583332,41.320000,40.400002,41.206669,39.250168,18040800
2022-06-24,41.363335,41.770000,41.053333,41.240002,39.281918,31845900
2022-06-27,41.259998,41.580002,40.930000,41.373333,39.408916,19889100
2022-06-28,41.553333,41.856667,40.763332,40.790001,38.853283,15399000
2022-06-29,40.963333,41.116669,40.323334,40.639999,38.710411,19111500
2022-06-30,40.293331,40.686668,39.963333,40.526669,38.602459,19166100
2022-07-01,40.646667,40.973331,40.386665,40.876667,38.935829,17460900
2022-07-05,40.736668,41.503334,40.536667,41.416668,39.450203,18218100
2022-07-06,41.493332,42.093334,41.433334,41.709999,39.729607,21300000
2022-07-07,41.730000,41.843334,41.373333,41.773335,39.789932,17487300
2022-07-08,41.939999,42.203335,41.716667,41.799999,39.815327,14751000
2022-07-11,41.673332,42.110001,41.540001,41.816666,39.831203,11532900
2022-07-12,41.703335,42.376667,41.573334,41.689999,39.710552,13732200
2022-07-13,41.480000,42.153332,41.303333,41.790001,39.805813,12689100
2022-07-14,41.386665,42.773335,41.380001,42.606667,40.583698,20905500
2022-07-15,42.933334,43.423332,42.683334,43.023335,40.980579,21184200
2022-07-18,42.883331,43.433334,42.753334,42.923332,40.885330,14243700
2022-07-19,43.130001,43.320000,42.866669,43.186668,41.136162,16995300
2022-07-20,43.503334,43.770000,43.166668,43.546665,41.479069,18564900
2022-07-21,43.560001,44.186668,43.500000,44.183334,42.085503,18764700
2022-07-22,44.180000,44.463333,43.743332,44.070000,41.977543,13616400
2022-07-25,44.130001,44.233334,43.820000,44.006668,41.917233,20535300
2022-07-26,40.376667,40.896667,40.020000,40.660000,38.729462,95391600
2022-07-27,40.413334,42.256668,40.343334,42.196667,40.193165,42159600
2022-07-28,42.090000,43.503334,42.090000,43.250000,41.196484,33262200
2022-07-29,42.773335,44.086666,42.669998,44.016666,41.926754,30141900
2022-08-01,43.686668,44.743332,43.666668,44.180000,42.082333,24996300
2022-08-02,44.383331,44.570000,43.799999,44.226665,42.126781,19695000
2022-08-03,44.053333,44.313332,43.286667,43.500000,41.434616,32003100
2022-08-04,43.556667,43.599998,41.776669,41.856667,39.869312,53106000
2022-08-05,41.836666,42.270000,41.706669,42.193333,40.189991,32007000
2022-08-08,42.216667,42.736668,42.203335,42.536667,40.517025,18175200
2022-08-09,42.630001,42.990002,42.403332,42.956669,40.917076,19325100
2022-08-10,43.333332,43.383331,42.796665,43.046665,41.002804,25251000
2022-08-11,43.233334,43.456669,42.866669,43.273335,41.398224,23854500
2022-08-12,43.333332,44.279999,43.273335,44.073334,42.163559,26625000
2022-08-15,43.876667,44.523335,43.786667,44.200001,42.284740,26516100
2022-08-16,46.299999,46.976665,46.063332,46.456669,44.443623,91773300
2022-08-17,46.189999,47.573334,46.133331,46.506668,44.491459,41792100
2022-08-18,46.509998,46.806667,46.166668,46.356667,44.347958,19197600
2022-08-19,46.306667,46.356667,45.636665,45.673332,43.694237,22918800
2022-08-22,45.400002,45.573334,44.813332,44.856667,42.912952,18667200
2022-08-23,44.869999,44.986668,44.403332,44.666668,42.731194,16955100
2022-08-24,44.783333,45.096668,44.533333,44.990002,43.040520,15766500
2022-08-25,45.093334,45.330002,45.009998,45.290001,43.327507,19414500
2022-08-26,45.369999,45.610001,43.836666,43.866669,41.965855,21331800
2022-08-29,43.610001,44.623333,43.529999,44.293331,42.374027,17381700
2022-08-30,44.446667,44.549999,43.913334,44.160000,42.246475,14468100
2022-08-31,44.259998,44.596668,43.976665,44.183334,42.268795,22460700
2022-09-01,44.180000,45.046665,44.133331,44.826668,42.884258,21741900
2022-09-02,44.950001,45.223331,44.146667,44.333332,42.412300,17234400
2022-09-06,44.349998,44.540001,43.573334,44.113335,42.201824,21899700
2022-09-07,44.353333,45.323334,44.246666,45.246666,43.286057,17058900
2022-09-08,45.133331,45.623333,44.959999,45.476665,43.506088,16956000
2022-09-09,45.433334,45.833332,45.376667,45.613335,43.636833,16140600
2022-09-12,45.693333,46.083332,45.656666,46.023335,44.029064,14284500
2022-09-13,45.619999,45.983334,44.936668,45.073334,43.120232,17687400
2022-09-14,45.209999,45.509998,44.700001,44.973331,43.024563,19934700
2022-09-15,45.016666,45.049999,44.323334,44.490002,42.562176,20189400
2022-09-16,44.000000,44.849998,43.759998,44.396667,42.472893,41874300
2022-09-19,44.273335,44.919998,44.156666,44.776669,42.836422,16853100
2022-09-20,44.493332,44.626667,44.180000,44.516666,42.587685,13963500
2022-09-21,45.146667,45.816666,44.873333,44.923332,42.976727,24903600
2022-09-22,44.856667,44.906666,44.279999,44.463333,42.536663,16744500
2022-09-23,44.290001,44.393333,42.923332,43.353333,41.474766,27195300
2022-09-26,42.916668,44.046665,42.756668,43.770000,41.873379,23011200
2022-09-27,44.076668,44.476665,43.433334,43.650002,41.758572,17171700
2022-09-28,43.803333,44.549999,43.240002,44.369999,42.447384,16838400
2022-09-29,44.500000,44.706669,43.876667,44.083332,42.173134,15241500
2022-09-30,44.080002,44.119999,43.233334,43.233334,41.359959,19602300
2022-10-03,43.413334,44.263332,43.336666,44.176666,42.262417,17574900
2022-10-04,44.619999,45.066666,44.456669,44.750000,42.810909,16134300
2022-10-05,44.586666,44.873333,44.169998,44.306667,42.386791,14553900
2022-10-06,44.360001,44.826668,43.860001,43.893333,41.991364,14200500
2022-10-07,43.770000,43.883331,42.689999,42.853333,40.996426,17080500
2022-10-10,43.176666,43.310001,42.759998,43.106667,41.238781,11411700
2022-10-11,43.169998,44.599998,43.153332,44.223331,42.307060,21276000
2022-10-12,44.336666,44.923332,43.656666,43.723331,41.828728,16947600
2022-10-13,43.093334,44.313332,42.790001,44.093334,42.182705,20545500
2022-10-14,44.146667,44.406666,43.349998,43.476665,41.592747,16641000
2022-10-17,43.653332,44.276669,43.529999,43.790001,41.892502,17812500
2022-10-18,44.476665,45.033333,44.443333,44.713333,42.775829,16842300
2022-10-19,44.776669,44.910000,44.323334,44.586666,42.654652,11339400
2022-10-20,44.660000,45.133331,44.549999,44.696667,42.759884,12754800
2022-10-21,44.936668,45.803333,44.666668,45.599998,43.624073,18134700
2022-10-24,45.816666,46.826668,45.709999,46.470001,44.456390,18806700
2022-10-25,46.363335,46.813332,46.106667,46.689999,44.666840,15051300
2022-10-26,46.786667,47.346668,46.606667,47.046665,45.008057,20754300
2022-10-27,47.003334,47.366669,46.763332,46.910000,44.877312,16602900
2022-10-28,46.683334,47.633331,46.680000,47.503334,45.444939,13648200
2022-10-31,47.446667,47.689999,47.256668,47.443333,45.387531,22572000
2022-11-01,47.656666,47.849998,47.166668,47.230000,45.183445,14814300
2022-11-02,47.053333,47.856667,46.900002,46.916668,44.883686,15522000
2022-11-03,46.503334,47.236668,46.360001,46.906666,44.874126,10976400
2022-11-04,47.343334,47.403332,46.263332,46.990002,44.953846,14669400
2022-11-07,47.086666,47.656666,47.086666,47.483334,45.425804,11364000
2022-11-08,47.526669,48.023335,47.169998,47.596668,45.534222,15068400
2022-11-09,47.586666,47.720001,46.403332,46.490002,44.475513,15932100
2022-11-10,47.503334,47.563332,46.833332,47.453335,45.397110,20310600
2022-11-11,47.556667,47.706669,46.663334,47.526669,45.467255,19270800
2022-11-14,47.213333,47.773335,46.090000,46.130001,44.131107,37525800
2022-11-15,48.536667,50.090000,48.183334,49.146667,47.017067,76548600
2022-11-16,49.293331,50.066666,49.040001,49.500000,47.355083,32593200
2022-11-17,49.003334,49.576668,48.903332,49.333332,47.195633,24791400
2022-11-18,49.889999,50.080002,49.590000,50.076668,47.906761,18987000
2022-11-21,50.203335,50.713333,50.063332,50.383331,48.200142,21157200
2022-11-22,50.666668,50.816666,50.373333,50.563332,48.372337,16898400
2022-11-23,50.693333,51.123333,50.626667,50.806667,48.605129,16920600
2022-11-25,50.706669,51.029999,50.619999,51.023335,48.812405,8777400
2022-11-28,50.906666,51.546665,50.906666,51.169998,48.952721,17674800
2022-11-29,51.009998,51.236668,50.849998,50.990002,48.780525,13841700
2022-11-30,50.869999,50.923332,50.400002,50.806667,48.605129,31338000
2022-12-01,50.683334,51.203335,50.243332,51.123333,48.908073,22732200
2022-12-02,50.493332,51.080002,50.493332,51.073334,48.860245,20733000
2022-12-05,50.916668,51.000000,50.169998,50.549999,48.359585,23608200
2022-12-06,50.400002,50.636665,49.736668,49.963333,47.798340,20625600
2022-12-07,50.166668,50.403332,49.606667,49.703335,47.549606,17550300
2022-12-08,49.720001,49.759998,49.380001,49.593334,47.623222,13512600
2022-12-09,49.156666,49.240002,48.406666,48.436668,46.512508,27929400
2022-12-12,48.633331,49.366669,48.520000,49.340000,47.379955,19432200
2022-12-13,50.000000,50.066666,48.913334,49.163334,47.210316,23408100
2022-12-14,49.029999,49.509998,48.653332,48.889999,46.947830,20334600
2022-12-15,48.526669,48.806667,47.876667,48.453335,46.528515,17514000
2022-12-16,48.160000,48.240002,47.523335,47.583332,45.693077,40343100
2022-12-19,47.669998,47.853333,47.243332,47.599998,45.709072,15067500
2022-12-20,47.639999,48.213333,47.416668,48.016666,46.109196,17009400
2022-12-21,48.106667,48.646667,48.086666,48.393333,46.470901,13726500
2022-12-22,48.256668,48.326668,47.310001,47.826668,45.926743,13082400
2022-12-23,47.683334,47.933334,47.426666,47.923332,46.019569,9547500
2022-12-27,48.013332,48.150002,47.730000,47.936668,46.032372,10044600
2022-12-28,47.823334,47.889999,46.970001,47.096668,45.225742,15246300
2022-12-29,47.380001,47.673332,47.250000,47.383331,45.501015,9171900
2022-12-30,47.186668,47.330002,46.936668,47.263332,45.385788,11505900
2023-01-03,47.516666,47.903332,47.363335,47.866669,45.965153,17249700
2023-01-04,47.806667,48.016666,47.356667,47.919998,46.016365,13338300
2023-01-05,47.820000,48.043331,47.549999,47.756668,45.859516,13274400
2023-01-06,48.200001,49.183334,48.080002,48.926666,46.983047,21231900
2023-01-09,48.773335,49.286667,48.266666,48.316666,46.397270,17756700
2023-01-10,48.313332,48.483334,47.910000,48.286667,46.368469,11970600
2023-01-11,48.580002,48.726665,48.243332,48.709999,46.774990,14834700
2023-01-12,48.803333,48.806667,48.130001,48.270000,46.352463,12472800
2023-01-13,48.509998,48.606667,47.953335,48.430000,46.506111,13699800
2023-01-17,48.430000,48.570000,48.066666,48.136665,46.224422,15122400
2023-01-18,48.066666,48.083332,46.826668,46.946667,45.081703,22674300
2023-01-19,47.130001,47.176666,46.263332,46.276669,44.438316,17342100
2023-01-20,46.466667,46.926666,46.056667,46.846668,44.985672,29543100
2023-01-23,46.820000,47.669998,46.733334,47.546665,45.657867,13149900
2023-01-24,48.849998,48.849998,47.000000,47.673332,45.779499,13669200
2023-01-25,47.413334,47.613335,46.796665,47.446667,45.561836,12491700
2023-01-26,47.676666,47.916668,47.253334,47.403332,45.520226,15819000
2023-01-27,47.533333,48.156666,47.250000,47.766666,45.869118,18412800
2023-01-30,47.373333,47.483334,47.090000,47.383331,45.501015,15897600
2023-01-31,47.439999,47.959999,47.220001,47.956669,46.051582,14103600
2023-02-01,47.886665,48.536667,47.566666,48.223331,46.307652,12849300
2023-02-02,48.136665,48.286667,47.646667,47.873333,45.971558,17806800
2023-02-03,47.786667,47.986668,46.953335,47.236668,45.360184,17155500
2023-02-06,47.273335,47.366669,46.676666,46.893333,45.030487,17454000
2023-02-07,46.590000,47.099998,46.230000,46.993332,45.126511,16341300
2023-02-08,46.776669,47.033333,46.663334,46.740002,44.883247,11691300
2023-02-09,46.956669,47.313332,46.856667,47.173332,45.299366,13064400
2023-02-10,47.696667,47.980000,47.389999,47.906666,46.003563,15002700
2023-02-13,48.236668,48.706669,48.169998,48.636665,46.704556,16015800
2023-02-14,48.576668,49.043331,48.186668,48.496666,46.570126,13831200
2023-02-15,48.320000,48.866669,48.186668,48.856667,46.915825,14674200
2023-02-16,48.493332,48.663334,48.060001,48.090000,46.179623,16312200
2023-02-17,48.369999,48.896667,48.189999,48.813332,46.874210,24770700
2023-02-21,47.626667,49.446667,47.383331,49.110001,47.159103,54393900
2023-02-22,48.923332,49.189999,47.586666,48.080002,46.170013,29844000
2023-02-23,48.123333,48.123333,46.903332,47.363335,45.481815,22021200
2023-02-24,46.946667,47.580002,46.509998,47.490002,45.603451,20623500
2023-02-27,47.570000,47.696667,46.886665,47.146667,45.273762,16647300
2023-02-28,47.000000,47.549999,46.983334,47.376667,45.494617,18054000
2023-03-01,47.020000,47.093334,46.456669,46.716667,44.860840,14180100
2023-03-02,46.613335,46.913334,46.500000,46.833332,44.972866,14785500
2023-03-03,47.013332,47.063332,46.590000,46.889999,45.027283,16888800
2023-03-06,46.833332,46.993332,46.673332,46.883331,45.020889,16720800
2023-03-07,47.060001,47.226665,46.263332,46.416668,44.572758,17387400
2023-03-08,46.186668,46.306667,45.759998,46.033333,44.204647,19090800
2023-03-09,46.276669,46.326668,45.639999,45.723331,43.906960,15415800
2023-03-10,45.673332,46.093334,45.363335,45.656666,43.842949,20065200
2023-03-13,45.560001,46.166668,45.526669,45.790001,43.970985,28142100
2023-03-14,45.896667,46.090000,45.666668,46.033333,44.204647,25542600
2023-03-15,45.630001,46.603333,45.570000,46.546665,44.697586,33133500
2023-03-16,46.476665,46.549999,45.959999,46.093334,44.443684,28905600
2023-03-17,46.063332,46.496666,45.863335,46.466667,44.803658,43081200
2023-03-20,46.700001,47.306667,46.603333,46.966667,45.285759,33928500
2023-03-21,47.130001,47.130001,46.509998,46.806667,45.131477,19013400
2023-03-22,46.880001,47.073334,46.486668,46.506668,44.842220,18548400
2023-03-23,46.733334,47.203335,46.496666,46.883331,45.205410,22044300
2023-03-24,47.003334,47.490002,46.866669,47.266666,45.575020,22752300
2023-03-27,47.596668,48.326668,47.593334,48.056667,46.336750,26775600
2023-03-28,47.883331,48.136665,47.683334,47.869999,46.156757,21282900
2023-03-29,48.123333,48.320000,47.816666,48.076668,46.356037,24216900
2023-03-30,48.500000,48.866669,48.340000,48.556667,46.818855,21879000
2023-03-31,48.860001,49.480000,48.823334,49.150002,47.390953,20868000
2023-04-03,49.243332,49.650002,49.166668,49.563332,47.789486,19766700
2023-04-04,49.509998,49.596668,49.006668,49.076668,47.320244,18113700
2023-04-05,49.056667,49.959999,49.046665,49.889999,48.104465,26540700
2023-04-06,49.599998,50.346668,49.506668,50.266666,48.467655,17891700
2023-04-10,50.119999,50.373333,49.923332,50.169998,48.374439,14519100
2023-04-11,50.333332,50.333332,49.873333,50.023335,48.233028,18370500
2023-04-12,49.930000,50.323334,49.723331,49.779999,47.998398,11209800
2023-04-13,49.883331,50.000000,49.400002,49.830002,48.046608,13272600
2023-04-14,49.676666,49.963333,49.383331,49.493332,47.722000,10464900
2023-04-17,49.546665,49.889999,49.500000,49.840000,48.056263,16166700
2023-04-18,49.926666,50.113335,49.813332,49.950001,48.162319,13482300
2023-04-19,50.279999,50.470001,49.923332,50.003334,48.213745,12433500
2023-04-20,50.070000,50.463333,49.866669,50.323334,48.522289,13641600
2023-04-21,50.653332,50.766666,50.393333,50.576668,48.766563,25335000
2023-04-24,50.570000,50.983334,50.570000,50.919998,49.097603,13579500
2023-04-25,51.096668,51.250000,50.443333,50.523335,48.715134,17246700
2023-04-26,50.326668,50.470001,50.073334,50.303333,48.503014,12910200
2023-04-27,50.259998,50.646667,50.259998,50.459999,48.654068,12861000
2023-04-28,50.430000,50.723331,50.060001,50.323334,48.522289,14088600
2023-05-01,50.346668,50.846668,50.310001,50.529999,48.721561,11409600
2023-05-02,50.490002,50.496666,49.820000,50.393333,48.589787,11329500
2023-05-03,50.520000,50.700001,50.090000,50.206669,48.409801,12334500
2023-05-04,50.183334,50.330002,49.830002,50.156666,48.545300,14011200
2023-05-05,50.099998,50.669998,49.943333,50.590000,48.964714,14556000
2023-05-08,50.423332,50.983334,50.353333,50.906666,49.271206,14926200
2023-05-09,50.906666,51.060001,50.779999,50.993332,49.355091,15209700
2023-05-10,51.230000,51.450001,50.410000,50.849998,49.216358,15827700
2023-05-11,50.849998,51.090000,50.666668,51.040001,49.400257,11926800
2023-05-12,51.200001,51.356667,50.903332,51.023335,49.384121,16119300
2023-05-15,51.166668,51.283333,50.459999,50.626667,49.000206,16113900
2023-05-16,50.283333,50.509998,49.856667,49.926666,48.322693,15512100
2023-05-17,50.380001,50.383331,49.570000,49.843334,48.242035,26985900
2023-05-18,50.599998,51.430000,49.983334,50.490002,48.867924,46768500
2023-05-19,50.466667,50.486668,49.703335,49.970001,48.364632,27594000
2023-05-22,49.900002,50.026669,49.430000,49.529999,47.938770,16117800
2023-05-23,49.336666,49.619999,49.026669,49.436668,47.848431,16302300
2023-05-24,49.503334,49.513332,48.766666,49.209999,47.629044,20515200
2023-05-25,48.959999,49.146667,48.363335,48.720001,47.154797,21299100
2023-05-26,48.566666,48.939999,48.490002,48.806667,47.238667,15720900
2023-05-30,48.766666,49.096668,48.533333,48.686668,47.122520,15742500
2023-05-31,48.473331,49.103333,48.336666,48.956669,47.383862,30130800
2023-06-01,48.736668,49.299999,48.646667,49.136665,47.558067,20239200
2023-06-02,49.073334,49.669998,49.033333,49.606667,48.012970,19178100
2023-06-05,49.790001,50.416668,49.790001,49.933334,48.329144,15553200
2023-06-06,49.900002,50.063332,49.503334,49.926666,48.322693,15015600
2023-06-07,49.750000,50.119999,49.680000,50.000000,48.393669,24256500
2023-06-08,50.130001,50.810001,49.930000,50.723331,49.093761,18873000
2023-06-09,50.720001,51.240002,50.533333,51.029999,49.390579,15603900
2023-06-12,51.143333,51.433334,51.056667,51.366669,49.716431,14713500
2023-06-13,51.506668,51.836666,51.356667,51.766666,50.103580,15738900
2023-06-14,51.970001,52.443333,51.869999,52.290001,50.610100,21103200
2023-06-15,52.333332,52.743332,52.326668,52.576668,50.887558,18160500
2023-06-16,52.693333,52.716667,51.759998,51.843334,50.177780,34675800
2023-06-20,51.566666,51.816666,51.293331,51.386665,49.735783,19994400
2023-06-21,51.403332,51.779999,51.119999,51.486668,49.832573,19251000
2023-06-22,51.660000,52.026669,51.493332,51.916668,50.248764,13307400
2023-06-23,51.959999,52.096668,51.673332,51.820000,50.155197,18975000
2023-06-26,51.883331,51.926666,51.439999,51.683334,50.022923,14106300
2023-06-27,51.383331,51.950001,51.353333,51.496666,49.842255,12093600
2023-06-28,51.576668,51.893333,51.546665,51.776669,50.113258,18889800
2023-06-29,51.503334,51.583332,51.046665,51.426666,49.774506,21530400
2023-06-30,51.656666,52.509998,51.593334,52.393333,50.710117,19073100
2023-07-03,52.270000,52.813332,52.110001,52.733334,51.039196,8647500
2023-07-05,52.720001,53.040001,52.446667,52.703335,51.010155,17585400
2023-07-06,52.643333,52.726665,52.290001,52.369999,50.687523,14427000
2023-07-07,51.936668,52.096668,51.150002,51.163334,49.519630,19774800
2023-07-10,51.520000,51.833332,51.439999,51.626667,49.968075,12967800
2023-07-11,51.590000,51.836666,51.286667,51.549999,49.893871,11460900
2023-07-12,51.770000,51.963333,51.606667,51.680000,50.019691,16509900
2023-07-13,51.810001,51.866669,51.230000,51.376667,49.726105,11859600
2023-07-14,51.373333,51.556667,51.193333,51.553333,49.897099,10427400
2023-07-17,51.466667,51.660000,51.273335,51.616669,49.958401,10135200
2023-07-18,51.556667,51.886665,51.286667,51.523335,49.868065,13437300
2023-07-19,51.599998,51.733334,51.250000,51.540001,49.884197,12372900
2023-07-20,51.643333,52.516666,51.633331,52.493332,50.806908,14987700
2023-07-21,52.633331,52.926666,52.480000,52.790001,51.094032,16960500
2023-07-24,52.816666,53.160000,52.520000,53.099998,51.394073,12529800
2023-07-25,53.486668,53.503334,52.759998,53.056667,51.352139,15553800
2023-07-26,53.080002,53.563332,52.980000,53.246666,51.536026,15094200
2023-07-27,53.360001,53.546665,53.043331,53.053333,51.348904,13400400
2023-07-28,53.096668,53.646667,53.096668,53.303333,51.590874,11020200
2023-07-31,53.320000,53.546665,52.970001,53.286667,51.574745,13033200
2023-08-01,53.316666,53.483334,52.986668,53.036667,51.332787,11782500
2023-08-02,52.843334,53.476665,52.843334,53.073334,51.368271,12660000
2023-08-03,53.006668,53.166668,52.836666,53.086666,51.381176,13202700
2023-08-04,53.253334,53.416668,52.653332,52.779999,51.084351,14262000
2023-08-07,53.166668,53.736668,53.036667,53.496666,51.778004,14268900
2023-08-08,53.663334,53.873333,53.169998,53.549999,51.829617,11017500
2023-08-09,53.636665,54.033333,53.570000,53.636665,51.913506,13209600
2023-08-10,53.596668,53.916668,53.343334,53.419998,51.887604,15169500
2023-08-11,53.516666,53.943333,53.366669,53.733334,52.191944,14195100
2023-08-14,54.000000,54.259998,53.060001,53.333332,51.803417,20813700
2023-08-15,53.180000,53.596668,52.973331,53.060001,51.537930,14559300
2023-08-16,53.293331,53.656666,52.790001,53.086666,51.563831,26980800
2023-08-17,53.633331,53.713333,51.673332,51.896667,50.407967,53614200
2023-08-18,51.770000,53.223331,51.770000,52.643333,51.133213,27954900
2023-08-21,52.543331,52.946667,52.346668,52.503334,50.997231,15679200
2023-08-22,52.323334,52.436668,52.080002,52.336666,50.835342,16670700
2023-08-23,52.203335,52.799999,52.169998,52.700001,51.188255,14210400
2023-08-24,52.709999,53.076668,52.273335,52.296665,50.796482,14033100
2023-08-25,52.393333,52.680000,52.180000,52.606667,51.097595,12267000
2023-08-28,52.619999,52.943333,52.619999,52.906666,51.388996,11871000
2023-08-29,53.000000,53.410000,52.953335,53.349998,51.819611,12702300
2023-08-30,53.466667,53.763332,53.306667,53.733334,52.191944,10967700
2023-08-31,53.706669,54.330002,53.653332,54.203335,52.648464,19582800
2023-09-01,54.290001,54.320000,53.383331,53.856667,52.311741,12553500
2023-09-05,53.950001,54.266666,53.393333,53.423332,51.890839,15209400
2023-09-06,53.466667,54.056667,53.303333,53.823334,52.279369,14594700
2023-09-07,54.000000,54.493332,53.830002,54.490002,52.926903,19120800
2023-09-08,54.493332,54.619999,54.356667,54.590000,53.024044,12667200
2023-09-11,54.666668,54.826668,54.553333,54.779999,53.208591,11912100
2023-09-12,54.833332,54.976665,54.680000,54.840000,53.266861,11757300
2023-09-13,54.976665,55.283333,54.790001,54.853333,53.279816,14364300
2023-09-14,55.000000,55.246666,54.803333,55.083332,53.503216,14923800
2023-09-15,55.070000,55.220001,54.590000,54.880001,53.305721,63925200
2023-09-18,54.893333,55.066666,54.416668,54.473331,52.910721,12997800
2023-09-19,54.459999,54.593334,54.116669,54.459999,52.897770,14019600
2023-09-20,54.533333,54.903332,54.320000,54.636665,53.069366,10120800
2023-09-21,54.753334,54.833332,53.930000,53.973331,52.425064,18782400
2023-09-22,54.076668,54.410000,53.973331,54.116669,52.564285,13215000
2023-09-25,54.123333,54.369999,53.956669,54.356667,52.797398,10459500
2023-09-26,54.313332,54.513332,54.116669,54.166668,52.612843,14435700
2023-09-27,54.000000,54.076668,53.430000,53.906666,52.360302,15711000
2023-09-28,54.000000,54.276669,53.863335,54.180000,52.625797,11617200
2023-09-29,54.343334,54.376667,53.063332,53.310001,51.780758,18842400
2023-10-02,53.163334,53.423332,52.770000,53.366669,51.835796,12992700
2023-10-03,53.230000,53.583332,52.893333,53.029999,51.508785,11253300
2023-10-04,53.216667,53.683334,53.003334,53.666668,52.127193,15755700
2023-10-05,53.483334,53.653332,53.000000,53.026669,51.505554,14269500
2023-10-06,52.883331,52.996666,50.549999,52.136665,50.641079,42616200
2023-10-09,51.693333,51.950001,51.086666,51.946667,50.456532,21022500
2023-10-10,52.076668,52.693333,51.886665,52.533333,51.026371,16014300
2023-10-11,52.753334,53.163334,52.346668,52.743332,51.230343,12026100
2023-10-12,52.843334,53.103333,52.590000,52.983334,51.463455,13514100
2023-10-13,53.086666,53.486668,52.966667,53.276669,51.748383,13809000
2023-10-16,53.513332,54.026669,53.439999,53.736668,52.195187,14348100
2023-10-17,53.580002,53.903332,53.463333,53.806667,52.263168,10893000
2023-10-18,53.959999,54.119999,53.573334,53.846668,52.302032,10559100
2023-10-19,53.810001,53.939999,53.406666,53.590000,52.052719,11745900
2023-10-20,53.610001,53.700001,52.903332,52.919998,51.401943,15056700
2023-10-23,52.910000,53.783333,52.673332,53.669998,52.130424,17097000
2023-10-24,53.799999,54.493332,53.796665,54.416668,52.855679,17535000
2023-10-25,54.386665,54.776669,54.156666,54.253334,52.697029,16621800
2023-10-26,54.236668,54.616669,53.869999,53.923332,52.376495,16220100
2023-10-27,53.826668,53.990002,53.516666,53.723331,52.182236,13829700
2023-10-30,53.820000,54.419998,53.596668,54.340000,52.781200,12653700
2023-10-31,54.333332,54.540001,53.983334,54.470001,52.907478,14168400
2023-11-01,54.736668,55.126667,54.326668,54.956669,53.380192,14899500
2023-11-02,54.793331,55.396667,54.543331,55.173332,53.590630,15492300
2023-11-03,55.293331,55.433334,54.833332,54.886665,53.312195,17240100
2023-11-06,54.833332,55.209999,54.689999,54.959999,53.383423,14529000
2023-11-07,55.256668,55.536667,55.110001,55.216667,53.632729,15023400
2023-11-08,55.279999,55.426666,54.526669,54.766666,53.195629,15591900
2023-11-09,54.790001,54.840000,54.416668,54.639999,53.072601,15080100
2023-11-10,54.849998,55.480000,54.633331,55.396667,53.807564,14319900
2023-11-13,55.459999,55.956669,55.349998,55.893333,54.289989,15408900
2023-11-14,56.056667,56.383331,55.750000,55.883331,54.280270,19792500
2023-11-15,56.126667,56.646667,55.836666,56.593334,54.969898,35769900
2023-11-16,52.916668,53.150002,51.833332,52.013332,50.521282,97658700
2023-11-17,51.983334,52.513332,51.669998,51.783333,50.297878,42487800
2023-11-20,51.846668,52.003334,51.669998,51.766666,50.281693,26663100
2023-11-21,51.820000,52.283333,51.376667,51.953335,50.463005,29382300
2023-11-22,51.906666,52.016666,51.459999,51.556667,50.077717,26416500
2023-11-24,51.716667,52.043331,51.566666,52.020000,50.527760,13975200
2023-11-27,51.983334,52.453335,51.983334,52.256668,50.757637,23393700
2023-11-28,52.220001,52.973331,52.220001,52.880001,51.363094,23535000
2023-11-29,52.923332,52.923332,51.869999,52.026669,50.534233,29896500
2023-11-30,52.006668,52.116669,51.503334,51.896667,50.407967,29925900
2023-12-01,51.793331,51.869999,50.876667,51.446667,49.970867,39273600
2023-12-04,51.106667,51.643333,51.103333,51.433334,49.957924,24883200
2023-12-05,51.483334,51.950001,51.246666,51.910000,50.420910,21883800
2023-12-06,51.849998,51.943333,51.216667,51.346668,49.873745,26447400
2023-12-07,51.450001,51.513332,50.743332,50.820000,49.545513,25362600
2023-12-08,50.666668,50.736668,50.080002,50.286667,49.025562,34069500
2023-12-11,50.380001,50.483334,49.846668,50.413334,49.149052,31883400
2023-12-12,50.406666,50.566666,50.076668,50.453335,49.188049,21381900
2023-12-13,50.516666,51.349998,50.213333,51.349998,50.062225,35348700
2023-12-14,51.173332,51.313332,50.643333,50.723331,49.451275,30891300
2023-12-15,50.593334,51.153332,50.513332,50.913334,49.636509,70003500
2023-12-18,51.116669,51.689999,51.043331,51.656666,50.361198,26316000
2023-12-19,51.613335,51.896667,51.363335,51.843334,50.543186,24417000
2023-12-20,51.806667,52.046665,51.206669,51.236668,49.951736,21967800
2023-12-21,51.333332,51.686668,51.303333,51.599998,50.305954,20087700
2023-12-22,51.816666,52.383331,51.720001,52.216667,50.907154,19405500
2023-12-26,52.216667,52.330002,52.036667,52.136665,50.829166,11679900
2023-12-27,52.103333,52.650002,52.053333,52.626667,51.306877,19896000
2023-12-28,52.590000,52.776669,52.500000,52.523335,51.206139,16776000
2023-12-29,52.509998,52.693333,52.386665,52.549999,51.232132,21948300
2024-01-02,52.416668,53.180000,52.396667,53.096668,51.765087,23539800
2024-01-03,53.256668,53.433334,52.976665,53.099998,51.768337,18756000
2024-01-04,53.070000,53.180000,52.496666,52.586666,51.267879,19282500
2024-01-05,52.639999,52.700001,51.866669,52.236668,50.926655,21709500
2024-01-08,52.233334,52.763332,52.226665,52.750000,51.427113,20680800
2024-01-09,52.643333,53.113335,52.576668,53.103333,51.771587,23322300
2024-01-10,53.186668,53.833332,53.186668,53.763332,52.415028,20121900
2024-01-11,53.783333,53.963333,53.389999,53.703335,52.356544,14355300
2024-01-12,53.790001,53.846668,53.459999,53.773335,52.424786,13629000
2024-01-16,53.813332,54.133331,53.743332,53.943333,52.590519,17032500
2024-01-17,53.793331,53.996666,53.543331,53.689999,52.343544,14827800
2024-01-18,53.720001,54.463333,53.560001,54.413334,53.048740,18190500
2024-01-19,54.476665,54.523335,53.813332,54.126667,52.769257,19175400
2024-01-22,54.263332,54.316666,53.833332,54.130001,52.772511,13938300
2024-01-23,54.040001,54.283333,53.923332,54.266666,52.905739,12066600
2024-01-24,54.299999,54.356667,53.439999,53.500000,52.158306,22932900
2024-01-25,53.799999,54.290001,53.473331,54.279999,52.918751,16369500
2024-01-26,54.349998,54.793331,54.220001,54.756668,53.383457,15746400
2024-01-29,54.783333,55.136665,54.506668,55.013332,53.633690,18240300
2024-01-30,54.900002,55.270000,54.540001,55.196667,53.812424,15270000
2024-01-31,55.933334,55.933334,55.036667,55.083332,53.701931,26134800
2024-02-01,55.233334,56.116669,55.060001,56.103333,54.696354,20792700
2024-02-02,56.049999,56.860001,55.973331,56.523335,55.105820,21670800
2024-02-05,56.669998,56.669998,56.023335,56.220001,54.810089,19145100
2024-02-06,56.263332,56.650002,56.113335,56.603333,55.183819,14181300
2024-02-07,56.756668,56.886665,56.400002,56.459999,55.044067,17082600
2024-02-08,56.459999,56.849998,56.380001,56.456669,55.040829,14427900
2024-02-09,56.463333,56.576668,56.306667,56.426666,55.011578,14329800
2024-02-12,56.410000,56.786667,56.349998,56.766666,55.343056,14795100
2024-02-13,56.873333,57.023335,56.090000,56.380001,54.966080,18574200
2024-02-14,56.250000,56.293331,55.846668,56.200001,54.790600,18484500
2024-02-15,56.599998,56.616669,55.990002,56.430000,55.014832,16948800
2024-02-16,56.763332,57.310001,56.430000,56.786667,55.362553,22373400
2024-02-20,59.493332,60.450001,58.410000,58.619999,57.149906,71788500
2024-02-21,58.333332,58.526669,57.599998,57.900002,56.447964,40501500
2024-02-22,57.959999,58.490002,57.770000,58.470001,57.003670,29512800
2024-02-23,58.696667,59.216667,58.436668,58.520000,57.052414,74365800
2024-02-26,59.119999,59.840000,58.180000,59.599998,58.105324,32154800
2024-02-27,59.639999,59.799999,59.220001,59.590000,58.095581,18012700
2024-02-28,59.549999,59.759998,59.310001,59.619999,58.124832,14803300
2024-02-29,59.450001,59.490002,58.590000,58.610001,57.140163,29245100
2024-03-01,58.799999,58.849998,58.200001,58.759998,57.286392,19030900
2024-03-04,58.500000,59.389999,58.400002,59.299999,57.812855,16033300
2024-03-05,59.869999,60.340000,59.580002,60.040001,58.534294,19676900
2024-03-06,60.119999,60.619999,60.040001,60.570000,59.051003,12698700
2024-03-07,61.000000,61.070000,60.349998,60.360001,58.846272,16195300
2024-03-08,60.000000,60.279999,59.730000,60.119999,58.612282,12143600
2024-03-11,60.099998,60.709999,59.869999,60.660000,59.138752,14154000
2024-03-12,60.950001,61.570000,60.650002,61.410000,59.869938,16613100
2024-03-13,61.259998,61.459999,60.880001,61.279999,59.743195,15935200
2024-03-14,61.279999,61.439999,60.599998,61.020000,59.692326,16584700
2024-03-15,60.680000,61.150002,60.459999,60.680000,59.359730,50946300
2024-03-18,60.689999,60.900002,60.389999,60.860001,59.535805,16801700
2024-03-19,60.970001,61.070000,60.599998,60.869999,59.545593,12353600
2024-03-20,60.840000,61.279999,60.740002,61.250000,59.917320,12007600
2024-03-21,61.279999,61.660000,61.049999,61.450001,60.112976,14265900
2024-03-22,61.320000,61.529999,60.849998,60.869999,59.545593,14029400
2024-03-25,60.869999,60.990002,60.360001,60.570000,59.252117,14186600
2024-03-26,60.459999,60.830002,60.230000,60.509998,59.193424,13738300
2024-03-27,60.869999,61.049999,60.380001,60.720001,59.398857,14363400
2024-03-28,60.660000,60.770000,60.160000,60.169998,58.860821,17535100
2024-04-01,60.310001,60.759998,59.930000,60.000000,58.694523,13837600
2024-04-02,59.900002,60.099998,58.880001,59.160000,57.872799,19510100
2024-04-03,59.380001,59.500000,58.939999,59.430000,58.136921,14615100
2024-04-04,59.540001,59.810001,59.290001,59.500000,58.205399,14436100
2024-04-05,59.549999,60.040001,59.490002,59.849998,58.547787,10335900
2024-04-08,59.599998,60.040001,59.419998,59.779999,58.479309,11070100
2024-04-09,59.869999,59.970001,59.299999,59.790001,58.489090,10013500
2024-04-10,59.619999,60.759998,59.389999,60.619999,59.301025,15097600
2024-04-11,60.750000,60.889999,60.070000,60.090000,58.782570,10987600
2024-04-12,60.000000,60.720001,59.950001,60.139999,58.831478,12280600
2024-04-15,60.509998,60.700001,59.910000,59.930000,58.626049,10557200
2024-04-16,60.029999,60.290001,59.779999,59.840000,58.538002,14726300
2024-04-17,60.150002,60.430000,59.570000,59.650002,58.352135,15329700
2024-04-18,59.830002,59.939999,59.220001,59.259998,57.970619,12061500
2024-04-19,59.450001,59.669998,58.970001,59.529999,58.234745,14165800
2024-04-22,59.560001,60.400002,59.040001,60.139999,58.831478,14910000
2024-04-23,60.250000,60.349998,58.560001,59.090000,57.804329,17963900
2024-04-24,58.980000,60.040001,58.810001,59.869999,58.567345,18529100
2024-04-25,60.049999,60.529999,59.830002,60.209999,58.899948,19263000
2024-04-26,60.110001,60.389999,60.000000,60.160000,58.851044,11045200
2024-04-29,60.180000,60.389999,59.939999,60.240002,58.929298,9785100
2024-04-30,60.200001,60.299999,59.160000,59.349998,58.058666,14209200
2024-05-01,59.310001,59.410000,58.720001,58.849998,57.569542,15464300
2024-05-02,58.939999,59.889999,58.580002,59.709999,58.410831,17574100
2024-05-03,59.619999,59.980000,59.139999,59.820000,58.518440,14207400
2024-05-06,60.000000,60.000000,59.389999,59.869999,58.567345,11119400
2024-05-07,60.169998,60.799999,60.049999,60.619999,59.301025,14520200
2024-05-08,60.630001,60.849998,60.220001,60.299999,58.987991,11015700
2024-05-09,60.200001,60.580002,59.950001,60.439999,59.329601,14550500
2024-05-10,60.410000,60.580002,60.160000,60.480000,59.368862,12356600
2024-05-13,60.619999,61.349998,60.290001,60.410000,59.300148,19260500
2024-05-14,60.520000,60.549999,59.439999,59.860001,58.760262,18780100
2024-05-15,59.830002,59.939999,59.470001,59.830002,58.730808,22240600
2024-05-16,64.220001,64.419998,62.939999,64.010002,62.834019,60545600
2024-05-17,64.239998,64.879997,63.630001,64.650002,63.462261,29330400
2024-05-20,64.419998,64.760002,63.869999,64.180000,63.000889,15001400
2024-05-21,64.529999,65.190002,64.449997,65.150002,63.953075,17131700
2024-05-22,64.980003,65.690002,64.730003,65.250000,64.051239,14879400
2024-05-23,65.169998,65.519997,64.559998,64.839996,63.648754,16222900
2024-05-24,65.129997,65.690002,65.010002,65.379997,64.178856,11795000
2024-05-28,65.220001,65.470001,64.739998,65.040001,63.845100,13349600
2024-05-29,64.750000,65.209999,64.650002,64.919998,63.727299,11538600
2024-05-30,64.930000,65.169998,64.769997,64.889999,63.697853,13051900
2024-05-31,64.669998,65.900002,64.160004,65.760002,64.551865,27632200
2024-06-03,65.510002,65.839996,65.160004,65.820000,64.610764,11578700
2024-06-04,65.989998,66.639999,65.830002,66.599998,65.376442,14780800
2024-06-05,66.570000,67.150002,66.279999,67.089996,65.857430,14982700
2024-06-06,67.059998,67.440002,66.769997,67.150002,65.916328,13256000
2024-06-07,67.400002,67.570000,65.639999,65.879997,64.669647,20213200
2024-06-10,67.190002,67.330002,66.269997,66.959999,65.729820,21659500
2024-06-11,66.949997,66.959999,66.349998,66.730003,65.504051,13367500
2024-06-12,66.849998,66.940002,65.900002,66.309998,65.091766,11704700
2024-06-13,66.300003,66.760002,65.949997,66.699997,65.474586,11196600
2024-06-14,66.540001,67.110001,66.300003,67.019997,65.788712,12590100
2024-06-17,66.919998,67.440002,66.410004,67.419998,66.181374,12103000
2024-06-18,67.629997,67.870003,67.300003,67.599998,66.358055,12093500
2024-06-20,67.349998,68.129997,67.300003,68.010002,66.760529,13860800
2024-06-21,68.260002,68.550003,67.830002,67.910004,66.662361,25883000
2024-06-24,68.050003,69.040001,67.900002,68.900002,67.634178,12470400
2024-06-25,67.169998,67.589996,66.550003,67.419998,66.181374,20869200
2024-06-26,67.400002,68.599998,67.209999,68.290001,67.035385,14177500
2024-06-27,68.290001,68.580002,67.669998,67.879997,66.632904,12899200
2024-06-28,67.870003,68.099998,67.320000,67.709999,66.466034,18816700
2024-07-01,67.889999,68.239998,67.250000,67.480003,66.240273,8666000
2024-07-02,67.440002,68.080002,67.260002,68.070000,66.819420,9436500
2024-07-03,67.809998,68.250000,67.620003,68.239998,66.986298,6287500
2024-07-05,68.160004,70.150002,68.099998,70.040001,68.753227,21586100
2024-07-08,69.900002,70.139999,69.349998,69.680000,68.399834,12077700
2024-07-09,69.900002,70.250000,69.669998,69.900002,68.615807,9758400
2024-07-10,70.099998,70.440002,69.720001,70.410004,69.116447,10803400
2024-07-11,70.180000,70.449997,69.260002,69.800003,68.517639,15624800
2024-07-12,69.900002,70.029999,69.169998,69.239998,67.967926,12145300
2024-07-15,69.300003,69.970001,69.300003,69.610001,68.331131,10171100
2024-07-16,69.820000,70.239998,69.580002,69.989998,68.704155,9836800
2024-07-17,70.180000,71.099998,69.949997,71.029999,69.725044,13533800
2024-07-18,70.680000,71.190002,70.430000,70.820000,69.518906,10682700
2024-07-19,71.199997,71.330002,70.650002,70.750000,69.450188,11665500
2024-07-22,70.860001,71.260002,70.230003,70.379997,69.086983,12666100
2024-07-23,70.470001,70.699997,70.110001,70.650002,69.352028,9263600
2024-07-24,70.519997,70.839996,70.339996,70.599998,69.302925,22490800
2024-07-25,70.599998,70.769997,69.949997,70.019997,68.733589,18821200
2024-07-26,70.230003,70.239998,68.830002,69.779999,68.498009,16789300
2024-07-29,69.849998,69.900002,69.129997,69.620003,68.340950,10315300
2024-07-30,69.550003,69.849998,68.980003,69.190002,67.918846,12522500
2024-07-31,69.180000,69.250000,68.290001,68.639999,67.378952,22908800
2024-08-01,68.910004,69.800003,68.519997,69.790001,68.507828,17275500
2024-08-02,69.599998,70.239998,67.739998,68.459999,67.202255,23578700
2024-08-05,68.099998,68.580002,66.910004,67.589996,66.348244,20770500
2024-08-06,67.839996,68.629997,67.680000,67.739998,66.495483,14815100
2024-08-07,67.870003,68.010002,66.809998,66.910004,65.680733,18499200
2024-08-08,66.839996,67.919998,66.669998,67.660004,66.416946,12489800
2024-08-09,67.849998,68.220001,67.330002,67.949997,66.701614,13805600
2024-08-12,68.339996,69.220001,68.070000,68.699997,67.437851,17385300
2024-08-13,68.430000,68.610001,67.139999,68.129997,66.878319,26557900
2024-08-14,67.919998,68.790001,67.849998,68.660004,67.398590,22928600
2024-08-15,74.120003,74.440002,72.779999,73.180000,71.835541,49567500
2024-08-16,72.699997,73.610001,72.519997,73.449997,72.306107,19872100
2024-08-19,73.389999,73.980003,73.339996,73.720001,72.571899,13709300
2024-08-20,73.750000,74.750000,73.720001,74.540001,73.379120,14434000
2024-08-21,75.300003,75.580002,74.589996,75.239998,74.068222,14832000
2024-08-22,75.370003,76.220001,75.150002,75.580002,74.402931,16511100
2024-08-23,75.599998,75.809998,75.010002,75.699997,74.521049,12299100
2024-08-26,75.900002,76.209999,75.570000,76.029999,74.845924,9508200
2024-08-27,76.449997,76.449997,75.769997,76.129997,74.944351,11557800
2024-08-28,76.279999,76.430000,75.809998,76.080002,74.895134,9814300
2024-08-29,75.989998,76.470001,75.669998,76.419998,75.229836,11856800
2024-08-30,76.440002,77.470001,76.220001,77.230003,76.027222,23230000
2024-09-03,77.330002,77.809998,76.800003,77.169998,75.968155,22666100
2024-09-04,77.330002,77.480003,76.730003,77.239998,76.037071,18442800
2024-09-05,77.250000,77.449997,76.389999,76.959999,75.761436,13082900
2024-09-06,76.900002,77.320000,76.300003,76.639999,75.446426,14548600
2024-09-09,76.849998,77.470001,76.489998,77.339996,76.135513,22260200
2024-09-10,77.349998,78.900002,77.279999,78.809998,77.582619,17686300
2024-09-11,78.379997,78.919998,77.570000,78.839996,77.612152,19518800
2024-09-12,78.989998,79.910004,78.620003,79.660004,78.419388,14877700
2024-09-13,79.820000,80.690002,79.690002,80.599998,79.344749,12994100
2024-09-16,80.839996,81.019997,80.139999,80.559998,79.305367,15346400
2024-09-17,79.760002,80.260002,78.260002,78.599998,77.375900,21065900
2024-09-18,78.639999,79.410004,78.279999,79.029999,77.799194,15684900
2024-09-19,79.050003,79.089996,77.489998,78.040001,76.824608,21525700
2024-09-20,78.230003,79.610001,78.110001,79.059998,77.828728,39534300
2024-09-23,79.070000,80.440002,79.070000,80.330002,79.078949,12147300
2024-09-24,80.480003,80.910004,80.239998,80.669998,79.413658,14651100
2024-09-25,80.889999,81.599998,80.680000,81.400002,80.132294,14163800
2024-09-26,81.040001,81.199997,79.260002,79.919998,78.675331,17061100
2024-09-27,79.900002,80.290001,79.599998,79.779999,78.537514,11899100
2024-09-30,79.889999,80.940002,79.860001,80.750000,79.492409,18997000
2024-10-01,80.680000,81.529999,80.440002,81.269997,80.004311,16054200
2024-10-02,80.989998,80.989998,80.120003,80.430000,79.177399,16618300
2024-10-03,80.300003,80.580002,79.849998,80.430000,79.177399,11640400
2024-10-04,80.050003,81.110001,79.849998,80.940002,79.679451,11583400
2024-10-07,80.690002,80.940002,78.980003,79.099998,77.868095,16791600
2024-10-08,79.620003,79.820000,79.070000,79.709999,78.468605,15270000
2024-10-09,79.820000,80.500000,79.750000,80.400002,79.147865,12413000
2024-10-10,80.309998,80.320000,79.459999,79.610001,78.370163,10812700
2024-10-11,79.699997,80.129997,79.370003,80.099998,78.852524,9570700
2024-10-14,80.050003,80.510002,79.760002,80.290001,79.039566,9914500
2024-10-15,80.669998,81.820000,80.510002,81.650002,80.378387,13276200
2024-10-16,81.529999,81.660004,80.620003,81.220001,79.955086,11123300
2024-10-17,81.269997,81.500000,80.650002,80.889999,79.630226,9424700
2024-10-18,80.870003,81.690002,80.660004,81.309998,80.043694,12324100
2024-10-21,81.230003,81.550003,80.720001,80.809998,79.551476,9750400
2024-10-22,81.110001,82.230003,80.830002,82.019997,80.742622,12240100
2024-10-23,81.889999,83.339996,81.800003,83.269997,81.973160,13058200
2024-10-24,82.959999,83.320000,82.580002,83.040001,81.746750,11645900
2024-10-25,83.199997,83.300003,82.440002,82.510002,81.225006,8959400
2024-10-28,82.750000,83.080002,82.470001,82.750000,81.461258,7990200
2024-10-29,82.669998,82.860001,81.669998,81.699997,80.427605,9682400
2024-10-30,81.599998,81.830002,81.300003,81.389999,80.122437,9268800
2024-10-31,81.290001,82.440002,81.220001,81.949997,80.673721,15539000
2024-11-01,82.529999,82.529999,81.540001,82.190002,80.909988,12181800
2024-11-04,82.199997,82.910004,82.000000,82.449997,81.165932,11731000
2024-11-05,82.680000,83.769997,82.510002,83.680000,82.376785,10612500
2024-11-06,85.139999,85.540001,82.059998,83.440002,82.140518,19974000
2024-11-07,83.720001,84.389999,83.419998,83.849998,82.544128,12665800
2024-11-08,84.279999,85.419998,84.230003,84.830002,83.508865,14396500
2024-11-11,84.949997,85.410004,84.120003,84.209999,82.898529,10433200
2024-11-12,84.500000,85.529999,84.500000,84.989998,83.666374,12860200
2024-11-13,84.989998,85.790001,84.769997,85.500000,84.168427,12802600
2024-11-14,85.029999,85.760002,84.339996,84.470001,83.154480,15740700
2024-11-15,84.529999,84.779999,83.940002,84.250000,82.937904,17370600
2024-11-18,84.820000,84.849998,83.660004,84.080002,82.770554,25093800
2024-11-19,86.230003,88.290001,85.910004,86.599998,85.251305,36340900
2024-11-20,86.599998,87.199997,85.910004,87.180000,85.822273,18183200
2024-11-21,87.449997,88.639999,86.930000,88.389999,87.013420,18729200
2024-11-22,89.410004,90.910004,88.930000,90.440002,89.031502,23990600
2024-11-25,90.500000,90.949997,89.059998,89.500000,88.106133,25078600
2024-11-26,89.889999,91.879997,89.839996,91.309998,89.887947,16657000
2024-11-27,92.000000,92.250000,91.309998,91.879997,90.449066,14358900
2024-11-29,92.260002,92.639999,91.820000,92.500000,91.059418,11041200
2024-12-02,92.820000,92.989998,91.949997,92.639999,91.197235,17173000
2024-12-03,92.779999,93.589996,92.260002,93.510002,92.053688,17775200
2024-12-04,93.449997,94.519997,93.050003,94.449997,92.979050,17312600
2024-12-05,94.889999,95.599998,94.339996,95.300003,93.815819,21932300
2024-12-06,95.540001,96.180000,95.330002,95.699997,94.209572,18803500
2024-12-09,95.660004,95.940002,93.599998,93.830002,92.368713,20931100
2024-12-10,94.050003,95.239998,93.769997,94.550003,93.077492,13164500
2024-12-11,94.540001,95.690002,94.500000,94.959999,93.481102,19682100
2024-12-12,95.680000,95.720001,94.089996,94.089996,92.624641,14298600
2024-12-13,93.800003,94.680000,93.040001,94.250000,92.987732,11495900
2024-12-16,94.419998,95.709999,94.099998,94.870003,93.599426,16742000
2024-12-17,95.139999,95.489998,94.320000,95.419998,94.142067,23560800
2024-12-18,95.339996,95.900002,93.129997,93.550003,92.297104,24665600
2024-12-19,94.480003,94.570000,93.360001,93.400002,92.149117,16606500
2024-12-20,93.010002,93.750000,91.629997,92.239998,91.004639,49350600
2024-12-23,91.500000,91.500000,88.910004,90.349998,89.139969,26205400
2024-12-24,90.370003,92.680000,90.349998,92.680000,91.438751,8992400
2024-12-26,92.540001,92.879997,92.169998,92.790001,91.547287,10994000
2024-12-27,92.129997,92.349998,91.029999,91.660004,90.432419,11384400
2024-12-30,90.730003,91.070000,90.129997,90.570000,89.357018,9790200
2024-12-31,90.570000,90.940002,90.059998,90.349998,89.139969,11267700
2025-01-02,89.980003,90.599998,89.519997,90.000000,88.794647,14820400
2025-01-03,90.150002,91.300003,90.139999,90.779999,89.564201,10834600
2025-01-06,90.830002,92.470001,90.669998,91.430000,90.205498,14519900
2025-01-07,91.699997,91.940002,90.449997,90.809998,89.593796,11238000
2025-01-08,91.110001,91.849998,90.820000,91.800003,90.570534,13453600
2025-01-10,92.489998,93.580002,92.199997,93.000000,91.754478,18140900
2025-01-13,92.120003,92.430000,91.099998,91.529999,90.304161,18617100
2025-01-14,91.860001,91.980003,90.570000,90.790001,89.574066,13549200
2025-01-15,91.070000,91.730003,90.809998,91.339996,90.116699,17348200
2025-01-16,91.500000,91.720001,90.120003,91.300003,90.077232,13267700
2025-01-17,92.070000,92.260002,91.050003,91.940002,90.708664,15868200
2025-01-21,92.480003,94.239998,92.309998,93.080002,91.833405,23247500
2025-01-22,93.769997,94.000000,92.519997,93.230003,91.981392,15567100
2025-01-23,92.959999,93.809998,92.320000,93.809998,92.553619,14198400
2025-01-24,93.540001,95.010002,93.459999,94.760002,93.490906,14973800
2025-01-27,95.900002,97.459999,94.820000,97.400002,96.095543,18880600
2025-01-28,97.230003,97.839996,96.730003,97.290001,95.987022,14641600
2025-01-29,97.430000,98.169998,97.220001,97.500000,96.194206,11261400
2025-01-30,97.690002,98.930000,97.419998,98.650002,97.328804,11012200
2025-01-31,99.000000,99.000000,97.699997,98.160004,96.845375,16391200
2025-02-03,96.769997,99.790001,96.470001,99.540001,98.206879,20484200
2025-02-04,99.970001,100.949997,99.690002,100.769997,99.420410,15201200
2025-02-05,100.650002,102.580002,100.540001,102.459999,101.087769,15926700
2025-02-06,102.529999,103.019997,101.940002,102.849998,101.472557,13088500
2025-02-07,103.000000,103.110001,101.110001,101.150002,99.795311,12451100
2025-02-10,101.949997,102.930000,101.250000,102.919998,101.541626,15274600
2025-02-11,102.620003,102.849998,101.849998,102.470001,101.097633,11953600
2025-02-12,102.120003,103.900002,102.040001,103.610001,102.222374,15162100
2025-02-13,104.000000,105.239998,103.529999,105.050003,103.643082,12604400
2025-02-14,105.300003,105.300003,103.599998,104.040001,102.646614,14109500
2025-02-18,103.720001,103.989998,102.510002,103.779999,102.390099,18247300
2025-02-19,103.849998,104.199997,102.550003,104.000000,102.607147,18508000
2025-02-20,98.779999,100.120003,96.680000,97.209999,95.908081,55450900
2025-02-21,96.529999,96.849998,94.120003,94.779999,93.510628,35014800
2025-02-24,94.180000,94.639999,92.120003,93.669998,92.415497,29755900
2025-02-25,94.349998,97.910004,94.239998,97.690002,96.381660,29331200
2025-02-26,97.699997,98.730003,96.070000,96.199997,94.911606,19069700
2025-02-27,95.900002,98.040001,95.809998,96.790001,95.493713,16431500
2025-02-28,97.790001,98.860001,97.169998,98.610001,97.289330,25451300
2025-03-03,97.980003,99.489998,96.830002,97.589996,96.282990,18372200
2025-03-04,95.760002,97.050003,94.459999,94.970001,93.698090,25227700
2025-03-05,94.970001,96.389999,94.750000,95.980003,94.694572,17639000
2025-03-06,94.800003,96.190002,94.180000,94.639999,93.372498,19957800
2025-03-07,93.940002,93.949997,90.760002,91.720001,90.491615,35913200
2025-03-10,89.760002,90.230003,86.610001,87.820000,86.643852,35148800
2025-03-11,87.290001,89.349998,87.139999,87.440002,86.268944,28687600
2025-03-12,87.879997,89.099998,84.879997,85.199997,84.058937,33301600
2025-03-13,84.940002,85.449997,83.870003,84.500000,83.368309,31507800
2025-03-14,84.959999,85.370003,84.059998,85.349998,84.206917,35500600
2025-03-17,85.129997,87.989998,84.980003,87.459999,86.288658,26297800
2025-03-18,87.440002,87.680000,85.500000,85.589996,84.443710,17850900
2025-03-19,85.949997,86.790001,85.620003,86.330002,85.173798,24555900
2025-03-20,85.809998,87.080002,85.519997,85.809998,84.660759,18185500
2025-03-21,85.279999,86.230003,84.779999,85.980003,85.061440,26797200
2025-03-24,86.470001,87.650002,86.349998,87.489998,86.555305,17900700
2025-03-25,86.760002,87.309998,84.620003,84.760002,83.854469,27908600
2025-03-26,85.190002,85.559998,84.570000,85.209999,84.299667,27228800
2025-03-27,84.779999,86.110001,84.779999,85.629997,84.715179,16782800
2025-03-28,85.430000,85.830002,84.699997,85.150002,84.240311,14790600
2025-03-31,84.760002,88.199997,84.370003,87.790001,86.852104,30269300
2025-04-01,87.540001,89.110001,87.370003,88.830002,87.880989,22080300
2025-04-02,88.199997,90.150002,88.120003,89.760002,88.801056,19384100
2025-04-03,86.279999,89.879997,86.279999,87.260002,86.327766,33012900
2025-04-04,85.639999,87.389999,82.650002,83.190002,82.301254,36209000
2025-04-07,80.239998,86.260002,79.809998,83.830002,82.934410,36884900
2025-04-08,85.849998,86.970001,81.029999,81.790001,80.916206,34351700
2025-04-09,83.330002,90.800003,83.019997,89.599998,88.642761,46632800
2025-04-10,88.730003,91.870003,88.160004,90.610001,89.641960,34735300
2025-04-11,90.680000,93.349998,90.010002,92.800003,91.808571,25508100
2025-04-14,93.269997,95.440002,92.900002,94.730003,93.717957,27742900
2025-04-15,94.820000,96.029999,93.870003,93.970001,92.966072,21871200
2025-04-16,94.000000,94.300003,90.610001,91.190002,90.215782,22229100
2025-04-17,91.830002,93.870003,91.620003,93.220001,92.224091,21393900
2025-04-21,93.019997,94.080002,91.339996,92.410004,91.422737,18361200
2025-04-22,92.879997,95.290001,92.879997,94.849998,93.836670,15407800
2025-04-23,95.019997,96.599998,94.160004,94.959999,93.945496,18046900
2025-04-24,94.709999,96.220001,93.660004,95.839996,94.816086,13444500
2025-04-25,95.800003,96.470001,94.360001,95.089996,94.074104,15317200
2025-04-28,95.099998,96.000000,94.339996,95.220001,94.202728,12950000
2025-04-29,94.839996,96.180000,94.419998,96.040001,95.013969,12679000
2025-04-30,95.940002,97.779999,94.930000,97.250000,96.211029,21639900
2025-05-01,97.019997,97.900002,96.589996,97.410004,96.369324,13171800
2025-05-02,97.949997,99.220001,97.849998,98.750000,97.695007,16031400
2025-05-05,98.940002,99.739998,98.529999,99.330002,98.268806,12439100
2025-05-06,98.739998,99.470001,98.410004,98.550003,97.497147,10626000
2025-05-07,98.550003,99.230003,98.309998,98.830002,97.774155,11301300
2025-05-08,98.750000,99.330002,97.360001,97.430000,96.389107,14461100
2025-05-09,96.750000,97.199997,96.290001,96.720001,95.918053,13697800
2025-05-12,97.669998,97.970001,95.620003,96.750000,95.947800,26783900
2025-05-13,96.500000,97.320000,95.230003,95.879997,95.085007,19746700
2025-05-14,96.029999,97.330002,95.830002,96.830002,96.027138,25620100
2025-05-15,94.300003,96.720001,91.889999,96.349998,95.551109,44026100
2025-05-16,96.139999,99.190002,96.000000,98.239998,97.425446,33746200
2025-05-19,96.650002,98.279999,95.809998,98.120003,97.306442,20041600
2025-05-20,98.559998,98.820000,96.519997,97.800003,96.989098,15609600
2025-05-21,97.129997,97.760002,95.980003,96.430000,95.630455,15742300
2025-05-22,96.540001,96.959999,95.820000,95.930000,95.134590,13712200
2025-05-23,95.339996,96.540001,95.000000,96.339996,95.541191,13668600
2025-05-27,97.300003,97.800003,96.580002,97.580002,96.770912,17180900
2025-05-28,97.519997,98.239998,97.059998,97.239998,96.433731,11220100
2025-05-29,97.629997,97.769997,96.849998,97.099998,96.294899,14338000
2025-05-30,96.959999,98.930000,96.599998,98.720001,97.901459,29980100
2025-06-02,98.839996,99.910004,98.050003,99.769997,98.942757,16999200
2025-06-03,99.570000,100.889999,98.570000,99.980003,99.151009,15598600
2025-06-04,99.790001,100.129997,99.320000,99.349998,98.526237,11115600
2025-06-05,99.300003,99.589996,97.610001,97.959999,97.147774,15817100
2025-06-06,98.370003,98.559998,96.970001,97.470001,96.661835,15599300
2025-06-09,97.400002,97.849998,96.769997,97.449997,96.641991,13655700
2025-06-10,97.290001,98.089996,96.480003,97.320000,96.513077,17162500
2025-06-11,97.290001,97.290001,95.349998,95.800003,95.005676,16389600
2025-06-12,94.889999,95.260002,93.430000,94.830002,94.043724,17845700
2025-06-13,94.519997,95.320000,94.010002,94.440002,93.656952,18694700
2025-06-16,94.750000,95.779999,94.099998,94.290001,93.508194,14881700
2025-06-17,93.949997,94.820000,93.620003,94.250000,93.468529,14935600
2025-06-18,94.570000,95.489998,94.089996,95.089996,94.301559,11333700
2025-06-20,95.239998,96.309998,95.199997,96.120003,95.323029,20604900
2025-06-23,95.919998,97.930000,95.669998,97.870003,97.058517,20432400
2025-06-24,97.730003,99.110001,97.250000,98.000000,97.187439,22403700
2025-06-25,98.309998,98.559998,97.150002,97.260002,96.453575,11154700
2025-06-26,96.900002,97.339996,95.919998,96.019997,95.223846,19361400
2025-06-27,96.320000,97.760002,96.160004,97.269997,96.463486,31431900
2025-06-30,97.230003,98.139999,96.309998,97.779999,96.969261,17803000
2025-07-01,97.599998,99.190002,97.419998,98.239998,97.425446,15635800
2025-07-02,98.129997,98.379997,97.059998,97.610001,96.800667,12502000
2025-07-03,97.699997,98.480003,97.419998,98.360001,97.544449,7686200
2025-07-07,98.230003,99.349998,97.620003,99.349998,98.526237,12930900
2025-07-08,98.820000,99.169998,96.510002,97.089996,96.284973,16875000
2025-07-09,97.150002,97.290001,96.379997,96.809998,96.007301,13702600
2025-07-10,96.660004,96.779999,94.739998,94.860001,94.073463,18894800
2025-07-11,95.010002,95.529999,94.230003,94.400002,93.617279,14595000
2025-07-14,94.510002,95.839996,94.379997,95.779999,94.985832,13779100
2025-07-15,95.599998,95.779999,94.940002,95.389999,94.599075,10450800
2025-07-16,95.419998,95.830002,94.610001,95.150002,94.361069,11181600
2025-07-17,95.080002,95.629997,94.889999,95.089996,94.301559,11165100
2025-07-18,95.089996,95.480003,94.430000,95.050003,94.261902,14636300
2025-07-21,95.260002,96.639999,95.099998,95.669998,94.876747,13450400
2025-07-22,95.839996,96.669998,95.739998,95.849998,95.055252,9049100
2025-07-23,96.010002,96.290001,95.290001,95.680000,94.886673,9729700
2025-07-24,95.570000,96.959999,95.349998,96.599998,95.799049,14991500
2025-07-25,96.839996,97.650002,96.529999,97.470001,96.661835,12868500
2025-07-28,97.279999,98.129997,97.080002,97.610001,96.800667,12293100
2025-07-29,97.779999,98.720001,97.339996,98.330002,97.514694,14034300
2025-07-30,98.610001,98.879997,97.290001,97.589996,96.780838,13864100
2025-07-31,97.440002,98.629997,97.309998,97.980003,97.167610,15651300
2025-08-01,98.000000,98.830002,97.669998,98.489998,97.673378,16750400
2025-08-04,98.199997,99.910004,98.199997,99.589996,98.764252,19050200
2025-08-05,99.669998,100.470001,98.910004,99.309998,98.486572,17977000
2025-08-06,99.459999,103.690002,99.459999,103.360001,102.502991,23738400
2025-08-07,103.459999,103.900002,102.110001,103.120003,102.264984,12509500
2025-08-08,103.370003,104.720001,103.150002,103.730003,102.869926,12394700
2025-08-11,103.900002,104.330002,103.110001,103.930000,103.068260,12856700
2025-08-12,104.250000,104.309998,103.370003,103.620003,102.760834,17915300
2025-08-13,102.150002,102.809998,100.849998,100.989998,100.152641,19398500
2025-08-14,101.220001,101.440002,100.720001,100.849998,100.013802,10858400
2025-08-15,100.629997,100.769997,99.540001,100.000000,99.402473,13604900
2025-08-18,100.000000,100.879997,99.919998,100.699997,100.098289,11656100
2025-08-19,100.959999,102.430000,100.800003,101.290001,100.684769,16999000
2025-08-20,101.150002,102.650002,100.930000,102.570000,101.957123,18655000
2025-08-21,99.410004,99.449997,96.949997,97.959999,97.374672,51825100
2025-08-22,98.070000,99.050003,96.760002,96.830002,96.251419,32695200
2025-08-25,97.000000,97.580002,96.070000,96.070000,95.495964,18956100
2025-08-26,96.279999,96.470001,95.419998,96.050003,95.476082,22270400
2025-08-27,95.900002,96.320000,95.599998,96.080002,95.505898,12925700
2025-08-28,96.000000,96.570000,95.699997,96.110001,95.535721,19241600
2025-08-29,96.099998,97.029999,95.800003,96.980003,96.400528,15600300
2025-09-02,97.230003,97.849998,96.510002,97.849998,97.265320,15351300
2025-09-03,97.849998,99.440002,97.500000,99.440002,98.845825,18995900
2025-09-04,99.910004,101.349998,99.650002,100.930000,100.326920,15640900
2025-09-05,101.080002,101.480003,99.550003,100.510002,99.909431,13748500
2025-09-08,100.849998,102.360001,100.419998,102.279999,101.668846,13685700
2025-09-09,102.000000,102.489998,101.550003,102.290001,101.678795,11819700
2025-09-10,101.949997,102.449997,100.389999,100.410004,99.810028,17934900
2025-09-11,100.989998,102.779999,100.279999,102.650002,102.036644,15900800
2025-09-12,102.540001,103.980003,102.360001,103.489998,102.871620,11641900
2025-09-15,103.650002,103.980003,103.410004,103.690002,103.070427,10756900
2025-09-16,103.849998,104.209999,103.129997,103.419998,102.802040,14481900
2025-09-17,103.730003,106.110001,103.730003,104.269997,103.646950,25382000
2025-09-18,103.779999,104.639999,102.120003,103.599998,102.980965,14869400
2025-09-19,103.809998,103.940002,102.089996,102.330002,101.718559,34791600
2025-09-22,102.449997,103.199997,101.919998,102.820000,102.205627,12861900
2025-09-23,102.410004,102.680000,101.330002,102.519997,101.907417,13158700
2025-09-24,103.040001,103.470001,102.480003,102.730003,102.116165,11391800
2025-09-25,103.220001,103.510002,102.580002,103.050003,102.434258,13366700
2025-09-26,102.879997,103.489998,102.470001,103.160004,102.543594,11859300
2025-09-29,103.050003,103.309998,102.080002,103.080002,102.464081,15477200
2025-09-30,103.000000,103.940002,102.720001,103.059998,102.444191,13873400
2025-10-01,102.559998,102.860001,100.550003,101.959999,101.350761,16142800
2025-10-02,101.449997,102.139999,99.870003,101.699997,101.092323,15605400
2025-10-03,101.459999,102.820000,101.199997,102.070000,101.460114,11867500
2025-10-06,101.879997,103.070000,101.580002,102.699997,102.086342,13303600
2025-10-07,102.379997,103.250000,100.949997,103.239998,102.623116,15538900
2025-10-08,103.019997,103.260002,102.150002,102.900002,102.285156,13584100
2025-10-09,103.129997,103.449997,100.370003,101.769997,101.161896,19508000
2025-10-10,102.050003,103.629997,101.519997,101.839996,101.231476,18519400
2025-10-13,101.370003,102.449997,101.070000,102.120003,101.509811,10871200
2025-10-14,104.050003,107.919998,102.889999,107.209999,106.569389,30859500
2025-10-15,107.320000,109.559998,107.300003,109.029999,108.378525,21416300
2025-10-16,109.199997,109.580002,105.660004,106.470001,105.833817,16366200
2025-10-17,107.169998,108.199997,106.220001,107.730003,107.086288,13735600
2025-10-20,107.849998,108.250000,106.610001,107.050003,106.410355,10581200
2025-10-21,107.330002,107.480003,106.180000,106.220001,105.585312,10899700
2025-10-22,106.550003,107.769997,105.660004,107.139999,106.499809,12296500
2025-10-23,107.349998,107.570000,105.779999,106.860001,106.221489,11408200
2025-10-24,107.070000,107.169998,105.510002,106.169998,105.535606,10318000
2025-10-27,106.339996,106.360001,104.150002,104.470001,103.845772,16375900
2025-10-28,104.059998,104.139999,103.050003,103.169998,102.553535,13323000
2025-10-29,102.910004,103.669998,102.110001,102.459999,101.847771,11986400
2025-10-30,102.199997,103.370003,101.959999,102.230003,101.619156,14065100
2025-10-31,101.699997,102.099998,100.180000,101.180000,100.575424,20237000
2025-11-03,100.820000,101.800003,100.400002,101.589996,100.982971,14811700
2025-11-04,102.129997,102.620003,101.459999,102.269997,101.658913,12636400
2025-11-05,101.739998,102.680000,100.849998,101.470001,100.863693,13356800
2025-11-06,101.339996,101.930000,100.029999,101.680000,101.072441,14866000
2025-11-07,102.129997,102.970001,101.730003,102.589996,101.976997,17248700
2025-11-10,102.150002,102.669998,101.599998,102.419998,101.808014,14507600
2025-11-11,102.500000,103.739998,102.320000,103.440002,102.821922,13182100
2025-11-12,103.349998,103.599998,102.660004,103.440002,102.821922,12084400
2025-11-13,103.589996,103.930000,102.019997,102.540001,101.927307,18088500
2025-11-14,100.199997,102.489998,98.879997,102.480003,101.867661,23424200
2025-11-17,102.580002,103.320000,102.099998,102.949997,102.334839,15289400
2025-11-18,102.980003,103.339996,101.379997,101.389999,100.784164,17604500
2025-11-19,101.580002,101.709999,99.680000,100.610001,100.008827,22157000
2025-11-20,103.940002,107.910004,102.680000,107.110001,106.469994,50375900
2025-11-21,107.980003,108.150002,104.720001,105.320000,104.690689,41420800
2025-11-24,105.360001,106.269997,103.760002,104.059998,103.438217,42519200
2025-11-25,104.610001,107.419998,104.230003,107.000000,106.360641,20212900
2025-11-26,107.199997,109.589996,107.169998,109.099998,108.448105,17783300
2025-11-28,109.300003,110.699997,109.000000,110.510002,109.849686,9846500
2025-12-01,110.510002,111.760002,110.360001,111.529999,110.863586,17236800
2025-12-02,111.470001,112.650002,110.790001,112.410004,111.738327,18711800
2025-12-03,112.500000,114.889999,112.220001,114.410004,113.726379,24478300
2025-12-04,113.620003,114.889999,113.160004,114.839996,114.153801,25905100
2025-12-05,114.730003,116.269997,114.680000,115.110001,114.422195,23956400
2025-12-08,114.570000,114.989998,112.300003,113.559998,112.881447,22700700
2025-12-09,113.949997,115.720001,113.019997,115.059998,114.372482,24326700
2025-12-10,115.349998,116.230003,112.989998,113.180000,112.503731,22859600
2025-12-11,113.139999,115.870003,112.849998,115.519997,114.829735,21586600
2025-12-12,115.260002,116.949997,115.019997,116.699997,116.239151,19092400
2025-12-15,116.930000,117.449997,115.639999,116.790001,116.328804,18713700
2025-12-16,116.580002,116.879997,114.949997,115.419998,114.964211,19642300
2025-12-17,115.199997,116.389999,115.070000,115.660004,115.203270,16177800
2025-12-18,115.010002,116.480003,114.610001,114.830002,114.376541,21476700
2025-12-19,115.139999,115.279999,113.529999,114.360001,113.908394,50043800
2025-12-22,114.010002,114.320000,112.220001,112.599998,112.155350,21473900
2025-12-23,111.989998,112.349998,110.699997,110.900002,110.462059,20319900
2025-12-24,110.900002,111.709999,110.550003,111.610001,111.169258,9009600
2025-12-26,111.720001,111.970001,111.360001,111.739998,111.298744,9003800
2025-12-29,111.589996,112.779999,111.570000,112.529999,112.085617,12979600
2025-12-30,111.889999,112.690002,111.839996,111.919998,111.478035,11730600