Date,Open,High,Low,Close,Adj Close,Volume
2020-01-02,70.239998,71.019997,70.239998,70.900002,52.947014,12456400
2020-01-03,71.339996,71.370003,70.160004,70.330002,52.521366,17386900
2020-01-06,70.320000,71.360001,70.230003,70.870003,52.924629,20081900
2020-01-07,70.500000,70.519997,69.510002,70.290001,52.491508,17387700
2020-01-08,70.110001,70.290001,69.169998,69.230003,51.699905,15137700
2020-01-09,69.139999,69.900002,68.629997,69.760002,52.095695,14811800
2020-01-10,69.930000,69.959999,69.120003,69.139999,51.632694,11995600
2020-01-13,69.199997,69.870003,69.110001,69.800003,52.125553,9953900
2020-01-14,69.379997,69.580002,68.889999,69.199997,51.677498,16261000
2020-01-15,69.199997,69.589996,68.889999,69.089996,51.595348,11390300
2020-01-16,69.300003,69.580002,68.800003,68.820000,51.393723,13340300
2020-01-17,68.750000,69.080002,68.290001,68.559998,51.199558,18144100
2020-01-21,68.379997,68.419998,67.510002,67.580002,50.467709,17982600
2020-01-22,67.559998,67.699997,67.000000,67.190002,50.176456,17033100
2020-01-23,66.709999,66.930000,66.050003,66.769997,49.862812,19605900
2020-01-24,66.540001,66.680000,66.040001,66.320000,49.526752,18238600
2020-01-27,65.419998,65.730003,64.699997,64.739998,48.346836,21231000
2020-01-28,65.110001,65.199997,64.629997,64.650002,48.279633,19664700
2020-01-29,65.029999,65.129997,63.900002,64.110001,47.876369,14202800
2020-01-30,63.779999,64.879997,63.430000,64.790001,48.384171,18544700
2020-01-31,63.200001,63.200001,61.860001,62.119999,46.390259,34282900
2020-02-03,61.380001,61.419998,60.369999,60.730000,45.352230,27389300
2020-02-04,61.450001,61.910000,59.889999,59.970001,44.784679,31922100
2020-02-05,60.750000,62.930000,60.599998,62.730000,46.845795,32099200
2020-02-06,62.930000,63.009998,61.779999,61.880001,46.211025,16055400
2020-02-07,61.410000,61.660000,61.060001,61.470001,45.904854,15112500
2020-02-10,60.480000,60.520000,59.619999,59.959999,45.420044,20934500
2020-02-11,60.580002,60.889999,60.169998,60.529999,45.851818,14908700
2020-02-12,61.340000,61.529999,60.560001,61.270000,46.412380,17862100
2020-02-13,61.060001,61.419998,60.560001,60.930000,46.154823,16949400
2020-02-14,61.150002,61.160000,60.279999,60.650002,45.942726,10855300
2020-02-18,60.150002,60.389999,59.450001,59.880001,45.359447,18948500
2020-02-19,60.110001,60.619999,59.830002,60.340000,45.707901,12804900
2020-02-20,60.230000,60.540001,59.720001,59.860001,45.344311,14817200
2020-02-21,59.509998,59.509998,58.790001,59.130001,44.791325,20315700
2020-02-24,57.619999,57.799999,56.360001,56.360001,42.693035,32096600
2020-02-25,56.750000,56.750000,53.970001,54.200001,41.056820,36414500
2020-02-26,54.549999,54.820000,52.930000,53.009998,40.155380,29801000
2020-02-27,51.709999,52.439999,49.799999,49.820000,37.738941,48141300
2020-02-28,48.770000,51.439999,48.009998,51.439999,38.966103,62446700
2020-03-02,52.590000,53.889999,51.130001,53.880001,40.814415,38127600
2020-03-03,53.950001,54.150002,50.980000,51.299999,38.860046,50580700
2020-03-04,52.230000,52.480000,51.119999,52.419998,39.708454,24079600
2020-03-05,50.419998,50.700001,49.040001,50.110001,37.958626,40788200
2020-03-06,48.840000,49.009998,47.200001,47.689999,36.125450,55640500
2020-03-09,41.709999,44.570000,40.799999,41.860001,31.709192,72896300
2020-03-10,46.169998,46.259998,41.450001,43.410000,32.883320,60445900
2020-03-11,42.389999,43.480000,41.750000,41.980000,31.800098,51986100
2020-03-12,39.900002,40.650002,37.000000,37.180000,28.164066,65725300
2020-03-13,40.009998,40.139999,35.000000,38.119999,28.876123,79891500
2020-03-16,34.400002,37.880001,33.250000,34.490002,26.126379,48924700
2020-03-17,35.209999,37.380001,34.200001,36.810001,27.883797,41204400
2020-03-18,34.549999,36.709999,31.230000,33.119999,25.088593,54036400
2020-03-19,33.730000,34.900002,32.349998,34.430000,26.080925,49412400
2020-03-20,34.840000,35.180000,31.559999,32.740002,24.800739,76534600
2020-03-23,32.529999,32.700001,30.110001,31.450001,23.823563,56952500
2020-03-24,34.419998,36.169998,33.330002,35.439999,26.846003,61835600
2020-03-25,36.509998,38.590000,35.180000,37.290001,28.247395,56607700
2020-03-26,37.500000,39.560001,36.720001,38.820000,29.406368,46722000
2020-03-27,37.130001,37.680000,36.200001,36.950001,27.989841,51558600
2020-03-30,36.230000,38.150002,35.860001,37.500000,28.406467,45835000
2020-03-31,38.340000,39.450001,37.369999,37.970001,28.762501,41491600
2020-04-01,36.860001,38.700001,36.340000,37.529999,28.429190,36045900
2020-04-02,38.740002,41.959999,37.900002,40.400002,30.603235,62000200
2020-04-03,41.450001,42.180000,38.520000,39.209999,29.701797,48425700
2020-04-06,39.880001,40.830002,39.230000,40.470001,30.656269,41301900
2020-04-07,42.900002,43.320000,41.160000,41.240002,31.239534,48921800
2020-04-08,41.950001,44.040001,41.470001,43.849998,33.216629,33355600
2020-04-09,45.459999,46.709999,41.740002,43.130001,32.671230,60107300
2020-04-13,44.450001,44.689999,41.970001,42.759998,32.390953,29651900
2020-04-14,43.000000,43.750000,41.910000,42.430000,32.140972,30769000
2020-04-15,41.000000,41.060001,39.380001,40.480000,30.663837,33125000
2020-04-16,40.480000,40.480000,38.930000,39.150002,29.656351,30934000
2020-04-17,39.880001,43.320000,39.869999,43.220001,32.739410,40829100
2020-04-20,40.750000,42.740002,40.540001,41.180000,31.194094,39260800
2020-04-21,40.400002,42.130001,39.630001,40.959999,31.027439,44381600
2020-04-22,42.599998,42.930000,41.860001,42.130001,31.913729,27074200
2020-04-23,43.130001,44.660000,42.810001,43.450001,32.913631,35271000
2020-04-24,44.400002,44.889999,43.130001,43.730000,33.125740,28653800
2020-04-27,43.590000,44.320000,42.230000,43.939999,33.284805,28274400
2020-04-28,44.369999,45.389999,44.110001,44.970001,34.065037,26545100
2020-04-29,46.259998,47.599998,46.160000,47.459999,35.951225,29502500
2020-04-30,47.680000,47.680000,45.770000,46.470001,35.201290,37076300
2020-05-01,45.630001,46.389999,43.000000,43.139999,32.678802,35399300
2020-05-04,42.509998,44.939999,42.220001,44.880001,33.996857,27465600
2020-05-05,46.259998,47.150002,44.660000,44.830002,33.958992,29276200
2020-05-06,44.930000,45.270000,43.900002,43.990002,33.322685,22659000
2020-05-07,44.959999,45.270000,43.970001,44.240002,33.512062,22160300
2020-05-08,45.310001,46.220001,44.980000,46.180000,34.981621,19977400
2020-05-11,46.110001,46.200001,45.509998,45.740002,34.648315,22258000
2020-05-12,45.419998,45.669998,44.119999,44.119999,34.069168,25439100
2020-05-13,43.740002,43.869999,41.599998,41.930000,32.378075,30827900
2020-05-14,41.070000,42.549999,40.200001,42.299999,32.663784,24856500
2020-05-15,42.380001,43.009998,41.849998,42.000000,32.432114,22445600
2020-05-18,44.400002,45.580002,44.060001,45.340000,35.011250,32026100
2020-05-19,45.549999,46.630001,43.930000,43.939999,33.930176,21771600
2020-05-20,44.619999,45.580002,44.570000,45.369999,35.034412,19352400
2020-05-21,45.439999,45.790001,44.389999,44.560001,34.408936,19130700
2020-05-22,44.049999,44.669998,43.450001,44.599998,34.439823,15406400
2020-05-26,45.740002,46.299999,45.470001,45.910000,35.451397,20356500
2020-05-27,46.660000,47.139999,45.410000,46.240002,35.706230,20788300
2020-05-28,46.430000,46.459999,44.930000,45.040001,34.779591,19698000
2020-05-29,44.820000,45.689999,44.369999,45.470001,35.111637,25874700
2020-06-01,45.320000,46.450001,44.799999,46.279999,35.737103,19031000
2020-06-02,46.860001,47.450001,46.750000,47.310001,36.532475,22319000
2020-06-03,48.000000,49.400002,47.950001,49.240002,38.022804,23418000
2020-06-04,48.880001,49.150002,48.160000,49.099998,37.914692,18731400
2020-06-05,51.650002,53.450001,51.599998,53.080002,40.988022,41328900
2020-06-08,54.720001,55.360001,53.459999,54.740002,42.269867,33579400
2020-06-09,52.880001,53.970001,52.450001,53.520000,41.327785,27276900
2020-06-10,53.500000,53.500000,50.599998,50.650002,39.111588,31156800
2020-06-11,47.529999,48.840000,46.099998,46.180000,35.659893,39183000
2020-06-12,48.040001,48.619999,45.910000,47.169998,36.424355,30978100
2020-06-15,45.349998,47.759998,44.750000,47.139999,36.401192,27929300
2020-06-16,49.570000,49.750000,47.240002,48.200001,37.219719,26203400
2020-06-17,48.000000,48.130001,46.599998,46.630001,36.007378,19279400
2020-06-18,46.110001,47.330002,45.770000,46.919998,36.231312,21478700
2020-06-19,48.220001,48.259998,45.980000,45.980000,35.505447,48899900
2020-06-22,45.689999,46.439999,45.400002,46.419998,35.845219,17565400
2020-06-23,46.900002,47.220001,46.500000,46.700001,36.061440,18916600
2020-06-24,45.910000,45.959999,44.250000,44.500000,34.362598,27626900
2020-06-25,44.049999,45.240002,43.689999,45.169998,34.879974,19353600
2020-06-26,44.880001,44.939999,43.500000,43.619999,33.683075,31518600
2020-06-29,43.810001,44.580002,43.540001,44.320000,34.223614,17052100
2020-06-30,43.430000,44.970001,43.160000,44.720001,34.532482,22153600
2020-07-01,44.490002,45.380001,43.669998,43.709999,33.752571,17290100
2020-07-02,44.619999,45.189999,43.930000,44.080002,34.038288,18216600
2020-07-06,44.669998,45.080002,43.840000,44.389999,34.277664,22692000
2020-07-07,43.900002,44.000000,43.110001,43.240002,33.389645,17407600
2020-07-08,43.150002,43.930000,42.840000,43.139999,33.312428,18291400
2020-07-09,42.900002,43.099998,41.290001,41.360001,31.937922,25882000
2020-07-10,41.119999,42.709999,41.099998,42.650002,32.934044,18951000
2020-07-13,42.980000,43.290001,42.230000,42.660000,32.941776,20028300
2020-07-14,42.529999,44.189999,42.259998,44.070000,34.030552,21444100
2020-07-15,45.029999,45.090000,44.209999,44.630001,34.462994,17332400
2020-07-16,44.310001,44.810001,43.790001,44.279999,34.192719,14673700
2020-07-17,44.330002,44.689999,43.389999,43.520000,33.605854,17958900
2020-07-20,43.209999,43.509998,42.480000,42.500000,32.818222,18553900
2020-07-21,43.150002,45.189999,43.110001,44.650002,34.478439,28821800
2020-07-22,44.150002,44.150002,43.369999,43.610001,33.675346,21345400
2020-07-23,43.400002,43.820000,43.020000,43.700001,33.744846,17934400
2020-07-24,43.880001,44.419998,43.189999,43.430000,33.536350,16415300
2020-07-27,43.230000,44.090000,42.970001,44.070000,34.030552,18547900
2020-07-28,43.910000,44.250000,43.459999,43.549999,33.629021,19190500
2020-07-29,43.709999,44.090000,43.340000,44.029999,33.999676,14143200
2020-07-30,43.130001,43.180000,41.830002,41.869999,32.331730,29901100
2020-07-31,41.160000,42.169998,40.910000,42.080002,32.493896,32116200
2020-08-03,42.049999,42.500000,41.470001,42.250000,32.625164,23033600
2020-08-04,42.340000,43.599998,42.240002,43.470001,33.567245,17724000
2020-08-05,44.150002,44.310001,43.529999,43.849998,33.860676,17175100
2020-08-06,43.400002,43.900002,43.250000,43.639999,33.698524,14434900
2020-08-07,43.230000,43.520000,42.810001,43.439999,33.544083,18757900
2020-08-10,43.990002,44.599998,43.599998,44.509998,34.370331,24367800
2020-08-11,45.500000,46.419998,44.730000,44.970001,34.725536,28987500
2020-08-12,44.459999,44.939999,43.630001,44.090000,34.717659,22503200
2020-08-13,43.500000,43.869999,42.919998,43.009998,33.867241,17338700
2020-08-14,42.599998,43.279999,42.410000,43.200001,34.016846,13595700
2020-08-17,43.169998,43.169998,42.470001,42.639999,33.575897,15554600
2020-08-18,42.590000,43.189999,42.290001,42.430000,33.410530,13014000
2020-08-19,42.349998,42.660000,41.869999,41.959999,33.040436,14473100
2020-08-20,41.689999,41.889999,41.299999,41.320000,32.536480,15678500
2020-08-21,41.299999,41.340000,40.709999,41.009998,32.292381,25517700
2020-08-24,41.279999,42.509998,41.090000,42.220001,33.245174,18208900
2020-08-25,41.660000,42.070000,40.700001,40.880001,32.190029,31285600
2020-08-26,40.639999,40.840000,40.000000,40.009998,31.504959,26795000
2020-08-27,40.000000,40.299999,39.310001,39.740002,31.292356,32034300
2020-08-28,39.840000,40.919998,39.759998,40.689999,32.040401,33477100
2020-08-31,40.639999,40.720001,39.900002,39.939999,31.449833,25259600
2020-09-01,39.750000,39.750000,39.049999,39.430000,31.048252,22464100
2020-09-02,39.230000,39.720001,38.950001,39.189999,30.859272,26413400
2020-09-03,39.200001,40.029999,38.880001,39.110001,30.796270,28817200
2020-09-04,39.459999,39.790001,38.650002,39.080002,30.772657,24632500
2020-09-08,38.250000,38.680000,37.349998,38.180000,30.063972,38496400
2020-09-09,38.349998,38.840000,37.919998,37.950001,29.882868,25886100
2020-09-10,38.270000,38.369999,36.900002,37.000000,29.134802,34381200
2020-09-11,37.130001,37.310001,36.490002,36.900002,29.056065,26838600
2020-09-14,36.910000,37.009998,36.490002,36.660000,28.867079,26129900
2020-09-15,36.799999,37.380001,36.209999,36.270000,28.559980,23724200
2020-09-16,36.459999,38.150002,36.270000,37.810001,29.772615,30890900
2020-09-17,37.349998,37.980000,36.970001,37.799999,29.764744,24696200
2020-09-18,37.529999,37.820000,36.700001,37.189999,29.284412,46853800
2020-09-21,36.430000,36.709999,35.680000,36.430000,28.685966,35351800
2020-09-22,36.459999,36.840000,35.470001,35.529999,27.977282,27303200
2020-09-23,35.650002,35.790001,34.349998,34.389999,27.079617,31251400
2020-09-24,34.400002,34.820000,33.759998,34.320000,27.024504,26796000
2020-09-25,34.000000,34.939999,33.880001,34.639999,27.276484,23486000
2020-09-28,35.139999,35.900002,35.099998,35.310001,27.804052,23396500
2020-09-29,35.000000,35.110001,33.990002,34.279999,26.992998,20770500
2020-09-30,34.639999,34.919998,34.130001,34.330002,27.032377,22223700
2020-10-01,33.790001,34.099998,32.939999,33.130001,26.087456,36890200
2020-10-02,32.250000,33.349998,32.209999,32.980000,25.969349,32694300
2020-10-05,33.320000,33.750000,33.169998,33.740002,26.567789,22965200
2020-10-06,34.119999,34.419998,33.310001,33.389999,26.292194,26731800
2020-10-07,33.639999,33.740002,33.209999,33.500000,26.378811,23779300
2020-10-08,33.880001,35.340000,33.759998,35.259998,27.764681,34413700
2020-10-09,35.680000,35.950001,34.650002,34.740002,27.355221,29228600
2020-10-12,34.540001,34.730000,34.230000,34.630001,27.268599,17912800
2020-10-13,34.730000,34.869999,34.099998,34.220001,26.945755,20995100
2020-10-14,34.060001,34.830002,34.029999,34.150002,26.890640,17743000
2020-10-15,33.700001,34.459999,33.270000,34.450001,27.126869,23251600
2020-10-16,34.369999,34.639999,33.880001,34.099998,26.851263,22627200
2020-10-19,34.099998,34.369999,33.389999,33.419998,26.315815,23645800
2020-10-20,33.660000,33.930000,33.330002,33.700001,26.536291,23040600
2020-10-21,33.509998,33.619999,33.139999,33.160000,26.111082,28619300
2020-10-22,33.180000,34.959999,33.020000,34.860001,27.449713,31831500
2020-10-23,34.970001,35.080002,33.860001,34.160000,26.898510,27429100
2020-10-26,33.610001,33.770000,32.950001,33.349998,26.260691,30888700
2020-10-27,33.150002,33.200001,32.700001,32.820000,25.843355,27100700
2020-10-28,32.099998,32.380001,31.520000,31.570000,24.859076,42136400
2020-10-29,31.410000,33.130001,31.110001,32.970001,25.961473,38622800
2020-10-30,32.410000,33.139999,32.009998,32.619999,25.685873,47885700
2020-11-02,33.139999,34.459999,32.570000,33.990002,26.764650,40130300
2020-11-03,34.490002,34.490002,33.130001,33.410000,26.307941,36773000
2020-11-04,33.270000,34.139999,32.529999,33.230000,26.166204,35410100
2020-11-05,33.369999,33.919998,33.139999,33.169998,26.118952,30824100
2020-11-06,33.099998,33.660000,32.619999,32.779999,25.811861,33985600
2020-11-09,36.419998,38.009998,36.060001,36.930000,29.079687,76879400
2020-11-10,37.049999,37.430000,35.980000,36.860001,29.724825,49055400
2020-11-11,37.090000,37.119999,36.189999,36.480000,29.418386,34124500
2020-11-12,35.860001,36.290001,34.869999,35.230000,28.410349,30933700
2020-11-13,35.400002,36.250000,35.380001,36.080002,29.095816,29241500
2020-11-16,37.590000,38.169998,37.099998,38.160000,30.773176,38596800
2020-11-17,37.810001,38.709999,37.380001,38.669998,31.184452,26521100
2020-11-18,39.020000,39.130001,37.200001,37.209999,30.007071,31068000
2020-11-19,36.860001,37.500000,36.560001,37.400002,30.160292,26954400
2020-11-20,37.349998,37.410000,36.779999,36.939999,29.789335,18351000
2020-11-23,37.500000,39.430000,37.279999,39.360001,31.740889,29367600
2020-11-24,40.509998,42.080002,40.220001,41.980000,33.853729,46979300
2020-11-25,41.669998,41.709999,40.650002,40.810001,32.910202,28178200
2020-11-27,40.700001,40.939999,39.869999,40.189999,32.410213,14971900
2020-11-30,39.799999,39.880001,37.970001,38.130001,30.748980,45614300
2020-12-01,38.959999,39.650002,38.470001,38.500000,31.047356,32472900
2020-12-02,38.389999,40.419998,38.340000,39.939999,32.208611,29369500
2020-12-03,40.070000,40.639999,39.730000,40.209999,32.426342,27038900
2020-12-04,40.770000,41.759998,40.650002,41.680000,33.611790,28723600
2020-12-07,41.419998,41.540001,40.669998,40.900002,32.982788,24899400
2020-12-08,40.529999,42.590000,40.439999,42.240002,34.063385,32573800
2020-12-09,42.709999,43.730000,42.380001,42.799999,34.514980,37824800
2020-12-10,43.200001,44.470001,42.759998,44.009998,35.490761,38058700
2020-12-11,43.700001,43.930000,43.209999,43.799999,35.321407,25478800
2020-12-14,44.340000,44.459999,42.180000,42.220001,34.047260,30595000
2020-12-15,42.439999,43.220001,42.060001,43.040001,34.708519,27138400
2020-12-16,43.750000,44.110001,42.959999,43.700001,35.240768,34273000
2020-12-17,44.000000,44.040001,43.400002,43.480000,35.063358,21204600
2020-12-18,43.270000,43.779999,42.419998,42.730000,34.458534,46596800
2020-12-21,41.110001,42.080002,40.529999,41.950001,33.829525,27869500
2020-12-22,41.580002,41.900002,41.230000,41.240002,33.256966,21792900
2020-12-23,41.509998,42.389999,41.459999,41.770000,33.684372,19085900
2020-12-24,41.650002,41.849998,41.380001,41.599998,33.547276,8039000
2020-12-28,41.689999,42.549999,41.520000,41.740002,33.660175,23877500
2020-12-29,42.040001,42.119999,41.200001,41.270000,33.281158,20287700
2020-12-30,41.330002,42.419998,41.270000,41.599998,33.547276,23807300
2020-12-31,41.470001,41.680000,40.970001,41.220001,33.240841,22786500
2021-01-04,41.450001,42.250000,41.000000,41.500000,33.466640,27764700
2021-01-05,41.840000,44.799999,41.830002,43.500000,35.079491,44035100
2021-01-06,44.410000,45.099998,43.700001,44.610001,35.974613,36484800
2021-01-07,45.000000,45.570000,44.529999,44.959999,36.256863,29528100
2021-01-08,45.200001,45.820000,44.950001,45.459999,36.660065,28628200
2021-01-11,45.040001,47.139999,44.750000,46.840000,37.772949,38246200
2021-01-12,47.459999,48.169998,46.910000,47.880001,38.611633,36915100
2021-01-13,48.529999,48.709999,47.689999,48.419998,39.047092,29000300
2021-01-14,48.500000,51.080002,48.500000,50.310001,40.571239,35474800
2021-01-15,48.910000,49.080002,47.290001,47.889999,38.619690,42411300
2021-01-19,48.450001,49.439999,48.349998,48.840000,39.385792,24932600
2021-01-20,49.110001,49.740002,48.990002,49.529999,39.942226,22342400
2021-01-21,49.330002,49.389999,47.680000,48.110001,38.797112,29044500
2021-01-22,47.009998,47.639999,46.639999,47.430000,38.248734,23264800
2021-01-25,46.900002,47.049999,46.160000,46.900002,37.821331,26395800
2021-01-26,47.259998,47.860001,45.849998,45.869999,36.990707,23976800
2021-01-27,45.000000,46.660000,44.529999,45.349998,36.571369,32410300
2021-01-28,45.939999,46.590000,45.689999,46.060001,37.143929,24967200
2021-01-29,45.549999,46.040001,44.509998,44.840000,36.160099,38961100
2021-02-01,45.580002,45.580002,44.290001,44.919998,36.224609,24412400
2021-02-02,45.810001,46.990002,45.279999,45.630001,36.797173,31940400
2021-02-03,45.630001,47.669998,45.419998,47.419998,38.240669,28459300
2021-02-04,47.880001,48.380001,47.250000,48.330002,38.974518,25280300
2021-02-05,49.180000,50.119999,49.040001,49.950001,40.280930,34980100
2021-02-08,50.919998,52.360001,50.709999,52.099998,42.014732,36998700
2021-02-09,50.669998,50.959999,49.770000,50.630001,41.522675,28977000
2021-02-10,50.630001,51.419998,50.389999,51.119999,41.924530,25723800
2021-02-11,50.889999,50.930000,48.779999,49.840000,40.874771,26972200
2021-02-12,49.430000,50.709999,49.410000,50.520000,41.432453,19756700
2021-02-16,51.959999,52.529999,51.619999,52.040001,42.679047,28060100
2021-02-17,52.349998,53.270000,51.799999,52.849998,43.343334,25509700
2021-02-18,52.810001,52.939999,51.860001,52.020000,42.662636,20627600
2021-02-19,52.110001,52.560001,51.919998,52.369999,42.949680,22607200
2021-02-22,52.590000,54.810001,52.590000,54.299999,44.532501,36435100
2021-02-23,54.980000,55.259998,53.740002,55.049999,45.147602,33527900
2021-02-24,55.189999,57.000000,54.869999,56.700001,46.500790,28728600
2021-02-25,56.980000,57.250000,55.349998,55.759998,45.729889,29670900
2021-02-26,54.410000,55.060001,53.119999,54.369999,44.589924,35291000
2021-03-01,56.470001,57.610001,56.130001,56.400002,46.254761,36998300
2021-03-02,56.650002,56.959999,56.020000,56.070000,45.984123,30302600
2021-03-03,56.419998,57.959999,55.880001,56.520000,46.353172,35358900
2021-03-04,57.119999,59.470001,57.099998,58.709999,48.149239,52137500
2021-03-05,59.830002,61.049999,59.110001,60.930000,49.969898,51429800
2021-03-08,61.580002,61.610001,59.820000,60.869999,49.920696,38154600
2021-03-09,60.610001,61.389999,59.470001,59.930000,49.149784,35645900
2021-03-10,60.520000,61.919998,60.029999,61.770000,50.658798,31579100
2021-03-11,61.779999,62.549999,61.259998,61.310001,50.281551,24802600
2021-03-12,61.549999,62.369999,61.500000,61.970001,50.822830,20422700
2021-03-15,61.490002,61.860001,59.869999,60.389999,49.527039,31243600
2021-03-16,59.540001,59.660000,58.439999,59.110001,48.477291,30624800
2021-03-17,58.689999,59.730000,58.619999,59.369999,48.690514,25575500
2021-03-18,58.810001,58.970001,56.520000,56.810001,46.591000,38622800
2021-03-19,56.709999,57.470001,55.810001,56.490002,46.328571,84439400
2021-03-22,56.500000,56.860001,55.900002,55.910000,45.852898,29315100
2021-03-23,54.939999,56.290001,54.450001,55.220001,45.287014,33493300
2021-03-24,56.080002,57.279999,56.080002,56.340000,46.205555,29781800
2021-03-25,55.209999,56.500000,54.500000,56.180000,46.074333,31495900
2021-03-26,57.299999,57.779999,56.520000,57.709999,47.329113,34226500
2021-03-29,57.340000,57.820000,56.740002,57.400002,47.074879,21144400
2021-03-30,56.860001,57.360001,56.490002,56.689999,46.492592,20303400
2021-03-31,56.349998,56.630001,55.799999,55.830002,45.787292,23686500
2021-04-01,56.320000,57.450001,56.139999,57.389999,47.066673,23194500
2021-04-05,57.299999,57.320000,56.139999,56.500000,46.336773,23264800
2021-04-06,56.840000,57.540001,56.259998,56.340000,46.205555,18926300
2021-04-07,56.389999,56.770000,56.240002,56.590000,46.410591,22385000
2021-04-08,55.930000,56.080002,55.320000,56.000000,45.926708,21999300
2021-04-09,56.000000,56.439999,55.529999,55.869999,45.820099,20020700
2021-04-12,56.759998,56.790001,55.310001,55.500000,45.516651,20238800
2021-04-13,55.299999,55.980000,55.090000,55.709999,45.688869,19370600
2021-04-14,56.410000,58.009998,56.250000,57.320000,47.009270,28051100
2021-04-15,57.419998,57.419998,56.779999,56.980000,46.730427,23250300
2021-04-16,57.360001,57.680000,56.439999,56.660000,46.467991,22752000
2021-04-19,56.750000,57.139999,55.959999,56.480000,46.320366,21123300
2021-04-20,56.470001,56.470001,54.779999,55.290001,45.344418,21782100
2021-04-21,54.500000,56.130001,54.299999,56.000000,45.926708,16625600
2021-04-22,55.990002,55.990002,55.020000,55.270000,45.328018,21600100
2021-04-23,55.270000,55.939999,55.180000,55.570000,45.574051,15337900
2021-04-26,55.470001,56.290001,55.439999,55.680000,45.664272,16083800
2021-04-27,56.009998,56.630001,55.810001,56.410000,46.262966,19278600
2021-04-28,56.910000,58.459999,56.790001,58.110001,47.657166,24729800
2021-04-29,58.919998,59.480000,58.150002,58.939999,48.337864,27318400
2021-04-30,58.330002,58.889999,57.160000,57.240002,46.943657,30518400
2021-05-03,57.980000,58.990002,57.740002,58.820000,48.239452,20509600
2021-05-04,59.000000,59.500000,58.509998,59.189999,48.542892,23522200
2021-05-05,59.770000,61.049999,59.400002,60.970001,50.002712,31526200
2021-05-06,60.860001,61.639999,60.029999,61.549999,50.478382,26836800
2021-05-07,61.070000,62.470001,60.849998,62.430000,51.200073,33610600
2021-05-10,63.240002,64.019997,62.529999,62.580002,51.323105,31956600
2021-05-11,61.630001,62.389999,60.389999,60.590000,49.691055,34563800
2021-05-12,60.009998,61.680000,59.750000,60.040001,49.957329,34426500
2021-05-13,59.000000,60.450001,58.750000,59.299999,49.341587,24268200
2021-05-14,59.930000,60.880001,59.930000,60.770000,50.564732,20735400
2021-05-17,60.540001,62.250000,60.430000,62.189999,51.746265,25282500
2021-05-18,62.000000,62.299999,60.400002,60.430000,50.281826,25170800
2021-05-19,59.099998,59.860001,58.419998,58.980000,49.075325,28889800
2021-05-20,58.950001,59.150002,58.240002,58.840000,48.958847,20692500
2021-05-21,59.419998,59.830002,58.849998,58.919998,49.025414,20792700
2021-05-24,59.080002,59.799999,58.689999,59.610001,49.599541,18400300
2021-05-25,59.500000,59.540001,58.119999,58.259998,48.476246,25616100
2021-05-26,58.250000,59.119999,57.900002,58.939999,49.042049,21698700
2021-05-27,59.230000,59.700001,58.020000,58.560001,48.725864,33556000
2021-05-28,58.730000,58.799999,58.110001,58.369999,48.567772,19246800
2021-06-01,59.450001,60.700001,59.450001,60.459999,50.306793,28474200
2021-06-02,60.750000,61.310001,60.169998,60.939999,50.706188,22978300
2021-06-03,60.549999,61.410000,60.349998,61.180000,50.905876,20272800
2021-06-04,61.459999,61.700001,60.779999,61.450001,51.130543,20427800
2021-06-07,61.330002,61.730000,61.020000,61.049999,50.797718,15477900
2021-06-08,61.500000,62.480000,60.669998,62.130001,51.696346,28953400
2021-06-09,62.669998,63.419998,62.189999,62.650002,52.129021,29133000
2021-06-10,63.610001,63.980000,62.250000,62.750000,52.212223,27488700
2021-06-11,63.009998,63.189999,62.139999,62.169998,51.729630,17631700
2021-06-14,62.299999,62.779999,61.570000,62.070000,51.646420,16997200
2021-06-15,62.480000,64.400002,62.349998,64.330002,53.526897,30717100
2021-06-16,64.320000,64.800003,63.560001,64.099998,53.335510,24803200
2021-06-17,63.860001,64.459999,61.270000,61.990002,51.579857,28491800
2021-06-18,61.000000,61.549999,60.240002,60.400002,50.256866,39590700
2021-06-21,60.930000,62.700001,60.900002,62.590000,52.079098,33145400
2021-06-22,62.849998,64.010002,62.230000,63.790001,53.077576,25140400
2021-06-23,64.050003,64.699997,63.580002,64.260002,53.468655,20701600
2021-06-24,64.150002,64.559998,63.810001,64.519997,53.684982,19568400
2021-06-25,64.610001,64.930000,64.360001,64.660004,53.801483,18438300
2021-06-28,64.559998,64.559998,62.750000,63.009998,52.428562,20570000
2021-06-29,63.209999,63.770000,62.590000,62.619999,52.104057,19579300
2021-06-30,62.700001,63.230000,62.450001,63.080002,52.486816,17875500
2021-07-01,64.330002,64.419998,62.770000,63.259998,52.636574,22530300
2021-07-02,63.009998,63.320000,62.419998,63.169998,52.561687,14555300
2021-07-06,62.750000,62.759998,60.900002,61.369999,51.063984,22110800
2021-07-07,61.180000,61.810001,59.619999,60.410000,50.265190,21671400
2021-07-08,59.450001,60.709999,59.310001,60.139999,50.040520,18935900
2021-07-09,60.700001,61.450001,60.240002,61.230000,50.947483,20086000
2021-07-12,60.419998,61.500000,60.160000,61.169998,50.897552,21809400
2021-07-13,61.000000,61.509998,60.509998,60.880001,50.656265,17147300
2021-07-14,61.169998,61.730000,59.360001,59.529999,49.532974,21573600
2021-07-15,59.169998,59.700001,58.770000,58.950001,49.050377,15851100
2021-07-16,59.180000,59.259998,57.150002,57.320000,47.694103,27049500
2021-07-19,55.639999,56.200001,54.599998,55.349998,46.054924,37969100
2021-07-20,55.500000,56.599998,55.029999,55.959999,46.562485,26756100
2021-07-21,56.860001,58.299999,56.830002,57.759998,48.060211,20908700
2021-07-22,57.730000,57.740002,56.660000,57.110001,47.519375,13493800
2021-07-23,57.290001,57.290001,56.470001,57.040001,47.461128,14088200
2021-07-26,57.160000,58.650002,57.000000,58.480000,48.659290,18387600
2021-07-27,58.009998,58.009998,57.209999,57.830002,48.118454,16861400
2021-07-28,58.000000,58.630001,57.619999,58.220001,48.442966,16855300
2021-07-29,59.000000,59.330002,58.560001,58.930000,49.033730,18607800
2021-07-30,58.880001,58.880001,57.320000,57.570000,47.902119,28652800
2021-08-02,57.549999,59.060001,57.400002,57.580002,47.910442,20873800
2021-08-03,57.570000,58.410000,56.930000,58.200001,48.426319,18208200
2021-08-04,57.189999,57.880001,56.810001,56.840000,47.294708,20868300
2021-08-05,57.130001,57.700001,56.830002,57.200001,47.594257,15180200
2021-08-06,57.660000,58.070000,57.529999,57.860001,48.143417,14888500
2021-08-09,57.130001,57.520000,56.830002,57.200001,47.594257,17828200
2021-08-10,57.419998,58.360001,57.299999,58.180000,48.409687,16340200
2021-08-11,58.189999,58.500000,57.720001,58.349998,48.551136,18278600
2021-08-12,57.400002,57.790001,56.869999,57.349998,48.441326,19225500
2021-08-13,57.029999,57.070000,56.299999,56.770000,47.951431,20063000
2021-08-16,56.020000,56.090000,55.270000,55.939999,47.250351,16959500
2021-08-17,55.500000,56.299999,55.000000,55.560001,46.929382,16243700
2021-08-18,55.419998,55.810001,54.310001,54.389999,45.941132,21890500
2021-08-19,53.470001,53.709999,52.099998,52.730000,44.538990,30923500
2021-08-20,52.270000,53.139999,52.110001,52.740002,44.547440,16918300
2021-08-23,53.950001,55.060001,53.950001,54.910000,46.380356,21632600
2021-08-24,55.290001,55.849998,55.009998,55.360001,46.760456,17915600
2021-08-25,55.240002,55.770000,54.869999,55.459999,46.844913,13270300
2021-08-26,55.200001,55.540001,54.630001,54.709999,46.211422,11842600
2021-08-27,55.400002,56.209999,55.400002,55.770000,47.106766,15822500
2021-08-30,56.240002,56.340000,55.119999,55.160000,46.591522,14086100
2021-08-31,54.930000,55.310001,54.459999,54.520000,46.050934,27104100
2021-09-01,54.490002,54.759998,53.599998,53.770000,45.417439,21644100
2021-09-02,54.290001,55.639999,54.270000,55.080002,46.523945,23293300
2021-09-03,55.119999,55.320000,54.599998,54.869999,46.346569,13840000
2021-09-07,54.669998,55.270000,54.470001,54.549999,46.076267,14354400
2021-09-08,54.790001,55.180000,54.009998,54.049999,45.653942,18756700
2021-09-09,53.619999,55.000000,53.299999,54.090000,45.687733,19110800
2021-09-10,55.189999,55.230000,53.950001,53.980000,45.594810,15123700
2021-09-13,54.650002,55.930000,54.619999,55.369999,46.768894,22052300
2021-09-14,55.689999,55.770000,54.410000,54.580002,46.101612,19940300
2021-09-15,55.369999,56.529999,55.310001,56.419998,47.655785,23240900
2021-09-16,56.459999,56.459999,55.500000,55.820000,47.148991,17907200
2021-09-17,55.340000,56.750000,55.099998,55.160000,46.591522,30000400
2021-09-20,53.779999,54.169998,52.959999,53.689999,45.349857,27555100
2021-09-21,54.369999,54.509998,53.250000,53.639999,45.307636,19696800
2021-09-22,54.430000,55.910000,54.369999,55.209999,46.633751,25690600
2021-09-23,55.419998,57.240002,55.279999,57.080002,48.213272,23069400
2021-09-24,56.700001,57.820000,56.680000,57.590000,48.644051,22328600
2021-09-27,58.849998,59.799999,58.820000,59.299999,50.088406,32972200
2021-09-28,59.900002,60.480000,59.509998,59.919998,50.612106,37619300
2021-09-29,59.840000,60.189999,59.049999,59.880001,50.578320,23422800
2021-09-30,60.119999,60.169998,58.810001,58.820000,49.682976,31289600
2021-10-01,59.410000,60.990002,59.410000,60.930000,51.465202,24407300
2021-10-04,61.320000,62.070000,60.950001,61.720001,52.132488,33946700
2021-10-05,62.520000,62.700001,61.020000,61.619999,52.048027,29641600
2021-10-06,60.470001,61.119999,59.750000,60.490002,51.093563,25284900
2021-10-07,60.610001,61.080002,60.139999,60.660000,51.237152,19513600
2021-10-08,61.250000,62.419998,61.250000,62.180000,52.521042,22186900
2021-10-11,63.029999,63.060001,61.500000,61.560001,51.997356,22121500
2021-10-12,61.570000,61.980000,60.849998,61.240002,51.727066,20198600
2021-10-13,60.779999,61.389999,60.209999,61.070000,51.583462,14991700
2021-10-14,61.709999,62.220001,61.169998,62.000000,52.369003,18594500
2021-10-15,62.730000,63.070000,62.439999,62.590000,52.867344,16092600
2021-10-18,63.090000,63.139999,62.270000,62.560001,52.842014,18282800
2021-10-19,62.869999,63.610001,62.669998,63.500000,53.635990,18933200
2021-10-20,62.889999,63.869999,62.720001,63.849998,53.931629,14305200
2021-10-21,63.470001,63.639999,62.349998,62.689999,52.951813,16564600
2021-10-22,62.770000,63.220001,62.349998,63.119999,53.315022,14266800
2021-10-25,63.720001,64.419998,63.580002,64.349998,54.353954,17939800
2021-10-26,64.489998,65.940002,64.360001,65.839996,55.612499,25585100
2021-10-27,65.160004,65.250000,63.980000,64.129997,54.168121,21764500
2021-10-28,63.820000,64.470001,63.630001,64.309998,54.320175,16626400
2021-10-29,65.050003,65.360001,64.330002,64.470001,54.455307,23966300
2021-11-01,65.070000,66.080002,65.019997,65.629997,55.435123,19656400
2021-11-02,65.029999,65.449997,64.660004,64.820000,54.750954,16300000
2021-11-03,64.040001,64.449997,63.660000,63.930000,53.999199,17372800
2021-11-04,64.680000,64.889999,63.830002,64.410004,54.404636,17720100
2021-11-05,65.050003,65.330002,64.559998,65.019997,54.919872,18565100
2021-11-08,65.550003,66.379997,65.379997,65.720001,55.511131,17696000
2021-11-09,65.769997,66.370003,65.309998,66.360001,56.051723,18781300
2021-11-10,65.320000,65.650002,63.770000,64.190002,54.947468,20177200
2021-11-11,64.190002,64.830002,64.019997,64.309998,55.050190,13319300
2021-11-12,63.959999,64.370003,63.580002,63.820000,54.630745,18158900
2021-11-15,63.759998,64.769997,63.220001,64.370003,55.101559,18849200
2021-11-16,64.339996,65.370003,64.339996,65.019997,55.657955,17028700
2021-11-17,64.379997,65.239998,64.180000,64.309998,55.050190,15497000
2021-11-18,64.160004,64.529999,63.110001,63.610001,54.450977,16948200
2021-11-19,61.889999,62.029999,60.410000,60.669998,51.934303,32035500
2021-11-22,60.320000,62.540001,60.320000,61.509998,52.653355,21994400
2021-11-23,62.189999,63.380001,61.919998,63.130001,54.040096,21185900
2021-11-24,62.580002,63.849998,62.580002,63.480000,54.339695,15869700
2021-11-26,60.520000,61.419998,59.540001,61.250000,52.430786,24979600
2021-11-29,62.570000,63.139999,61.290001,61.590000,52.721832,18946400
2021-11-30,60.459999,61.189999,59.660000,59.840000,51.223812,34979800
2021-12-01,60.900002,62.029999,59.750000,59.790001,51.181011,30630600
2021-12-02,59.740002,61.580002,59.139999,61.279999,52.456474,29216000
2021-12-03,61.919998,62.230000,60.349998,60.889999,52.122627,22014700
2021-12-06,61.720001,62.160000,61.419998,61.580002,52.713272,19210500
2021-12-07,62.340000,63.029999,62.099998,62.270000,53.303917,19800400
2021-12-08,62.610001,63.189999,62.340000,62.450001,53.458000,18214400
2021-12-09,62.049999,62.770000,61.810001,62.610001,53.594967,16910300
2021-12-10,63.270000,63.349998,62.230000,63.009998,53.937382,17942400
2021-12-13,62.470001,62.720001,61.349998,61.630001,52.756077,17793700
2021-12-14,61.259998,62.470001,61.220001,61.540001,52.679035,22551100
2021-12-15,61.189999,61.500000,60.009998,61.270000,52.447910,19961900
2021-12-16,61.439999,62.450001,61.299999,61.369999,52.533508,21187800
2021-12-17,60.950001,61.279999,59.689999,60.029999,51.386448,44338100
2021-12-20,58.790001,59.250000,57.959999,59.160000,50.641724,21819300
2021-12-21,59.750000,60.680000,59.720001,60.500000,51.788776,19798900
2021-12-22,60.340000,61.369999,59.970001,60.990002,52.208229,14058300
2021-12-23,61.169998,61.840000,61.000000,61.020000,52.233910,13543300
2021-12-27,60.930000,61.950001,60.419998,61.889999,52.978638,12593700
2021-12-28,61.910000,62.310001,61.400002,61.689999,52.807442,12781000
2021-12-29,61.480000,61.599998,60.919998,61.150002,52.345192,12733600
2021-12-30,61.220001,61.599998,60.770000,60.790001,52.037025,11940300
2021-12-31,60.740002,61.470001,60.700001,61.189999,52.379433,14072000
2022-01-03,61.240002,63.599998,61.209999,63.540001,54.391060,24282400
2022-01-04,64.129997,66.190002,64.099998,65.930000,56.436924,38584000
2022-01-05,66.500000,67.610001,66.480003,66.750000,57.138847,34033300
2022-01-06,68.000000,68.480003,67.070000,68.320000,58.482800,30668500
2022-01-07,68.519997,69.180000,67.980003,68.879997,58.962170,23985400
2022-01-10,68.970001,69.169998,67.949997,68.470001,58.611206,22760300
2022-01-11,68.889999,71.400002,68.580002,71.349998,61.076511,32936100
2022-01-12,71.139999,71.809998,70.639999,71.139999,60.896759,23045100
2022-01-13,71.120003,71.580002,70.309998,70.629997,60.460197,21043200
2022-01-14,70.650002,72.150002,70.599998,71.870003,61.521667,23012900
2022-01-18,72.820000,73.879997,72.010002,73.080002,62.557426,32841200
2022-01-19,73.750000,73.860001,72.550003,73.110001,62.583107,26431600
2022-01-20,72.500000,74.370003,72.260002,73.269997,62.720062,26774600
2022-01-21,73.180000,73.180000,71.040001,72.169998,61.778450,35995200
2022-01-24,70.879997,73.080002,69.809998,72.790001,62.309177,41507000
2022-01-25,72.589996,75.239998,71.389999,74.930000,64.141029,39278400
2022-01-26,75.430000,76.000000,73.489998,74.169998,63.490486,35252400
2022-01-27,75.459999,76.010002,73.989998,75.120003,64.303680,29174700
2022-01-28,74.970001,75.620003,73.949997,75.279999,64.440636,30595700
2022-01-31,74.970001,76.419998,74.269997,75.959999,65.022751,36085500
2022-02-01,76.449997,81.510002,76.269997,80.830002,69.191513,61033100
2022-02-02,80.059998,80.809998,79.150002,80.620003,69.011757,30299300
2022-02-03,80.089996,80.309998,79.019997,79.680000,68.207123,28529400
2022-02-04,80.870003,82.529999,80.870003,81.410004,69.688026,32197500
2022-02-07,81.139999,83.080002,80.639999,82.389999,70.526909,34949200
2022-02-08,82.269997,82.500000,79.919998,80.260002,68.703598,34356300
2022-02-09,79.580002,80.029999,78.709999,79.000000,68.374710,40106100
2022-02-10,78.720001,79.680000,77.790001,78.239998,67.716919,28527700
2022-02-11,78.620003,80.320000,78.230003,80.209999,69.421974,42002100
2022-02-14,79.580002,79.839996,77.050003,78.980003,68.357399,34652800
2022-02-15,76.900002,78.190002,76.419998,77.989998,67.500534,25075100
2022-02-16,78.790001,79.730003,78.040001,78.349998,67.812126,21733800
2022-02-17,78.480003,79.120003,77.949997,78.230003,67.708275,23738800
2022-02-18,77.160004,78.169998,76.889999,77.360001,66.955276,23394800
2022-02-22,79.669998,79.790001,75.309998,76.459999,66.176323,35947800
2022-02-23,76.459999,77.470001,76.129997,76.769997,66.444633,25385000
2022-02-24,79.000000,79.029999,74.029999,75.800003,65.605095,46199900
2022-02-25,76.690002,77.989998,76.260002,77.839996,67.370720,28310300
2022-02-28,76.510002,78.930000,76.199997,78.419998,67.872719,32204600
2022-03-01,78.769997,80.650002,78.330002,79.169998,68.521851,40002300
2022-03-02,80.599998,82.150002,79.820000,80.529999,69.698921,44321400
2022-03-03,79.860001,81.769997,79.629997,81.040001,70.140312,30196600
2022-03-04,81.050003,84.279999,80.660004,84.089996,72.780113,42802200
2022-03-07,84.919998,87.230003,83.900002,87.120003,75.402596,55207900
2022-03-08,89.050003,91.510002,85.430000,87.779999,75.973816,72082300
2022-03-09,84.029999,86.570000,81.599998,82.790001,71.654953,65466700
2022-03-10,84.010002,85.680000,82.900002,85.360001,73.879303,44644200
2022-03-11,84.070000,86.230003,83.970001,84.919998,73.498482,35303400
2022-03-14,83.059998,83.449997,80.500000,81.879997,70.867363,37462600
2022-03-15,78.820000,79.169998,76.370003,77.220001,66.834114,47957900
2022-03-16,77.809998,78.620003,76.250000,76.930000,66.583115,37812300
2022-03-17,78.180000,79.150002,77.070000,78.980003,68.357399,34041900
2022-03-18,79.059998,79.389999,78.099998,78.669998,68.089096,41461500
2022-03-21,80.120003,82.519997,79.739998,82.199997,71.144287,33089300
2022-03-22,81.629997,82.199997,80.790001,81.839996,70.832733,23132200
2022-03-23,83.339996,84.269997,83.050003,83.129997,71.949226,27716300
2022-03-24,83.459999,84.650002,82.750000,83.379997,72.165596,19871600
2022-03-25,82.919998,85.489998,82.790001,85.199997,73.740814,22398300
2022-03-28,83.169998,83.309998,82.019997,82.809998,71.672264,21552400
2022-03-29,80.809998,82.489998,79.760002,82.370003,71.291451,27036300
2022-03-30,83.059998,84.010002,82.709999,83.779999,72.511818,22079000
2022-03-31,82.870003,84.400002,82.550003,82.589996,71.481857,27861500
2022-04-01,81.989998,84.139999,81.989998,83.120003,71.940575,18671100
2022-04-04,83.559998,83.660004,82.050003,83.160004,71.975197,20869400
2022-04-05,83.500000,85.070000,82.559998,82.730003,71.603043,21753100
2022-04-06,83.419998,84.699997,82.940002,83.650002,72.399300,24768200
2022-04-07,83.830002,85.440002,82.709999,85.050003,73.611000,26122000
2022-04-08,85.169998,87.209999,85.169998,86.839996,75.160248,24866500
2022-04-11,85.779999,85.930000,83.500000,83.849998,72.572403,21800100
2022-04-12,85.709999,86.820000,85.379997,85.599998,74.087036,22444200
2022-04-13,86.610001,87.110001,85.190002,86.809998,75.134285,19306800
2022-04-14,86.669998,88.459999,86.230003,87.830002,76.017090,24566400
2022-04-18,88.500000,88.889999,87.750000,88.550003,76.640274,19032300
2022-04-19,88.010002,88.660004,87.269997,87.760002,75.956520,20382600
2022-04-20,87.970001,88.500000,87.300003,87.959999,76.129616,20689400
2022-04-21,88.949997,89.800003,86.790001,87.029999,75.324699,29010900
2022-04-22,86.660004,88.120003,85.000000,85.129997,73.680244,23591600
2022-04-25,82.370003,82.660004,79.290001,82.260002,71.196236,37698300
2022-04-26,82.730003,84.720001,82.180000,82.290001,71.222214,28941500
2022-04-27,83.389999,85.480003,82.279999,84.639999,73.256149,32773000
2022-04-28,84.879997,88.139999,84.070000,87.199997,75.471809,33683800
2022-04-29,88.139999,88.139999,84.699997,85.250000,73.784081,34656500
2022-05-02,85.010002,87.040001,84.629997,86.410004,74.788086,36335200
2022-05-03,86.260002,88.779999,86.120003,88.190002,76.328667,33908100
2022-05-04,89.500000,91.879997,88.910004,91.699997,79.366577,46188400
2022-05-05,92.040001,92.050003,88.389999,90.309998,78.163536,41013400
2022-05-06,90.980003,91.820000,89.349998,91.690002,79.357933,29619300
2022-05-09,89.440002,89.559998,84.019997,84.459999,73.100342,45851600
2022-05-10,85.639999,86.889999,83.519997,85.019997,73.585030,34483200
2022-05-11,86.430000,88.940002,86.279999,86.790001,75.116966,33020600
2022-05-12,85.949997,86.379997,83.400002,86.300003,75.457985,29491500
2022-05-13,87.360001,88.949997,86.349998,88.860001,77.696358,25798400
2022-05-16,88.980003,91.980003,88.970001,90.949997,79.523788,26101200
2022-05-17,91.730003,92.449997,91.120003,92.110001,80.538048,23120700
2022-05-18,92.510002,92.919998,89.830002,90.650002,79.261490,25451200
2022-05-19,89.000000,92.300003,89.000000,91.139999,79.689934,24387400
2022-05-20,91.930000,93.589996,90.400002,91.860001,80.319473,28795000
2022-05-23,92.660004,94.769997,92.550003,93.889999,82.094429,27239300
2022-05-24,92.820000,94.790001,92.320000,94.400002,82.540344,24293300
2022-05-25,94.580002,96.529999,94.470001,96.300003,84.201660,29947800
2022-05-26,96.599998,97.430000,96.199997,96.639999,84.498940,24314800
2022-05-27,95.949997,97.930000,95.300003,97.589996,85.329605,25588800
2022-05-31,98.559998,99.779999,95.709999,96.000000,83.939346,44888100
2022-06-01,97.019997,98.709999,96.620003,97.839996,85.548172,25815400
2022-06-02,97.290001,98.099998,96.790001,97.669998,85.399551,19089100
2022-06-03,97.900002,99.660004,97.900002,99.089996,86.641129,21038200
2022-06-06,99.180000,99.779999,98.669998,98.839996,86.422554,20682100
2022-06-07,99.699997,103.430000,99.489998,103.370003,90.383423,37810200
2022-06-08,103.489998,105.570000,102.980003,104.589996,91.450165,31613200
2022-06-09,103.419998,104.570000,102.160004,102.330002,89.474091,26607000
2022-06-10,101.940002,103.349998,99.790001,100.459999,87.839027,30950500
2022-06-13,97.519997,97.769997,93.919998,95.849998,83.808182,33421000
2022-06-14,97.410004,98.669998,95.269997,96.099998,84.026772,31264000
2022-06-15,95.989998,96.570000,93.269997,94.889999,82.968803,29620800
2022-06-16,92.410004,93.129997,90.279999,91.389999,79.908508,35696700
2022-06-17,90.959999,91.349998,85.660004,86.120003,75.300575,64610200
2022-06-21,88.580002,92.529999,88.519997,91.480003,79.987198,35951500
2022-06-22,87.540001,89.760002,87.529999,87.860001,76.821991,29727200
2022-06-23,88.660004,89.050003,83.519997,85.209999,74.504921,35757200
2022-06-24,86.949997,88.400002,85.809998,86.900002,75.982597,26639000
2022-06-27,87.809998,90.040001,87.669998,89.029999,77.844978,25478700
2022-06-28,91.120003,93.239998,90.349998,91.500000,80.004677,33096900
2022-06-29,92.980003,93.199997,87.760002,88.120003,77.049332,25400900
2022-06-30,86.139999,87.599998,84.669998,85.639999,74.880898,39948100
2022-07-01,86.739998,87.879997,84.709999,87.550003,76.550941,26327900
2022-07-05,86.339996,86.699997,83.010002,84.809998,74.155167,34591100
2022-07-06,83.760002,85.230003,81.010002,83.279999,72.817368,33375700
2022-07-07,85.379997,86.760002,85.300003,85.940002,75.143204,23817400
2022-07-08,86.949997,87.300003,84.930000,86.080002,75.265617,17673800
2022-07-11,85.169998,86.120003,84.360001,85.639999,74.880898,15603800
2022-07-12,83.779999,85.050003,82.860001,84.500000,73.884117,21013000
2022-07-13,83.379997,86.309998,83.300003,84.839996,74.181389,19928600
2022-07-14,81.849998,83.309998,80.690002,83.139999,72.694969,26343000
2022-07-15,84.800003,84.879997,82.900002,84.540001,73.919075,17243700
2022-07-18,86.580002,87.940002,85.750000,86.099998,75.283112,19395800
2022-07-19,86.419998,88.519997,86.250000,88.269997,77.180473,18248900
2022-07-20,87.580002,89.650002,87.250000,89.239998,78.028610,16584400
2022-07-21,86.930000,87.800003,85.209999,87.750000,76.725800,21375700
2022-07-22,87.550003,88.470001,86.629997,87.080002,76.139984,15479500
2022-07-25,88.160004,90.129997,87.419998,89.980003,78.675659,17536400
2022-07-26,91.129997,91.279999,89.000000,89.629997,78.369621,15141200
2022-07-27,90.279999,92.000000,89.400002,91.570000,80.065895,18047000
2022-07-28,92.180000,93.250000,91.010002,92.639999,81.001457,20353100
2022-07-29,94.449997,97.519997,94.099998,96.930000,84.752518,29825800
2022-08-01,94.790001,95.349998,93.230003,94.480003,82.610313,20793200
2022-08-02,94.690002,95.199997,93.820000,94.070000,82.251816,16722500
2022-08-03,94.419998,94.419998,90.790001,91.019997,79.584984,23580800
2022-08-04,90.309998,90.339996,86.430000,87.190002,76.236176,31821500
2022-08-05,86.360001,89.690002,86.279999,88.449997,77.337868,17408000
2022-08-08,88.610001,89.599998,88.220001,88.949997,77.775032,14458500
2022-08-09,90.050003,91.610001,89.949997,90.589996,79.209000,19083400
2022-08-10,90.680000,91.790001,89.190002,91.449997,79.960953,18302000
2022-08-11,91.839996,94.300003,91.440002,93.190002,82.274078,18797900
2022-08-12,92.480003,94.019997,92.110001,94.000000,82.989197,15058200
2022-08-15,90.529999,92.730003,89.660004,92.320000,81.505981,20755200
2022-08-16,92.029999,92.889999,91.290001,91.459999,80.746727,14038200
2022-08-17,91.269997,93.209999,90.919998,92.199997,81.400040,13678000
2022-08-18,93.150002,95.309998,93.089996,94.379997,83.324684,17770400
2022-08-19,94.160004,95.199997,93.800003,94.080002,83.059845,16128600
2022-08-22,93.419998,94.489998,91.860001,94.010002,82.998032,16019900
2022-08-23,95.550003,98.410004,95.449997,98.000000,86.520645,23764700
2022-08-24,98.010002,98.970001,97.360001,98.580002,87.032722,17050300
2022-08-25,98.919998,99.860001,98.099998,99.089996,87.482964,15305700
2022-08-26,98.769997,99.910004,97.419998,97.870003,86.405869,15531400
2022-08-29,98.180000,101.559998,98.139999,100.120003,88.392311,23059200
2022-08-30,98.360001,98.620003,95.820000,96.309998,85.028610,17086800
2022-08-31,94.029999,96.839996,93.589996,95.589996,84.392944,18340900
2022-09-01,94.419998,95.070000,92.290001,93.870003,82.874428,16423000
2022-09-02,96.349998,96.790001,95.110001,95.589996,84.392944,18206800
2022-09-06,96.160004,96.589996,94.510002,94.949997,83.827911,19201500
2022-09-07,93.190002,94.589996,92.300003,94.139999,83.112801,16274700
2022-09-08,94.660004,95.419998,93.720001,94.910004,83.792610,18759200
2022-09-09,96.519997,97.000000,95.320000,96.500000,85.196358,17158000
2022-09-12,97.650002,99.190002,96.879997,97.610001,86.176338,16118900
2022-09-13,96.610001,97.779999,94.910004,95.330002,84.163399,18229100
2022-09-14,96.190002,98.559998,96.150002,97.669998,86.229294,22655700
2022-09-15,96.220001,96.540001,94.050003,94.830002,83.721970,21092300
2022-09-16,95.070000,95.339996,92.000000,93.209999,82.291740,37874700
2022-09-19,91.010002,93.489998,91.000000,93.199997,82.282883,15342100
2022-09-20,92.730003,92.930000,91.639999,92.440002,81.611923,14712500
2022-09-21,93.570000,93.879997,90.870003,90.949997,80.296455,17332400
2022-09-22,92.199997,92.660004,90.519997,90.570000,79.960953,16139400
2022-09-23,87.500000,87.500000,84.849998,85.750000,75.705582,27738800
2022-09-26,84.900002,86.220001,83.889999,83.980003,74.142906,22043400
2022-09-27,85.610001,86.959999,84.809998,85.739998,75.696739,17307300
2022-09-28,86.120003,89.300003,85.919998,88.860001,78.451263,19543300
2022-09-29,88.180000,89.360001,87.129997,88.680000,78.292366,17896000
2022-09-30,88.169998,89.040001,87.309998,87.309998,77.082840,21357600
2022-10-03,90.040001,92.360001,89.720001,91.919998,81.152840,23881300
2022-10-04,93.239998,95.360001,92.709999,95.269997,84.110443,22133700
2022-10-05,95.750000,99.989998,95.660004,99.120003,87.509453,34857700
2022-10-06,98.470001,102.180000,98.330002,102.059998,90.105072,29124700
2022-10-07,102.190002,103.320000,100.180000,101.029999,89.195732,24507600
2022-10-10,101.489998,102.029999,98.720001,98.839996,87.262253,16786100
2022-10-11,97.220001,99.760002,96.750000,98.000000,86.520645,17804100
2022-10-12,97.500000,98.910004,97.230003,98.430000,86.900269,12635800
2022-10-13,97.550003,102.449997,97.400002,101.870003,89.937340,22019100
2022-10-14,101.120003,102.239998,99.040001,99.190002,87.571266,15222000
2022-10-17,101.070000,101.970001,100.500000,100.620003,88.833740,14283200
2022-10-18,101.540001,102.349998,99.230003,100.800003,88.992676,14065400
2022-10-19,101.250000,103.989998,101.230003,103.790001,91.632423,20921700
2022-10-20,104.320000,105.000000,103.410004,103.930000,91.756020,17649000
2022-10-21,104.449997,106.400002,103.910004,105.860001,93.459961,22814100
2022-10-24,105.660004,107.680000,105.120003,106.599998,94.113289,17024200
2022-10-25,106.410004,107.330002,105.070000,105.879997,93.477608,15719800
2022-10-26,106.260002,107.830002,106.000000,107.139999,94.590027,17383800
2022-10-27,108.410004,109.580002,107.419998,107.550003,94.951988,18214000
2022-10-28,109.459999,111.209999,108.120003,110.699997,97.733017,28169400
2022-10-31,109.500000,112.910004,109.440002,110.809998,97.830132,26401800
2022-11-01,112.370003,112.570000,110.650002,111.910004,98.801270,22213100
2022-11-02,111.580002,112.099998,109.309998,109.610001,96.770699,20654200
2022-11-03,108.580002,111.820000,108.309998,111.099998,98.086166,17103700
2022-11-04,113.000000,113.500000,110.800003,112.309998,99.154427,17541500
2022-11-07,112.410004,113.989998,112.129997,113.639999,100.328629,16008000
2022-11-08,113.480003,114.660004,112.599998,114.000000,100.646454,14661000
2022-11-09,113.099998,113.279999,108.570000,108.900002,96.143845,19522800
2022-11-10,110.190002,110.699997,107.570000,110.500000,97.556450,20146700
2022-11-11,112.580002,114.500000,112.489998,113.949997,100.602333,20518900
2022-11-14,112.629997,114.639999,112.489998,113.370003,100.896004,20858300
2022-11-15,113.800003,114.529999,112.870003,114.129997,101.572395,19373800
2022-11-16,113.440002,114.260002,111.860001,112.910004,100.486618,13591000
2022-11-17,111.290001,113.199997,110.750000,113.059998,100.620117,12425900
2022-11-18,110.900002,112.480003,109.610001,112.080002,99.747948,15415000
2022-11-21,109.989998,111.199997,107.480003,110.970001,98.760086,20973000
2022-11-22,112.209999,114.470001,111.430000,114.180000,101.616905,17719100
2022-11-23,112.320000,113.949997,112.099998,113.610001,101.109604,11546700
2022-11-25,113.879997,114.610001,113.059998,113.209999,100.753609,7136000
2022-11-28,110.660004,111.459999,109.620003,109.809998,97.727722,23015500
2022-11-29,110.610001,111.800003,109.790001,110.540001,98.377403,14453200
2022-11-30,111.540001,111.900002,109.779999,111.339996,99.089378,23158100
2022-12-01,111.639999,112.070000,110.180000,110.800003,98.608803,14398300
2022-12-02,109.510002,111.709999,109.199997,109.860001,97.772224,15248400
2022-12-05,110.699997,111.360001,105.940002,106.849998,95.093391,19287700
2022-12-06,105.900002,107.040001,103.150002,103.879997,92.450195,21197000
2022-12-07,103.779999,104.849998,102.370003,103.650002,92.245491,20061700
2022-12-08,106.279999,106.800003,103.709999,104.419998,92.930763,21128800
2022-12-09,104.589996,105.949997,103.300003,103.540001,92.147591,21298200
2022-12-12,103.830002,106.239998,103.589996,106.089996,94.417023,20413200
2022-12-13,107.800003,108.540001,107.019997,107.250000,95.449387,24305300
2022-12-14,107.989998,108.300003,105.750000,106.459999,94.746307,17597300
2022-12-15,105.330002,106.169998,103.699997,105.440002,93.838539,15365100
2022-12-16,103.690002,105.580002,103.129997,104.699997,93.179955,54596600
2022-12-19,105.260002,106.199997,104.379997,105.169998,93.598251,13611100
2022-12-20,105.169998,107.510002,105.070000,106.690002,94.951019,14680000
2022-12-21,108.290001,108.589996,107.160004,108.059998,96.170265,13565400
2022-12-22,107.889999,108.190002,104.099998,105.879997,94.230125,13213000
2022-12-23,106.949997,108.739998,106.900002,108.680000,96.722046,11539400
2022-12-27,109.269997,110.470001,108.830002,110.190002,98.065910,11962100
2022-12-28,109.910004,110.000000,107.900002,108.379997,96.455063,10702100
2022-12-29,107.989998,109.720001,107.989998,109.199997,97.184830,10534000
2022-12-30,108.610001,110.500000,108.610001,110.300003,98.163803,11799600
2023-01-03,109.779999,110.019997,105.489998,106.510002,94.790817,15146200
2023-01-04,104.800003,107.160004,104.760002,106.820000,95.066696,18058400
2023-01-05,106.339996,109.949997,106.309998,109.209999,97.193741,15946600
2023-01-06,110.080002,111.989998,109.669998,110.529999,98.368500,16348100
2023-01-09,111.639999,111.639999,107.809998,108.470001,96.535149,17964600
2023-01-10,109.790001,110.330002,108.010002,110.089996,97.976913,15104600
2023-01-11,110.989998,111.449997,109.089996,111.370003,99.116089,16710400
2023-01-12,111.820000,113.739998,111.739998,113.220001,100.762535,15357300
2023-01-13,113.110001,113.489998,112.160004,113.150002,100.700218,12011400
2023-01-17,113.410004,114.080002,112.669998,112.930000,100.504417,16542200
2023-01-18,113.260002,114.120003,110.400002,110.610001,98.439705,16399700
2023-01-19,110.070000,112.129997,109.580002,111.320000,99.071564,12928000
2023-01-20,111.360001,113.440002,110.610001,113.349998,100.878204,16515600
2023-01-23,113.639999,114.589996,112.639999,112.760002,100.353127,16584400
2023-01-24,109.160004,114.019997,104.870003,113.809998,101.287605,13583000
2023-01-25,113.230003,113.650002,111.389999,113.209999,100.753609,11914700
2023-01-26,114.720001,117.779999,114.339996,117.760002,104.802994,21019700
2023-01-27,116.949997,117.669998,115.389999,115.610001,102.889542,15179200
2023-01-30,115.089996,115.489998,113.150002,113.559998,101.065117,18672100
2023-01-31,112.099998,116.400002,110.430000,116.010002,103.245560,27861800
2023-02-01,115.830002,117.379997,113.339996,114.739998,102.115265,19464900
2023-02-02,114.849998,115.070000,109.830002,111.150002,98.920280,24562100
2023-02-03,111.900002,114.110001,111.559998,111.919998,99.605560,20226600
2023-02-06,112.360001,113.089996,110.320000,111.730003,99.436478,13855200
2023-02-07,112.389999,115.309998,112.019997,114.919998,102.275459,16013300
2023-02-08,115.050003,115.830002,113.849998,113.919998,101.385498,18459700
2023-02-09,114.620003,116.239998,114.180000,114.349998,101.768173,17439300
2023-02-10,116.510002,119.629997,116.160004,119.169998,106.057846,24918600
2023-02-13,117.720001,118.180000,115.900002,117.800003,105.645302,14536200
2023-02-14,117.010002,117.809998,116.019997,116.419998,104.407700,12079000
2023-02-15,115.720001,116.089996,114.139999,116.070000,104.093811,13663400
2023-02-16,115.309998,116.779999,114.800003,115.730003,103.788895,11360600
2023-02-17,114.190002,114.190002,110.980003,111.279999,99.798035,20758300
2023-02-21,110.809998,112.379997,110.809998,111.169998,99.699394,14469400
2023-02-22,110.480003,110.970001,108.639999,109.730003,98.407974,13973800
2023-02-23,110.730003,111.830002,109.900002,110.739998,99.313759,11289400
2023-02-24,109.330002,110.959999,109.019997,110.750000,99.322739,14351000
2023-02-27,110.800003,111.260002,109.959999,110.550003,99.143372,11710500
2023-02-28,111.239998,111.360001,109.220001,109.910004,98.569420,18107000
2023-03-01,109.309998,111.860001,109.239998,110.889999,99.448273,13200000
2023-03-02,110.620003,111.699997,110.169998,111.400002,99.905655,10339900
2023-03-03,110.050003,113.370003,109.949997,112.809998,101.170174,13006700
2023-03-06,111.989998,113.839996,111.870003,113.809998,102.066994,14347400
2023-03-07,112.809998,113.169998,111.169998,111.610001,100.093994,11525300
2023-03-08,111.230003,112.419998,109.070000,109.980003,98.632187,13509800
2023-03-09,110.870003,112.230003,109.029999,109.129997,97.869881,12961200
2023-03-10,109.559998,111.040001,107.150002,107.779999,96.659180,15795700
2023-03-13,105.339996,107.860001,103.720001,106.540001,95.547112,20745600
2023-03-14,106.349998,109.010002,104.959999,106.940002,95.905861,18263500
2023-03-15,102.820000,104.199997,100.220001,101.620003,91.134773,25733800
2023-03-16,99.110001,101.680000,98.019997,101.029999,90.605659,27465200
2023-03-17,100.599998,101.610001,99.139999,99.839996,89.538422,43199500
2023-03-20,99.629997,102.480003,99.500000,102.449997,91.879120,32042100
2023-03-21,104.169998,107.279999,104.129997,107.040001,95.995529,31592300
2023-03-22,106.800003,107.180000,104.559998,104.589996,93.798317,14952700
2023-03-23,105.360001,106.339996,102.440002,103.410004,92.740089,14385900
2023-03-24,101.470001,103.849998,100.910004,103.529999,92.847702,13401600
2023-03-27,104.739998,106.480003,103.910004,105.800003,94.883484,14805900
2023-03-28,105.440002,107.650002,105.190002,107.120003,96.067276,11047600
2023-03-29,108.059998,109.160004,107.489998,108.959999,97.717430,14219100
2023-03-30,109.550003,109.570000,108.519997,109.489998,98.192734,11578200
2023-03-31,109.680000,110.169998,109.050003,109.660004,98.345207,14418000
2023-04-03,113.389999,116.849998,113.120003,116.129997,104.147606,28087700
2023-04-04,116.260002,116.699997,114.169998,115.019997,103.152153,16365500
2023-04-05,115.349998,117.000000,114.309998,116.989998,104.918884,16479500
2023-04-06,116.860001,117.180000,114.769997,115.050003,103.179054,15778000
2023-04-10,114.779999,116.180000,114.169998,114.540001,102.721672,13006600
2023-04-11,114.959999,116.199997,114.379997,115.349998,103.448105,11758500
2023-04-12,116.160004,116.589996,114.930000,115.230003,103.340492,10919000
2023-04-13,114.599998,115.889999,114.129997,115.769997,103.824776,12399700
2023-04-14,115.900002,116.660004,115.120003,116.050003,104.075882,11530800
2023-04-17,115.489998,116.510002,114.419998,114.699997,102.865158,13260400
2023-04-18,114.389999,117.209999,114.300003,116.940002,104.874054,17436100
2023-04-19,116.080002,116.900002,115.769997,116.570000,104.542221,10682600
2023-04-20,115.129997,115.680000,113.230003,115.639999,103.708191,17038700
2023-04-21,116.489998,116.879997,115.260002,116.010002,104.040016,14315300
2023-04-24,115.919998,118.889999,115.879997,118.199997,106.004036,15831300
2023-04-25,117.550003,117.739998,115.629997,116.519997,104.497375,12179800
2023-04-26,116.029999,117.089996,114.680000,115.449997,103.537788,15566100
2023-04-27,115.620003,117.010002,114.879997,116.830002,104.775391,16279200
2023-04-28,117.250000,119.919998,116.830002,118.339996,106.129578,24381900
2023-05-01,115.989998,117.300003,114.449997,114.669998,102.838249,17355000
2023-05-02,113.940002,113.940002,109.290001,110.099998,98.739799,24324100
2023-05-03,109.080002,109.809998,107.760002,107.930000,96.793701,16212300
2023-05-04,107.900002,108.750000,105.910004,106.040001,95.098732,17177200
2023-05-05,108.550003,109.430000,107.529999,108.680000,97.466324,14968200
2023-05-08,110.500000,110.970001,109.040001,109.110001,97.851959,11187800
2023-05-09,108.339996,110.230003,108.209999,109.139999,97.878845,11370800
2023-05-10,109.739998,110.010002,106.709999,107.739998,96.623291,14884800
2023-05-11,106.489998,106.820000,104.930000,105.790001,94.874519,17165900
2023-05-12,106.309998,107.010002,104.779999,105.779999,94.865540,12613300
2023-05-15,105.510002,105.930000,104.580002,105.070000,95.046448,13715600
2023-05-16,104.629997,104.809998,102.019997,102.519997,92.739716,14795200
2023-05-17,103.389999,105.230003,102.849998,104.820000,94.820313,14064700
2023-05-18,104.550003,105.910004,104.129997,105.769997,95.679672,12005600
2023-05-19,106.570000,107.050003,105.820000,106.260002,96.122940,13359600
2023-05-22,105.839996,107.040001,104.879997,104.970001,94.955986,12882000
2023-05-23,105.989998,108.220001,105.750000,106.400002,96.249588,14394400
2023-05-24,107.379997,108.510002,106.730003,107.589996,97.326042,16340300
2023-05-25,105.940002,106.430000,104.709999,105.660004,95.580177,14316500
2023-05-26,106.470001,106.949997,104.830002,104.970001,94.955986,12370300
2023-05-30,103.290001,104.120003,102.610001,104.040001,94.114731,11938000
2023-05-31,102.290001,103.040001,101.739998,102.180000,92.432159,24926100
2023-06-01,101.750000,105.580002,101.260002,103.360001,93.499596,13551900
2023-06-02,105.160004,106.129997,104.529999,105.760002,95.670647,14112000
2023-06-05,107.190002,107.190002,105.089996,105.290001,95.245468,10628000
2023-06-06,104.150002,106.269997,103.980003,106.150002,96.023430,12209800
2023-06-07,106.790001,108.889999,106.730003,108.529999,98.176384,16027100
2023-06-08,108.769997,109.139999,105.900002,108.190002,97.868813,13517100
2023-06-09,108.459999,108.610001,107.160004,107.389999,97.145142,12251600
2023-06-12,105.809998,107.059998,105.559998,106.419998,96.267662,14112000
2023-06-13,107.379997,108.339996,106.279999,106.440002,96.285767,13533800
2023-06-14,107.449997,108.110001,104.389999,105.160004,95.127876,16627700
2023-06-15,105.500000,107.029999,105.440002,105.889999,95.788231,16224100
2023-06-16,106.360001,106.769997,104.959999,105.129997,95.100723,43128900
2023-06-20,104.680000,104.769997,102.120003,102.720001,92.920639,17514100
2023-06-21,102.500000,104.629997,102.330002,103.870003,93.960945,13285700
2023-06-22,102.839996,103.889999,102.650002,103.300003,93.445305,12455300
2023-06-23,102.589996,102.820000,101.620003,102.400002,92.631172,17933600
2023-06-26,102.199997,104.910004,102.199997,104.290001,94.340881,14283400
2023-06-27,104.050003,104.610001,103.269997,104.550003,94.576057,13227500
2023-06-28,104.309998,105.820000,103.199997,105.400002,95.344971,13084100
2023-06-29,105.660004,106.730003,105.129997,106.699997,96.520950,11364400
2023-06-30,107.320000,107.879997,106.809998,107.250000,97.018494,13544700
2023-07-03,107.489998,108.459999,107.070000,107.459999,97.208458,7397000
2023-07-05,107.629997,107.919998,106.099998,106.910004,96.710930,12491200
2023-07-06,105.089996,105.720001,102.430000,102.919998,93.101563,17961400
2023-07-07,101.919998,104.000000,101.559998,103.160004,93.318672,21929200
2023-07-10,102.970001,104.750000,102.750000,104.690002,94.702705,14877600
2023-07-11,105.260002,106.160004,104.809998,105.970001,95.860603,12576500
2023-07-12,107.000000,107.650002,106.129997,106.489998,96.330994,13238200
2023-07-13,105.970001,106.230003,103.320000,104.540001,94.567024,26826800
2023-07-14,104.050003,104.050003,100.529999,100.940002,91.310455,28181900
2023-07-17,100.720001,101.669998,100.220001,101.379997,91.708473,18051300
2023-07-18,100.919998,102.199997,100.339996,100.919998,91.292366,24617800
2023-07-19,101.050003,102.400002,100.800003,101.620003,91.925583,15556500
2023-07-20,102.540001,103.660004,102.360001,103.410004,93.544823,15740200
2023-07-21,104.160004,104.379997,103.260002,103.889999,93.979042,17121500
2023-07-24,104.360001,106.160004,103.959999,105.519997,95.453522,15090900
2023-07-25,105.059998,106.089996,104.540001,105.680000,95.598267,14116100
2023-07-26,105.110001,105.720001,104.639999,105.089996,95.064545,15159600
2023-07-27,106.000000,106.989998,104.739998,105.419998,95.363075,17677900
2023-07-28,105.110001,105.160004,102.320000,104.160004,94.223259,17566400
2023-07-31,105.190002,107.860001,105.190002,107.239998,97.009453,24197000
2023-08-01,106.949997,107.320000,105.529999,106.620003,96.448593,14177400
2023-08-02,106.260002,106.379997,104.570000,105.290001,95.245468,13484100
2023-08-03,105.889999,107.879997,105.300003,107.120003,96.900887,16280400
2023-08-04,107.959999,109.239998,107.330002,107.419998,97.172264,14279600
2023-08-07,107.900002,108.419998,106.510002,107.199997,96.973259,12410800
2023-08-08,106.040001,107.750000,104.839996,107.730003,97.452698,14065600
2023-08-09,108.709999,110.419998,108.309998,109.559998,99.108116,19919600
2023-08-10,110.190002,111.629997,109.440002,110.120003,99.614693,15837200
2023-08-11,110.370003,112.070000,110.050003,111.830002,101.161560,14047000
2023-08-14,111.680000,111.980003,110.779999,111.919998,101.242981,12973400
2023-08-15,110.750000,110.860001,107.970001,108.160004,98.643723,14909600
2023-08-16,108.279999,109.330002,106.279999,106.339996,96.983849,13695100
2023-08-17,107.419998,110.150002,107.419998,108.400002,98.862617,16709500
2023-08-18,107.639999,110.199997,107.620003,110.040001,100.358322,16224000
2023-08-21,110.360001,110.980003,108.139999,108.709999,99.145332,11092400
2023-08-22,109.169998,109.720001,107.949997,108.099998,98.588997,10518800
2023-08-23,107.040001,107.300003,105.720001,107.150002,97.722580,11435600
2023-08-24,106.419998,107.769997,106.070000,106.349998,96.992973,10818500
2023-08-25,107.430000,108.930000,106.620003,108.250000,98.725807,13579300
2023-08-28,108.449997,110.040001,108.440002,109.160004,99.555733,10382100
2023-08-29,109.660004,110.019997,108.419998,109.809998,100.148552,9665000
2023-08-30,110.440002,111.139999,109.980003,110.879997,101.124413,11922100
2023-08-31,111.120003,111.419998,110.620003,111.190002,101.407143,17479800
2023-09-01,112.199997,113.820000,112.199997,113.519997,103.532143,14843500
2023-09-05,114.099998,115.830002,113.500000,113.529999,103.541252,18304000
2023-09-06,113.480003,114.589996,113.230003,114.510002,104.435043,13325500
2023-09-07,114.650002,115.849998,113.699997,113.949997,103.924294,13248500
2023-09-08,114.529999,116.050003,114.320000,115.610001,105.438263,14283200
2023-09-11,116.180000,116.680000,113.570000,114.160004,104.115837,14383600
2023-09-12,115.339996,117.669998,115.269997,117.489998,107.152840,20145800
2023-09-13,117.410004,117.959999,115.900002,116.440002,106.195221,13472800
2023-09-14,117.550003,118.660004,117.330002,118.519997,108.092224,15210700
2023-09-15,117.900002,118.510002,116.500000,116.699997,106.432358,34568400
2023-09-18,117.529999,118.239998,116.699997,117.639999,107.289642,14045300
2023-09-19,118.620003,118.839996,116.610001,117.330002,107.006920,12562900
2023-09-20,116.540001,118.019997,116.320000,116.400002,106.158752,11879900
2023-09-21,116.980003,117.370003,114.599998,114.760002,104.663063,14400600
2023-09-22,115.709999,116.680000,114.809998,114.940002,104.827209,13197300
2023-09-25,115.089996,116.650002,114.830002,116.230003,106.003700,11316000
2023-09-26,115.500000,116.730003,115.370003,116.410004,106.167862,11805400
2023-09-27,117.889999,120.500000,117.400002,120.199997,109.624413,23976200
2023-09-28,119.980003,120.699997,118.190002,119.470001,108.958641,16808100
2023-09-29,119.099998,119.180000,116.730003,117.580002,107.234940,18813600
2023-10-02,117.529999,117.790001,114.550003,115.629997,105.456482,14395000
2023-10-03,115.440002,116.440002,115.029999,115.830002,105.638885,13297100
2023-10-04,114.050003,114.089996,110.500000,111.500000,101.689850,19622200
2023-10-05,109.800003,110.900002,108.699997,108.989998,99.400703,20128800
2023-10-06,105.730003,108.269997,105.110001,107.169998,97.740829,25367500
2023-10-09,110.440002,112.070000,109.519997,110.919998,101.160889,22369900
2023-10-10,111.019997,111.449997,110.120003,110.449997,100.732246,13892000
2023-10-11,106.959999,107.169998,104.830002,106.489998,97.120659,57939000
2023-10-12,107.589996,107.839996,106.089996,106.470001,97.102432,31183000
2023-10-13,108.029999,110.199997,107.839996,109.870003,100.203293,30276500
2023-10-16,110.500000,110.680000,109.129997,109.949997,100.276245,18452000
2023-10-17,109.730003,111.800003,109.680000,111.389999,101.589554,19775400
2023-10-18,111.820000,113.389999,111.699997,112.949997,103.012283,23380300
2023-10-19,112.720001,113.970001,111.330002,113.019997,103.076141,20972500
2023-10-20,112.919998,113.320000,110.790001,111.080002,101.306808,22445300
2023-10-23,110.629997,110.959999,108.680000,109.449997,99.820221,18185000
2023-10-24,109.699997,109.820000,108.120003,108.389999,98.853493,16786100
2023-10-25,108.519997,109.500000,108.129997,108.589996,99.035896,22047300
2023-10-26,107.449997,108.339996,106.500000,107.599998,98.132980,18768300
2023-10-27,108.889999,109.860001,104.959999,105.550003,96.263367,23092000
2023-10-30,105.739998,106.419998,105.209999,105.879997,96.564323,19379900
2023-10-31,105.580002,106.160004,104.540001,105.849998,96.536972,22185200
2023-11-01,106.529999,107.169998,105.459999,105.639999,96.345451,28984900
2023-11-02,105.879997,109.190002,105.500000,109.110001,99.510139,25212700
2023-11-03,108.400002,108.779999,106.540001,107.779999,98.297165,30555600
2023-11-06,108.169998,108.269997,105.769997,105.870003,96.555214,19097300
2023-11-07,104.470001,104.860001,103.290001,104.209999,95.041260,20272500
2023-11-08,103.730003,104.900002,102.889999,102.930000,93.873894,19184100
2023-11-09,103.669998,103.970001,102.860001,102.959999,93.901222,18380500
2023-11-10,103.930000,104.410004,102.910004,103.750000,94.621742,17825500
2023-11-13,104.050003,105.139999,103.809998,104.839996,95.615837,15308400
2023-11-14,104.300003,104.820000,103.870003,104.290001,95.983971,18260500
2023-11-15,103.959999,105.150002,103.500000,103.660004,95.404152,20137600
2023-11-16,102.900002,103.269997,101.150002,102.459999,94.299728,22469100
2023-11-17,103.059998,105.430000,102.750000,104.959999,96.600609,22984900
2023-11-20,105.379997,105.879997,104.430000,104.500000,96.177261,17458800
2023-11-21,104.209999,104.699997,103.220001,104.459999,96.140434,14989000
2023-11-22,102.580002,104.120003,101.940002,104.010002,95.726273,18072000
2023-11-24,104.019997,105.470001,103.910004,104.570000,96.241676,9480800
2023-11-27,104.099998,104.400002,103.180000,103.959999,95.680260,18013500
2023-11-28,104.239998,104.910004,103.879997,103.900002,95.625038,20629500
2023-11-29,104.269997,104.580002,101.639999,102.339996,94.189285,26802100
2023-11-30,103.110001,104.480003,101.809998,102.739998,94.557411,29254700
2023-12-01,102.500000,104.220001,102.220001,102.989998,94.787521,17845300
2023-12-04,102.129997,103.360001,101.589996,102.430000,94.272118,21523900
2023-12-05,102.269997,102.339996,100.290001,100.440002,92.440613,22250300
2023-12-06,100.000000,100.720001,98.339996,99.110001,91.216537,31154800
2023-12-07,99.860001,100.839996,98.089996,98.419998,90.581490,29990700
2023-12-08,99.019997,99.790001,98.750000,99.550003,91.621490,22074900
2023-12-11,99.800003,99.860001,98.580002,99.620003,91.685921,22252300
2023-12-12,98.680000,98.680000,97.480003,98.050003,90.240959,26084000
2023-12-13,98.040001,99.029999,97.660004,98.919998,91.041656,19915400
2023-12-14,99.849998,102.139999,99.720001,101.580002,93.489807,26165700
2023-12-15,100.589996,101.000000,100.309998,100.900002,92.863991,55527000
2023-12-18,102.129997,103.110001,101.519997,101.650002,93.554237,21610400
2023-12-19,102.000000,103.190002,101.790001,102.989998,94.787521,18904700
2023-12-20,103.500000,103.940002,101.129997,101.269997,93.204506,20988900
2023-12-21,101.470001,102.010002,100.809998,101.730003,93.627861,19250900
2023-12-22,102.309998,102.940002,101.820000,101.910004,93.793533,12927800
2023-12-26,102.739998,103.029999,102.120003,102.139999,94.005226,16835100
2023-12-27,102.040001,102.550003,101.339996,101.660004,93.563438,14558800
2023-12-28,101.389999,101.610001,100.129997,100.190002,92.210526,16329300
2023-12-29,100.370003,100.589996,99.620003,99.980003,92.017250,17746400
2024-01-02,100.919998,103.099998,100.849998,102.360001,94.207687,23483000
2024-01-03,102.269997,103.620003,101.660004,103.220001,94.999199,23490800
2024-01-04,104.080002,104.570000,102.050003,102.320000,94.170883,19395200
2024-01-05,103.169998,103.400002,102.129997,102.629997,94.456177,15827400
2024-01-08,100.730003,101.040001,98.900002,100.919998,92.882370,23370100
2024-01-09,101.290001,101.290001,99.190002,99.669998,91.731918,19496600
2024-01-10,99.800003,99.800003,98.160004,98.690002,90.829979,18206100
2024-01-11,99.040001,99.500000,98.559998,98.669998,90.811569,15833400
2024-01-12,100.139999,100.650002,99.169998,99.949997,91.989624,18041700
2024-01-16,99.820000,100.010002,97.529999,97.690002,89.909630,20235700
2024-01-17,96.599998,97.959999,96.580002,96.980003,89.256180,18384000
2024-01-18,97.000000,97.089996,95.820000,96.800003,89.090508,20940300
2024-01-19,96.720001,97.019997,96.410004,96.949997,89.228561,20088400
2024-01-22,96.699997,97.099998,95.769997,96.820000,89.108917,19955900
2024-01-23,96.809998,98.500000,96.730003,97.910004,90.112106,15863400
2024-01-24,98.320000,99.650002,97.739998,99.599998,91.667496,17330600
2024-01-25,100.309998,102.180000,99.620003,102.129997,93.996010,22089500
2024-01-26,101.970001,103.080002,101.190002,103.000000,94.796707,20817200
2024-01-29,102.980003,103.199997,101.860001,103.129997,94.916359,18317500
2024-01-30,102.410004,104.879997,102.099998,104.849998,96.499374,19610900
2024-01-31,104.739998,104.879997,102.769997,102.809998,94.621826,22415300
2024-02-01,103.570000,104.010002,101.620003,102.389999,94.235298,19240700
2024-02-02,103.750000,104.000000,101.610001,101.970001,93.848755,21973400
2024-02-05,101.449997,102.379997,100.500000,101.550003,93.462204,17190900
2024-02-06,102.070000,103.040001,101.570000,102.250000,94.106445,13347900
2024-02-07,102.250000,102.730003,101.180000,102.220001,94.078850,13826800
2024-02-08,102.339996,104.419998,102.110001,103.970001,95.689461,19636900
2024-02-09,104.099998,104.839996,101.699997,101.769997,93.664688,20410500
2024-02-12,102.160004,103.400002,102.000000,103.169998,94.953186,18173100
2024-02-13,102.760002,103.089996,100.599998,101.339996,94.135735,18917400
2024-02-14,101.870003,102.620003,100.419998,100.839996,93.671272,17651300
2024-02-15,100.599998,103.940002,100.599998,103.730003,96.355827,23196300
2024-02-16,104.010002,104.629997,103.519997,103.730003,96.355827,20151400
2024-02-20,103.839996,104.120003,102.650002,102.750000,95.445503,17650000
2024-02-21,103.019997,104.980003,102.989998,104.849998,97.396210,20991300
2024-02-22,104.160004,105.410004,103.449997,104.760002,97.312607,20470700
2024-02-23,103.879997,104.089996,102.879997,103.839996,96.457993,15975900
2024-02-26,103.720001,104.940002,103.050003,104.250000,96.838867,13360800
2024-02-27,104.680000,105.150002,103.849998,104.029999,96.634499,16360000
2024-02-28,104.470001,105.430000,104.000000,104.320000,96.903893,14810500
2024-02-29,104.680000,105.070000,104.220001,104.519997,97.089668,17566100
2024-03-01,105.720001,106.389999,105.379997,105.839996,98.315826,18460100
2024-03-04,105.660004,105.849998,104.029999,104.360001,96.941048,18138000
2024-03-05,104.529999,106.269997,104.320000,105.639999,98.130051,19952700
2024-03-06,106.620003,107.570000,106.150002,106.769997,99.179726,20472800
2024-03-07,106.599998,107.980003,106.599998,107.370003,99.737061,15195400
2024-03-08,107.230003,108.400002,106.769997,108.379997,100.675262,16281500
2024-03-11,108.250000,109.120003,107.339996,109.019997,101.269768,17577300
2024-03-12,109.059998,109.279999,108.029999,108.320000,100.619522,14957200
2024-03-13,109.139999,110.349998,109.110001,109.529999,101.743507,17122200
2024-03-14,109.830002,111.550003,109.690002,111.470001,103.545593,22121000
2024-03-15,110.849998,112.300003,110.849998,111.269997,103.359810,38264400
2024-03-18,111.790001,112.860001,111.099998,112.300003,104.316597,16770500
2024-03-19,112.220001,113.489998,112.059998,113.089996,105.050423,14878800
2024-03-20,112.720001,113.400002,112.129997,112.989998,104.957535,16119700
2024-03-21,112.919998,113.910004,112.570000,113.489998,105.421982,14878000
2024-03-22,113.480003,113.690002,112.820000,113.489998,105.421982,14701900
2024-03-25,113.830002,115.779999,113.830002,114.650002,106.499527,14011700
2024-03-26,114.660004,114.980003,113.410004,113.790001,105.700661,13152300
2024-03-27,113.480003,115.059998,113.410004,114.970001,106.796768,12415700
2024-03-28,115.529999,116.449997,115.059998,116.239998,107.976494,18482100
2024-04-01,116.410004,117.239998,115.379997,116.989998,108.673172,13817000
2024-04-02,117.919998,119.599998,117.330002,119.279999,110.800377,19919600
2024-04-03,119.480003,119.750000,118.730003,119.300003,110.818954,16504300
2024-04-04,119.050003,119.879997,118.639999,119.720001,111.209099,18467400
2024-04-05,119.980003,122.150002,119.639999,121.370003,112.741806,21720600
2024-04-08,121.080002,121.739998,120.209999,120.550003,111.980103,17513900
2024-04-09,121.000000,121.650002,120.339996,121.180000,112.565300,14132300
2024-04-10,121.220001,122.470001,120.730003,122.199997,113.512794,17409200
2024-04-11,122.690002,122.690002,120.339996,121.790001,113.131958,17555900
2024-04-12,122.949997,123.750000,119.669998,120.370003,111.812889,21556200
2024-04-15,121.089996,121.690002,119.449997,119.680000,111.171944,15029500
2024-04-16,119.559998,120.220001,117.919998,118.690002,110.252327,18082200
2024-04-17,118.550003,119.349998,117.120003,118.629997,110.196602,14538600
2024-04-18,119.000000,119.720001,117.970001,118.519997,110.094421,13821400
2024-04-19,119.160004,120.930000,118.949997,119.879997,111.357719,21572400
2024-04-22,119.260002,121.570000,118.430000,120.559998,111.989372,16340700
2024-04-23,120.000000,121.059998,119.449997,121.029999,112.425972,13929800
2024-04-24,120.300003,121.260002,119.389999,121.050003,112.444550,12101200
2024-04-25,121.029999,121.760002,119.400002,121.330002,112.704643,16041000
2024-04-26,119.000000,119.099998,116.220001,117.959999,109.574219,27289500
2024-04-29,117.760002,120.050003,117.760002,119.639999,111.134789,17309900
2024-04-30,119.110001,120.199997,117.980003,118.269997,109.862175,21083300
2024-05-01,118.279999,118.470001,115.660004,116.029999,107.781418,27777700
2024-05-02,116.260002,117.260002,115.900002,116.239998,107.976494,25513600
2024-05-03,116.000000,116.070000,114.129997,116.000000,107.753555,28023300
2024-05-06,116.669998,118.339996,116.400002,116.750000,108.450233,31401300
2024-05-07,117.279999,117.580002,115.930000,116.169998,107.911469,30122000
2024-05-08,115.709999,116.949997,115.410004,116.150002,107.892899,18957200
2024-05-09,116.199997,118.529999,116.190002,118.440002,110.020103,17564000
2024-05-10,118.540001,118.660004,117.580002,117.959999,109.574219,13648100
2024-05-13,118.419998,119.040001,117.120003,117.910004,109.527763,15060600
2024-05-14,116.790001,117.739998,116.480003,117.669998,110.192665,15079100
2024-05-15,117.610001,118.839996,116.080002,118.580002,111.044830,18244300
2024-05-16,118.540001,119.300003,117.540001,117.870003,110.379951,15745200
2024-05-17,118.300003,119.830002,117.959999,119.639999,112.037476,15104500
2024-05-20,119.730003,119.889999,118.550003,118.669998,111.129120,11551300
2024-05-21,118.400002,119.449997,117.779999,117.849998,110.361206,14495000
2024-05-22,117.459999,117.459999,114.959999,115.480003,108.141815,17879300
2024-05-23,115.599998,117.510002,113.360001,113.510002,106.296997,15979800
2024-05-24,114.839996,115.080002,113.040001,113.419998,106.212723,12212900
2024-05-28,113.519997,115.110001,113.070000,114.860001,107.561218,13978300
2024-05-29,114.529999,114.550003,112.809998,113.629997,106.409378,13902000
2024-05-30,113.269997,114.129997,112.959999,113.989998,106.746506,14683700
2024-05-31,114.120003,117.489998,113.989998,117.260002,109.808716,29037400
2024-06-03,116.300003,116.360001,113.760002,114.449997,107.177261,19589300
2024-06-04,113.000000,113.089996,110.919998,112.669998,105.510376,19412200
2024-06-05,112.889999,113.190002,111.480003,113.120003,105.931786,14863500
2024-06-06,112.750000,114.040001,112.110001,113.970001,106.727776,13154100
2024-06-07,113.790001,114.900002,112.669998,112.750000,105.585304,13289200
2024-06-10,113.059998,114.220001,112.699997,113.080002,105.894325,15239700
2024-06-11,112.489998,112.669998,111.309998,112.169998,105.042152,12462400
2024-06-12,113.300003,113.300003,110.540001,110.930000,103.880951,13606800
2024-06-13,110.839996,110.860001,109.720001,110.040001,103.047508,14466900
2024-06-14,110.019997,110.209999,108.589996,109.110001,102.176613,13313400
2024-06-17,109.169998,109.459999,108.180000,108.360001,101.474251,21147900
2024-06-18,109.029999,110.720001,108.800003,109.379997,102.429451,17762900
2024-06-20,109.910004,112.620003,109.589996,111.739998,104.639481,17433200
2024-06-21,111.900002,112.699997,110.760002,110.760002,103.721748,52212500
2024-06-24,111.639999,114.529999,111.639999,114.050003,106.802696,16266700
2024-06-25,114.110001,114.550003,113.459999,114.370003,107.102356,14188900
2024-06-26,114.389999,114.820000,113.139999,114.410004,107.139816,15771800
2024-06-27,114.989998,114.989998,114.110001,114.900002,107.598671,16812700
2024-06-28,115.860001,116.540001,114.680000,115.120003,107.804703,24565900
2024-07-01,115.709999,116.739998,114.529999,114.959999,107.654861,11972900
2024-07-02,115.900002,115.940002,113.489998,114.180000,106.924438,13326700
2024-07-03,114.269997,115.660004,114.269997,114.760002,107.467590,7732900
2024-07-05,114.610001,114.629997,112.690002,113.370003,106.165909,12631000
2024-07-08,112.389999,113.550003,111.419998,112.180000,105.051514,13350500
2024-07-09,111.110001,112.540001,110.620003,110.940002,103.890327,11727000
2024-07-10,110.919998,111.959999,110.419998,111.919998,104.808044,10004100
2024-07-11,111.430000,113.320000,110.930000,113.250000,106.053520,13082700
2024-07-12,113.989998,114.150002,112.629997,113.269997,106.072266,11684900
2024-07-15,114.269997,116.160004,113.580002,115.209999,107.888969,13032500
2024-07-16,114.349998,116.349998,113.709999,116.040001,108.666245,13614100
2024-07-17,116.739998,118.180000,116.550003,117.639999,110.164566,13602800
2024-07-18,117.949997,119.919998,117.440002,118.800003,111.250854,13033600
2024-07-19,118.589996,118.879997,115.870003,116.070000,108.694328,16157700
2024-07-22,115.180000,115.940002,114.580002,115.269997,107.945160,12065900
2024-07-23,114.809998,115.169998,113.169998,113.410004,106.203362,11251700
2024-07-24,113.769997,115.199997,113.070000,115.010002,107.701691,14925200
2024-07-25,115.169998,118.029999,114.559998,117.430000,109.967911,17021700
2024-07-26,116.769997,118.029999,116.470001,117.330002,109.874252,11252500
2024-07-29,117.320000,117.389999,115.379997,116.099998,108.722420,8861800
2024-07-30,116.360001,118.599998,116.230003,118.169998,110.660873,12483900
2024-07-31,119.639999,119.760002,118.559998,118.589996,111.054199,15137700
2024-08-01,118.349998,119.489998,116.360001,116.949997,109.518402,15051500
2024-08-02,115.970001,118.870003,115.419998,116.879997,109.452858,20403800
2024-08-05,115.540001,116.029999,113.250000,114.769997,107.476929,18025900
2024-08-06,114.449997,115.629997,113.629997,114.160004,106.905716,13647800
2024-08-07,115.449997,117.120003,115.260002,115.680000,108.329109,13660700
2024-08-08,116.080002,118.110001,115.730003,117.889999,110.398666,13851000
2024-08-09,117.889999,119.309998,117.360001,118.849998,111.297668,12151900
2024-08-12,119.550003,120.169998,118.019997,119.000000,111.438156,13228900
2024-08-13,118.279999,118.510002,117.500000,117.860001,110.370583,11585100
2024-08-14,118.099998,119.900002,117.629997,118.949997,111.391327,12194500
2024-08-15,118.250000,119.629997,118.120003,118.730003,112.080437,11579400
2024-08-16,117.989998,118.480003,117.660004,118.169998,111.551788,10056000
2024-08-19,118.400002,120.500000,118.169998,118.529999,111.891647,12417500
2024-08-20,118.650002,118.650002,114.510002,114.580002,108.162872,15632000
2024-08-21,115.010002,115.570000,113.760002,113.849998,107.473740,11752400
2024-08-22,113.779999,115.010002,113.639999,114.730003,108.304466,10609500
2024-08-23,115.029999,116.720001,115.029999,116.320000,109.805405,10381400
2024-08-26,117.760002,118.940002,116.919998,118.809998,112.155945,13671000
2024-08-27,118.959999,119.410004,117.400002,117.680000,111.089249,9991600
2024-08-28,117.000000,117.580002,116.260002,116.519997,109.994209,10742900
2024-08-29,117.199997,118.790001,116.349998,118.129997,111.514046,10753900
2024-08-30,116.790001,118.019997,116.290001,117.940002,111.334686,13284700
2024-09-03,115.839996,116.089996,114.040001,115.470001,109.003006,15725100
2024-09-04,115.290001,116.150002,113.980003,114.059998,107.671982,12620600
2024-09-05,115.070000,115.279999,113.070000,113.169998,106.831818,17200800
2024-09-06,113.589996,114.180000,111.730003,112.639999,106.331520,13467700
2024-09-09,112.870003,116.150002,112.660004,115.010002,108.568771,21645300
2024-09-10,115.099998,115.400002,110.169998,110.820000,104.613449,20913400
2024-09-11,110.779999,110.949997,107.769997,109.720001,103.575043,19571900
2024-09-12,109.900002,111.330002,109.760002,111.230003,105.000481,15919500
2024-09-13,111.470001,112.470001,110.930000,111.150002,104.924965,10035400
2024-09-16,112.050003,113.089996,111.690002,112.709999,106.397591,11729000
2024-09-17,112.320000,114.370003,112.120003,114.180000,107.785263,12202600
2024-09-18,114.110001,115.629997,113.809998,114.580002,108.162872,12569900
2024-09-19,116.160004,117.580002,115.190002,116.000000,109.503326,12660600
2024-09-20,115.459999,115.510002,114.250000,115.269997,108.814209,36206200
2024-09-23,115.330002,117.790001,115.120003,117.360001,110.787163,16066300
2024-09-24,117.839996,118.160004,116.830002,117.050003,110.494530,11984900
2024-09-25,116.489998,117.050003,114.040001,114.769997,108.342216,13816000
2024-09-26,111.139999,113.480003,111.139999,112.800003,106.482559,16887900
2024-09-27,113.760002,116.089996,113.250000,115.820000,109.333405,15964000
2024-09-30,115.459999,117.389999,114.959999,117.220001,110.655014,13247600
2024-10-01,116.040001,120.599998,115.930000,119.930000,113.213226,23235900
2024-10-02,121.930000,122.820000,120.199997,121.519997,114.714165,17129700
2024-10-03,121.900002,123.169998,120.930000,122.580002,115.714813,16524300
2024-10-04,123.199997,125.190002,122.430000,124.830002,117.838806,19752300
2024-10-07,125.250000,126.339996,124.860001,125.370003,118.348564,15714400
2024-10-08,123.879997,124.019997,121.260002,122.040001,115.205055,14818500
2024-10-09,120.900002,122.580002,120.800003,122.089996,115.252258,11144900
2024-10-10,123.160004,123.699997,122.290001,123.139999,116.243439,10243300
2024-10-11,123.099998,124.029999,122.940002,123.610001,116.687126,8294800
2024-10-14,123.239998,124.260002,122.620003,124.080002,117.130814,9808100
2024-10-15,120.820000,121.949997,119.779999,120.349998,113.609703,15771300
2024-10-16,120.889999,121.440002,120.599998,120.660004,113.902351,8426800
2024-10-17,120.760002,121.580002,119.709999,120.349998,113.609703,11204900
2024-10-18,120.440002,120.639999,119.150002,120.010002,113.288750,12898600
2024-10-21,120.980003,121.480003,119.720001,120.080002,113.354828,10177800
2024-10-22,120.260002,121.190002,119.940002,120.699997,113.940102,9201400
2024-10-23,119.970001,120.750000,119.400002,120.269997,113.534180,8320300
2024-10-24,120.000000,120.440002,119.129997,119.589996,112.892265,9905600
2024-10-25,120.199997,120.430000,119.320000,119.489998,112.797874,10714600
2024-10-28,116.790001,119.010002,116.769997,118.900002,112.240913,11844500
2024-10-29,118.580002,119.169998,117.070000,117.279999,110.711639,14731000
2024-10-30,117.660004,118.269997,116.480003,116.690002,110.154694,12303700
2024-10-31,117.150002,118.669998,116.680000,116.779999,110.239632,20512000
2024-11-01,119.930000,119.949997,114.839996,114.949997,108.512138,20939300
2024-11-04,116.070000,118.699997,115.930000,118.610001,111.967163,14965400
2024-11-05,119.080002,119.209999,118.010002,118.959999,112.297554,10436700
2024-11-06,121.150002,121.910004,119.300003,121.000000,114.223297,20807700
2024-11-07,121.300003,121.500000,119.610001,121.150002,114.364899,12184400
2024-11-08,120.980003,121.419998,119.660004,121.110001,114.327141,12836000
2024-11-11,121.000000,121.620003,120.070000,120.470001,113.723000,11969700
2024-11-12,121.129997,121.309998,119.839996,120.349998,113.609703,11972800
2024-11-13,120.570000,122.050003,118.800003,121.470001,114.666969,15127900
2024-11-14,121.660004,121.879997,120.330002,120.559998,114.743118,13041800
2024-11-15,120.400002,121.239998,119.129997,119.309998,113.553436,19051700
2024-11-18,119.790001,120.620003,119.269997,120.309998,114.505188,14239700
2024-11-19,119.750000,119.750000,118.199997,118.629997,112.906242,11584400
2024-11-20,119.169998,120.470001,118.639999,120.320000,114.514702,11360900
2024-11-21,121.080002,122.550003,120.269997,121.930000,116.047020,14675400
2024-11-22,121.820000,123.209999,121.639999,121.790001,115.913773,13323400
2024-11-25,121.430000,121.879997,119.610001,119.970001,114.181580,26580300
2024-11-26,119.529999,119.680000,117.849998,117.970001,112.278084,14827300
2024-11-27,118.089996,118.730003,117.430000,117.660004,111.983040,11079100
2024-11-29,117.440002,118.500000,116.949997,117.959999,112.268555,9426500
2024-12-02,118.050003,118.199997,116.820000,117.849998,112.163872,12687300
2024-12-03,118.720001,118.720001,117.260002,117.669998,111.992554,11756600
2024-12-04,117.500000,117.550003,113.860001,114.279999,108.766121,19520600
2024-12-05,114.709999,115.620003,114.059998,114.779999,109.241997,15751200
2024-12-06,114.540001,114.769997,113.500000,113.570000,108.090385,16171100
2024-12-09,114.639999,114.940002,112.750000,112.900002,107.452705,17412600
2024-12-10,113.589996,113.879997,111.750000,112.669998,107.233795,20990900
2024-12-11,112.000000,112.389999,111.110001,111.919998,106.519989,32392200
2024-12-12,111.589996,112.379997,110.779999,111.820000,106.424805,14543300
2024-12-13,111.900002,111.900002,110.250000,110.839996,105.492096,13106100
2024-12-16,110.199997,110.400002,108.160004,108.470001,103.236458,20256100
2024-12-17,107.239998,108.169998,106.790001,108.010002,102.798645,17554000
2024-12-18,107.570000,108.830002,106.309998,106.419998,101.285362,17114500
2024-12-19,107.389999,107.669998,105.209999,105.510002,100.419266,20565600
2024-12-20,105.449997,106.139999,104.839996,105.870003,100.761909,40141200
2024-12-23,105.309998,106.599998,104.919998,106.300003,101.171150,12285100
2024-12-24,106.519997,107.190002,105.699997,106.400002,101.266319,7807000
2024-12-26,106.519997,107.029999,105.940002,106.489998,101.351982,9652400
2024-12-27,106.300003,107.989998,105.769997,106.480003,101.342476,11943900
2024-12-30,106.300003,106.559998,105.510002,105.760002,100.657211,11080800
2024-12-31,106.169998,107.900002,105.779999,107.570000,102.379875,12387800
2025-01-02,108.279999,109.000000,106.879997,107.309998,102.132423,12685400
2025-01-03,108.000000,108.489998,107.459999,107.860001,102.655876,14237900
2025-01-06,108.239998,109.779999,107.519997,107.739998,102.541664,15623700
2025-01-07,108.940002,110.059998,108.279999,108.750000,103.502930,12625900
2025-01-08,107.309998,107.709999,106.010002,106.930000,101.770744,17858100
2025-01-10,108.699997,110.099998,105.779999,106.540001,101.399567,19304500
2025-01-13,107.129997,109.629997,107.129997,109.290001,104.016884,17073400
2025-01-14,108.790001,109.760002,107.830002,109.720001,104.426140,11191200
2025-01-15,110.050003,111.730003,109.470001,111.510002,106.129776,14521100
2025-01-16,111.190002,111.690002,110.550003,111.320000,105.948944,10366600
2025-01-17,111.029999,112.870003,110.820000,112.320000,106.900688,19298500
2025-01-21,112.050003,112.180000,111.129997,111.470001,106.091705,20416300
2025-01-22,111.199997,111.570000,109.400002,109.529999,104.245308,15718000
2025-01-23,110.309998,111.139999,109.610001,110.150002,104.835381,13726800
2025-01-24,110.239998,110.709999,108.410004,108.660004,103.417274,14235900
2025-01-27,109.010002,110.449997,108.389999,110.169998,104.854424,15926700
2025-01-28,110.410004,110.870003,107.790001,108.040001,102.827187,15862000
2025-01-29,107.709999,108.779999,107.470001,108.669998,103.426796,12345500
2025-01-30,109.239998,109.849998,108.699997,109.570000,104.283379,14346300
2025-01-31,110.550003,110.550003,106.099998,106.830002,101.675575,20376500
2025-02-03,106.639999,107.300003,105.320000,107.089996,101.923027,14623200
2025-02-04,106.709999,110.279999,106.529999,109.959999,104.654556,14835700
2025-02-05,109.739998,110.010002,109.099998,109.879997,104.578407,13364400
2025-02-06,110.769997,111.050003,107.989998,108.430000,103.198380,13411400
2025-02-07,108.779999,109.730003,108.320000,108.889999,103.636185,10051600
2025-02-10,110.010002,111.029999,109.879997,110.970001,105.615829,12142200
2025-02-11,111.599998,112.510002,110.820000,111.669998,106.282043,12713100
2025-02-12,110.050003,110.230003,107.180000,107.349998,103.084366,18244100
2025-02-13,107.150002,108.410004,106.519997,108.129997,103.833374,15460000
2025-02-14,108.519997,110.230003,108.099998,108.239998,103.939003,15733500
2025-02-18,108.629997,110.989998,108.320000,110.139999,105.763512,20060300
2025-02-19,110.760002,112.129997,110.059998,110.300003,105.917152,10964700
2025-02-20,110.570000,112.419998,109.949997,112.000000,107.549606,16325800
2025-02-21,111.320000,111.849998,110.559998,110.690002,106.291664,14710000
2025-02-24,110.930000,111.860001,110.320000,111.269997,106.848610,13153500
2025-02-25,111.300003,112.129997,108.889999,109.730003,105.369812,14497000
2025-02-26,109.739998,109.870003,108.519997,109.459999,105.110535,10446400
2025-02-27,110.010002,111.290001,109.279999,110.150002,105.773102,15293200
2025-02-28,110.110001,111.580002,109.339996,111.330002,106.906219,18821700
2025-03-03,111.699997,112.160004,106.510002,107.760002,103.478081,18706900
2025-03-04,106.360001,108.959999,105.940002,107.540001,103.266823,19394900
2025-03-05,105.839996,106.330002,103.669998,105.440002,101.250259,24822200
2025-03-06,105.430000,108.110001,104.360001,107.620003,103.343651,17150200
2025-03-07,108.410004,110.400002,108.300003,109.019997,104.688011,19625000
2025-03-10,109.279999,112.570000,109.080002,111.800003,107.357559,22749100
2025-03-11,111.919998,112.099998,108.790001,109.160004,104.822456,19904700
2025-03-12,109.050003,110.129997,108.419998,109.129997,104.793648,14051500
2025-03-13,108.330002,110.820000,107.629997,108.669998,104.351921,17767800
2025-03-14,108.940002,112.180000,108.309998,111.900002,107.453583,15890100
2025-03-17,111.800003,114.500000,111.730003,113.760002,109.239662,19908800
2025-03-18,114.089996,114.540001,112.570000,113.639999,109.124435,15998700
2025-03-19,114.199997,115.820000,113.830002,115.410004,110.824104,17315000
2025-03-20,114.720001,116.470001,114.209999,115.900002,111.294640,16230800
2025-03-21,115.500000,115.989998,114.349998,115.500000,110.910522,41102800
2025-03-24,115.680000,116.910004,115.580002,115.800003,111.198608,14207500
2025-03-25,116.430000,117.639999,115.959999,116.589996,111.957214,12081800
2025-03-26,117.680000,119.180000,117.680000,118.269997,113.570450,14110800
2025-03-27,118.099998,119.070000,117.260002,117.889999,113.205559,12740800
2025-03-28,118.099998,118.459999,117.239998,117.730003,113.051926,10233400
2025-03-31,117.790001,119.910004,117.790001,118.930000,114.204231,21652300
2025-04-01,119.220001,119.279999,117.930000,119.040001,114.309868,12425400
2025-04-02,118.389999,118.839996,117.660004,118.669998,113.954559,12614600
2025-04-03,114.370003,115.449997,112.230003,112.430000,107.962517,21204600
2025-04-04,109.870003,110.830002,103.830002,104.339996,100.193970,30841300
2025-04-07,100.389999,105.800003,98.459999,102.940002,98.849602,35068500
2025-04-08,105.459999,105.599998,99.010002,100.769997,96.765839,27147800
2025-04-09,99.370003,106.580002,98.129997,105.800003,101.595970,30063300
2025-04-10,103.709999,103.779999,97.800003,99.930000,95.959206,33999300
2025-04-11,100.300003,103.930000,98.790001,103.139999,99.041656,22884600
2025-04-14,105.029999,105.089996,102.720001,103.389999,99.281723,18020000
2025-04-15,103.639999,105.410004,103.000000,103.099998,99.003250,13164900
2025-04-16,103.949997,105.589996,103.699997,104.190002,100.049942,13607000
2025-04-17,104.690002,108.550003,104.459999,106.919998,102.671455,17916500
2025-04-21,105.610001,105.629997,104.120003,105.349998,101.163841,16926500
2025-04-22,106.139999,108.940002,106.139999,108.300003,103.996628,13147000
2025-04-23,108.809998,109.300003,106.470001,107.370003,103.103584,14235700
2025-04-24,107.970001,108.879997,106.959999,108.629997,104.313507,9849600
2025-04-25,108.139999,108.760002,107.419998,108.570000,104.255890,11245800
2025-04-28,108.750000,109.250000,107.680000,108.629997,104.313507,13890900
2025-04-29,107.739998,108.830002,107.519997,108.360001,104.054237,9483100
2025-04-30,107.419998,107.419998,104.150002,105.629997,101.432716,20379300
2025-05-01,105.099998,106.919998,104.980003,105.779999,101.576767,18610300
2025-05-02,107.720001,109.000000,104.550003,106.209999,101.989670,16581900
2025-05-05,104.650002,104.660004,103.070000,103.269997,99.166489,19624000
2025-05-06,103.889999,105.980003,103.480003,104.709999,100.549271,16303400
2025-05-07,104.989998,105.290001,104.070000,104.610001,100.453247,12332200
2025-05-08,105.339996,107.389999,105.339996,106.070000,101.855232,19196500
2025-05-09,107.139999,107.750000,106.379997,107.309998,103.045967,10992100
2025-05-12,110.269997,110.440002,108.320000,109.160004,104.822456,14244600
2025-05-13,109.320000,110.510002,109.019997,109.459999,105.110535,13350800
2025-05-14,108.860001,108.860001,107.930000,108.480003,104.169472,15494900
2025-05-15,106.489998,108.650002,105.970001,108.580002,105.225807,15004300
2025-05-16,108.650002,108.889999,107.449997,108.190002,104.847855,14042500
2025-05-19,107.570000,107.570000,105.720001,106.470001,103.180984,16802700
2025-05-20,106.389999,106.720001,104.779999,104.949997,101.707932,12429300
2025-05-21,104.529999,104.970001,103.639999,103.660004,100.457794,16716100
2025-05-22,103.059998,103.470001,101.889999,102.970001,99.789101,13417400
2025-05-23,102.599998,103.470001,102.070000,103.029999,99.847244,12061600
2025-05-27,103.489998,103.860001,102.900002,103.519997,100.322105,13043600
2025-05-28,104.290001,104.430000,101.790001,102.110001,98.955666,14292400
2025-05-29,102.279999,102.849998,101.750000,102.690002,99.517754,13825300
2025-05-30,102.160004,102.389999,101.190002,102.300003,99.139809,28645800
2025-06-02,103.750000,103.849998,102.220001,103.050003,99.866631,17290500
2025-06-03,102.900002,104.660004,102.209999,103.800003,100.593460,19194300
2025-06-04,103.919998,104.919998,102.300003,102.300003,99.139809,15648500
2025-06-05,102.980003,103.050003,101.730003,101.830002,98.684319,13924800
2025-06-06,102.760002,104.500000,102.680000,104.269997,101.048943,15487800
2025-06-09,104.330002,105.849998,103.830002,104.970001,101.727325,17087300
2025-06-10,106.080002,107.650002,105.930000,107.220001,103.907814,17634800
2025-06-11,107.760002,109.389999,106.459999,109.309998,105.933250,22648200
2025-06-12,108.919998,110.190002,108.220001,109.730003,106.340286,17469400
2025-06-13,112.349998,112.529999,110.680000,112.120003,108.656441,28540200
2025-06-16,111.820000,113.160004,111.129997,112.480003,109.005333,22986100
2025-06-17,113.949997,114.930000,113.110001,114.000000,110.478371,19451700
2025-06-18,114.610001,115.239998,112.940002,113.190002,109.693398,17968900
2025-06-20,113.449997,115.040001,113.180000,114.699997,111.156746,36273300
2025-06-23,116.699997,116.949997,111.160004,111.739998,108.288177,26631100
2025-06-24,109.250000,110.940002,107.910004,108.339996,104.993202,24828300
2025-06-25,108.110001,109.239998,107.699997,108.370003,105.022293,17483200
2025-06-26,108.940002,110.440002,108.550003,109.989998,106.592247,18304800
2025-06-27,109.940002,110.099998,108.370003,109.379997,106.001091,22002100
2025-06-30,108.639999,108.839996,107.720001,107.800003,104.469902,19199000
2025-07-01,108.129997,109.639999,107.150002,109.239998,105.865410,15536900
2025-07-02,110.000000,111.360001,108.830002,111.050003,107.619507,11892200
2025-07-03,110.860001,112.470001,110.620003,112.199997,108.733971,11223600
2025-07-07,111.540001,112.050003,110.220001,111.110001,107.677643,15415900
2025-07-08,110.889999,114.459999,110.849998,114.190002,110.662506,17913400
2025-07-09,113.919998,114.269997,113.269997,113.800003,110.284554,10652100
2025-07-10,113.709999,115.269997,113.070000,114.930000,111.379646,14901700
2025-07-11,114.849998,115.760002,114.510002,115.430000,111.864197,11683900
2025-07-14,115.230003,115.230003,113.220001,113.919998,110.400841,13220300
2025-07-15,113.660004,114.059998,112.599998,112.910004,109.422050,10959300
2025-07-16,112.879997,113.500000,112.099998,112.230003,108.763046,11158900
2025-07-17,111.489998,112.230003,111.089996,111.660004,108.210655,13151400
2025-07-18,111.110001,111.730003,107.339996,107.769997,104.440826,32366600
2025-07-21,107.599998,108.769997,107.440002,108.050003,104.712173,17010400
2025-07-22,107.980003,109.440002,107.610001,108.540001,105.187035,13970900
2025-07-23,108.930000,110.000000,108.849998,109.930000,106.534088,12002700
2025-07-24,109.660004,110.949997,109.129997,110.790001,107.367538,15647200
2025-07-25,110.730003,110.980003,109.699997,110.400002,106.989578,10548900
2025-07-28,111.000000,112.110001,110.839996,111.440002,107.997444,12353000
2025-07-29,111.900002,113.000000,111.410004,112.879997,109.392967,15928000
2025-07-30,112.410004,112.610001,111.260002,111.900002,108.443253,12996900
2025-07-31,110.360001,112.500000,110.360001,111.639999,108.191269,17233700
2025-08-01,112.000000,112.540001,108.860001,109.639999,106.253052,19652000
2025-08-04,109.220001,109.919998,107.089996,107.370003,104.053185,19129500
2025-08-05,107.220001,107.820000,106.070000,107.239998,103.927200,21314300
2025-08-06,108.309998,109.050003,106.370003,106.510002,103.219749,15321800
2025-08-07,107.139999,108.059998,105.889999,105.949997,102.677048,13468300
2025-08-08,106.500000,107.510002,105.949997,106.800003,103.500793,14417700
2025-08-11,107.110001,107.529999,105.529999,105.830002,102.560753,13570700
2025-08-12,106.339996,107.279999,105.779999,106.129997,102.851486,14109400
2025-08-13,106.000000,107.599998,105.739998,107.599998,104.276070,17958700
2025-08-14,107.550003,107.589996,106.440002,107.379997,104.062866,13683500
2025-08-15,106.190002,107.559998,105.949997,106.489998,104.160683,19271900
2025-08-18,106.099998,107.230003,105.669998,106.720001,104.385658,13040000
2025-08-19,106.199997,107.459999,106.150002,107.419998,105.070343,16113600
2025-08-20,107.879997,109.330002,107.680000,108.529999,106.156067,18959700
2025-08-21,108.419998,109.570000,107.959999,109.230003,106.840759,12194900
2025-08-22,109.599998,111.410004,109.599998,111.279999,108.845909,13586700
2025-08-25,110.900002,111.919998,110.540001,111.739998,109.295837,9744900
2025-08-26,111.370003,111.809998,110.360001,111.489998,109.051308,18143900
2025-08-27,111.419998,112.980003,111.419998,112.750000,110.283752,15262600
2025-08-28,112.870003,113.650002,112.070000,113.349998,110.870628,14189800
2025-08-29,113.720001,114.790001,113.580002,114.290001,111.790062,14597900
2025-09-02,114.180000,115.239998,113.330002,114.690002,112.181320,15206700
2025-09-03,113.970001,114.430000,111.459999,111.910004,109.462128,14920100
2025-09-04,112.110001,113.129997,111.379997,112.400002,109.941406,12864400
2025-09-05,111.599998,111.779999,109.019997,109.230003,106.840759,16826700
2025-09-08,109.730003,110.050003,108.349998,109.849998,107.447182,15440500
2025-09-09,110.529999,112.510002,110.529999,110.650002,108.229691,14899500
2025-09-10,111.160004,112.559998,110.839996,112.500000,110.039223,15837600
2025-09-11,111.400002,112.769997,110.870003,112.139999,109.687096,11534500
2025-09-12,112.860001,113.220001,111.879997,112.160004,109.706665,11105700
2025-09-15,112.180000,112.459999,111.320000,112.349998,109.892502,12880500
2025-09-16,112.959999,115.320000,112.779999,114.680000,112.171539,17208000
2025-09-17,114.529999,115.489998,114.050003,115.290001,112.768196,13302000
2025-09-18,115.169998,115.349998,113.400002,113.930000,111.437943,14628700
2025-09-19,113.900002,113.980003,112.639999,112.820000,110.352226,38746500
2025-09-22,112.449997,112.800003,111.559998,112.019997,109.569717,15611500
2025-09-23,112.720001,114.750000,112.480003,113.949997,111.457504,25369100
2025-09-24,114.570000,115.760002,114.470001,114.559998,112.054153,14756100
2025-09-25,114.639999,115.900002,114.410004,115.589996,113.061630,15012600
2025-09-26,115.959999,118.360001,115.919998,117.220001,114.655983,18568900
2025-09-29,116.059998,116.500000,113.669998,114.220001,111.721603,19189300
2025-09-30,113.349998,113.489998,111.940002,112.750000,110.283752,18076200
2025-10-01,112.559998,113.019997,111.290001,111.989998,109.540375,16614000
2025-10-02,111.970001,113.089996,111.029999,111.290001,108.855690,13062600
2025-10-03,111.900002,113.750000,111.900002,113.260002,110.782608,12950100
2025-10-06,113.290001,114.769997,113.180000,114.199997,111.702042,12036800
2025-10-07,114.070000,114.510002,111.739998,114.260002,111.760727,11945000
2025-10-08,114.379997,115.010002,113.410004,114.019997,111.525970,12301000
2025-10-09,114.430000,115.510002,112.739998,112.910004,110.440262,10976200
2025-10-10,112.260002,112.620003,110.709999,110.730003,108.307938,13811600
2025-10-13,111.540001,112.300003,111.320000,112.239998,109.784904,10296500
2025-10-14,110.760002,112.959999,110.709999,112.290001,109.833817,11167200
2025-10-15,112.800003,113.570000,110.970001,111.610001,109.168686,12182900
2025-10-16,111.879997,112.190002,110.389999,110.639999,108.219917,11782200
2025-10-17,111.629997,112.910004,111.180000,112.239998,109.784904,13460100
2025-10-20,112.000000,113.150002,111.980003,112.699997,110.234840,9523600
2025-10-21,112.889999,113.360001,111.989998,112.709999,110.244629,9202300
2025-10-22,113.449997,115.180000,113.080002,114.709999,112.200882,12938800
2025-10-23,116.629997,116.849998,115.360001,115.980003,113.443108,15001100
2025-10-24,116.349998,116.470001,115.180000,115.389999,112.866005,9919400
2025-10-27,115.699997,115.989998,115.099998,115.940002,113.403984,10975400
2025-10-28,115.489998,116.180000,114.989998,115.029999,112.513878,9535200
2025-10-29,114.919998,117.050003,114.809998,116.449997,113.902817,12570600
2025-10-30,116.430000,116.519997,114.529999,114.690002,112.181320,16172900
2025-10-31,113.980003,115.230003,112.620003,114.360001,111.858536,20213400
2025-11-03,114.500000,114.989998,113.639999,113.760002,111.271667,12290300
2025-11-04,113.379997,114.349998,112.510002,114.139999,111.643349,16860700
2025-11-05,114.089996,115.180000,113.669998,113.680000,111.193413,12400900
2025-11-06,113.639999,114.940002,113.639999,114.500000,111.995483,14219700
2025-11-07,115.209999,117.510002,114.900002,117.220001,114.655983,17181100
2025-11-10,117.440002,118.449997,115.459999,118.220001,115.634109,13048000
2025-11-11,118.830002,120.809998,118.830002,119.779999,117.159981,16077100
2025-11-12,119.099998,119.279999,117.790001,118.120003,115.536301,13790900
2025-11-13,118.629997,119.760002,118.279999,118.790001,116.191643,17291900
2025-11-14,118.449997,119.480003,116.660004,119.290001,117.701263,17064300
2025-11-17,118.970001,119.500000,117.110001,117.680000,116.112701,16034900
2025-11-18,117.260002,119.480003,116.480003,119.029999,117.444725,15808500
2025-11-19,116.849998,118.180000,115.930000,117.349998,115.787094,15919200
2025-11-20,117.980003,119.010002,116.739998,117.019997,115.461487,14401000
2025-11-21,116.989998,117.379997,115.650002,117.080002,115.520691,15667600
2025-11-24,117.199997,117.199997,114.739998,115.970001,114.425476,18034900
2025-11-25,115.180000,115.900002,114.190002,114.510002,112.984917,14434600
2025-11-26,114.410004,115.739998,114.309998,114.769997,113.241455,11650600
2025-11-28,114.949997,118.739998,114.820000,115.919998,114.376144,7240800
2025-12-01,116.099998,117.410004,116.099998,116.629997,115.076683,12658100
2025-12-02,116.440002,116.599998,114.690002,115.379997,113.843330,14607700
2025-12-03,115.949997,117.980003,115.879997,117.800003,116.231102,16819100
2025-12-04,117.500000,118.339996,116.660004,117.139999,115.579895,13686900
2025-12-05,116.750000,118.779999,116.410004,116.540001,114.987885,12516900
2025-12-08,115.830002,117.000000,115.040001,115.980003,114.435349,14904200
2025-12-09,116.900002,120.470001,116.889999,118.250000,116.675110,23790800
2025-12-10,118.730003,119.870003,118.370003,119.540001,117.947929,19845200
2025-12-11,119.110001,120.360001,119.070000,119.540001,117.947929,14781800
2025-12-12,119.440002,119.919998,118.309998,118.820000,117.237518,14459500
2025-12-15,119.010002,119.029999,116.849998,117.760002,116.191643,16358700
2025-12-16,116.769997,116.839996,114.610001,114.680000,113.152657,17638700
2025-12-17,115.209999,117.620003,115.169998,117.410004,115.846306,18502200
2025-12-18,116.989998,116.989998,115.629997,116.540001,114.987885,13705600
2025-12-19,116.750000,117.570000,115.959999,116.690002,115.135887,45412800
2025-12-22,117.339996,118.459999,117.339996,118.150002,116.576439,11768600
2025-12-23,118.470001,120.029999,118.320000,119.419998,117.829521,12567600
2025-12-24,119.330002,120.050003,119.120003,119.220001,117.632195,6137400
2025-12-26,118.889999,119.550003,118.529999,119.110001,117.523659,8066100
2025-12-29,120.150002,121.300003,119.400002,120.529999,118.924744,14782500
2025-12-30,121.099998,121.800003,120.629997,120.989998,119.378616,11150500